<?xml version="1.0" encoding="UTF-8"?>
<gpx creator="Garmin Connect" version="1.1"
  xsi:schemaLocation="http://www.topografix.com/GPX/1/1 http://www.topografix.com/GPX/11.xsd"
  xmlns:ns3="http://www.garmin.com/xmlschemas/TrackPointExtension/v1"
  xmlns="http://www.topografix.com/GPX/1/1"
  xmlns:xsi="http://www.w3.org/2001/XMLSchema-instance" xmlns:ns2="http://www.garmin.com/xmlschemas/GpxExtensions/v3">
  <metadata>
    <link href="connect.garmin.com">
      <text>Garmin Connect</text>
    </link>
    <time>2018-05-27T09:01:07.000Z</time>
  </metadata>
  <trk>
    <name>Edinburgh marathon</name>
    <type>running</type>
    <trkseg>
      <trkpt lat="55.94603531062602996826171875" lon="-3.18904886953532695770263671875">
        <ele>91.40000152587890625</ele>
        <time>2018-05-27T09:01:07.000Z</time>
        <extensions>
          <ns3:TrackPointExtension>
            <ns3:hr>110</ns3:hr>
            <ns3:cad>86</ns3:cad>
          </ns3:TrackPointExtension>
        </extensions>
      </trkpt>
      <trkpt lat="55.94586825929582118988037109375" lon="-3.18924517370760440826416015625">
        <ele>92.59999847412109375</ele>
        <time>2018-05-27T09:01:13.000Z</time>
        <extensions>
          <ns3:TrackPointExtension>
            <ns3:hr>112</ns3:hr>
            <ns3:cad>93</ns3:cad>
          </ns3:TrackPointExtension>
        </extensions>
      </trkpt>
      <trkpt lat="55.9457152895629405975341796875" lon="-3.18951088003814220428466796875">
        <ele>94.59999847412109375</ele>
        <time>2018-05-27T09:01:19.000Z</time>
        <extensions>
          <ns3:TrackPointExtension>
            <ns3:hr>115</ns3:hr>
            <ns3:cad>94</ns3:cad>
          </ns3:TrackPointExtension>
        </extensions>
      </trkpt>
      <trkpt lat="55.94568603672087192535400390625" lon="-3.1896261312067508697509765625">
        <ele>95</ele>
        <time>2018-05-27T09:01:21.000Z</time>
        <extensions>
          <ns3:TrackPointExtension>
            <ns3:hr>120</ns3:hr>
            <ns3:cad>94</ns3:cad>
          </ns3:TrackPointExtension>
        </extensions>
      </trkpt>
      <trkpt lat="55.94567413441836833953857421875" lon="-3.1896854750812053680419921875">
        <ele>95</ele>
        <time>2018-05-27T09:01:22.000Z</time>
        <extensions>
          <ns3:TrackPointExtension>
            <ns3:hr>125</ns3:hr>
            <ns3:cad>94</ns3:cad>
          </ns3:TrackPointExtension>
        </extensions>
      </trkpt>
      <trkpt lat="55.94565837644040584564208984375" lon="-3.189733587205410003662109375">
        <ele>95.1999969482421875</ele>
        <time>2018-05-27T09:01:23.000Z</time>
        <extensions>
          <ns3:TrackPointExtension>
            <ns3:hr>125</ns3:hr>
            <ns3:cad>96</ns3:cad>
          </ns3:TrackPointExtension>
        </extensions>
      </trkpt>
      <trkpt lat="55.94559048302471637725830078125" lon="-3.19008152000606060028076171875">
        <ele>95</ele>
        <time>2018-05-27T09:01:29.000Z</time>
        <extensions>
          <ns3:TrackPointExtension>
            <ns3:hr>119</ns3:hr>
            <ns3:cad>95</ns3:cad>
          </ns3:TrackPointExtension>
        </extensions>
      </trkpt>
      <trkpt lat="55.9455759823322296142578125" lon="-3.1901401095092296600341796875">
        <ele>95</ele>
        <time>2018-05-27T09:01:30.000Z</time>
        <extensions>
          <ns3:TrackPointExtension>
            <ns3:hr>122</ns3:hr>
            <ns3:cad>95</ns3:cad>
          </ns3:TrackPointExtension>
        </extensions>
      </trkpt>
      <trkpt lat="55.94556818716228008270263671875" lon="-3.19020540453493595123291015625">
        <ele>94.8000030517578125</ele>
        <time>2018-05-27T09:01:31.000Z</time>
        <extensions>
          <ns3:TrackPointExtension>
            <ns3:hr>126</ns3:hr>
            <ns3:cad>96</ns3:cad>
          </ns3:TrackPointExtension>
        </extensions>
      </trkpt>
      <trkpt lat="55.94556014053523540496826171875" lon="-3.19027380086481571197509765625">
        <ele>94.59999847412109375</ele>
        <time>2018-05-27T09:01:32.000Z</time>
        <extensions>
          <ns3:TrackPointExtension>
            <ns3:hr>126</ns3:hr>
            <ns3:cad>96</ns3:cad>
          </ns3:TrackPointExtension>
        </extensions>
      </trkpt>
      <trkpt lat="55.945550166070461273193359375" lon="-3.19033448584377765655517578125">
        <ele>94.40000152587890625</ele>
        <time>2018-05-27T09:01:33.000Z</time>
        <extensions>
          <ns3:TrackPointExtension>
            <ns3:hr>135</ns3:hr>
            <ns3:cad>96</ns3:cad>
          </ns3:TrackPointExtension>
        </extensions>
      </trkpt>
      <trkpt lat="55.9455429576337337493896484375" lon="-3.19040019996464252471923828125">
        <ele>94.40000152587890625</ele>
        <time>2018-05-27T09:01:34.000Z</time>
        <extensions>
          <ns3:TrackPointExtension>
            <ns3:hr>135</ns3:hr>
            <ns3:cad>96</ns3:cad>
          </ns3:TrackPointExtension>
        </extensions>
      </trkpt>
      <trkpt lat="55.94553214497864246368408203125" lon="-3.190464489161968231201171875">
        <ele>94.59999847412109375</ele>
        <time>2018-05-27T09:01:35.000Z</time>
        <extensions>
          <ns3:TrackPointExtension>
            <ns3:hr>139</ns3:hr>
            <ns3:cad>96</ns3:cad>
          </ns3:TrackPointExtension>
        </extensions>
      </trkpt>
      <trkpt lat="55.94551890157163143157958984375" lon="-3.19059331901371479034423828125">
        <ele>94.59999847412109375</ele>
        <time>2018-05-27T09:01:37.000Z</time>
        <extensions>
          <ns3:TrackPointExtension>
            <ns3:hr>136</ns3:hr>
            <ns3:cad>96</ns3:cad>
          </ns3:TrackPointExtension>
        </extensions>
      </trkpt>
      <trkpt lat="55.94548721797764301300048828125" lon="-3.190912418067455291748046875">
        <ele>94.59999847412109375</ele>
        <time>2018-05-27T09:01:42.000Z</time>
        <extensions>
          <ns3:TrackPointExtension>
            <ns3:hr>134</ns3:hr>
            <ns3:cad>96</ns3:cad>
          </ns3:TrackPointExtension>
        </extensions>
      </trkpt>
      <trkpt lat="55.94548889435827732086181640625" lon="-3.19111249409615993499755859375">
        <ele>94.40000152587890625</ele>
        <time>2018-05-27T09:01:46.000Z</time>
        <extensions>
          <ns3:TrackPointExtension>
            <ns3:hr>131</ns3:hr>
            <ns3:cad>97</ns3:cad>
          </ns3:TrackPointExtension>
        </extensions>
      </trkpt>
      <trkpt lat="55.94551404006779193878173828125" lon="-3.19116110913455486297607421875">
        <ele>94.1999969482421875</ele>
        <time>2018-05-27T09:01:48.000Z</time>
        <extensions>
          <ns3:TrackPointExtension>
            <ns3:hr>133</ns3:hr>
            <ns3:cad>96</ns3:cad>
          </ns3:TrackPointExtension>
        </extensions>
      </trkpt>
      <trkpt lat="55.94568335451185703277587890625" lon="-3.19119505584239959716796875">
        <ele>94</ele>
        <time>2018-05-27T09:01:54.000Z</time>
        <extensions>
          <ns3:TrackPointExtension>
            <ns3:hr>130</ns3:hr>
            <ns3:cad>95</ns3:cad>
          </ns3:TrackPointExtension>
        </extensions>
      </trkpt>
      <trkpt lat="55.94571118243038654327392578125" lon="-3.19120234809815883636474609375">
        <ele>93.8000030517578125</ele>
        <time>2018-05-27T09:01:55.000Z</time>
        <extensions>
          <ns3:TrackPointExtension>
            <ns3:hr>133</ns3:hr>
            <ns3:cad>95</ns3:cad>
          </ns3:TrackPointExtension>
        </extensions>
      </trkpt>
      <trkpt lat="55.9458061493933200836181640625" lon="-3.19122187793254852294921875">
        <ele>93.8000030517578125</ele>
        <time>2018-05-27T09:01:59.000Z</time>
        <extensions>
          <ns3:TrackPointExtension>
            <ns3:hr>138</ns3:hr>
            <ns3:cad>96</ns3:cad>
          </ns3:TrackPointExtension>
        </extensions>
      </trkpt>
      <trkpt lat="55.94583406113088130950927734375" lon="-3.191233612596988677978515625">
        <ele>93.8000030517578125</ele>
        <time>2018-05-27T09:02:00.000Z</time>
        <extensions>
          <ns3:TrackPointExtension>
            <ns3:hr>143</ns3:hr>
            <ns3:cad>96</ns3:cad>
          </ns3:TrackPointExtension>
        </extensions>
      </trkpt>
      <trkpt lat="55.94586255960166454315185546875" lon="-3.19123419933021068572998046875">
        <ele>93.8000030517578125</ele>
        <time>2018-05-27T09:02:01.000Z</time>
        <extensions>
          <ns3:TrackPointExtension>
            <ns3:hr>143</ns3:hr>
            <ns3:cad>96</ns3:cad>
          </ns3:TrackPointExtension>
        </extensions>
      </trkpt>
      <trkpt lat="55.9458872862160205841064453125" lon="-3.19124199450016021728515625">
        <ele>93.8000030517578125</ele>
        <time>2018-05-27T09:02:02.000Z</time>
        <extensions>
          <ns3:TrackPointExtension>
            <ns3:hr>140</ns3:hr>
            <ns3:cad>95</ns3:cad>
          </ns3:TrackPointExtension>
        </extensions>
      </trkpt>
      <trkpt lat="55.94593967311084270477294921875" lon="-3.19124241359531879425048828125">
        <ele>93.8000030517578125</ele>
        <time>2018-05-27T09:02:04.000Z</time>
        <extensions>
          <ns3:TrackPointExtension>
            <ns3:hr>143</ns3:hr>
            <ns3:cad>95</ns3:cad>
          </ns3:TrackPointExtension>
        </extensions>
      </trkpt>
      <trkpt lat="55.945963896811008453369140625" lon="-3.19124073721468448638916015625">
        <ele>93.8000030517578125</ele>
        <time>2018-05-27T09:02:05.000Z</time>
        <extensions>
          <ns3:TrackPointExtension>
            <ns3:hr>140</ns3:hr>
            <ns3:cad>95</ns3:cad>
          </ns3:TrackPointExtension>
        </extensions>
      </trkpt>
      <trkpt lat="55.94602449797093868255615234375" lon="-3.19123755209147930145263671875">
        <ele>93.59999847412109375</ele>
        <time>2018-05-27T09:02:07.000Z</time>
        <extensions>
          <ns3:TrackPointExtension>
            <ns3:hr>143</ns3:hr>
            <ns3:cad>95</ns3:cad>
          </ns3:TrackPointExtension>
        </extensions>
      </trkpt>
      <trkpt lat="55.94614167697727680206298828125" lon="-3.191257081925868988037109375">
        <ele>92.59999847412109375</ele>
        <time>2018-05-27T09:02:11.000Z</time>
        <extensions>
          <ns3:TrackPointExtension>
            <ns3:hr>140</ns3:hr>
            <ns3:cad>95</ns3:cad>
          </ns3:TrackPointExtension>
        </extensions>
      </trkpt>
      <trkpt lat="55.946354828774929046630859375" lon="-3.19126672111451625823974609375">
        <ele>91.8000030517578125</ele>
        <time>2018-05-27T09:02:17.000Z</time>
        <extensions>
          <ns3:TrackPointExtension>
            <ns3:hr>138</ns3:hr>
            <ns3:cad>96</ns3:cad>
          </ns3:TrackPointExtension>
        </extensions>
      </trkpt>
      <trkpt lat="55.94656630419194698333740234375" lon="-3.19129429757595062255859375">
        <ele>92</ele>
        <time>2018-05-27T09:02:24.000Z</time>
        <extensions>
          <ns3:TrackPointExtension>
            <ns3:hr>136</ns3:hr>
            <ns3:cad>95</ns3:cad>
          </ns3:TrackPointExtension>
        </extensions>
      </trkpt>
      <trkpt lat="55.9467948786914348602294921875" lon="-3.19128750823438167572021484375">
        <ele>92</ele>
        <time>2018-05-27T09:02:32.000Z</time>
        <extensions>
          <ns3:TrackPointExtension>
            <ns3:hr>137</ns3:hr>
            <ns3:cad>96</ns3:cad>
          </ns3:TrackPointExtension>
        </extensions>
      </trkpt>
      <trkpt lat="55.946996212005615234375" lon="-3.19136562757194042205810546875">
        <ele>91.1999969482421875</ele>
        <time>2018-05-27T09:02:39.000Z</time>
        <extensions>
          <ns3:TrackPointExtension>
            <ns3:hr>139</ns3:hr>
            <ns3:cad>95</ns3:cad>
          </ns3:TrackPointExtension>
        </extensions>
      </trkpt>
      <trkpt lat="55.9471841342747211456298828125" lon="-3.1914818845689296722412109375">
        <ele>90.59999847412109375</ele>
        <time>2018-05-27T09:02:45.000Z</time>
        <extensions>
          <ns3:TrackPointExtension>
            <ns3:hr>140</ns3:hr>
            <ns3:cad>97</ns3:cad>
          </ns3:TrackPointExtension>
        </extensions>
      </trkpt>
      <trkpt lat="55.9473809413611888885498046875" lon="-3.1915861554443836212158203125">
        <ele>90</ele>
        <time>2018-05-27T09:02:51.000Z</time>
        <extensions>
          <ns3:TrackPointExtension>
            <ns3:hr>137</ns3:hr>
            <ns3:cad>95</ns3:cad>
          </ns3:TrackPointExtension>
        </extensions>
      </trkpt>
      <trkpt lat="55.947557128965854644775390625" lon="-3.19170760922133922576904296875">
        <ele>89.8000030517578125</ele>
        <time>2018-05-27T09:02:56.000Z</time>
        <extensions>
          <ns3:TrackPointExtension>
            <ns3:hr>137</ns3:hr>
            <ns3:cad>96</ns3:cad>
          </ns3:TrackPointExtension>
        </extensions>
      </trkpt>
      <trkpt lat="55.9477619826793670654296875" lon="-3.1917987205088138580322265625">
        <ele>89</ele>
        <time>2018-05-27T09:03:02.000Z</time>
        <extensions>
          <ns3:TrackPointExtension>
            <ns3:hr>138</ns3:hr>
            <ns3:cad>96</ns3:cad>
          </ns3:TrackPointExtension>
        </extensions>
      </trkpt>
      <trkpt lat="55.94795602373778820037841796875" lon="-3.19192604161798954010009765625">
        <ele>88</ele>
        <time>2018-05-27T09:03:08.000Z</time>
        <extensions>
          <ns3:TrackPointExtension>
            <ns3:hr>137</ns3:hr>
            <ns3:cad>97</ns3:cad>
          </ns3:TrackPointExtension>
        </extensions>
      </trkpt>
      <trkpt lat="55.9481400065124034881591796875" lon="-3.192010782659053802490234375">
        <ele>88.1999969482421875</ele>
        <time>2018-05-27T09:03:13.000Z</time>
        <extensions>
          <ns3:TrackPointExtension>
            <ns3:hr>135</ns3:hr>
            <ns3:cad>96</ns3:cad>
          </ns3:TrackPointExtension>
        </extensions>
      </trkpt>
      <trkpt lat="55.94833740033209323883056640625" lon="-3.1921179033815860748291015625">
        <ele>88.8000030517578125</ele>
        <time>2018-05-27T09:03:19.000Z</time>
        <extensions>
          <ns3:TrackPointExtension>
            <ns3:hr>138</ns3:hr>
            <ns3:cad>96</ns3:cad>
          </ns3:TrackPointExtension>
        </extensions>
      </trkpt>
      <trkpt lat="55.94853068701922893524169921875" lon="-3.19225679151713848114013671875">
        <ele>90</ele>
        <time>2018-05-27T09:03:25.000Z</time>
        <extensions>
          <ns3:TrackPointExtension>
            <ns3:hr>138</ns3:hr>
            <ns3:cad>96</ns3:cad>
          </ns3:TrackPointExtension>
        </extensions>
      </trkpt>
      <trkpt lat="55.94872565008699893951416015625" lon="-3.19235938601195812225341796875">
        <ele>92.8000030517578125</ele>
        <time>2018-05-27T09:03:32.000Z</time>
        <extensions>
          <ns3:TrackPointExtension>
            <ns3:hr>136</ns3:hr>
            <ns3:cad>95</ns3:cad>
          </ns3:TrackPointExtension>
        </extensions>
      </trkpt>
      <trkpt lat="55.94890116713941097259521484375" lon="-3.19252065382897853851318359375">
        <ele>94.40000152587890625</ele>
        <time>2018-05-27T09:03:38.000Z</time>
        <extensions>
          <ns3:TrackPointExtension>
            <ns3:hr>136</ns3:hr>
            <ns3:cad>97</ns3:cad>
          </ns3:TrackPointExtension>
        </extensions>
      </trkpt>
      <trkpt lat="55.94909126870334148406982421875" lon="-3.1926764734089374542236328125">
        <ele>96.59999847412109375</ele>
        <time>2018-05-27T09:03:44.000Z</time>
        <extensions>
          <ns3:TrackPointExtension>
            <ns3:hr>137</ns3:hr>
            <ns3:cad>96</ns3:cad>
          </ns3:TrackPointExtension>
        </extensions>
      </trkpt>
      <trkpt lat="55.9492755867540836334228515625" lon="-3.19279256276786327362060546875">
        <ele>98.1999969482421875</ele>
        <time>2018-05-27T09:03:50.000Z</time>
        <extensions>
          <ns3:TrackPointExtension>
            <ns3:hr>136</ns3:hr>
            <ns3:cad>96</ns3:cad>
          </ns3:TrackPointExtension>
        </extensions>
      </trkpt>
      <trkpt lat="55.94946476630866527557373046875" lon="-3.19287386722862720489501953125">
        <ele>99.1999969482421875</ele>
        <time>2018-05-27T09:03:57.000Z</time>
        <extensions>
          <ns3:TrackPointExtension>
            <ns3:hr>136</ns3:hr>
            <ns3:cad>95</ns3:cad>
          </ns3:TrackPointExtension>
        </extensions>
      </trkpt>
      <trkpt lat="55.9496581368148326873779296875" lon="-3.19291711784899234771728515625">
        <ele>99.8000030517578125</ele>
        <time>2018-05-27T09:04:03.000Z</time>
        <extensions>
          <ns3:TrackPointExtension>
            <ns3:hr>137</ns3:hr>
            <ns3:cad>96</ns3:cad>
          </ns3:TrackPointExtension>
        </extensions>
      </trkpt>
      <trkpt lat="55.949837677180767059326171875" lon="-3.19301225244998931884765625">
        <ele>100.1999969482421875</ele>
        <time>2018-05-27T09:04:07.000Z</time>
        <extensions>
          <ns3:TrackPointExtension>
            <ns3:hr>137</ns3:hr>
            <ns3:cad>98</ns3:cad>
          </ns3:TrackPointExtension>
        </extensions>
      </trkpt>
      <trkpt lat="55.94996181316673755645751953125" lon="-3.19325901567935943603515625">
        <ele>99.40000152587890625</ele>
        <time>2018-05-27T09:04:11.000Z</time>
        <extensions>
          <ns3:TrackPointExtension>
            <ns3:hr>137</ns3:hr>
            <ns3:cad>99</ns3:cad>
          </ns3:TrackPointExtension>
        </extensions>
      </trkpt>
      <trkpt lat="55.9499917365610599517822265625" lon="-3.19361977279186248779296875">
        <ele>96.59999847412109375</ele>
        <time>2018-05-27T09:04:16.000Z</time>
        <extensions>
          <ns3:TrackPointExtension>
            <ns3:hr>139</ns3:hr>
            <ns3:cad>99</ns3:cad>
          </ns3:TrackPointExtension>
        </extensions>
      </trkpt>
      <trkpt lat="55.94997840933501720428466796875" lon="-3.193987905979156494140625">
        <ele>94.1999969482421875</ele>
        <time>2018-05-27T09:04:22.000Z</time>
        <extensions>
          <ns3:TrackPointExtension>
            <ns3:hr>140</ns3:hr>
            <ns3:cad>97</ns3:cad>
          </ns3:TrackPointExtension>
        </extensions>
      </trkpt>
      <trkpt lat="55.949937589466571807861328125" lon="-3.19432561285793781280517578125">
        <ele>93.8000030517578125</ele>
        <time>2018-05-27T09:04:28.000Z</time>
        <extensions>
          <ns3:TrackPointExtension>
            <ns3:hr>138</ns3:hr>
            <ns3:cad>101</ns3:cad>
          </ns3:TrackPointExtension>
        </extensions>
      </trkpt>
      <trkpt lat="55.94999282620847225189208984375" lon="-3.19466038607060909271240234375">
        <ele>90.1999969482421875</ele>
        <time>2018-05-27T09:04:34.000Z</time>
        <extensions>
          <ns3:TrackPointExtension>
            <ns3:hr>138</ns3:hr>
            <ns3:cad>99</ns3:cad>
          </ns3:TrackPointExtension>
        </extensions>
      </trkpt>
      <trkpt lat="55.9500906430184841156005859375" lon="-3.19496649317443370819091796875">
        <ele>85</ele>
        <time>2018-05-27T09:04:39.000Z</time>
        <extensions>
          <ns3:TrackPointExtension>
            <ns3:hr>138</ns3:hr>
            <ns3:cad>98</ns3:cad>
          </ns3:TrackPointExtension>
        </extensions>
      </trkpt>
      <trkpt lat="55.95014839433133602142333984375" lon="-3.19529573433101177215576171875">
        <ele>82.1999969482421875</ele>
        <time>2018-05-27T09:04:44.000Z</time>
        <extensions>
          <ns3:TrackPointExtension>
            <ns3:hr>138</ns3:hr>
            <ns3:cad>98</ns3:cad>
          </ns3:TrackPointExtension>
        </extensions>
      </trkpt>
      <trkpt lat="55.95018845982849597930908203125" lon="-3.1956302560865879058837890625">
        <ele>80</ele>
        <time>2018-05-27T09:04:49.000Z</time>
        <extensions>
          <ns3:TrackPointExtension>
            <ns3:hr>138</ns3:hr>
            <ns3:cad>99</ns3:cad>
          </ns3:TrackPointExtension>
        </extensions>
      </trkpt>
      <trkpt lat="55.95029558055102825164794921875" lon="-3.19589369930326938629150390625">
        <ele>76.1999969482421875</ele>
        <time>2018-05-27T09:04:54.000Z</time>
        <extensions>
          <ns3:TrackPointExtension>
            <ns3:hr>138</ns3:hr>
            <ns3:cad>98</ns3:cad>
          </ns3:TrackPointExtension>
        </extensions>
      </trkpt>
      <trkpt lat="55.950478054583072662353515625" lon="-3.19601657800376415252685546875">
        <ele>71</ele>
        <time>2018-05-27T09:04:59.000Z</time>
        <extensions>
          <ns3:TrackPointExtension>
            <ns3:hr>138</ns3:hr>
            <ns3:cad>98</ns3:cad>
          </ns3:TrackPointExtension>
        </extensions>
      </trkpt>
      <trkpt lat="55.95066882669925689697265625" lon="-3.19613157771527767181396484375">
        <ele>66.8000030517578125</ele>
        <time>2018-05-27T09:05:04.000Z</time>
        <extensions>
          <ns3:TrackPointExtension>
            <ns3:hr>139</ns3:hr>
            <ns3:cad>98</ns3:cad>
          </ns3:TrackPointExtension>
        </extensions>
      </trkpt>
      <trkpt lat="55.95084291882812976837158203125" lon="-3.19622394628822803497314453125">
        <ele>65.40000152587890625</ele>
        <time>2018-05-27T09:05:09.000Z</time>
        <extensions>
          <ns3:TrackPointExtension>
            <ns3:hr>139</ns3:hr>
            <ns3:cad>97</ns3:cad>
          </ns3:TrackPointExtension>
        </extensions>
      </trkpt>
      <trkpt lat="55.95102019608020782470703125" lon="-3.19631765596568584442138671875">
        <ele>64.1999969482421875</ele>
        <time>2018-05-27T09:05:14.000Z</time>
        <extensions>
          <ns3:TrackPointExtension>
            <ns3:hr>137</ns3:hr>
            <ns3:cad>98</ns3:cad>
          </ns3:TrackPointExtension>
        </extensions>
      </trkpt>
      <trkpt lat="55.951193533837795257568359375" lon="-3.1963467411696910858154296875">
        <ele>65</ele>
        <time>2018-05-27T09:05:20.000Z</time>
        <extensions>
          <ns3:TrackPointExtension>
            <ns3:hr>135</ns3:hr>
            <ns3:cad>97</ns3:cad>
          </ns3:TrackPointExtension>
        </extensions>
      </trkpt>
      <trkpt lat="55.95131297595798969268798828125" lon="-3.19604289717972278594970703125">
        <ele>68.59999847412109375</ele>
        <time>2018-05-27T09:05:26.000Z</time>
        <extensions>
          <ns3:TrackPointExtension>
            <ns3:hr>134</ns3:hr>
            <ns3:cad>94</ns3:cad>
          </ns3:TrackPointExtension>
        </extensions>
      </trkpt>
      <trkpt lat="55.9513331763446331024169921875" lon="-3.19598414003849029541015625">
        <ele>68.59999847412109375</ele>
        <time>2018-05-27T09:05:27.000Z</time>
        <extensions>
          <ns3:TrackPointExtension>
            <ns3:hr>131</ns3:hr>
            <ns3:cad>94</ns3:cad>
          </ns3:TrackPointExtension>
        </extensions>
      </trkpt>
      <trkpt lat="55.95148279331624507904052734375" lon="-3.1957465969026088714599609375">
        <ele>68.40000152587890625</ele>
        <time>2018-05-27T09:05:33.000Z</time>
        <extensions>
          <ns3:TrackPointExtension>
            <ns3:hr>130</ns3:hr>
            <ns3:cad>97</ns3:cad>
          </ns3:TrackPointExtension>
        </extensions>
      </trkpt>
      <trkpt lat="55.9516781754791736602783203125" lon="-3.1956584192812442779541015625">
        <ele>67.59999847412109375</ele>
        <time>2018-05-27T09:05:39.000Z</time>
        <extensions>
          <ns3:TrackPointExtension>
            <ns3:hr>129</ns3:hr>
            <ns3:cad>97</ns3:cad>
          </ns3:TrackPointExtension>
        </extensions>
      </trkpt>
      <trkpt lat="55.9517499245703220367431640625" lon="-3.1956319324672222137451171875">
        <ele>67.59999847412109375</ele>
        <time>2018-05-27T09:05:41.000Z</time>
        <extensions>
          <ns3:TrackPointExtension>
            <ns3:hr>132</ns3:hr>
            <ns3:cad>97</ns3:cad>
          </ns3:TrackPointExtension>
        </extensions>
      </trkpt>
      <trkpt lat="55.95183349214494228363037109375" lon="-3.19559094496071338653564453125">
        <ele>68</ele>
        <time>2018-05-27T09:05:44.000Z</time>
        <extensions>
          <ns3:TrackPointExtension>
            <ns3:hr>133</ns3:hr>
            <ns3:cad>97</ns3:cad>
          </ns3:TrackPointExtension>
        </extensions>
      </trkpt>
      <trkpt lat="55.951871462166309356689453125" lon="-3.19551181979477405548095703125">
        <ele>68.1999969482421875</ele>
        <time>2018-05-27T09:05:46.000Z</time>
        <extensions>
          <ns3:TrackPointExtension>
            <ns3:hr>137</ns3:hr>
            <ns3:cad>97</ns3:cad>
          </ns3:TrackPointExtension>
        </extensions>
      </trkpt>
      <trkpt lat="55.951882191002368927001953125" lon="-3.1954508833587169647216796875">
        <ele>68.1999969482421875</ele>
        <time>2018-05-27T09:05:47.000Z</time>
        <extensions>
          <ns3:TrackPointExtension>
            <ns3:hr>140</ns3:hr>
            <ns3:cad>96</ns3:cad>
          </ns3:TrackPointExtension>
        </extensions>
      </trkpt>
      <trkpt lat="55.9518940933048725128173828125" lon="-3.1953907012939453125">
        <ele>68.1999969482421875</ele>
        <time>2018-05-27T09:05:48.000Z</time>
        <extensions>
          <ns3:TrackPointExtension>
            <ns3:hr>145</ns3:hr>
            <ns3:cad>96</ns3:cad>
          </ns3:TrackPointExtension>
        </extensions>
      </trkpt>
      <trkpt lat="55.95190473832190036773681640625" lon="-3.195331357419490814208984375">
        <ele>68</ele>
        <time>2018-05-27T09:05:49.000Z</time>
        <extensions>
          <ns3:TrackPointExtension>
            <ns3:hr>145</ns3:hr>
            <ns3:cad>95</ns3:cad>
          </ns3:TrackPointExtension>
        </extensions>
      </trkpt>
      <trkpt lat="55.9519289620220661163330078125" lon="-3.19520856253802776336669921875">
        <ele>67.59999847412109375</ele>
        <time>2018-05-27T09:05:51.000Z</time>
        <extensions>
          <ns3:TrackPointExtension>
            <ns3:hr>151</ns3:hr>
            <ns3:cad>95</ns3:cad>
          </ns3:TrackPointExtension>
        </extensions>
      </trkpt>
      <trkpt lat="55.9519423730671405792236328125" lon="-3.1951471231877803802490234375">
        <ele>67.40000152587890625</ele>
        <time>2018-05-27T09:05:52.000Z</time>
        <extensions>
          <ns3:TrackPointExtension>
            <ns3:hr>157</ns3:hr>
            <ns3:cad>97</ns3:cad>
          </ns3:TrackPointExtension>
        </extensions>
      </trkpt>
      <trkpt lat="55.9519542753696441650390625" lon="-3.19508819840848445892333984375">
        <ele>67.1999969482421875</ele>
        <time>2018-05-27T09:05:53.000Z</time>
        <extensions>
          <ns3:TrackPointExtension>
            <ns3:hr>162</ns3:hr>
            <ns3:cad>97</ns3:cad>
          </ns3:TrackPointExtension>
        </extensions>
      </trkpt>
      <trkpt lat="55.9519678540527820587158203125" lon="-3.1950314529240131378173828125">
        <ele>67</ele>
        <time>2018-05-27T09:05:54.000Z</time>
        <extensions>
          <ns3:TrackPointExtension>
            <ns3:hr>167</ns3:hr>
            <ns3:cad>96</ns3:cad>
          </ns3:TrackPointExtension>
        </extensions>
      </trkpt>
      <trkpt lat="55.95199157483875751495361328125" lon="-3.19491066969931125640869140625">
        <ele>66.1999969482421875</ele>
        <time>2018-05-27T09:05:56.000Z</time>
        <extensions>
          <ns3:TrackPointExtension>
            <ns3:hr>176</ns3:hr>
            <ns3:cad>97</ns3:cad>
          </ns3:TrackPointExtension>
        </extensions>
      </trkpt>
      <trkpt lat="55.95200465060770511627197265625" lon="-3.19485224783420562744140625">
        <ele>66.40000152587890625</ele>
        <time>2018-05-27T09:05:57.000Z</time>
        <extensions>
          <ns3:TrackPointExtension>
            <ns3:hr>180</ns3:hr>
            <ns3:cad>97</ns3:cad>
          </ns3:TrackPointExtension>
        </extensions>
      </trkpt>
      <trkpt lat="55.95201554708182811737060546875" lon="-3.1947940774261951446533203125">
        <ele>66.40000152587890625</ele>
        <time>2018-05-27T09:05:58.000Z</time>
        <extensions>
          <ns3:TrackPointExtension>
            <ns3:hr>185</ns3:hr>
            <ns3:cad>97</ns3:cad>
          </ns3:TrackPointExtension>
        </extensions>
      </trkpt>
      <trkpt lat="55.95202795229852199554443359375" lon="-3.194741271436214447021484375">
        <ele>66.40000152587890625</ele>
        <time>2018-05-27T09:05:59.000Z</time>
        <extensions>
          <ns3:TrackPointExtension>
            <ns3:hr>191</ns3:hr>
            <ns3:cad>97</ns3:cad>
          </ns3:TrackPointExtension>
        </extensions>
      </trkpt>
      <trkpt lat="55.95203801058232784271240234375" lon="-3.19468737579882144927978515625">
        <ele>66.40000152587890625</ele>
        <time>2018-05-27T09:06:00.000Z</time>
        <extensions>
          <ns3:TrackPointExtension>
            <ns3:hr>194</ns3:hr>
            <ns3:cad>96</ns3:cad>
          </ns3:TrackPointExtension>
        </extensions>
      </trkpt>
      <trkpt lat="55.95204991288483142852783203125" lon="-3.19463473744690418243408203125">
        <ele>66.40000152587890625</ele>
        <time>2018-05-27T09:06:01.000Z</time>
        <extensions>
          <ns3:TrackPointExtension>
            <ns3:hr>194</ns3:hr>
            <ns3:cad>96</ns3:cad>
          </ns3:TrackPointExtension>
        </extensions>
      </trkpt>
      <trkpt lat="55.9521281160414218902587890625" lon="-3.1942951865494251251220703125">
        <ele>66.1999969482421875</ele>
        <time>2018-05-27T09:06:07.000Z</time>
        <extensions>
          <ns3:TrackPointExtension>
            <ns3:hr>194</ns3:hr>
            <ns3:cad>95</ns3:cad>
          </ns3:TrackPointExtension>
        </extensions>
      </trkpt>
      <trkpt lat="55.95218854956328868865966796875" lon="-3.1939729861915111541748046875">
        <ele>67</ele>
        <time>2018-05-27T09:06:13.000Z</time>
        <extensions>
          <ns3:TrackPointExtension>
            <ns3:hr>194</ns3:hr>
            <ns3:cad>96</ns3:cad>
          </ns3:TrackPointExtension>
        </extensions>
      </trkpt>
      <trkpt lat="55.952250659465789794921875" lon="-3.1936419010162353515625">
        <ele>67.59999847412109375</ele>
        <time>2018-05-27T09:06:19.000Z</time>
        <extensions>
          <ns3:TrackPointExtension>
            <ns3:hr>188</ns3:hr>
            <ns3:cad>96</ns3:cad>
          </ns3:TrackPointExtension>
        </extensions>
      </trkpt>
      <trkpt lat="55.95225761644542217254638671875" lon="-3.193586580455303192138671875">
        <ele>67.59999847412109375</ele>
        <time>2018-05-27T09:06:20.000Z</time>
        <extensions>
          <ns3:TrackPointExtension>
            <ns3:hr>184</ns3:hr>
            <ns3:cad>95</ns3:cad>
          </ns3:TrackPointExtension>
        </extensions>
      </trkpt>
      <trkpt lat="55.95226348377764225006103515625" lon="-3.19352698512375354766845703125">
        <ele>67.1999969482421875</ele>
        <time>2018-05-27T09:06:21.000Z</time>
        <extensions>
          <ns3:TrackPointExtension>
            <ns3:hr>185</ns3:hr>
            <ns3:cad>95</ns3:cad>
          </ns3:TrackPointExtension>
        </extensions>
      </trkpt>
      <trkpt lat="55.95227790065109729766845703125" lon="-3.1934154219925403594970703125">
        <ele>67</ele>
        <time>2018-05-27T09:06:23.000Z</time>
        <extensions>
          <ns3:TrackPointExtension>
            <ns3:hr>193</ns3:hr>
            <ns3:cad>96</ns3:cad>
          </ns3:TrackPointExtension>
        </extensions>
      </trkpt>
      <trkpt lat="55.952347218990325927734375" lon="-3.193087019026279449462890625">
        <ele>66.8000030517578125</ele>
        <time>2018-05-27T09:06:29.000Z</time>
        <extensions>
          <ns3:TrackPointExtension>
            <ns3:hr>193</ns3:hr>
            <ns3:cad>96</ns3:cad>
          </ns3:TrackPointExtension>
        </extensions>
      </trkpt>
      <trkpt lat="55.9524117596447467803955078125" lon="-3.19277822971343994140625">
        <ele>66.1999969482421875</ele>
        <time>2018-05-27T09:06:35.000Z</time>
        <extensions>
          <ns3:TrackPointExtension>
            <ns3:hr>194</ns3:hr>
            <ns3:cad>97</ns3:cad>
          </ns3:TrackPointExtension>
        </extensions>
      </trkpt>
      <trkpt lat="55.95247328281402587890625" lon="-3.19245946593582630157470703125">
        <ele>67.1999969482421875</ele>
        <time>2018-05-27T09:06:41.000Z</time>
        <extensions>
          <ns3:TrackPointExtension>
            <ns3:hr>191</ns3:hr>
            <ns3:cad>96</ns3:cad>
          </ns3:TrackPointExtension>
        </extensions>
      </trkpt>
      <trkpt lat="55.952551066875457763671875" lon="-3.19217548705637454986572265625">
        <ele>68.1999969482421875</ele>
        <time>2018-05-27T09:06:48.000Z</time>
        <extensions>
          <ns3:TrackPointExtension>
            <ns3:hr>191</ns3:hr>
            <ns3:cad>95</ns3:cad>
          </ns3:TrackPointExtension>
        </extensions>
      </trkpt>
      <trkpt lat="55.95235593616962432861328125" lon="-3.1920377723872661590576171875">
        <ele>63.200000762939453125</ele>
        <time>2018-05-27T09:06:53.000Z</time>
        <extensions>
          <ns3:TrackPointExtension>
            <ns3:hr>193</ns3:hr>
            <ns3:cad>96</ns3:cad>
          </ns3:TrackPointExtension>
        </extensions>
      </trkpt>
      <trkpt lat="55.9522525034844875335693359375" lon="-3.191980607807636260986328125">
        <ele>61.200000762939453125</ele>
        <time>2018-05-27T09:06:55.000Z</time>
        <extensions>
          <ns3:TrackPointExtension>
            <ns3:hr>197</ns3:hr>
            <ns3:cad>96</ns3:cad>
          </ns3:TrackPointExtension>
        </extensions>
      </trkpt>
      <trkpt lat="55.9520389325916767120361328125" lon="-3.1918748281896114349365234375">
        <ele>58.59999847412109375</ele>
        <time>2018-05-27T09:07:00.000Z</time>
        <extensions>
          <ns3:TrackPointExtension>
            <ns3:hr>198</ns3:hr>
            <ns3:cad>98</ns3:cad>
          </ns3:TrackPointExtension>
        </extensions>
      </trkpt>
      <trkpt lat="55.95184774138033390045166015625" lon="-3.19176812656223773956298828125">
        <ele>56.59999847412109375</ele>
        <time>2018-05-27T09:07:05.000Z</time>
        <extensions>
          <ns3:TrackPointExtension>
            <ns3:hr>197</ns3:hr>
            <ns3:cad>98</ns3:cad>
          </ns3:TrackPointExtension>
        </extensions>
      </trkpt>
      <trkpt lat="55.9516500122845172882080078125" lon="-3.191684894263744354248046875">
        <ele>57</ele>
        <time>2018-05-27T09:07:11.000Z</time>
        <extensions>
          <ns3:TrackPointExtension>
            <ns3:hr>196</ns3:hr>
            <ns3:cad>97</ns3:cad>
          </ns3:TrackPointExtension>
        </extensions>
      </trkpt>
      <trkpt lat="55.95144666731357574462890625" lon="-3.19158104248344898223876953125">
        <ele>58.200000762939453125</ele>
        <time>2018-05-27T09:07:17.000Z</time>
        <extensions>
          <ns3:TrackPointExtension>
            <ns3:hr>196</ns3:hr>
            <ns3:cad>98</ns3:cad>
          </ns3:TrackPointExtension>
        </extensions>
      </trkpt>
      <trkpt lat="55.95127240754663944244384765625" lon="-3.1914909370243549346923828125">
        <ele>61.40000152587890625</ele>
        <time>2018-05-27T09:07:22.000Z</time>
        <extensions>
          <ns3:TrackPointExtension>
            <ns3:hr>194</ns3:hr>
            <ns3:cad>97</ns3:cad>
          </ns3:TrackPointExtension>
        </extensions>
      </trkpt>
      <trkpt lat="55.951103679835796356201171875" lon="-3.19137115962803363800048828125">
        <ele>66.1999969482421875</ele>
        <time>2018-05-27T09:07:27.000Z</time>
        <extensions>
          <ns3:TrackPointExtension>
            <ns3:hr>195</ns3:hr>
            <ns3:cad>97</ns3:cad>
          </ns3:TrackPointExtension>
        </extensions>
      </trkpt>
      <trkpt lat="55.9509482793509960174560546875" lon="-3.19115054793655872344970703125">
        <ele>71.40000152587890625</ele>
        <time>2018-05-27T09:07:33.000Z</time>
        <extensions>
          <ns3:TrackPointExtension>
            <ns3:hr>193</ns3:hr>
            <ns3:cad>98</ns3:cad>
          </ns3:TrackPointExtension>
        </extensions>
      </trkpt>
      <trkpt lat="55.9509851597249507904052734375" lon="-3.19078065454959869384765625">
        <ele>71.1999969482421875</ele>
        <time>2018-05-27T09:07:39.000Z</time>
        <extensions>
          <ns3:TrackPointExtension>
            <ns3:hr>193</ns3:hr>
            <ns3:cad>97</ns3:cad>
          </ns3:TrackPointExtension>
        </extensions>
      </trkpt>
      <trkpt lat="55.951032601296901702880859375" lon="-3.1905206479132175445556640625">
        <ele>70.40000152587890625</ele>
        <time>2018-05-27T09:07:43.000Z</time>
        <extensions>
          <ns3:TrackPointExtension>
            <ns3:hr>196</ns3:hr>
            <ns3:cad>98</ns3:cad>
          </ns3:TrackPointExtension>
        </extensions>
      </trkpt>
      <trkpt lat="55.95106218941509723663330078125" lon="-3.19033180363476276397705078125">
        <ele>70</ele>
        <time>2018-05-27T09:07:46.000Z</time>
        <extensions>
          <ns3:TrackPointExtension>
            <ns3:hr>199</ns3:hr>
            <ns3:cad>98</ns3:cad>
          </ns3:TrackPointExtension>
        </extensions>
      </trkpt>
      <trkpt lat="55.95110761933028697967529296875" lon="-3.190019242465496063232421875">
        <ele>69.40000152587890625</ele>
        <time>2018-05-27T09:07:51.000Z</time>
        <extensions>
          <ns3:TrackPointExtension>
            <ns3:hr>198</ns3:hr>
            <ns3:cad>98</ns3:cad>
          </ns3:TrackPointExtension>
        </extensions>
      </trkpt>
      <trkpt lat="55.9511920250952243804931640625" lon="-3.1896935217082500457763671875">
        <ele>68.8000030517578125</ele>
        <time>2018-05-27T09:07:57.000Z</time>
        <extensions>
          <ns3:TrackPointExtension>
            <ns3:hr>196</ns3:hr>
            <ns3:cad>97</ns3:cad>
          </ns3:TrackPointExtension>
        </extensions>
      </trkpt>
      <trkpt lat="55.9512419812381267547607421875" lon="-3.1894750893115997314453125">
        <ele>69.59999847412109375</ele>
        <time>2018-05-27T09:08:01.000Z</time>
        <extensions>
          <ns3:TrackPointExtension>
            <ns3:hr>191</ns3:hr>
            <ns3:cad>96</ns3:cad>
          </ns3:TrackPointExtension>
        </extensions>
      </trkpt>
      <trkpt lat="55.9512533806264400482177734375" lon="-3.1893123127520084381103515625">
        <ele>71</ele>
        <time>2018-05-27T09:08:04.000Z</time>
        <extensions>
          <ns3:TrackPointExtension>
            <ns3:hr>195</ns3:hr>
            <ns3:cad>96</ns3:cad>
          </ns3:TrackPointExtension>
        </extensions>
      </trkpt>
      <trkpt lat="55.95129654742777347564697265625" lon="-3.18897309713065624237060546875">
        <ele>74.40000152587890625</ele>
        <time>2018-05-27T09:08:10.000Z</time>
        <extensions>
          <ns3:TrackPointExtension>
            <ns3:hr>194</ns3:hr>
            <ns3:cad>97</ns3:cad>
          </ns3:TrackPointExtension>
        </extensions>
      </trkpt>
      <trkpt lat="55.951298810541629791259765625" lon="-3.18891140632331371307373046875">
        <ele>75.1999969482421875</ele>
        <time>2018-05-27T09:08:11.000Z</time>
        <extensions>
          <ns3:TrackPointExtension>
            <ns3:hr>193</ns3:hr>
            <ns3:cad>96</ns3:cad>
          </ns3:TrackPointExtension>
        </extensions>
      </trkpt>
      <trkpt lat="55.951343737542629241943359375" lon="-3.1886033713817596435546875">
        <ele>78</ele>
        <time>2018-05-27T09:08:16.000Z</time>
        <extensions>
          <ns3:TrackPointExtension>
            <ns3:hr>193</ns3:hr>
            <ns3:cad>96</ns3:cad>
          </ns3:TrackPointExtension>
        </extensions>
      </trkpt>
      <trkpt lat="55.9513569809496402740478515625" lon="-3.188257701694965362548828125">
        <ele>80.8000030517578125</ele>
        <time>2018-05-27T09:08:22.000Z</time>
        <extensions>
          <ns3:TrackPointExtension>
            <ns3:hr>195</ns3:hr>
            <ns3:cad>97</ns3:cad>
          </ns3:TrackPointExtension>
        </extensions>
      </trkpt>
      <trkpt lat="55.95138095319271087646484375" lon="-3.1879199109971523284912109375">
        <ele>79</ele>
        <time>2018-05-27T09:08:28.000Z</time>
        <extensions>
          <ns3:TrackPointExtension>
            <ns3:hr>193</ns3:hr>
            <ns3:cad>97</ns3:cad>
          </ns3:TrackPointExtension>
        </extensions>
      </trkpt>
      <trkpt lat="55.95137064345180988311767578125" lon="-3.18759662099182605743408203125">
        <ele>76.59999847412109375</ele>
        <time>2018-05-27T09:08:33.000Z</time>
        <extensions>
          <ns3:TrackPointExtension>
            <ns3:hr>193</ns3:hr>
            <ns3:cad>96</ns3:cad>
          </ns3:TrackPointExtension>
        </extensions>
      </trkpt>
      <trkpt lat="55.9513268060982227325439453125" lon="-3.18724273703992366790771484375">
        <ele>74</ele>
        <time>2018-05-27T09:08:39.000Z</time>
        <extensions>
          <ns3:TrackPointExtension>
            <ns3:hr>193</ns3:hr>
            <ns3:cad>97</ns3:cad>
          </ns3:TrackPointExtension>
        </extensions>
      </trkpt>
      <trkpt lat="55.9513241238892078399658203125" lon="-3.18690846674144268035888671875">
        <ele>68.8000030517578125</ele>
        <time>2018-05-27T09:08:45.000Z</time>
        <extensions>
          <ns3:TrackPointExtension>
            <ns3:hr>192</ns3:hr>
            <ns3:cad>95</ns3:cad>
          </ns3:TrackPointExtension>
        </extensions>
      </trkpt>
      <trkpt lat="55.95135538838803768157958984375" lon="-3.186542093753814697265625">
        <ele>64.1999969482421875</ele>
        <time>2018-05-27T09:08:51.000Z</time>
        <extensions>
          <ns3:TrackPointExtension>
            <ns3:hr>193</ns3:hr>
            <ns3:cad>97</ns3:cad>
          </ns3:TrackPointExtension>
        </extensions>
      </trkpt>
      <trkpt lat="55.95141389407217502593994140625" lon="-3.1861918978393077850341796875">
        <ele>62.200000762939453125</ele>
        <time>2018-05-27T09:08:57.000Z</time>
        <extensions>
          <ns3:TrackPointExtension>
            <ns3:hr>194</ns3:hr>
            <ns3:cad>97</ns3:cad>
          </ns3:TrackPointExtension>
        </extensions>
      </trkpt>
      <trkpt lat="55.95147256739437580108642578125" lon="-3.18585134111344814300537109375">
        <ele>62.200000762939453125</ele>
        <time>2018-05-27T09:09:03.000Z</time>
        <extensions>
          <ns3:TrackPointExtension>
            <ns3:hr>193</ns3:hr>
            <ns3:cad>96</ns3:cad>
          </ns3:TrackPointExtension>
        </extensions>
      </trkpt>
      <trkpt lat="55.9515383653342723846435546875" lon="-3.18549946881830692291259765625">
        <ele>63.200000762939453125</ele>
        <time>2018-05-27T09:09:09.000Z</time>
        <extensions>
          <ns3:TrackPointExtension>
            <ns3:hr>191</ns3:hr>
            <ns3:cad>96</ns3:cad>
          </ns3:TrackPointExtension>
        </extensions>
      </trkpt>
      <trkpt lat="55.95158689655363559722900390625" lon="-3.185150362551212310791015625">
        <ele>61.799999237060546875</ele>
        <time>2018-05-27T09:09:15.000Z</time>
        <extensions>
          <ns3:TrackPointExtension>
            <ns3:hr>194</ns3:hr>
            <ns3:cad>97</ns3:cad>
          </ns3:TrackPointExtension>
        </extensions>
      </trkpt>
      <trkpt lat="55.9515638463199138641357421875" lon="-3.184820450842380523681640625">
        <ele>60.200000762939453125</ele>
        <time>2018-05-27T09:09:21.000Z</time>
        <extensions>
          <ns3:TrackPointExtension>
            <ns3:hr>193</ns3:hr>
            <ns3:cad>96</ns3:cad>
          </ns3:TrackPointExtension>
        </extensions>
      </trkpt>
      <trkpt lat="55.95146569423377513885498046875" lon="-3.1845262460410594940185546875">
        <ele>61.200000762939453125</ele>
        <time>2018-05-27T09:09:27.000Z</time>
        <extensions>
          <ns3:TrackPointExtension>
            <ns3:hr>192</ns3:hr>
            <ns3:cad>95</ns3:cad>
          </ns3:TrackPointExtension>
        </extensions>
      </trkpt>
      <trkpt lat="55.95133326016366481781005859375" lon="-3.18429582752287387847900390625">
        <ele>64.59999847412109375</ele>
        <time>2018-05-27T09:09:33.000Z</time>
        <extensions>
          <ns3:TrackPointExtension>
            <ns3:hr>192</ns3:hr>
            <ns3:cad>96</ns3:cad>
          </ns3:TrackPointExtension>
        </extensions>
      </trkpt>
      <trkpt lat="55.951143912971019744873046875" lon="-3.18416859023272991180419921875">
        <ele>69.40000152587890625</ele>
        <time>2018-05-27T09:09:41.000Z</time>
        <extensions>
          <ns3:TrackPointExtension>
            <ns3:hr>192</ns3:hr>
            <ns3:cad>96</ns3:cad>
          </ns3:TrackPointExtension>
        </extensions>
      </trkpt>
      <trkpt lat="55.9509214572608470916748046875" lon="-3.18403531797230243682861328125">
        <ele>72.8000030517578125</ele>
        <time>2018-05-27T09:09:47.000Z</time>
        <extensions>
          <ns3:TrackPointExtension>
            <ns3:hr>192</ns3:hr>
            <ns3:cad>95</ns3:cad>
          </ns3:TrackPointExtension>
        </extensions>
      </trkpt>
      <trkpt lat="55.9508440084755420684814453125" lon="-3.18365897051990032196044921875">
        <ele>70.40000152587890625</ele>
        <time>2018-05-27T09:09:54.000Z</time>
        <extensions>
          <ns3:TrackPointExtension>
            <ns3:hr>191</ns3:hr>
            <ns3:cad>96</ns3:cad>
          </ns3:TrackPointExtension>
        </extensions>
      </trkpt>
      <trkpt lat="55.9508088044822216033935546875" lon="-3.18329134024679660797119140625">
        <ele>69.1999969482421875</ele>
        <time>2018-05-27T09:10:00.000Z</time>
        <extensions>
          <ns3:TrackPointExtension>
            <ns3:hr>194</ns3:hr>
            <ns3:cad>96</ns3:cad>
          </ns3:TrackPointExtension>
        </extensions>
      </trkpt>
      <trkpt lat="55.95083554275333881378173828125" lon="-3.18291331641376018524169921875">
        <ele>67.1999969482421875</ele>
        <time>2018-05-27T09:10:06.000Z</time>
        <extensions>
          <ns3:TrackPointExtension>
            <ns3:hr>193</ns3:hr>
            <ns3:cad>97</ns3:cad>
          </ns3:TrackPointExtension>
        </extensions>
      </trkpt>
      <trkpt lat="55.95089019276201725006103515625" lon="-3.1826019287109375">
        <ele>66.1999969482421875</ele>
        <time>2018-05-27T09:10:11.000Z</time>
        <extensions>
          <ns3:TrackPointExtension>
            <ns3:hr>196</ns3:hr>
            <ns3:cad>97</ns3:cad>
          </ns3:TrackPointExtension>
        </extensions>
      </trkpt>
      <trkpt lat="55.95095850527286529541015625" lon="-3.1822894513607025146484375">
        <ele>65.59999847412109375</ele>
        <time>2018-05-27T09:10:16.000Z</time>
        <extensions>
          <ns3:TrackPointExtension>
            <ns3:hr>199</ns3:hr>
            <ns3:cad>97</ns3:cad>
          </ns3:TrackPointExtension>
        </extensions>
      </trkpt>
      <trkpt lat="55.951012484729290008544921875" lon="-3.181967251002788543701171875">
        <ele>64</ele>
        <time>2018-05-27T09:10:21.000Z</time>
        <extensions>
          <ns3:TrackPointExtension>
            <ns3:hr>198</ns3:hr>
            <ns3:cad>98</ns3:cad>
          </ns3:TrackPointExtension>
        </extensions>
      </trkpt>
      <trkpt lat="55.95105707645416259765625" lon="-3.18164748139679431915283203125">
        <ele>62.59999847412109375</ele>
        <time>2018-05-27T09:10:26.000Z</time>
        <extensions>
          <ns3:TrackPointExtension>
            <ns3:hr>198</ns3:hr>
            <ns3:cad>98</ns3:cad>
          </ns3:TrackPointExtension>
        </extensions>
      </trkpt>
      <trkpt lat="55.95110468566417694091796875" lon="-3.18139920942485332489013671875">
        <ele>60.799999237060546875</ele>
        <time>2018-05-27T09:10:30.000Z</time>
        <extensions>
          <ns3:TrackPointExtension>
            <ns3:hr>201</ns3:hr>
            <ns3:cad>99</ns3:cad>
          </ns3:TrackPointExtension>
        </extensions>
      </trkpt>
      <trkpt lat="55.95113025046885013580322265625" lon="-3.18121212534606456756591796875">
        <ele>59.799999237060546875</ele>
        <time>2018-05-27T09:10:33.000Z</time>
        <extensions>
          <ns3:TrackPointExtension>
            <ns3:hr>198</ns3:hr>
            <ns3:cad>99</ns3:cad>
          </ns3:TrackPointExtension>
        </extensions>
      </trkpt>
      <trkpt lat="55.95118892379105091094970703125" lon="-3.18089595995843410491943359375">
        <ele>58.40000152587890625</ele>
        <time>2018-05-27T09:10:38.000Z</time>
        <extensions>
          <ns3:TrackPointExtension>
            <ns3:hr>198</ns3:hr>
            <ns3:cad>100</ns3:cad>
          </ns3:TrackPointExtension>
        </extensions>
      </trkpt>
      <trkpt lat="55.951273329555988311767578125" lon="-3.18059991113841533660888671875">
        <ele>57.799999237060546875</ele>
        <time>2018-05-27T09:10:43.000Z</time>
        <extensions>
          <ns3:TrackPointExtension>
            <ns3:hr>197</ns3:hr>
            <ns3:cad>98</ns3:cad>
          </ns3:TrackPointExtension>
        </extensions>
      </trkpt>
      <trkpt lat="55.9513596631586551666259765625" lon="-3.1803057901561260223388671875">
        <ele>57.59999847412109375</ele>
        <time>2018-05-27T09:10:48.000Z</time>
        <extensions>
          <ns3:TrackPointExtension>
            <ns3:hr>196</ns3:hr>
            <ns3:cad>99</ns3:cad>
          </ns3:TrackPointExtension>
        </extensions>
      </trkpt>
      <trkpt lat="55.95137785188853740692138671875" lon="-3.1802484579384326934814453125">
        <ele>57.40000152587890625</ele>
        <time>2018-05-27T09:10:49.000Z</time>
        <extensions>
          <ns3:TrackPointExtension>
            <ns3:hr>200</ns3:hr>
            <ns3:cad>99</ns3:cad>
          </ns3:TrackPointExtension>
        </extensions>
      </trkpt>
      <trkpt lat="55.95145429484546184539794921875" lon="-3.17995165474712848663330078125">
        <ele>57.200000762939453125</ele>
        <time>2018-05-27T09:10:54.000Z</time>
        <extensions>
          <ns3:TrackPointExtension>
            <ns3:hr>200</ns3:hr>
            <ns3:cad>99</ns3:cad>
          </ns3:TrackPointExtension>
        </extensions>
      </trkpt>
      <trkpt lat="55.95153861679136753082275390625" lon="-3.1796582043170928955078125">
        <ele>56</ele>
        <time>2018-05-27T09:10:59.000Z</time>
        <extensions>
          <ns3:TrackPointExtension>
            <ns3:hr>198</ns3:hr>
            <ns3:cad>99</ns3:cad>
          </ns3:TrackPointExtension>
        </extensions>
      </trkpt>
      <trkpt lat="55.9515745751559734344482421875" lon="-3.17931664176285266876220703125">
        <ele>54.799999237060546875</ele>
        <time>2018-05-27T09:11:04.000Z</time>
        <extensions>
          <ns3:TrackPointExtension>
            <ns3:hr>198</ns3:hr>
            <ns3:cad>98</ns3:cad>
          </ns3:TrackPointExtension>
        </extensions>
      </trkpt>
      <trkpt lat="55.95162780024111270904541015625" lon="-3.17900600843131542205810546875">
        <ele>53.799999237060546875</ele>
        <time>2018-05-27T09:11:09.000Z</time>
        <extensions>
          <ns3:TrackPointExtension>
            <ns3:hr>197</ns3:hr>
            <ns3:cad>99</ns3:cad>
          </ns3:TrackPointExtension>
        </extensions>
      </trkpt>
      <trkpt lat="55.95169133506715297698974609375" lon="-3.17869906313717365264892578125">
        <ele>52.59999847412109375</ele>
        <time>2018-05-27T09:11:14.000Z</time>
        <extensions>
          <ns3:TrackPointExtension>
            <ns3:hr>197</ns3:hr>
            <ns3:cad>99</ns3:cad>
          </ns3:TrackPointExtension>
        </extensions>
      </trkpt>
      <trkpt lat="55.95177498646080493927001953125" lon="-3.1784010864794254302978515625">
        <ele>51.59999847412109375</ele>
        <time>2018-05-27T09:11:19.000Z</time>
        <extensions>
          <ns3:TrackPointExtension>
            <ns3:hr>198</ns3:hr>
            <ns3:cad>98</ns3:cad>
          </ns3:TrackPointExtension>
        </extensions>
      </trkpt>
      <trkpt lat="55.9518461488187313079833984375" lon="-3.17810663022100925445556640625">
        <ele>50</ele>
        <time>2018-05-27T09:11:24.000Z</time>
        <extensions>
          <ns3:TrackPointExtension>
            <ns3:hr>199</ns3:hr>
            <ns3:cad>99</ns3:cad>
          </ns3:TrackPointExtension>
        </extensions>
      </trkpt>
      <trkpt lat="55.95194061286747455596923828125" lon="-3.17781661637127399444580078125">
        <ele>49</ele>
        <time>2018-05-27T09:11:29.000Z</time>
        <extensions>
          <ns3:TrackPointExtension>
            <ns3:hr>199</ns3:hr>
            <ns3:cad>99</ns3:cad>
          </ns3:TrackPointExtension>
        </extensions>
      </trkpt>
      <trkpt lat="55.9520117752254009246826171875" lon="-3.177520819008350372314453125">
        <ele>49</ele>
        <time>2018-05-27T09:11:34.000Z</time>
        <extensions>
          <ns3:TrackPointExtension>
            <ns3:hr>198</ns3:hr>
            <ns3:cad>99</ns3:cad>
          </ns3:TrackPointExtension>
        </extensions>
      </trkpt>
      <trkpt lat="55.952085368335247039794921875" lon="-3.17722569219768047332763671875">
        <ele>49</ele>
        <time>2018-05-27T09:11:39.000Z</time>
        <extensions>
          <ns3:TrackPointExtension>
            <ns3:hr>197</ns3:hr>
            <ns3:cad>98</ns3:cad>
          </ns3:TrackPointExtension>
        </extensions>
      </trkpt>
      <trkpt lat="55.95217010937631130218505859375" lon="-3.17693131975829601287841796875">
        <ele>47.59999847412109375</ele>
        <time>2018-05-27T09:11:44.000Z</time>
        <extensions>
          <ns3:TrackPointExtension>
            <ns3:hr>197</ns3:hr>
            <ns3:cad>99</ns3:cad>
          </ns3:TrackPointExtension>
        </extensions>
      </trkpt>
      <trkpt lat="55.95224420540034770965576171875" lon="-3.17657567560672760009765625">
        <ele>45.59999847412109375</ele>
        <time>2018-05-27T09:11:50.000Z</time>
        <extensions>
          <ns3:TrackPointExtension>
            <ns3:hr>198</ns3:hr>
            <ns3:cad>98</ns3:cad>
          </ns3:TrackPointExtension>
        </extensions>
      </trkpt>
      <trkpt lat="55.95230706967413425445556640625" lon="-3.17626655101776123046875">
        <ele>44.40000152587890625</ele>
        <time>2018-05-27T09:11:55.000Z</time>
        <extensions>
          <ns3:TrackPointExtension>
            <ns3:hr>198</ns3:hr>
            <ns3:cad>98</ns3:cad>
          </ns3:TrackPointExtension>
        </extensions>
      </trkpt>
      <trkpt lat="55.9523859433829784393310546875" lon="-3.1759760342538356781005859375">
        <ele>42.799999237060546875</ele>
        <time>2018-05-27T09:12:00.000Z</time>
        <extensions>
          <ns3:TrackPointExtension>
            <ns3:hr>200</ns3:hr>
            <ns3:cad>98</ns3:cad>
          </ns3:TrackPointExtension>
        </extensions>
      </trkpt>
      <trkpt lat="55.95245962031185626983642578125" lon="-3.1756146065890789031982421875">
        <ele>41</ele>
        <time>2018-05-27T09:12:06.000Z</time>
        <extensions>
          <ns3:TrackPointExtension>
            <ns3:hr>198</ns3:hr>
            <ns3:cad>99</ns3:cad>
          </ns3:TrackPointExtension>
        </extensions>
      </trkpt>
      <trkpt lat="55.95252131111919879913330078125" lon="-3.1753091700375080108642578125">
        <ele>39.40000152587890625</ele>
        <time>2018-05-27T09:12:11.000Z</time>
        <extensions>
          <ns3:TrackPointExtension>
            <ns3:hr>198</ns3:hr>
            <ns3:cad>99</ns3:cad>
          </ns3:TrackPointExtension>
        </extensions>
      </trkpt>
      <trkpt lat="55.95258702524006366729736328125" lon="-3.175010941922664642333984375">
        <ele>38.200000762939453125</ele>
        <time>2018-05-27T09:12:16.000Z</time>
        <extensions>
          <ns3:TrackPointExtension>
            <ns3:hr>198</ns3:hr>
            <ns3:cad>99</ns3:cad>
          </ns3:TrackPointExtension>
        </extensions>
      </trkpt>
      <trkpt lat="55.95263949595391750335693359375" lon="-3.17464691586792469024658203125">
        <ele>37</ele>
        <time>2018-05-27T09:12:22.000Z</time>
        <extensions>
          <ns3:TrackPointExtension>
            <ns3:hr>197</ns3:hr>
            <ns3:cad>99</ns3:cad>
          </ns3:TrackPointExtension>
        </extensions>
      </trkpt>
      <trkpt lat="55.95264133997261524200439453125" lon="-3.1742964684963226318359375">
        <ele>37.200000762939453125</ele>
        <time>2018-05-27T09:12:28.000Z</time>
        <extensions>
          <ns3:TrackPointExtension>
            <ns3:hr>194</ns3:hr>
            <ns3:cad>98</ns3:cad>
          </ns3:TrackPointExtension>
        </extensions>
      </trkpt>
      <trkpt lat="55.9524746239185333251953125" lon="-3.17406370304524898529052734375">
        <ele>38</ele>
        <time>2018-05-27T09:12:34.000Z</time>
        <extensions>
          <ns3:TrackPointExtension>
            <ns3:hr>191</ns3:hr>
            <ns3:cad>97</ns3:cad>
          </ns3:TrackPointExtension>
        </extensions>
      </trkpt>
      <trkpt lat="55.9522877074778079986572265625" lon="-3.17390444688498973846435546875">
        <ele>37.799999237060546875</ele>
        <time>2018-05-27T09:12:40.000Z</time>
        <extensions>
          <ns3:TrackPointExtension>
            <ns3:hr>191</ns3:hr>
            <ns3:cad>98</ns3:cad>
          </ns3:TrackPointExtension>
        </extensions>
      </trkpt>
      <trkpt lat="55.9521063230931758880615234375" lon="-3.173739910125732421875">
        <ele>37.200000762939453125</ele>
        <time>2018-05-27T09:12:46.000Z</time>
        <extensions>
          <ns3:TrackPointExtension>
            <ns3:hr>191</ns3:hr>
            <ns3:cad>98</ns3:cad>
          </ns3:TrackPointExtension>
        </extensions>
      </trkpt>
      <trkpt lat="55.95192636363208293914794921875" lon="-3.1735265068709850311279296875">
        <ele>36.40000152587890625</ele>
        <time>2018-05-27T09:12:52.000Z</time>
        <extensions>
          <ns3:TrackPointExtension>
            <ns3:hr>189</ns3:hr>
            <ns3:cad>98</ns3:cad>
          </ns3:TrackPointExtension>
        </extensions>
      </trkpt>
      <trkpt lat="55.951863415539264678955078125" lon="-3.17318427376449108123779296875">
        <ele>36.200000762939453125</ele>
        <time>2018-05-27T09:12:58.000Z</time>
        <extensions>
          <ns3:TrackPointExtension>
            <ns3:hr>187</ns3:hr>
            <ns3:cad>99</ns3:cad>
          </ns3:TrackPointExtension>
        </extensions>
      </trkpt>
      <trkpt lat="55.9518692828714847564697265625" lon="-3.17282485775649547576904296875">
        <ele>37</ele>
        <time>2018-05-27T09:13:04.000Z</time>
        <extensions>
          <ns3:TrackPointExtension>
            <ns3:hr>188</ns3:hr>
            <ns3:cad>98</ns3:cad>
          </ns3:TrackPointExtension>
        </extensions>
      </trkpt>
      <trkpt lat="55.9517276287078857421875" lon="-3.172617070376873016357421875">
        <ele>37.200000762939453125</ele>
        <time>2018-05-27T09:13:10.000Z</time>
        <extensions>
          <ns3:TrackPointExtension>
            <ns3:hr>188</ns3:hr>
            <ns3:cad>97</ns3:cad>
          </ns3:TrackPointExtension>
        </extensions>
      </trkpt>
      <trkpt lat="55.951561667025089263916015625" lon="-3.17248262465000152587890625">
        <ele>37.200000762939453125</ele>
        <time>2018-05-27T09:13:16.000Z</time>
        <extensions>
          <ns3:TrackPointExtension>
            <ns3:hr>187</ns3:hr>
            <ns3:cad>98</ns3:cad>
          </ns3:TrackPointExtension>
        </extensions>
      </trkpt>
      <trkpt lat="55.951392687857151031494140625" lon="-3.17234675399959087371826171875">
        <ele>37.200000762939453125</ele>
        <time>2018-05-27T09:13:22.000Z</time>
        <extensions>
          <ns3:TrackPointExtension>
            <ns3:hr>185</ns3:hr>
            <ns3:cad>98</ns3:cad>
          </ns3:TrackPointExtension>
        </extensions>
      </trkpt>
      <trkpt lat="55.9512044303119182586669921875" lon="-3.17220610566437244415283203125">
        <ele>36.799999237060546875</ele>
        <time>2018-05-27T09:13:28.000Z</time>
        <extensions>
          <ns3:TrackPointExtension>
            <ns3:hr>185</ns3:hr>
            <ns3:cad>97</ns3:cad>
          </ns3:TrackPointExtension>
        </extensions>
      </trkpt>
      <trkpt lat="55.95101374201476573944091796875" lon="-3.17209177650511264801025390625">
        <ele>36.200000762939453125</ele>
        <time>2018-05-27T09:13:34.000Z</time>
        <extensions>
          <ns3:TrackPointExtension>
            <ns3:hr>186</ns3:hr>
            <ns3:cad>98</ns3:cad>
          </ns3:TrackPointExtension>
        </extensions>
      </trkpt>
      <trkpt lat="55.9508362971246242523193359375" lon="-3.17206931300461292266845703125">
        <ele>36.59999847412109375</ele>
        <time>2018-05-27T09:13:40.000Z</time>
        <extensions>
          <ns3:TrackPointExtension>
            <ns3:hr>185</ns3:hr>
            <ns3:cad>97</ns3:cad>
          </ns3:TrackPointExtension>
        </extensions>
      </trkpt>
      <trkpt lat="55.950663797557353973388671875" lon="-3.17222915589809417724609375">
        <ele>38.200000762939453125</ele>
        <time>2018-05-27T09:13:45.000Z</time>
        <extensions>
          <ns3:TrackPointExtension>
            <ns3:hr>188</ns3:hr>
            <ns3:cad>98</ns3:cad>
          </ns3:TrackPointExtension>
        </extensions>
      </trkpt>
      <trkpt lat="55.9505117498338222503662109375" lon="-3.17246208898723125457763671875">
        <ele>39.59999847412109375</ele>
        <time>2018-05-27T09:13:50.000Z</time>
        <extensions>
          <ns3:TrackPointExtension>
            <ns3:hr>188</ns3:hr>
            <ns3:cad>97</ns3:cad>
          </ns3:TrackPointExtension>
        </extensions>
      </trkpt>
      <trkpt lat="55.950387530028820037841796875" lon="-3.17273064516484737396240234375">
        <ele>40</ele>
        <time>2018-05-27T09:13:55.000Z</time>
        <extensions>
          <ns3:TrackPointExtension>
            <ns3:hr>188</ns3:hr>
            <ns3:cad>97</ns3:cad>
          </ns3:TrackPointExtension>
        </extensions>
      </trkpt>
      <trkpt lat="55.95029138959944248199462890625" lon="-3.17302585579454898834228515625">
        <ele>39.799999237060546875</ele>
        <time>2018-05-27T09:14:00.000Z</time>
        <extensions>
          <ns3:TrackPointExtension>
            <ns3:hr>187</ns3:hr>
            <ns3:cad>97</ns3:cad>
          </ns3:TrackPointExtension>
        </extensions>
      </trkpt>
      <trkpt lat="55.9501861967146396636962890625" lon="-3.1732986867427825927734375">
        <ele>40.40000152587890625</ele>
        <time>2018-05-27T09:14:05.000Z</time>
        <extensions>
          <ns3:TrackPointExtension>
            <ns3:hr>186</ns3:hr>
            <ns3:cad>97</ns3:cad>
          </ns3:TrackPointExtension>
        </extensions>
      </trkpt>
      <trkpt lat="55.9500772319734096527099609375" lon="-3.173555172979831695556640625">
        <ele>40.59999847412109375</ele>
        <time>2018-05-27T09:14:10.000Z</time>
        <extensions>
          <ns3:TrackPointExtension>
            <ns3:hr>187</ns3:hr>
            <ns3:cad>97</ns3:cad>
          </ns3:TrackPointExtension>
        </extensions>
      </trkpt>
      <trkpt lat="55.94996231608092784881591796875" lon="-3.17386907525360584259033203125">
        <ele>40.40000152587890625</ele>
        <time>2018-05-27T09:14:16.000Z</time>
        <extensions>
          <ns3:TrackPointExtension>
            <ns3:hr>185</ns3:hr>
            <ns3:cad>98</ns3:cad>
          </ns3:TrackPointExtension>
        </extensions>
      </trkpt>
      <trkpt lat="55.949862487614154815673828125" lon="-3.17417702637612819671630859375">
        <ele>40.200000762939453125</ele>
        <time>2018-05-27T09:14:22.000Z</time>
        <extensions>
          <ns3:TrackPointExtension>
            <ns3:hr>184</ns3:hr>
            <ns3:cad>97</ns3:cad>
          </ns3:TrackPointExtension>
        </extensions>
      </trkpt>
      <trkpt lat="55.94983457587659358978271484375" lon="-3.17442060448229312896728515625">
        <ele>40.200000762939453125</ele>
        <time>2018-05-27T09:14:26.000Z</time>
        <extensions>
          <ns3:TrackPointExtension>
            <ns3:hr>187</ns3:hr>
            <ns3:cad>97</ns3:cad>
          </ns3:TrackPointExtension>
        </extensions>
      </trkpt>
      <trkpt lat="55.9497044049203395843505859375" lon="-3.174697794020175933837890625">
        <ele>41</ele>
        <time>2018-05-27T09:14:32.000Z</time>
        <extensions>
          <ns3:TrackPointExtension>
            <ns3:hr>185</ns3:hr>
            <ns3:cad>98</ns3:cad>
          </ns3:TrackPointExtension>
        </extensions>
      </trkpt>
      <trkpt lat="55.9495702944695949554443359375" lon="-3.174900300800800323486328125">
        <ele>41</ele>
        <time>2018-05-27T09:14:37.000Z</time>
        <extensions>
          <ns3:TrackPointExtension>
            <ns3:hr>188</ns3:hr>
            <ns3:cad>98</ns3:cad>
          </ns3:TrackPointExtension>
        </extensions>
      </trkpt>
      <trkpt lat="55.94942168332636356353759765625" lon="-3.17515469156205654144287109375">
        <ele>41.799999237060546875</ele>
        <time>2018-05-27T09:14:43.000Z</time>
        <extensions>
          <ns3:TrackPointExtension>
            <ns3:hr>188</ns3:hr>
            <ns3:cad>98</ns3:cad>
          </ns3:TrackPointExtension>
        </extensions>
      </trkpt>
      <trkpt lat="55.94928120262920856475830078125" lon="-3.1754310429096221923828125">
        <ele>42.799999237060546875</ele>
        <time>2018-05-27T09:14:49.000Z</time>
        <extensions>
          <ns3:TrackPointExtension>
            <ns3:hr>186</ns3:hr>
            <ns3:cad>98</ns3:cad>
          </ns3:TrackPointExtension>
        </extensions>
      </trkpt>
      <trkpt lat="55.94914935529232025146484375" lon="-3.1756937317550182342529296875">
        <ele>43.40000152587890625</ele>
        <time>2018-05-27T09:14:55.000Z</time>
        <extensions>
          <ns3:TrackPointExtension>
            <ns3:hr>187</ns3:hr>
            <ns3:cad>97</ns3:cad>
          </ns3:TrackPointExtension>
        </extensions>
      </trkpt>
      <trkpt lat="55.9489956311881542205810546875" lon="-3.17592649720609188079833984375">
        <ele>43.59999847412109375</ele>
        <time>2018-05-27T09:15:01.000Z</time>
        <extensions>
          <ns3:TrackPointExtension>
            <ns3:hr>188</ns3:hr>
            <ns3:cad>98</ns3:cad>
          </ns3:TrackPointExtension>
        </extensions>
      </trkpt>
      <trkpt lat="55.9488430805504322052001953125" lon="-3.17614090628921985626220703125">
        <ele>43.40000152587890625</ele>
        <time>2018-05-27T09:15:07.000Z</time>
        <extensions>
          <ns3:TrackPointExtension>
            <ns3:hr>186</ns3:hr>
            <ns3:cad>97</ns3:cad>
          </ns3:TrackPointExtension>
        </extensions>
      </trkpt>
      <trkpt lat="55.94868659041821956634521484375" lon="-3.1763361208140850067138671875">
        <ele>42.59999847412109375</ele>
        <time>2018-05-27T09:15:13.000Z</time>
        <extensions>
          <ns3:TrackPointExtension>
            <ns3:hr>185</ns3:hr>
            <ns3:cad>96</ns3:cad>
          </ns3:TrackPointExtension>
        </extensions>
      </trkpt>
      <trkpt lat="55.948510654270648956298828125" lon="-3.1764905154705047607421875">
        <ele>41.200000762939453125</ele>
        <time>2018-05-27T09:15:19.000Z</time>
        <extensions>
          <ns3:TrackPointExtension>
            <ns3:hr>185</ns3:hr>
            <ns3:cad>97</ns3:cad>
          </ns3:TrackPointExtension>
        </extensions>
      </trkpt>
      <trkpt lat="55.94841577112674713134765625" lon="-3.17656050436198711395263671875">
        <ele>40.59999847412109375</ele>
        <time>2018-05-27T09:15:22.000Z</time>
        <extensions>
          <ns3:TrackPointExtension>
            <ns3:hr>188</ns3:hr>
            <ns3:cad>97</ns3:cad>
          </ns3:TrackPointExtension>
        </extensions>
      </trkpt>
      <trkpt lat="55.948291383683681488037109375" lon="-3.176653124392032623291015625">
        <ele>40</ele>
        <time>2018-05-27T09:15:26.000Z</time>
        <extensions>
          <ns3:TrackPointExtension>
            <ns3:hr>191</ns3:hr>
            <ns3:cad>97</ns3:cad>
          </ns3:TrackPointExtension>
        </extensions>
      </trkpt>
      <trkpt lat="55.94810756854712963104248046875" lon="-3.17678513936698436737060546875">
        <ele>39.799999237060546875</ele>
        <time>2018-05-27T09:15:32.000Z</time>
        <extensions>
          <ns3:TrackPointExtension>
            <ns3:hr>189</ns3:hr>
            <ns3:cad>96</ns3:cad>
          </ns3:TrackPointExtension>
        </extensions>
      </trkpt>
      <trkpt lat="55.947919897735118865966796875" lon="-3.17688773386180400848388671875">
        <ele>40.200000762939453125</ele>
        <time>2018-05-27T09:15:38.000Z</time>
        <extensions>
          <ns3:TrackPointExtension>
            <ns3:hr>188</ns3:hr>
            <ns3:cad>96</ns3:cad>
          </ns3:TrackPointExtension>
        </extensions>
      </trkpt>
      <trkpt lat="55.94776642508804798126220703125" lon="-3.17696350626647472381591796875">
        <ele>41.799999237060546875</ele>
        <time>2018-05-27T09:15:43.000Z</time>
        <extensions>
          <ns3:TrackPointExtension>
            <ns3:hr>191</ns3:hr>
            <ns3:cad>96</ns3:cad>
          </ns3:TrackPointExtension>
        </extensions>
      </trkpt>
      <trkpt lat="55.947581268846988677978515625" lon="-3.1770591437816619873046875">
        <ele>43.799999237060546875</ele>
        <time>2018-05-27T09:15:49.000Z</time>
        <extensions>
          <ns3:TrackPointExtension>
            <ns3:hr>190</ns3:hr>
            <ns3:cad>96</ns3:cad>
          </ns3:TrackPointExtension>
        </extensions>
      </trkpt>
      <trkpt lat="55.947400219738483428955078125" lon="-3.1771588884294033050537109375">
        <ele>45.799999237060546875</ele>
        <time>2018-05-27T09:15:55.000Z</time>
        <extensions>
          <ns3:TrackPointExtension>
            <ns3:hr>188</ns3:hr>
            <ns3:cad>96</ns3:cad>
          </ns3:TrackPointExtension>
        </extensions>
      </trkpt>
      <trkpt lat="55.9471948631107807159423828125" lon="-3.17722535692155361175537109375">
        <ele>49</ele>
        <time>2018-05-27T09:16:02.000Z</time>
        <extensions>
          <ns3:TrackPointExtension>
            <ns3:hr>186</ns3:hr>
            <ns3:cad>96</ns3:cad>
          </ns3:TrackPointExtension>
        </extensions>
      </trkpt>
      <trkpt lat="55.94709972850978374481201171875" lon="-3.17722099833190441131591796875">
        <ele>50.799999237060546875</ele>
        <time>2018-05-27T09:16:06.000Z</time>
        <extensions>
          <ns3:TrackPointExtension>
            <ns3:hr>187</ns3:hr>
            <ns3:cad>96</ns3:cad>
          </ns3:TrackPointExtension>
        </extensions>
      </trkpt>
      <trkpt lat="55.94712990336120128631591796875" lon="-3.17717137746512889862060546875">
        <ele>50</ele>
        <time>2018-05-27T09:16:08.000Z</time>
        <extensions>
          <ns3:TrackPointExtension>
            <ns3:hr>187</ns3:hr>
            <ns3:cad>95</ns3:cad>
          </ns3:TrackPointExtension>
        </extensions>
      </trkpt>
      <trkpt lat="55.94731095246970653533935546875" lon="-3.17707632668316364288330078125">
        <ele>46.40000152587890625</ele>
        <time>2018-05-27T09:16:13.000Z</time>
        <extensions>
          <ns3:TrackPointExtension>
            <ns3:hr>188</ns3:hr>
            <ns3:cad>96</ns3:cad>
          </ns3:TrackPointExtension>
        </extensions>
      </trkpt>
      <trkpt lat="55.94742176122963428497314453125" lon="-3.17702318541705608367919921875">
        <ele>44.799999237060546875</ele>
        <time>2018-05-27T09:16:16.000Z</time>
        <extensions>
          <ns3:TrackPointExtension>
            <ns3:hr>191</ns3:hr>
            <ns3:cad>99</ns3:cad>
          </ns3:TrackPointExtension>
        </extensions>
      </trkpt>
      <trkpt lat="55.94759627245366573333740234375" lon="-3.176936767995357513427734375">
        <ele>42.799999237060546875</ele>
        <time>2018-05-27T09:16:21.000Z</time>
        <extensions>
          <ns3:TrackPointExtension>
            <ns3:hr>189</ns3:hr>
            <ns3:cad>98</ns3:cad>
          </ns3:TrackPointExtension>
        </extensions>
      </trkpt>
      <trkpt lat="55.94777430407702922821044921875" lon="-3.1768574751913547515869140625">
        <ele>41</ele>
        <time>2018-05-27T09:16:26.000Z</time>
        <extensions>
          <ns3:TrackPointExtension>
            <ns3:hr>189</ns3:hr>
            <ns3:cad>99</ns3:cad>
          </ns3:TrackPointExtension>
        </extensions>
      </trkpt>
      <trkpt lat="55.9479643218219280242919921875" lon="-3.17676250822842121124267578125">
        <ele>39.59999847412109375</ele>
        <time>2018-05-27T09:16:32.000Z</time>
        <extensions>
          <ns3:TrackPointExtension>
            <ns3:hr>187</ns3:hr>
            <ns3:cad>96</ns3:cad>
          </ns3:TrackPointExtension>
        </extensions>
      </trkpt>
      <trkpt lat="55.9481638111174106597900390625" lon="-3.1766261346638202667236328125">
        <ele>39.200000762939453125</ele>
        <time>2018-05-27T09:16:38.000Z</time>
        <extensions>
          <ns3:TrackPointExtension>
            <ns3:hr>188</ns3:hr>
            <ns3:cad>97</ns3:cad>
          </ns3:TrackPointExtension>
        </extensions>
      </trkpt>
      <trkpt lat="55.94831921160221099853515625" lon="-3.176477439701557159423828125">
        <ele>39.59999847412109375</ele>
        <time>2018-05-27T09:16:43.000Z</time>
        <extensions>
          <ns3:TrackPointExtension>
            <ns3:hr>191</ns3:hr>
            <ns3:cad>98</ns3:cad>
          </ns3:TrackPointExtension>
        </extensions>
      </trkpt>
      <trkpt lat="55.94848006032407283782958984375" lon="-3.17631809972226619720458984375">
        <ele>40.40000152587890625</ele>
        <time>2018-05-27T09:16:48.000Z</time>
        <extensions>
          <ns3:TrackPointExtension>
            <ns3:hr>192</ns3:hr>
            <ns3:cad>97</ns3:cad>
          </ns3:TrackPointExtension>
        </extensions>
      </trkpt>
      <trkpt lat="55.9486751072108745574951171875" lon="-3.176145516335964202880859375">
        <ele>42.40000152587890625</ele>
        <time>2018-05-27T09:16:54.000Z</time>
        <extensions>
          <ns3:TrackPointExtension>
            <ns3:hr>191</ns3:hr>
            <ns3:cad>98</ns3:cad>
          </ns3:TrackPointExtension>
        </extensions>
      </trkpt>
      <trkpt lat="55.94882589764893054962158203125" lon="-3.1759619526565074920654296875">
        <ele>43.200000762939453125</ele>
        <time>2018-05-27T09:16:59.000Z</time>
        <extensions>
          <ns3:TrackPointExtension>
            <ns3:hr>190</ns3:hr>
            <ns3:cad>98</ns3:cad>
          </ns3:TrackPointExtension>
        </extensions>
      </trkpt>
      <trkpt lat="55.9489716589450836181640625" lon="-3.17576942034065723419189453125">
        <ele>43</ele>
        <time>2018-05-27T09:17:04.000Z</time>
        <extensions>
          <ns3:TrackPointExtension>
            <ns3:hr>190</ns3:hr>
            <ns3:cad>98</ns3:cad>
          </ns3:TrackPointExtension>
        </extensions>
      </trkpt>
      <trkpt lat="55.9491299092769622802734375" lon="-3.1755140237510204315185546875">
        <ele>42.59999847412109375</ele>
        <time>2018-05-27T09:17:10.000Z</time>
        <extensions>
          <ns3:TrackPointExtension>
            <ns3:hr>188</ns3:hr>
            <ns3:cad>97</ns3:cad>
          </ns3:TrackPointExtension>
        </extensions>
      </trkpt>
      <trkpt lat="55.949283801019191741943359375" lon="-3.17525091581046581268310546875">
        <ele>42.200000762939453125</ele>
        <time>2018-05-27T09:17:16.000Z</time>
        <extensions>
          <ns3:TrackPointExtension>
            <ns3:hr>188</ns3:hr>
            <ns3:cad>97</ns3:cad>
          </ns3:TrackPointExtension>
        </extensions>
      </trkpt>
      <trkpt lat="55.949411876499652862548828125" lon="-3.175025694072246551513671875">
        <ele>41.40000152587890625</ele>
        <time>2018-05-27T09:17:21.000Z</time>
        <extensions>
          <ns3:TrackPointExtension>
            <ns3:hr>189</ns3:hr>
            <ns3:cad>97</ns3:cad>
          </ns3:TrackPointExtension>
        </extensions>
      </trkpt>
      <trkpt lat="55.94954632222652435302734375" lon="-3.17473241128027439117431640625">
        <ele>41</ele>
        <time>2018-05-27T09:17:27.000Z</time>
        <extensions>
          <ns3:TrackPointExtension>
            <ns3:hr>187</ns3:hr>
            <ns3:cad>97</ns3:cad>
          </ns3:TrackPointExtension>
        </extensions>
      </trkpt>
      <trkpt lat="55.94963885843753814697265625" lon="-3.17439093254506587982177734375">
        <ele>40.200000762939453125</ele>
        <time>2018-05-27T09:17:33.000Z</time>
        <extensions>
          <ns3:TrackPointExtension>
            <ns3:hr>185</ns3:hr>
            <ns3:cad>97</ns3:cad>
          </ns3:TrackPointExtension>
        </extensions>
      </trkpt>
      <trkpt lat="55.9497660957276821136474609375" lon="-3.17410393618047237396240234375">
        <ele>39.799999237060546875</ele>
        <time>2018-05-27T09:17:39.000Z</time>
        <extensions>
          <ns3:TrackPointExtension>
            <ns3:hr>184</ns3:hr>
            <ns3:cad>97</ns3:cad>
          </ns3:TrackPointExtension>
        </extensions>
      </trkpt>
      <trkpt lat="55.94988620840013027191162109375" lon="-3.17381836473941802978515625">
        <ele>39.40000152587890625</ele>
        <time>2018-05-27T09:17:45.000Z</time>
        <extensions>
          <ns3:TrackPointExtension>
            <ns3:hr>186</ns3:hr>
            <ns3:cad>95</ns3:cad>
          </ns3:TrackPointExtension>
        </extensions>
      </trkpt>
      <trkpt lat="55.9499989449977874755859375" lon="-3.1735167838633060455322265625">
        <ele>40</ele>
        <time>2018-05-27T09:17:51.000Z</time>
        <extensions>
          <ns3:TrackPointExtension>
            <ns3:hr>186</ns3:hr>
            <ns3:cad>96</ns3:cad>
          </ns3:TrackPointExtension>
        </extensions>
      </trkpt>
      <trkpt lat="55.95011151395738124847412109375" lon="-3.1732086651027202606201171875">
        <ele>39.799999237060546875</ele>
        <time>2018-05-27T09:17:57.000Z</time>
        <extensions>
          <ns3:TrackPointExtension>
            <ns3:hr>187</ns3:hr>
            <ns3:cad>97</ns3:cad>
          </ns3:TrackPointExtension>
        </extensions>
      </trkpt>
      <trkpt lat="55.95018326304852962493896484375" lon="-3.17300138063728809356689453125">
        <ele>39.40000152587890625</ele>
        <time>2018-05-27T09:18:01.000Z</time>
        <extensions>
          <ns3:TrackPointExtension>
            <ns3:hr>190</ns3:hr>
            <ns3:cad>96</ns3:cad>
          </ns3:TrackPointExtension>
        </extensions>
      </trkpt>
      <trkpt lat="55.9502904675900936126708984375" lon="-3.1727077625691890716552734375">
        <ele>40</ele>
        <time>2018-05-27T09:18:07.000Z</time>
        <extensions>
          <ns3:TrackPointExtension>
            <ns3:hr>190</ns3:hr>
            <ns3:cad>97</ns3:cad>
          </ns3:TrackPointExtension>
        </extensions>
      </trkpt>
      <trkpt lat="55.95039063133299350738525390625" lon="-3.17239687778055667877197265625">
        <ele>41.200000762939453125</ele>
        <time>2018-05-27T09:18:13.000Z</time>
        <extensions>
          <ns3:TrackPointExtension>
            <ns3:hr>190</ns3:hr>
            <ns3:cad>97</ns3:cad>
          </ns3:TrackPointExtension>
        </extensions>
      </trkpt>
      <trkpt lat="55.95048333518207073211669921875" lon="-3.17207551561295986175537109375">
        <ele>41.40000152587890625</ele>
        <time>2018-05-27T09:18:19.000Z</time>
        <extensions>
          <ns3:TrackPointExtension>
            <ns3:hr>191</ns3:hr>
            <ns3:cad>97</ns3:cad>
          </ns3:TrackPointExtension>
        </extensions>
      </trkpt>
      <trkpt lat="55.95054502598941326141357421875" lon="-3.1718588434159755706787109375">
        <ele>40.799999237060546875</ele>
        <time>2018-05-27T09:18:23.000Z</time>
        <extensions>
          <ns3:TrackPointExtension>
            <ns3:hr>194</ns3:hr>
            <ns3:cad>96</ns3:cad>
          </ns3:TrackPointExtension>
        </extensions>
      </trkpt>
      <trkpt lat="55.9506522305309772491455078125" lon="-3.1715632975101470947265625">
        <ele>37.799999237060546875</ele>
        <time>2018-05-27T09:18:29.000Z</time>
        <extensions>
          <ns3:TrackPointExtension>
            <ns3:hr>191</ns3:hr>
            <ns3:cad>96</ns3:cad>
          </ns3:TrackPointExtension>
        </extensions>
      </trkpt>
      <trkpt lat="55.95071551389992237091064453125" lon="-3.1712613813579082489013671875">
        <ele>37.200000762939453125</ele>
        <time>2018-05-27T09:18:34.000Z</time>
        <extensions>
          <ns3:TrackPointExtension>
            <ns3:hr>188</ns3:hr>
            <ns3:cad>96</ns3:cad>
          </ns3:TrackPointExtension>
        </extensions>
      </trkpt>
      <trkpt lat="55.9507729299366474151611328125" lon="-3.1709220819175243377685546875">
        <ele>39</ele>
        <time>2018-05-27T09:18:40.000Z</time>
        <extensions>
          <ns3:TrackPointExtension>
            <ns3:hr>187</ns3:hr>
            <ns3:cad>97</ns3:cad>
          </ns3:TrackPointExtension>
        </extensions>
      </trkpt>
      <trkpt lat="55.9508460201323032379150390625" lon="-3.1705918349325656890869140625">
        <ele>41.200000762939453125</ele>
        <time>2018-05-27T09:18:46.000Z</time>
        <extensions>
          <ns3:TrackPointExtension>
            <ns3:hr>188</ns3:hr>
            <ns3:cad>97</ns3:cad>
          </ns3:TrackPointExtension>
        </extensions>
      </trkpt>
      <trkpt lat="55.9509093873202800750732421875" lon="-3.1702294014394283294677734375">
        <ele>41.200000762939453125</ele>
        <time>2018-05-27T09:18:52.000Z</time>
        <extensions>
          <ns3:TrackPointExtension>
            <ns3:hr>188</ns3:hr>
            <ns3:cad>96</ns3:cad>
          </ns3:TrackPointExtension>
        </extensions>
      </trkpt>
      <trkpt lat="55.95096948556602001190185546875" lon="-3.1699018366634845733642578125">
        <ele>40</ele>
        <time>2018-05-27T09:18:58.000Z</time>
        <extensions>
          <ns3:TrackPointExtension>
            <ns3:hr>188</ns3:hr>
            <ns3:cad>96</ns3:cad>
          </ns3:TrackPointExtension>
        </extensions>
      </trkpt>
      <trkpt lat="55.95102715305984020233154296875" lon="-3.16957569681107997894287109375">
        <ele>39.59999847412109375</ele>
        <time>2018-05-27T09:19:04.000Z</time>
        <extensions>
          <ns3:TrackPointExtension>
            <ns3:hr>190</ns3:hr>
            <ns3:cad>96</ns3:cad>
          </ns3:TrackPointExtension>
        </extensions>
      </trkpt>
      <trkpt lat="55.9510850720107555389404296875" lon="-3.16924762912094593048095703125">
        <ele>38.799999237060546875</ele>
        <time>2018-05-27T09:19:10.000Z</time>
        <extensions>
          <ns3:TrackPointExtension>
            <ns3:hr>193</ns3:hr>
            <ns3:cad>96</ns3:cad>
          </ns3:TrackPointExtension>
        </extensions>
      </trkpt>
      <trkpt lat="55.95114818774163722991943359375" lon="-3.16890858113765716552734375">
        <ele>38.59999847412109375</ele>
        <time>2018-05-27T09:19:16.000Z</time>
        <extensions>
          <ns3:TrackPointExtension>
            <ns3:hr>196</ns3:hr>
            <ns3:cad>96</ns3:cad>
          </ns3:TrackPointExtension>
        </extensions>
      </trkpt>
      <trkpt lat="55.95121943391859531402587890625" lon="-3.1685833632946014404296875">
        <ele>39</ele>
        <time>2018-05-27T09:19:22.000Z</time>
        <extensions>
          <ns3:TrackPointExtension>
            <ns3:hr>194</ns3:hr>
            <ns3:cad>96</ns3:cad>
          </ns3:TrackPointExtension>
        </extensions>
      </trkpt>
      <trkpt lat="55.95128062181174755096435546875" lon="-3.16825051791965961456298828125">
        <ele>40.799999237060546875</ele>
        <time>2018-05-27T09:19:28.000Z</time>
        <extensions>
          <ns3:TrackPointExtension>
            <ns3:hr>195</ns3:hr>
            <ns3:cad>96</ns3:cad>
          </ns3:TrackPointExtension>
        </extensions>
      </trkpt>
      <trkpt lat="55.951338373124599456787109375" lon="-3.167922198772430419921875">
        <ele>41.59999847412109375</ele>
        <time>2018-05-27T09:19:34.000Z</time>
        <extensions>
          <ns3:TrackPointExtension>
            <ns3:hr>194</ns3:hr>
            <ns3:cad>95</ns3:cad>
          </ns3:TrackPointExtension>
        </extensions>
      </trkpt>
      <trkpt lat="55.95138053409755229949951171875" lon="-3.16770887933671474456787109375">
        <ele>41.799999237060546875</ele>
        <time>2018-05-27T09:19:38.000Z</time>
        <extensions>
          <ns3:TrackPointExtension>
            <ns3:hr>191</ns3:hr>
            <ns3:cad>95</ns3:cad>
          </ns3:TrackPointExtension>
        </extensions>
      </trkpt>
      <trkpt lat="55.95141238532960414886474609375" lon="-3.1674851663410663604736328125">
        <ele>41.799999237060546875</ele>
        <time>2018-05-27T09:19:42.000Z</time>
        <extensions>
          <ns3:TrackPointExtension>
            <ns3:hr>188</ns3:hr>
            <ns3:cad>95</ns3:cad>
          </ns3:TrackPointExtension>
        </extensions>
      </trkpt>
      <trkpt lat="55.9514451585710048675537109375" lon="-3.16727251745760440826416015625">
        <ele>41.200000762939453125</ele>
        <time>2018-05-27T09:19:46.000Z</time>
        <extensions>
          <ns3:TrackPointExtension>
            <ns3:hr>185</ns3:hr>
            <ns3:cad>95</ns3:cad>
          </ns3:TrackPointExtension>
        </extensions>
      </trkpt>
      <trkpt lat="55.95149922184646129608154296875" lon="-3.1669685058295726776123046875">
        <ele>40.200000762939453125</ele>
        <time>2018-05-27T09:19:52.000Z</time>
        <extensions>
          <ns3:TrackPointExtension>
            <ns3:hr>188</ns3:hr>
            <ns3:cad>96</ns3:cad>
          </ns3:TrackPointExtension>
        </extensions>
      </trkpt>
      <trkpt lat="55.95155269838869571685791015625" lon="-3.16663934849202632904052734375">
        <ele>39.799999237060546875</ele>
        <time>2018-05-27T09:19:58.000Z</time>
        <extensions>
          <ns3:TrackPointExtension>
            <ns3:hr>190</ns3:hr>
            <ns3:cad>96</ns3:cad>
          </ns3:TrackPointExtension>
        </extensions>
      </trkpt>
      <trkpt lat="55.95160894095897674560546875" lon="-3.16629485227167606353759765625">
        <ele>40</ele>
        <time>2018-05-27T09:20:04.000Z</time>
        <extensions>
          <ns3:TrackPointExtension>
            <ns3:hr>191</ns3:hr>
            <ns3:cad>96</ns3:cad>
          </ns3:TrackPointExtension>
        </extensions>
      </trkpt>
      <trkpt lat="55.95166401006281375885009765625" lon="-3.16596846096217632293701171875">
        <ele>40.59999847412109375</ele>
        <time>2018-05-27T09:20:10.000Z</time>
        <extensions>
          <ns3:TrackPointExtension>
            <ns3:hr>190</ns3:hr>
            <ns3:cad>96</ns3:cad>
          </ns3:TrackPointExtension>
        </extensions>
      </trkpt>
      <trkpt lat="55.9517137147486209869384765625" lon="-3.1656331010162830352783203125">
        <ele>41.40000152587890625</ele>
        <time>2018-05-27T09:20:16.000Z</time>
        <extensions>
          <ns3:TrackPointExtension>
            <ns3:hr>188</ns3:hr>
            <ns3:cad>95</ns3:cad>
          </ns3:TrackPointExtension>
        </extensions>
      </trkpt>
      <trkpt lat="55.95176459290087223052978515625" lon="-3.16528717987239360809326171875">
        <ele>42.59999847412109375</ele>
        <time>2018-05-27T09:20:22.000Z</time>
        <extensions>
          <ns3:TrackPointExtension>
            <ns3:hr>189</ns3:hr>
            <ns3:cad>96</ns3:cad>
          </ns3:TrackPointExtension>
        </extensions>
      </trkpt>
      <trkpt lat="55.95182955265045166015625" lon="-3.16495441831648349761962890625">
        <ele>42.799999237060546875</ele>
        <time>2018-05-27T09:20:28.000Z</time>
        <extensions>
          <ns3:TrackPointExtension>
            <ns3:hr>189</ns3:hr>
            <ns3:cad>97</ns3:cad>
          </ns3:TrackPointExtension>
        </extensions>
      </trkpt>
      <trkpt lat="55.9518588893115520477294921875" lon="-3.16478476859629154205322265625">
        <ele>42.59999847412109375</ele>
        <time>2018-05-27T09:20:31.000Z</time>
        <extensions>
          <ns3:TrackPointExtension>
            <ns3:hr>192</ns3:hr>
            <ns3:cad>96</ns3:cad>
          </ns3:TrackPointExtension>
        </extensions>
      </trkpt>
      <trkpt lat="55.95191898755729198455810546875" lon="-3.16443792544305324554443359375">
        <ele>41.40000152587890625</ele>
        <time>2018-05-27T09:20:37.000Z</time>
        <extensions>
          <ns3:TrackPointExtension>
            <ns3:hr>191</ns3:hr>
            <ns3:cad>96</ns3:cad>
          </ns3:TrackPointExtension>
        </extensions>
      </trkpt>
      <trkpt lat="55.95198956318199634552001953125" lon="-3.16410114057362079620361328125">
        <ele>40.40000152587890625</ele>
        <time>2018-05-27T09:20:43.000Z</time>
        <extensions>
          <ns3:TrackPointExtension>
            <ns3:hr>191</ns3:hr>
            <ns3:cad>96</ns3:cad>
          </ns3:TrackPointExtension>
        </extensions>
      </trkpt>
      <trkpt lat="55.9520650841295719146728515625" lon="-3.16377256996929645538330078125">
        <ele>40</ele>
        <time>2018-05-27T09:20:49.000Z</time>
        <extensions>
          <ns3:TrackPointExtension>
            <ns3:hr>193</ns3:hr>
            <ns3:cad>96</ns3:cad>
          </ns3:TrackPointExtension>
        </extensions>
      </trkpt>
      <trkpt lat="55.95214362256228923797607421875" lon="-3.163437210023403167724609375">
        <ele>39.799999237060546875</ele>
        <time>2018-05-27T09:20:55.000Z</time>
        <extensions>
          <ns3:TrackPointExtension>
            <ns3:hr>194</ns3:hr>
            <ns3:cad>96</ns3:cad>
          </ns3:TrackPointExtension>
        </extensions>
      </trkpt>
      <trkpt lat="55.9522280283272266387939453125" lon="-3.163104616105556488037109375">
        <ele>39</ele>
        <time>2018-05-27T09:21:01.000Z</time>
        <extensions>
          <ns3:TrackPointExtension>
            <ns3:hr>195</ns3:hr>
            <ns3:cad>96</ns3:cad>
          </ns3:TrackPointExtension>
        </extensions>
      </trkpt>
      <trkpt lat="55.9523192234337329864501953125" lon="-3.1627802364528179168701171875">
        <ele>39.59999847412109375</ele>
        <time>2018-05-27T09:21:07.000Z</time>
        <extensions>
          <ns3:TrackPointExtension>
            <ns3:hr>196</ns3:hr>
            <ns3:cad>96</ns3:cad>
          </ns3:TrackPointExtension>
        </extensions>
      </trkpt>
      <trkpt lat="55.9524298645555973052978515625" lon="-3.16246398724615573883056640625">
        <ele>41</ele>
        <time>2018-05-27T09:21:13.000Z</time>
        <extensions>
          <ns3:TrackPointExtension>
            <ns3:hr>194</ns3:hr>
            <ns3:cad>96</ns3:cad>
          </ns3:TrackPointExtension>
        </extensions>
      </trkpt>
      <trkpt lat="55.95255081541836261749267578125" lon="-3.16218855790793895721435546875">
        <ele>41.799999237060546875</ele>
        <time>2018-05-27T09:21:19.000Z</time>
        <extensions>
          <ns3:TrackPointExtension>
            <ns3:hr>194</ns3:hr>
            <ns3:cad>97</ns3:cad>
          </ns3:TrackPointExtension>
        </extensions>
      </trkpt>
      <trkpt lat="55.95267453230917453765869140625" lon="-3.161912374198436737060546875">
        <ele>42.799999237060546875</ele>
        <time>2018-05-27T09:21:25.000Z</time>
        <extensions>
          <ns3:TrackPointExtension>
            <ns3:hr>193</ns3:hr>
            <ns3:cad>97</ns3:cad>
          </ns3:TrackPointExtension>
        </extensions>
      </trkpt>
      <trkpt lat="55.9528097324073314666748046875" lon="-3.161632083356380462646484375">
        <ele>43</ele>
        <time>2018-05-27T09:21:31.000Z</time>
        <extensions>
          <ns3:TrackPointExtension>
            <ns3:hr>191</ns3:hr>
            <ns3:cad>97</ns3:cad>
          </ns3:TrackPointExtension>
        </extensions>
      </trkpt>
      <trkpt lat="55.952934958040714263916015625" lon="-3.1613244675099849700927734375">
        <ele>43</ele>
        <time>2018-05-27T09:21:37.000Z</time>
        <extensions>
          <ns3:TrackPointExtension>
            <ns3:hr>193</ns3:hr>
            <ns3:cad>97</ns3:cad>
          </ns3:TrackPointExtension>
        </extensions>
      </trkpt>
      <trkpt lat="55.953055322170257568359375" lon="-3.16101928241550922393798828125">
        <ele>43</ele>
        <time>2018-05-27T09:21:43.000Z</time>
        <extensions>
          <ns3:TrackPointExtension>
            <ns3:hr>193</ns3:hr>
            <ns3:cad>97</ns3:cad>
          </ns3:TrackPointExtension>
        </extensions>
      </trkpt>
      <trkpt lat="55.953114330768585205078125" lon="-3.1608678214251995086669921875">
        <ele>43</ele>
        <time>2018-05-27T09:21:46.000Z</time>
        <extensions>
          <ns3:TrackPointExtension>
            <ns3:hr>190</ns3:hr>
            <ns3:cad>96</ns3:cad>
          </ns3:TrackPointExtension>
        </extensions>
      </trkpt>
      <trkpt lat="55.95324047841131687164306640625" lon="-3.1605650670826435089111328125">
        <ele>42.799999237060546875</ele>
        <time>2018-05-27T09:21:52.000Z</time>
        <extensions>
          <ns3:TrackPointExtension>
            <ns3:hr>189</ns3:hr>
            <ns3:cad>97</ns3:cad>
          </ns3:TrackPointExtension>
        </extensions>
      </trkpt>
      <trkpt lat="55.9533736668527126312255859375" lon="-3.1602819263935089111328125">
        <ele>41.59999847412109375</ele>
        <time>2018-05-27T09:21:58.000Z</time>
        <extensions>
          <ns3:TrackPointExtension>
            <ns3:hr>191</ns3:hr>
            <ns3:cad>97</ns3:cad>
          </ns3:TrackPointExtension>
        </extensions>
      </trkpt>
      <trkpt lat="55.95350769348442554473876953125" lon="-3.159991912543773651123046875">
        <ele>40.799999237060546875</ele>
        <time>2018-05-27T09:22:04.000Z</time>
        <extensions>
          <ns3:TrackPointExtension>
            <ns3:hr>192</ns3:hr>
            <ns3:cad>97</ns3:cad>
          </ns3:TrackPointExtension>
        </extensions>
      </trkpt>
      <trkpt lat="55.95365010201930999755859375" lon="-3.159719668328762054443359375">
        <ele>40.40000152587890625</ele>
        <time>2018-05-27T09:22:10.000Z</time>
        <extensions>
          <ns3:TrackPointExtension>
            <ns3:hr>192</ns3:hr>
            <ns3:cad>98</ns3:cad>
          </ns3:TrackPointExtension>
        </extensions>
      </trkpt>
      <trkpt lat="55.95378220081329345703125" lon="-3.15942822955548763275146484375">
        <ele>39.200000762939453125</ele>
        <time>2018-05-27T09:22:16.000Z</time>
        <extensions>
          <ns3:TrackPointExtension>
            <ns3:hr>193</ns3:hr>
            <ns3:cad>97</ns3:cad>
          </ns3:TrackPointExtension>
        </extensions>
      </trkpt>
      <trkpt lat="55.9539047442376613616943359375" lon="-3.1591900996863842010498046875">
        <ele>38.40000152587890625</ele>
        <time>2018-05-27T09:22:21.000Z</time>
        <extensions>
          <ns3:TrackPointExtension>
            <ns3:hr>195</ns3:hr>
            <ns3:cad>97</ns3:cad>
          </ns3:TrackPointExtension>
        </extensions>
      </trkpt>
      <trkpt lat="55.9540331549942493438720703125" lon="-3.15889782272279262542724609375">
        <ele>38.59999847412109375</ele>
        <time>2018-05-27T09:22:27.000Z</time>
        <extensions>
          <ns3:TrackPointExtension>
            <ns3:hr>193</ns3:hr>
            <ns3:cad>97</ns3:cad>
          </ns3:TrackPointExtension>
        </extensions>
      </trkpt>
      <trkpt lat="55.95415762625634670257568359375" lon="-3.1586100719869136810302734375">
        <ele>39</ele>
        <time>2018-05-27T09:22:33.000Z</time>
        <extensions>
          <ns3:TrackPointExtension>
            <ns3:hr>192</ns3:hr>
            <ns3:cad>97</ns3:cad>
          </ns3:TrackPointExtension>
        </extensions>
      </trkpt>
      <trkpt lat="55.954298190772533416748046875" lon="-3.15832651220262050628662109375">
        <ele>39</ele>
        <time>2018-05-27T09:22:39.000Z</time>
        <extensions>
          <ns3:TrackPointExtension>
            <ns3:hr>192</ns3:hr>
            <ns3:cad>98</ns3:cad>
          </ns3:TrackPointExtension>
        </extensions>
      </trkpt>
      <trkpt lat="55.954362563788890838623046875" lon="-3.15817974507808685302734375">
        <ele>39.200000762939453125</ele>
        <time>2018-05-27T09:22:42.000Z</time>
        <extensions>
          <ns3:TrackPointExtension>
            <ns3:hr>195</ns3:hr>
            <ns3:cad>98</ns3:cad>
          </ns3:TrackPointExtension>
        </extensions>
      </trkpt>
      <trkpt lat="55.954487286508083343505859375" lon="-3.15793792717158794403076171875">
        <ele>40</ele>
        <time>2018-05-27T09:22:47.000Z</time>
        <extensions>
          <ns3:TrackPointExtension>
            <ns3:hr>195</ns3:hr>
            <ns3:cad>97</ns3:cad>
          </ns3:TrackPointExtension>
        </extensions>
      </trkpt>
      <trkpt lat="55.9546205587685108184814453125" lon="-3.15770977176725864410400390625">
        <ele>40.59999847412109375</ele>
        <time>2018-05-27T09:22:52.000Z</time>
        <extensions>
          <ns3:TrackPointExtension>
            <ns3:hr>193</ns3:hr>
            <ns3:cad>97</ns3:cad>
          </ns3:TrackPointExtension>
        </extensions>
      </trkpt>
      <trkpt lat="55.9546705149114131927490234375" lon="-3.1576179899275302886962890625">
        <ele>40.200000762939453125</ele>
        <time>2018-05-27T09:22:54.000Z</time>
        <extensions>
          <ns3:TrackPointExtension>
            <ns3:hr>187</ns3:hr>
            <ns3:cad>98</ns3:cad>
          </ns3:TrackPointExtension>
        </extensions>
      </trkpt>
      <trkpt lat="55.95482490956783294677734375" lon="-3.15735957585275173187255859375">
        <ele>39.40000152587890625</ele>
        <time>2018-05-27T09:23:00.000Z</time>
        <extensions>
          <ns3:TrackPointExtension>
            <ns3:hr>183</ns3:hr>
            <ns3:cad>97</ns3:cad>
          </ns3:TrackPointExtension>
        </extensions>
      </trkpt>
      <trkpt lat="55.95495910383760929107666015625" lon="-3.1570657901465892791748046875">
        <ele>38.59999847412109375</ele>
        <time>2018-05-27T09:23:06.000Z</time>
        <extensions>
          <ns3:TrackPointExtension>
            <ns3:hr>186</ns3:hr>
            <ns3:cad>97</ns3:cad>
          </ns3:TrackPointExtension>
        </extensions>
      </trkpt>
      <trkpt lat="55.9549896977841854095458984375" lon="-3.15695405937731266021728515625">
        <ele>38.40000152587890625</ele>
        <time>2018-05-27T09:23:08.000Z</time>
        <extensions>
          <ns3:TrackPointExtension>
            <ns3:hr>189</ns3:hr>
            <ns3:cad>97</ns3:cad>
          </ns3:TrackPointExtension>
        </extensions>
      </trkpt>
      <trkpt lat="55.9550106525421142578125" lon="-3.1568371318280696868896484375">
        <ele>38.200000762939453125</ele>
        <time>2018-05-27T09:23:10.000Z</time>
        <extensions>
          <ns3:TrackPointExtension>
            <ns3:hr>192</ns3:hr>
            <ns3:cad>96</ns3:cad>
          </ns3:TrackPointExtension>
        </extensions>
      </trkpt>
      <trkpt lat="55.95503747463226318359375" lon="-3.1567285023629665374755859375">
        <ele>38.40000152587890625</ele>
        <time>2018-05-27T09:23:12.000Z</time>
        <extensions>
          <ns3:TrackPointExtension>
            <ns3:hr>196</ns3:hr>
            <ns3:cad>96</ns3:cad>
          </ns3:TrackPointExtension>
        </extensions>
      </trkpt>
      <trkpt lat="55.95513738691806793212890625" lon="-3.1563913822174072265625">
        <ele>38.40000152587890625</ele>
        <time>2018-05-27T09:23:18.000Z</time>
        <extensions>
          <ns3:TrackPointExtension>
            <ns3:hr>198</ns3:hr>
            <ns3:cad>97</ns3:cad>
          </ns3:TrackPointExtension>
        </extensions>
      </trkpt>
      <trkpt lat="55.9552287496626377105712890625" lon="-3.15611016936600208282470703125">
        <ele>37.59999847412109375</ele>
        <time>2018-05-27T09:23:23.000Z</time>
        <extensions>
          <ns3:TrackPointExtension>
            <ns3:hr>199</ns3:hr>
            <ns3:cad>97</ns3:cad>
          </ns3:TrackPointExtension>
        </extensions>
      </trkpt>
      <trkpt lat="55.95529505051672458648681640625" lon="-3.1558011285960674285888671875">
        <ele>36.799999237060546875</ele>
        <time>2018-05-27T09:23:28.000Z</time>
        <extensions>
          <ns3:TrackPointExtension>
            <ns3:hr>200</ns3:hr>
            <ns3:cad>97</ns3:cad>
          </ns3:TrackPointExtension>
        </extensions>
      </trkpt>
      <trkpt lat="55.9553380496799945831298828125" lon="-3.1555639207363128662109375">
        <ele>37.40000152587890625</ele>
        <time>2018-05-27T09:23:32.000Z</time>
        <extensions>
          <ns3:TrackPointExtension>
            <ns3:hr>203</ns3:hr>
            <ns3:cad>96</ns3:cad>
          </ns3:TrackPointExtension>
        </extensions>
      </trkpt>
      <trkpt lat="55.955407619476318359375" lon="-3.15528027713298797607421875">
        <ele>37</ele>
        <time>2018-05-27T09:23:37.000Z</time>
        <extensions>
          <ns3:TrackPointExtension>
            <ns3:hr>200</ns3:hr>
            <ns3:cad>96</ns3:cad>
          </ns3:TrackPointExtension>
        </extensions>
      </trkpt>
      <trkpt lat="55.95544776879251003265380859375" lon="-3.1551141478121280670166015625">
        <ele>36.40000152587890625</ele>
        <time>2018-05-27T09:23:40.000Z</time>
        <extensions>
          <ns3:TrackPointExtension>
            <ns3:hr>197</ns3:hr>
            <ns3:cad>97</ns3:cad>
          </ns3:TrackPointExtension>
        </extensions>
      </trkpt>
      <trkpt lat="55.955431759357452392578125" lon="-3.15478012897074222564697265625">
        <ele>37.40000152587890625</ele>
        <time>2018-05-27T09:23:46.000Z</time>
        <extensions>
          <ns3:TrackPointExtension>
            <ns3:hr>196</ns3:hr>
            <ns3:cad>95</ns3:cad>
          </ns3:TrackPointExtension>
        </extensions>
      </trkpt>
      <trkpt lat="55.955401919782161712646484375" lon="-3.15444820560514926910400390625">
        <ele>38</ele>
        <time>2018-05-27T09:23:52.000Z</time>
        <extensions>
          <ns3:TrackPointExtension>
            <ns3:hr>196</ns3:hr>
            <ns3:cad>96</ns3:cad>
          </ns3:TrackPointExtension>
        </extensions>
      </trkpt>
      <trkpt lat="55.9554398059844970703125" lon="-3.15409381873905658721923828125">
        <ele>36</ele>
        <time>2018-05-27T09:23:58.000Z</time>
        <extensions>
          <ns3:TrackPointExtension>
            <ns3:hr>197</ns3:hr>
            <ns3:cad>95</ns3:cad>
          </ns3:TrackPointExtension>
        </extensions>
      </trkpt>
      <trkpt lat="55.955390520393848419189453125" lon="-3.153737671673297882080078125">
        <ele>36</ele>
        <time>2018-05-27T09:24:04.000Z</time>
        <extensions>
          <ns3:TrackPointExtension>
            <ns3:hr>198</ns3:hr>
            <ns3:cad>95</ns3:cad>
          </ns3:TrackPointExtension>
        </extensions>
      </trkpt>
      <trkpt lat="55.95536076463758945465087890625" lon="-3.15339895896613597869873046875">
        <ele>36</ele>
        <time>2018-05-27T09:24:10.000Z</time>
        <extensions>
          <ns3:TrackPointExtension>
            <ns3:hr>199</ns3:hr>
            <ns3:cad>97</ns3:cad>
          </ns3:TrackPointExtension>
        </extensions>
      </trkpt>
      <trkpt lat="55.95533050596714019775390625" lon="-3.15305714495480060577392578125">
        <ele>37.200000762939453125</ele>
        <time>2018-05-27T09:24:16.000Z</time>
        <extensions>
          <ns3:TrackPointExtension>
            <ns3:hr>199</ns3:hr>
            <ns3:cad>95</ns3:cad>
          </ns3:TrackPointExtension>
        </extensions>
      </trkpt>
      <trkpt lat="55.95528650097548961639404296875" lon="-3.1527239643037319183349609375">
        <ele>38.59999847412109375</ele>
        <time>2018-05-27T09:24:22.000Z</time>
        <extensions>
          <ns3:TrackPointExtension>
            <ns3:hr>199</ns3:hr>
            <ns3:cad>96</ns3:cad>
          </ns3:TrackPointExtension>
        </extensions>
      </trkpt>
      <trkpt lat="55.9552424959838390350341796875" lon="-3.1523828208446502685546875">
        <ele>40.40000152587890625</ele>
        <time>2018-05-27T09:24:28.000Z</time>
        <extensions>
          <ns3:TrackPointExtension>
            <ns3:hr>199</ns3:hr>
            <ns3:cad>96</ns3:cad>
          </ns3:TrackPointExtension>
        </extensions>
      </trkpt>
      <trkpt lat="55.95523302443325519561767578125" lon="-3.1520517356693744659423828125">
        <ele>40.40000152587890625</ele>
        <time>2018-05-27T09:24:34.000Z</time>
        <extensions>
          <ns3:TrackPointExtension>
            <ns3:hr>200</ns3:hr>
            <ns3:cad>95</ns3:cad>
          </ns3:TrackPointExtension>
        </extensions>
      </trkpt>
      <trkpt lat="55.95521458424627780914306640625" lon="-3.1518328003585338592529296875">
        <ele>40.799999237060546875</ele>
        <time>2018-05-27T09:24:38.000Z</time>
        <extensions>
          <ns3:TrackPointExtension>
            <ns3:hr>197</ns3:hr>
            <ns3:cad>95</ns3:cad>
          </ns3:TrackPointExtension>
        </extensions>
      </trkpt>
      <trkpt lat="55.95518826507031917572021484375" lon="-3.1514757312834262847900390625">
        <ele>40.40000152587890625</ele>
        <time>2018-05-27T09:24:44.000Z</time>
        <extensions>
          <ns3:TrackPointExtension>
            <ns3:hr>198</ns3:hr>
            <ns3:cad>95</ns3:cad>
          </ns3:TrackPointExtension>
        </extensions>
      </trkpt>
      <trkpt lat="55.95516630448400974273681640625" lon="-3.151129223406314849853515625">
        <ele>40.59999847412109375</ele>
        <time>2018-05-27T09:24:50.000Z</time>
        <extensions>
          <ns3:TrackPointExtension>
            <ns3:hr>200</ns3:hr>
            <ns3:cad>96</ns3:cad>
          </ns3:TrackPointExtension>
        </extensions>
      </trkpt>
      <trkpt lat="55.95514543354511260986328125" lon="-3.1507776863873004913330078125">
        <ele>39.200000762939453125</ele>
        <time>2018-05-27T09:24:56.000Z</time>
        <extensions>
          <ns3:TrackPointExtension>
            <ns3:hr>200</ns3:hr>
            <ns3:cad>97</ns3:cad>
          </ns3:TrackPointExtension>
        </extensions>
      </trkpt>
      <trkpt lat="55.955142080783843994140625" lon="-3.1506080366671085357666015625">
        <ele>38.40000152587890625</ele>
        <time>2018-05-27T09:24:59.000Z</time>
        <extensions>
          <ns3:TrackPointExtension>
            <ns3:hr>197</ns3:hr>
            <ns3:cad>97</ns3:cad>
          </ns3:TrackPointExtension>
        </extensions>
      </trkpt>
      <trkpt lat="55.95511819235980510711669921875" lon="-3.1502533145248889923095703125">
        <ele>37.40000152587890625</ele>
        <time>2018-05-27T09:25:05.000Z</time>
        <extensions>
          <ns3:TrackPointExtension>
            <ns3:hr>198</ns3:hr>
            <ns3:cad>97</ns3:cad>
          </ns3:TrackPointExtension>
        </extensions>
      </trkpt>
      <trkpt lat="55.9550979919731616973876953125" lon="-3.14989767037332057952880859375">
        <ele>36.200000762939453125</ele>
        <time>2018-05-27T09:25:11.000Z</time>
        <extensions>
          <ns3:TrackPointExtension>
            <ns3:hr>197</ns3:hr>
            <ns3:cad>97</ns3:cad>
          </ns3:TrackPointExtension>
        </extensions>
      </trkpt>
      <trkpt lat="55.9550822339951992034912109375" lon="-3.14953356049954891204833984375">
        <ele>35.200000762939453125</ele>
        <time>2018-05-27T09:25:17.000Z</time>
        <extensions>
          <ns3:TrackPointExtension>
            <ns3:hr>197</ns3:hr>
            <ns3:cad>96</ns3:cad>
          </ns3:TrackPointExtension>
        </extensions>
      </trkpt>
      <trkpt lat="55.9551285021007061004638671875" lon="-3.14939039759337902069091796875">
        <ele>34.200000762939453125</ele>
        <time>2018-05-27T09:25:20.000Z</time>
        <extensions>
          <ns3:TrackPointExtension>
            <ns3:hr>195</ns3:hr>
            <ns3:cad>95</ns3:cad>
          </ns3:TrackPointExtension>
        </extensions>
      </trkpt>
      <trkpt lat="55.95532740466296672821044921875" lon="-3.1494379229843616485595703125">
        <ele>34.200000762939453125</ele>
        <time>2018-05-27T09:25:26.000Z</time>
        <extensions>
          <ns3:TrackPointExtension>
            <ns3:hr>196</ns3:hr>
            <ns3:cad>95</ns3:cad>
          </ns3:TrackPointExtension>
        </extensions>
      </trkpt>
      <trkpt lat="55.95550292171537876129150390625" lon="-3.1495670042932033538818359375">
        <ele>33.799999237060546875</ele>
        <time>2018-05-27T09:25:31.000Z</time>
        <extensions>
          <ns3:TrackPointExtension>
            <ns3:hr>199</ns3:hr>
            <ns3:cad>97</ns3:cad>
          </ns3:TrackPointExtension>
        </extensions>
      </trkpt>
      <trkpt lat="55.955680198967456817626953125" lon="-3.149686865508556365966796875">
        <ele>32.799999237060546875</ele>
        <time>2018-05-27T09:25:36.000Z</time>
        <extensions>
          <ns3:TrackPointExtension>
            <ns3:hr>198</ns3:hr>
            <ns3:cad>98</ns3:cad>
          </ns3:TrackPointExtension>
        </extensions>
      </trkpt>
      <trkpt lat="55.95587424002587795257568359375" lon="-3.14983799122273921966552734375">
        <ele>30.799999237060546875</ele>
        <time>2018-05-27T09:25:42.000Z</time>
        <extensions>
          <ns3:TrackPointExtension>
            <ns3:hr>196</ns3:hr>
            <ns3:cad>98</ns3:cad>
          </ns3:TrackPointExtension>
        </extensions>
      </trkpt>
      <trkpt lat="55.95603299327194690704345703125" lon="-3.1499690003693103790283203125">
        <ele>29.200000762939453125</ele>
        <time>2018-05-27T09:25:47.000Z</time>
        <extensions>
          <ns3:TrackPointExtension>
            <ns3:hr>198</ns3:hr>
            <ns3:cad>98</ns3:cad>
          </ns3:TrackPointExtension>
        </extensions>
      </trkpt>
      <trkpt lat="55.9562352485954761505126953125" lon="-3.15008743666112422943115234375">
        <ele>27.3999996185302734375</ele>
        <time>2018-05-27T09:25:53.000Z</time>
        <extensions>
          <ns3:TrackPointExtension>
            <ns3:hr>197</ns3:hr>
            <ns3:cad>99</ns3:cad>
          </ns3:TrackPointExtension>
        </extensions>
      </trkpt>
      <trkpt lat="55.9564303793013095855712890625" lon="-3.1501614488661289215087890625">
        <ele>25.6000003814697265625</ele>
        <time>2018-05-27T09:25:59.000Z</time>
        <extensions>
          <ns3:TrackPointExtension>
            <ns3:hr>197</ns3:hr>
            <ns3:cad>100</ns3:cad>
          </ns3:TrackPointExtension>
        </extensions>
      </trkpt>
      <trkpt lat="55.9566141106188297271728515625" lon="-3.15014384686946868896484375">
        <ele>24.3999996185302734375</ele>
        <time>2018-05-27T09:26:05.000Z</time>
        <extensions>
          <ns3:TrackPointExtension>
            <ns3:hr>198</ns3:hr>
            <ns3:cad>98</ns3:cad>
          </ns3:TrackPointExtension>
        </extensions>
      </trkpt>
      <trkpt lat="55.9568337164819240570068359375" lon="-3.15012104809284210205078125">
        <ele>22.799999237060546875</ele>
        <time>2018-05-27T09:26:10.000Z</time>
        <extensions>
          <ns3:TrackPointExtension>
            <ns3:hr>197</ns3:hr>
            <ns3:cad>97</ns3:cad>
          </ns3:TrackPointExtension>
        </extensions>
      </trkpt>
      <trkpt lat="55.95704569481313228607177734375" lon="-3.15003831870853900909423828125">
        <ele>21.200000762939453125</ele>
        <time>2018-05-27T09:26:15.000Z</time>
        <extensions>
          <ns3:TrackPointExtension>
            <ns3:hr>200</ns3:hr>
            <ns3:cad>97</ns3:cad>
          </ns3:TrackPointExtension>
        </extensions>
      </trkpt>
      <trkpt lat="55.95720930956304073333740234375" lon="-3.14984637312591075897216796875">
        <ele>20.6000003814697265625</ele>
        <time>2018-05-27T09:26:20.000Z</time>
        <extensions>
          <ns3:TrackPointExtension>
            <ns3:hr>202</ns3:hr>
            <ns3:cad>97</ns3:cad>
          </ns3:TrackPointExtension>
        </extensions>
      </trkpt>
      <trkpt lat="55.9572950564324855804443359375" lon="-3.14953490160405635833740234375">
        <ele>20.200000762939453125</ele>
        <time>2018-05-27T09:26:25.000Z</time>
        <extensions>
          <ns3:TrackPointExtension>
            <ns3:hr>200</ns3:hr>
            <ns3:cad>97</ns3:cad>
          </ns3:TrackPointExtension>
        </extensions>
      </trkpt>
      <trkpt lat="55.9573309309780597686767578125" lon="-3.14921353943645954132080078125">
        <ele>20.200000762939453125</ele>
        <time>2018-05-27T09:26:30.000Z</time>
        <extensions>
          <ns3:TrackPointExtension>
            <ns3:hr>199</ns3:hr>
            <ns3:cad>97</ns3:cad>
          </ns3:TrackPointExtension>
        </extensions>
      </trkpt>
      <trkpt lat="55.9573443420231342315673828125" lon="-3.14901840873062610626220703125">
        <ele>20</ele>
        <time>2018-05-27T09:26:33.000Z</time>
        <extensions>
          <ns3:TrackPointExtension>
            <ns3:hr>202</ns3:hr>
            <ns3:cad>97</ns3:cad>
          </ns3:TrackPointExtension>
        </extensions>
      </trkpt>
      <trkpt lat="55.95736219547688961029052734375" lon="-3.148688413202762603759765625">
        <ele>20</ele>
        <time>2018-05-27T09:26:38.000Z</time>
        <extensions>
          <ns3:TrackPointExtension>
            <ns3:hr>200</ns3:hr>
            <ns3:cad>97</ns3:cad>
          </ns3:TrackPointExtension>
        </extensions>
      </trkpt>
      <trkpt lat="55.9573741815984249114990234375" lon="-3.148367889225482940673828125">
        <ele>20</ele>
        <time>2018-05-27T09:26:43.000Z</time>
        <extensions>
          <ns3:TrackPointExtension>
            <ns3:hr>200</ns3:hr>
            <ns3:cad>98</ns3:cad>
          </ns3:TrackPointExtension>
        </extensions>
      </trkpt>
      <trkpt lat="55.9573513828217983245849609375" lon="-3.1480411626398563385009765625">
        <ele>19.3999996185302734375</ele>
        <time>2018-05-27T09:26:48.000Z</time>
        <extensions>
          <ns3:TrackPointExtension>
            <ns3:hr>197</ns3:hr>
            <ns3:cad>98</ns3:cad>
          </ns3:TrackPointExtension>
        </extensions>
      </trkpt>
      <trkpt lat="55.95732271671295166015625" lon="-3.14771921373903751373291015625">
        <ele>19.200000762939453125</ele>
        <time>2018-05-27T09:26:53.000Z</time>
        <extensions>
          <ns3:TrackPointExtension>
            <ns3:hr>195</ns3:hr>
            <ns3:cad>98</ns3:cad>
          </ns3:TrackPointExtension>
        </extensions>
      </trkpt>
      <trkpt lat="55.95731073059141635894775390625" lon="-3.147398941218852996826171875">
        <ele>19.200000762939453125</ele>
        <time>2018-05-27T09:26:58.000Z</time>
        <extensions>
          <ns3:TrackPointExtension>
            <ns3:hr>194</ns3:hr>
            <ns3:cad>98</ns3:cad>
          </ns3:TrackPointExtension>
        </extensions>
      </trkpt>
      <trkpt lat="55.95730100758373737335205078125" lon="-3.14706374891102313995361328125">
        <ele>18.799999237060546875</ele>
        <time>2018-05-27T09:27:03.000Z</time>
        <extensions>
          <ns3:TrackPointExtension>
            <ns3:hr>193</ns3:hr>
            <ns3:cad>99</ns3:cad>
          </ns3:TrackPointExtension>
        </extensions>
      </trkpt>
      <trkpt lat="55.957299582660198211669921875" lon="-3.14685939811170101165771484375">
        <ele>19.3999996185302734375</ele>
        <time>2018-05-27T09:27:06.000Z</time>
        <extensions>
          <ns3:TrackPointExtension>
            <ns3:hr>196</ns3:hr>
            <ns3:cad>98</ns3:cad>
          </ns3:TrackPointExtension>
        </extensions>
      </trkpt>
      <trkpt lat="55.9572967328131198883056640625" lon="-3.14655505120754241943359375">
        <ele>19.3999996185302734375</ele>
        <time>2018-05-27T09:27:11.000Z</time>
        <extensions>
          <ns3:TrackPointExtension>
            <ns3:hr>199</ns3:hr>
            <ns3:cad>96</ns3:cad>
          </ns3:TrackPointExtension>
        </extensions>
      </trkpt>
      <trkpt lat="55.957270748913288116455078125" lon="-3.146184571087360382080078125">
        <ele>20</ele>
        <time>2018-05-27T09:27:17.000Z</time>
        <extensions>
          <ns3:TrackPointExtension>
            <ns3:hr>199</ns3:hr>
            <ns3:cad>96</ns3:cad>
          </ns3:TrackPointExtension>
        </extensions>
      </trkpt>
      <trkpt lat="55.95725121907889842987060546875" lon="-3.14581166021525859832763671875">
        <ele>20.3999996185302734375</ele>
        <time>2018-05-27T09:27:23.000Z</time>
        <extensions>
          <ns3:TrackPointExtension>
            <ns3:hr>199</ns3:hr>
            <ns3:cad>96</ns3:cad>
          </ns3:TrackPointExtension>
        </extensions>
      </trkpt>
      <trkpt lat="55.957243256270885467529296875" lon="-3.1455539166927337646484375">
        <ele>20.3999996185302734375</ele>
        <time>2018-05-27T09:27:27.000Z</time>
        <extensions>
          <ns3:TrackPointExtension>
            <ns3:hr>202</ns3:hr>
            <ns3:cad>96</ns3:cad>
          </ns3:TrackPointExtension>
        </extensions>
      </trkpt>
      <trkpt lat="55.957217104732990264892578125" lon="-3.1451929919421672821044921875">
        <ele>20.3999996185302734375</ele>
        <time>2018-05-27T09:27:33.000Z</time>
        <extensions>
          <ns3:TrackPointExtension>
            <ns3:hr>199</ns3:hr>
            <ns3:cad>97</ns3:cad>
          </ns3:TrackPointExtension>
        </extensions>
      </trkpt>
      <trkpt lat="55.95719757489860057830810546875" lon="-3.144836090505123138427734375">
        <ele>20.6000003814697265625</ele>
        <time>2018-05-27T09:27:39.000Z</time>
        <extensions>
          <ns3:TrackPointExtension>
            <ns3:hr>197</ns3:hr>
            <ns3:cad>96</ns3:cad>
          </ns3:TrackPointExtension>
        </extensions>
      </trkpt>
      <trkpt lat="55.95717879943549633026123046875" lon="-3.14448329620063304901123046875">
        <ele>21.6000003814697265625</ele>
        <time>2018-05-27T09:27:45.000Z</time>
        <extensions>
          <ns3:TrackPointExtension>
            <ns3:hr>198</ns3:hr>
            <ns3:cad>96</ns3:cad>
          </ns3:TrackPointExtension>
        </extensions>
      </trkpt>
      <trkpt lat="55.95716220326721668243408203125" lon="-3.14414852298796176910400390625">
        <ele>21.6000003814697265625</ele>
        <time>2018-05-27T09:27:51.000Z</time>
        <extensions>
          <ns3:TrackPointExtension>
            <ns3:hr>198</ns3:hr>
            <ns3:cad>95</ns3:cad>
          </ns3:TrackPointExtension>
        </extensions>
      </trkpt>
      <trkpt lat="55.95714795403182506561279296875" lon="-3.1438227184116840362548828125">
        <ele>21.799999237060546875</ele>
        <time>2018-05-27T09:27:57.000Z</time>
        <extensions>
          <ns3:TrackPointExtension>
            <ns3:hr>199</ns3:hr>
            <ns3:cad>96</ns3:cad>
          </ns3:TrackPointExtension>
        </extensions>
      </trkpt>
      <trkpt lat="55.9571347944438457489013671875" lon="-3.14360554330050945281982421875">
        <ele>22.200000762939453125</ele>
        <time>2018-05-27T09:28:01.000Z</time>
        <extensions>
          <ns3:TrackPointExtension>
            <ns3:hr>203</ns3:hr>
            <ns3:cad>96</ns3:cad>
          </ns3:TrackPointExtension>
        </extensions>
      </trkpt>
      <trkpt lat="55.957107134163379669189453125" lon="-3.143277727067470550537109375">
        <ele>23.3999996185302734375</ele>
        <time>2018-05-27T09:28:07.000Z</time>
        <extensions>
          <ns3:TrackPointExtension>
            <ns3:hr>203</ns3:hr>
            <ns3:cad>96</ns3:cad>
          </ns3:TrackPointExtension>
        </extensions>
      </trkpt>
      <trkpt lat="55.95709003508090972900390625" lon="-3.1429476477205753326416015625">
        <ele>23.799999237060546875</ele>
        <time>2018-05-27T09:28:13.000Z</time>
        <extensions>
          <ns3:TrackPointExtension>
            <ns3:hr>204</ns3:hr>
            <ns3:cad>94</ns3:cad>
          </ns3:TrackPointExtension>
        </extensions>
      </trkpt>
      <trkpt lat="55.95706732012331485748291015625" lon="-3.14258496277034282684326171875">
        <ele>25</ele>
        <time>2018-05-27T09:28:20.000Z</time>
        <extensions>
          <ns3:TrackPointExtension>
            <ns3:hr>204</ns3:hr>
            <ns3:cad>94</ns3:cad>
          </ns3:TrackPointExtension>
        </extensions>
      </trkpt>
      <trkpt lat="55.95704820938408374786376953125" lon="-3.1422257982194423675537109375">
        <ele>25.799999237060546875</ele>
        <time>2018-05-27T09:28:27.000Z</time>
        <extensions>
          <ns3:TrackPointExtension>
            <ns3:hr>204</ns3:hr>
            <ns3:cad>93</ns3:cad>
          </ns3:TrackPointExtension>
        </extensions>
      </trkpt>
      <trkpt lat="55.95702029764652252197265625" lon="-3.1418724171817302703857421875">
        <ele>27</ele>
        <time>2018-05-27T09:28:34.000Z</time>
        <extensions>
          <ns3:TrackPointExtension>
            <ns3:hr>203</ns3:hr>
            <ns3:cad>94</ns3:cad>
          </ns3:TrackPointExtension>
        </extensions>
      </trkpt>
      <trkpt lat="55.95699305646121501922607421875" lon="-3.14154627732932567596435546875">
        <ele>27</ele>
        <time>2018-05-27T09:28:40.000Z</time>
        <extensions>
          <ns3:TrackPointExtension>
            <ns3:hr>202</ns3:hr>
            <ns3:cad>94</ns3:cad>
          </ns3:TrackPointExtension>
        </extensions>
      </trkpt>
      <trkpt lat="55.9569700062274932861328125" lon="-3.14120982773602008819580078125">
        <ele>27</ele>
        <time>2018-05-27T09:28:46.000Z</time>
        <extensions>
          <ns3:TrackPointExtension>
            <ns3:hr>202</ns3:hr>
            <ns3:cad>96</ns3:cad>
          </ns3:TrackPointExtension>
        </extensions>
      </trkpt>
      <trkpt lat="55.95693203620612621307373046875" lon="-3.1408642418682575225830078125">
        <ele>27</ele>
        <time>2018-05-27T09:28:52.000Z</time>
        <extensions>
          <ns3:TrackPointExtension>
            <ns3:hr>202</ns3:hr>
            <ns3:cad>95</ns3:cad>
          </ns3:TrackPointExtension>
        </extensions>
      </trkpt>
      <trkpt lat="55.95689465291798114776611328125" lon="-3.1405086815357208251953125">
        <ele>27</ele>
        <time>2018-05-27T09:28:58.000Z</time>
        <extensions>
          <ns3:TrackPointExtension>
            <ns3:hr>200</ns3:hr>
            <ns3:cad>97</ns3:cad>
          </ns3:TrackPointExtension>
        </extensions>
      </trkpt>
      <trkpt lat="55.95684536732733249664306640625" lon="-3.14015521667897701263427734375">
        <ele>27</ele>
        <time>2018-05-27T09:29:04.000Z</time>
        <extensions>
          <ns3:TrackPointExtension>
            <ns3:hr>200</ns3:hr>
            <ns3:cad>96</ns3:cad>
          </ns3:TrackPointExtension>
        </extensions>
      </trkpt>
      <trkpt lat="55.95677864737808704376220703125" lon="-3.13984408043324947357177734375">
        <ele>27.200000762939453125</ele>
        <time>2018-05-27T09:29:09.000Z</time>
        <extensions>
          <ns3:TrackPointExtension>
            <ns3:hr>202</ns3:hr>
            <ns3:cad>96</ns3:cad>
          </ns3:TrackPointExtension>
        </extensions>
      </trkpt>
      <trkpt lat="55.95668912865221500396728515625" lon="-3.1395543180406093597412109375">
        <ele>27.799999237060546875</ele>
        <time>2018-05-27T09:29:14.000Z</time>
        <extensions>
          <ns3:TrackPointExtension>
            <ns3:hr>202</ns3:hr>
            <ns3:cad>97</ns3:cad>
          </ns3:TrackPointExtension>
        </extensions>
      </trkpt>
      <trkpt lat="55.95665409229695796966552734375" lon="-3.13943990506231784820556640625">
        <ele>27.6000003814697265625</ele>
        <time>2018-05-27T09:29:16.000Z</time>
        <extensions>
          <ns3:TrackPointExtension>
            <ns3:hr>208</ns3:hr>
            <ns3:cad>97</ns3:cad>
          </ns3:TrackPointExtension>
        </extensions>
      </trkpt>
      <trkpt lat="55.95662039704620838165283203125" lon="-3.13932641409337520599365234375">
        <ele>28.200000762939453125</ele>
        <time>2018-05-27T09:29:18.000Z</time>
        <extensions>
          <ns3:TrackPointExtension>
            <ns3:hr>209</ns3:hr>
            <ns3:cad>97</ns3:cad>
          </ns3:TrackPointExtension>
        </extensions>
      </trkpt>
      <trkpt lat="55.95652484335005283355712890625" lon="-3.13899583183228969573974609375">
        <ele>29</ele>
        <time>2018-05-27T09:29:24.000Z</time>
        <extensions>
          <ns3:TrackPointExtension>
            <ns3:hr>208</ns3:hr>
            <ns3:cad>97</ns3:cad>
          </ns3:TrackPointExtension>
        </extensions>
      </trkpt>
      <trkpt lat="55.95642526634037494659423828125" lon="-3.13872979022562503814697265625">
        <ele>28.799999237060546875</ele>
        <time>2018-05-27T09:29:29.000Z</time>
        <extensions>
          <ns3:TrackPointExtension>
            <ns3:hr>205</ns3:hr>
            <ns3:cad>97</ns3:cad>
          </ns3:TrackPointExtension>
        </extensions>
      </trkpt>
      <trkpt lat="55.95639039762318134307861328125" lon="-3.13848101533949375152587890625">
        <ele>28.3999996185302734375</ele>
        <time>2018-05-27T09:29:34.000Z</time>
        <extensions>
          <ns3:TrackPointExtension>
            <ns3:hr>204</ns3:hr>
            <ns3:cad>97</ns3:cad>
          </ns3:TrackPointExtension>
        </extensions>
      </trkpt>
      <trkpt lat="55.956447981297969818115234375" lon="-3.138439357280731201171875">
        <ele>28.200000762939453125</ele>
        <time>2018-05-27T09:29:36.000Z</time>
        <extensions>
          <ns3:TrackPointExtension>
            <ns3:hr>202</ns3:hr>
            <ns3:cad>97</ns3:cad>
          </ns3:TrackPointExtension>
        </extensions>
      </trkpt>
      <trkpt lat="55.95663615502417087554931640625" lon="-3.138459809124469757080078125">
        <ele>27.799999237060546875</ele>
        <time>2018-05-27T09:29:41.000Z</time>
        <extensions>
          <ns3:TrackPointExtension>
            <ns3:hr>203</ns3:hr>
            <ns3:cad>97</ns3:cad>
          </ns3:TrackPointExtension>
        </extensions>
      </trkpt>
      <trkpt lat="55.95682139508426189422607421875" lon="-3.138493336737155914306640625">
        <ele>27</ele>
        <time>2018-05-27T09:29:46.000Z</time>
        <extensions>
          <ns3:TrackPointExtension>
            <ns3:hr>202</ns3:hr>
            <ns3:cad>98</ns3:cad>
          </ns3:TrackPointExtension>
        </extensions>
      </trkpt>
      <trkpt lat="55.95701518468558788299560546875" lon="-3.13850934617221355438232421875">
        <ele>27</ele>
        <time>2018-05-27T09:29:51.000Z</time>
        <extensions>
          <ns3:TrackPointExtension>
            <ns3:hr>202</ns3:hr>
            <ns3:cad>98</ns3:cad>
          </ns3:TrackPointExtension>
        </extensions>
      </trkpt>
      <trkpt lat="55.9571988321840763092041015625" lon="-3.138510771095752716064453125">
        <ele>27</ele>
        <time>2018-05-27T09:29:56.000Z</time>
        <extensions>
          <ns3:TrackPointExtension>
            <ns3:hr>202</ns3:hr>
            <ns3:cad>98</ns3:cad>
          </ns3:TrackPointExtension>
        </extensions>
      </trkpt>
      <trkpt lat="55.9573872573673725128173828125" lon="-3.13850305974483489990234375">
        <ele>26.799999237060546875</ele>
        <time>2018-05-27T09:30:01.000Z</time>
        <extensions>
          <ns3:TrackPointExtension>
            <ns3:hr>200</ns3:hr>
            <ns3:cad>98</ns3:cad>
          </ns3:TrackPointExtension>
        </extensions>
      </trkpt>
      <trkpt lat="55.95758079551160335540771484375" lon="-3.13847330398857593536376953125">
        <ele>26.200000762939453125</ele>
        <time>2018-05-27T09:30:06.000Z</time>
        <extensions>
          <ns3:TrackPointExtension>
            <ns3:hr>201</ns3:hr>
            <ns3:cad>98</ns3:cad>
          </ns3:TrackPointExtension>
        </extensions>
      </trkpt>
      <trkpt lat="55.95777223818004131317138671875" lon="-3.13842183910310268402099609375">
        <ele>25.3999996185302734375</ele>
        <time>2018-05-27T09:30:11.000Z</time>
        <extensions>
          <ns3:TrackPointExtension>
            <ns3:hr>200</ns3:hr>
            <ns3:cad>98</ns3:cad>
          </ns3:TrackPointExtension>
        </extensions>
      </trkpt>
      <trkpt lat="55.95795429311692714691162109375" lon="-3.138332404196262359619140625">
        <ele>24.799999237060546875</ele>
        <time>2018-05-27T09:30:16.000Z</time>
        <extensions>
          <ns3:TrackPointExtension>
            <ns3:hr>201</ns3:hr>
            <ns3:cad>99</ns3:cad>
          </ns3:TrackPointExtension>
        </extensions>
      </trkpt>
      <trkpt lat="55.958134420216083526611328125" lon="-3.1382427178323268890380859375">
        <ele>24.200000762939453125</ele>
        <time>2018-05-27T09:30:21.000Z</time>
        <extensions>
          <ns3:TrackPointExtension>
            <ns3:hr>203</ns3:hr>
            <ns3:cad>98</ns3:cad>
          </ns3:TrackPointExtension>
        </extensions>
      </trkpt>
      <trkpt lat="55.95831303857266902923583984375" lon="-3.13812629319727420806884765625">
        <ele>24</ele>
        <time>2018-05-27T09:30:26.000Z</time>
        <extensions>
          <ns3:TrackPointExtension>
            <ns3:hr>201</ns3:hr>
            <ns3:cad>99</ns3:cad>
          </ns3:TrackPointExtension>
        </extensions>
      </trkpt>
      <trkpt lat="55.95850682817399501800537109375" lon="-3.13797533512115478515625">
        <ele>24</ele>
        <time>2018-05-27T09:30:32.000Z</time>
        <extensions>
          <ns3:TrackPointExtension>
            <ns3:hr>201</ns3:hr>
            <ns3:cad>98</ns3:cad>
          </ns3:TrackPointExtension>
        </extensions>
      </trkpt>
      <trkpt lat="55.95869407989084720611572265625" lon="-3.137817084789276123046875">
        <ele>23.6000003814697265625</ele>
        <time>2018-05-27T09:30:38.000Z</time>
        <extensions>
          <ns3:TrackPointExtension>
            <ns3:hr>201</ns3:hr>
            <ns3:cad>98</ns3:cad>
          </ns3:TrackPointExtension>
        </extensions>
      </trkpt>
      <trkpt lat="55.95888166688382625579833984375" lon="-3.13765808008611202239990234375">
        <ele>22.3999996185302734375</ele>
        <time>2018-05-27T09:30:44.000Z</time>
        <extensions>
          <ns3:TrackPointExtension>
            <ns3:hr>198</ns3:hr>
            <ns3:cad>97</ns3:cad>
          </ns3:TrackPointExtension>
        </extensions>
      </trkpt>
      <trkpt lat="55.95906221307814121246337890625" lon="-3.13747602514922618865966796875">
        <ele>21.799999237060546875</ele>
        <time>2018-05-27T09:30:50.000Z</time>
        <extensions>
          <ns3:TrackPointExtension>
            <ns3:hr>199</ns3:hr>
            <ns3:cad>97</ns3:cad>
          </ns3:TrackPointExtension>
        </extensions>
      </trkpt>
      <trkpt lat="55.9592567570507526397705078125" lon="-3.137305788695812225341796875">
        <ele>21.200000762939453125</ele>
        <time>2018-05-27T09:30:56.000Z</time>
        <extensions>
          <ns3:TrackPointExtension>
            <ns3:hr>202</ns3:hr>
            <ns3:cad>97</ns3:cad>
          </ns3:TrackPointExtension>
        </extensions>
      </trkpt>
      <trkpt lat="55.95941592939198017120361328125" lon="-3.1371534056961536407470703125">
        <ele>21</ele>
        <time>2018-05-27T09:31:01.000Z</time>
        <extensions>
          <ns3:TrackPointExtension>
            <ns3:hr>204</ns3:hr>
            <ns3:cad>98</ns3:cad>
          </ns3:TrackPointExtension>
        </extensions>
      </trkpt>
      <trkpt lat="55.95960753969848155975341796875" lon="-3.13697964884340763092041015625">
        <ele>20.3999996185302734375</ele>
        <time>2018-05-27T09:31:07.000Z</time>
        <extensions>
          <ns3:TrackPointExtension>
            <ns3:hr>206</ns3:hr>
            <ns3:cad>98</ns3:cad>
          </ns3:TrackPointExtension>
        </extensions>
      </trkpt>
      <trkpt lat="55.95979638397693634033203125" lon="-3.1368127651512622833251953125">
        <ele>19.200000762939453125</ele>
        <time>2018-05-27T09:31:13.000Z</time>
        <extensions>
          <ns3:TrackPointExtension>
            <ns3:hr>206</ns3:hr>
            <ns3:cad>98</ns3:cad>
          </ns3:TrackPointExtension>
        </extensions>
      </trkpt>
      <trkpt lat="55.9599244594573974609375" lon="-3.1366981007158756256103515625">
        <ele>19</ele>
        <time>2018-05-27T09:31:17.000Z</time>
        <extensions>
          <ns3:TrackPointExtension>
            <ns3:hr>203</ns3:hr>
            <ns3:cad>97</ns3:cad>
          </ns3:TrackPointExtension>
        </extensions>
      </trkpt>
      <trkpt lat="55.960022024810314178466796875" lon="-3.13662224449217319488525390625">
        <ele>19</ele>
        <time>2018-05-27T09:31:20.000Z</time>
        <extensions>
          <ns3:TrackPointExtension>
            <ns3:hr>199</ns3:hr>
            <ns3:cad>97</ns3:cad>
          </ns3:TrackPointExtension>
        </extensions>
      </trkpt>
      <trkpt lat="55.96022075973451137542724609375" lon="-3.13648075796663761138916015625">
        <ele>19</ele>
        <time>2018-05-27T09:31:26.000Z</time>
        <extensions>
          <ns3:TrackPointExtension>
            <ns3:hr>197</ns3:hr>
            <ns3:cad>97</ns3:cad>
          </ns3:TrackPointExtension>
        </extensions>
      </trkpt>
      <trkpt lat="55.960423015058040618896484375" lon="-3.13635955564677715301513671875">
        <ele>19.3999996185302734375</ele>
        <time>2018-05-27T09:31:32.000Z</time>
        <extensions>
          <ns3:TrackPointExtension>
            <ns3:hr>199</ns3:hr>
            <ns3:cad>97</ns3:cad>
          </ns3:TrackPointExtension>
        </extensions>
      </trkpt>
      <trkpt lat="55.960594676434993743896484375" lon="-3.13623701222240924835205078125">
        <ele>19.6000003814697265625</ele>
        <time>2018-05-27T09:31:37.000Z</time>
        <extensions>
          <ns3:TrackPointExtension>
            <ns3:hr>199</ns3:hr>
            <ns3:cad>98</ns3:cad>
          </ns3:TrackPointExtension>
        </extensions>
      </trkpt>
      <trkpt lat="55.9607259370386600494384765625" lon="-3.13612922094762325286865234375">
        <ele>19.799999237060546875</ele>
        <time>2018-05-27T09:31:41.000Z</time>
        <extensions>
          <ns3:TrackPointExtension>
            <ns3:hr>202</ns3:hr>
            <ns3:cad>98</ns3:cad>
          </ns3:TrackPointExtension>
        </extensions>
      </trkpt>
      <trkpt lat="55.96092383377254009246826171875" lon="-3.13599125482141971588134765625">
        <ele>19.200000762939453125</ele>
        <time>2018-05-27T09:31:47.000Z</time>
        <extensions>
          <ns3:TrackPointExtension>
            <ns3:hr>201</ns3:hr>
            <ns3:cad>97</ns3:cad>
          </ns3:TrackPointExtension>
        </extensions>
      </trkpt>
      <trkpt lat="55.96111628226935863494873046875" lon="-3.1358931027352809906005859375">
        <ele>18.799999237060546875</ele>
        <time>2018-05-27T09:31:53.000Z</time>
        <extensions>
          <ns3:TrackPointExtension>
            <ns3:hr>201</ns3:hr>
            <ns3:cad>98</ns3:cad>
          </ns3:TrackPointExtension>
        </extensions>
      </trkpt>
      <trkpt lat="55.96131987869739532470703125" lon="-3.13584364950656890869140625">
        <ele>18.3999996185302734375</ele>
        <time>2018-05-27T09:31:59.000Z</time>
        <extensions>
          <ns3:TrackPointExtension>
            <ns3:hr>201</ns3:hr>
            <ns3:cad>97</ns3:cad>
          </ns3:TrackPointExtension>
        </extensions>
      </trkpt>
      <trkpt lat="55.9614917077124118804931640625" lon="-3.13580333255231380462646484375">
        <ele>18</ele>
        <time>2018-05-27T09:32:04.000Z</time>
        <extensions>
          <ns3:TrackPointExtension>
            <ns3:hr>198</ns3:hr>
            <ns3:cad>98</ns3:cad>
          </ns3:TrackPointExtension>
        </extensions>
      </trkpt>
      <trkpt lat="55.96170100383460521697998046875" lon="-3.1357700563967227935791015625">
        <ele>18</ele>
        <time>2018-05-27T09:32:10.000Z</time>
        <extensions>
          <ns3:TrackPointExtension>
            <ns3:hr>195</ns3:hr>
            <ns3:cad>96</ns3:cad>
          </ns3:TrackPointExtension>
        </extensions>
      </trkpt>
      <trkpt lat="55.96184902824461460113525390625" lon="-3.13575387932360172271728515625">
        <ele>17.6000003814697265625</ele>
        <time>2018-05-27T09:32:14.000Z</time>
        <extensions>
          <ns3:TrackPointExtension>
            <ns3:hr>198</ns3:hr>
            <ns3:cad>98</ns3:cad>
          </ns3:TrackPointExtension>
        </extensions>
      </trkpt>
      <trkpt lat="55.96202890388667583465576171875" lon="-3.1357450783252716064453125">
        <ele>16.200000762939453125</ele>
        <time>2018-05-27T09:32:19.000Z</time>
        <extensions>
          <ns3:TrackPointExtension>
            <ns3:hr>200</ns3:hr>
            <ns3:cad>98</ns3:cad>
          </ns3:TrackPointExtension>
        </extensions>
      </trkpt>
      <trkpt lat="55.9622393734753131866455078125" lon="-3.13574449159204959869384765625">
        <ele>15.3999996185302734375</ele>
        <time>2018-05-27T09:32:25.000Z</time>
        <extensions>
          <ns3:TrackPointExtension>
            <ns3:hr>198</ns3:hr>
            <ns3:cad>98</ns3:cad>
          </ns3:TrackPointExtension>
        </extensions>
      </trkpt>
      <trkpt lat="55.96244749613106250762939453125" lon="-3.13575421459972858428955078125">
        <ele>14.6000003814697265625</ele>
        <time>2018-05-27T09:32:31.000Z</time>
        <extensions>
          <ns3:TrackPointExtension>
            <ns3:hr>201</ns3:hr>
            <ns3:cad>97</ns3:cad>
          </ns3:TrackPointExtension>
        </extensions>
      </trkpt>
      <trkpt lat="55.96265134401619434356689453125" lon="-3.1357697211205959320068359375">
        <ele>14</ele>
        <time>2018-05-27T09:32:37.000Z</time>
        <extensions>
          <ns3:TrackPointExtension>
            <ns3:hr>202</ns3:hr>
            <ns3:cad>97</ns3:cad>
          </ns3:TrackPointExtension>
        </extensions>
      </trkpt>
      <trkpt lat="55.96275930292904376983642578125" lon="-3.13578589819371700286865234375">
        <ele>13.6000003814697265625</ele>
        <time>2018-05-27T09:32:40.000Z</time>
        <extensions>
          <ns3:TrackPointExtension>
            <ns3:hr>202</ns3:hr>
            <ns3:cad>97</ns3:cad>
          </ns3:TrackPointExtension>
        </extensions>
      </trkpt>
      <trkpt lat="55.96295024268329143524169921875" lon="-3.1358139775693416595458984375">
        <ele>13</ele>
        <time>2018-05-27T09:32:45.000Z</time>
        <extensions>
          <ns3:TrackPointExtension>
            <ns3:hr>201</ns3:hr>
            <ns3:cad>98</ns3:cad>
          </ns3:TrackPointExtension>
        </extensions>
      </trkpt>
      <trkpt lat="55.96315107308328151702880859375" lon="-3.13582546077668666839599609375">
        <ele>12.80000019073486328125</ele>
        <time>2018-05-27T09:32:51.000Z</time>
        <extensions>
          <ns3:TrackPointExtension>
            <ns3:hr>202</ns3:hr>
            <ns3:cad>97</ns3:cad>
          </ns3:TrackPointExtension>
        </extensions>
      </trkpt>
      <trkpt lat="55.9633511491119861602783203125" lon="-3.13584633171558380126953125">
        <ele>13.19999980926513671875</ele>
        <time>2018-05-27T09:32:57.000Z</time>
        <extensions>
          <ns3:TrackPointExtension>
            <ns3:hr>203</ns3:hr>
            <ns3:cad>97</ns3:cad>
          </ns3:TrackPointExtension>
        </extensions>
      </trkpt>
      <trkpt lat="55.96355005167424678802490234375" lon="-3.135884888470172882080078125">
        <ele>13.3999996185302734375</ele>
        <time>2018-05-27T09:33:03.000Z</time>
        <extensions>
          <ns3:TrackPointExtension>
            <ns3:hr>203</ns3:hr>
            <ns3:cad>97</ns3:cad>
          </ns3:TrackPointExtension>
        </extensions>
      </trkpt>
      <trkpt lat="55.963754989206790924072265625" lon="-3.135912381112575531005859375">
        <ele>14</ele>
        <time>2018-05-27T09:33:09.000Z</time>
        <extensions>
          <ns3:TrackPointExtension>
            <ns3:hr>202</ns3:hr>
            <ns3:cad>96</ns3:cad>
          </ns3:TrackPointExtension>
        </extensions>
      </trkpt>
      <trkpt lat="55.9638941287994384765625" lon="-3.13593325205147266387939453125">
        <ele>13.80000019073486328125</ele>
        <time>2018-05-27T09:33:13.000Z</time>
        <extensions>
          <ns3:TrackPointExtension>
            <ns3:hr>199</ns3:hr>
            <ns3:cad>96</ns3:cad>
          </ns3:TrackPointExtension>
        </extensions>
      </trkpt>
      <trkpt lat="55.9640994854271411895751953125" lon="-3.13595118932425975799560546875">
        <ele>13.19999980926513671875</ele>
        <time>2018-05-27T09:33:19.000Z</time>
        <extensions>
          <ns3:TrackPointExtension>
            <ns3:hr>202</ns3:hr>
            <ns3:cad>97</ns3:cad>
          </ns3:TrackPointExtension>
        </extensions>
      </trkpt>
      <trkpt lat="55.96430894918739795684814453125" lon="-3.1359571404755115509033203125">
        <ele>13.19999980926513671875</ele>
        <time>2018-05-27T09:33:25.000Z</time>
        <extensions>
          <ns3:TrackPointExtension>
            <ns3:hr>202</ns3:hr>
            <ns3:cad>96</ns3:cad>
          </ns3:TrackPointExtension>
        </extensions>
      </trkpt>
      <trkpt lat="55.96450609154999256134033203125" lon="-3.135944902896881103515625">
        <ele>12.3999996185302734375</ele>
        <time>2018-05-27T09:33:31.000Z</time>
        <extensions>
          <ns3:TrackPointExtension>
            <ns3:hr>201</ns3:hr>
            <ns3:cad>97</ns3:cad>
          </ns3:TrackPointExtension>
        </extensions>
      </trkpt>
      <trkpt lat="55.96470658667385578155517578125" lon="-3.13585412688553333282470703125">
        <ele>12</ele>
        <time>2018-05-27T09:33:37.000Z</time>
        <extensions>
          <ns3:TrackPointExtension>
            <ns3:hr>201</ns3:hr>
            <ns3:cad>97</ns3:cad>
          </ns3:TrackPointExtension>
        </extensions>
      </trkpt>
      <trkpt lat="55.96483617089688777923583984375" lon="-3.135750778019428253173828125">
        <ele>12</ele>
        <time>2018-05-27T09:33:41.000Z</time>
        <extensions>
          <ns3:TrackPointExtension>
            <ns3:hr>198</ns3:hr>
            <ns3:cad>96</ns3:cad>
          </ns3:TrackPointExtension>
        </extensions>
      </trkpt>
      <trkpt lat="55.96501185558736324310302734375" lon="-3.1355439126491546630859375">
        <ele>12</ele>
        <time>2018-05-27T09:33:47.000Z</time>
        <extensions>
          <ns3:TrackPointExtension>
            <ns3:hr>197</ns3:hr>
            <ns3:cad>96</ns3:cad>
          </ns3:TrackPointExtension>
        </extensions>
      </trkpt>
      <trkpt lat="55.965160466730594635009765625" lon="-3.1353512965142726898193359375">
        <ele>12.3999996185302734375</ele>
        <time>2018-05-27T09:33:52.000Z</time>
        <extensions>
          <ns3:TrackPointExtension>
            <ns3:hr>199</ns3:hr>
            <ns3:cad>95</ns3:cad>
          </ns3:TrackPointExtension>
        </extensions>
      </trkpt>
      <trkpt lat="55.96530304290354251861572265625" lon="-3.1351549923419952392578125">
        <ele>13</ele>
        <time>2018-05-27T09:33:57.000Z</time>
        <extensions>
          <ns3:TrackPointExtension>
            <ns3:hr>198</ns3:hr>
            <ns3:cad>95</ns3:cad>
          </ns3:TrackPointExtension>
        </extensions>
      </trkpt>
      <trkpt lat="55.96543245948851108551025390625" lon="-3.134945444762706756591796875">
        <ele>12.80000019073486328125</ele>
        <time>2018-05-27T09:34:02.000Z</time>
        <extensions>
          <ns3:TrackPointExtension>
            <ns3:hr>195</ns3:hr>
            <ns3:cad>96</ns3:cad>
          </ns3:TrackPointExtension>
        </extensions>
      </trkpt>
      <trkpt lat="55.96556807868182659149169921875" lon="-3.134727180004119873046875">
        <ele>12.3999996185302734375</ele>
        <time>2018-05-27T09:34:07.000Z</time>
        <extensions>
          <ns3:TrackPointExtension>
            <ns3:hr>194</ns3:hr>
            <ns3:cad>96</ns3:cad>
          </ns3:TrackPointExtension>
        </extensions>
      </trkpt>
      <trkpt lat="55.965634882450103759765625" lon="-3.134593404829502105712890625">
        <ele>12.3999996185302734375</ele>
        <time>2018-05-27T09:34:10.000Z</time>
        <extensions>
          <ns3:TrackPointExtension>
            <ns3:hr>197</ns3:hr>
            <ns3:cad>97</ns3:cad>
          </ns3:TrackPointExtension>
        </extensions>
      </trkpt>
      <trkpt lat="55.965724401175975799560546875" lon="-3.13441595993936061859130859375">
        <ele>11.80000019073486328125</ele>
        <time>2018-05-27T09:34:14.000Z</time>
        <extensions>
          <ns3:TrackPointExtension>
            <ns3:hr>200</ns3:hr>
            <ns3:cad>96</ns3:cad>
          </ns3:TrackPointExtension>
        </extensions>
      </trkpt>
      <trkpt lat="55.965867899358272552490234375" lon="-3.134158551692962646484375">
        <ele>10.6000003814697265625</ele>
        <time>2018-05-27T09:34:20.000Z</time>
        <extensions>
          <ns3:TrackPointExtension>
            <ns3:hr>200</ns3:hr>
            <ns3:cad>97</ns3:cad>
          </ns3:TrackPointExtension>
        </extensions>
      </trkpt>
      <trkpt lat="55.9660165943205356597900390625" lon="-3.1338972039520740509033203125">
        <ele>10</ele>
        <time>2018-05-27T09:34:26.000Z</time>
        <extensions>
          <ns3:TrackPointExtension>
            <ns3:hr>202</ns3:hr>
            <ns3:cad>96</ns3:cad>
          </ns3:TrackPointExtension>
        </extensions>
      </trkpt>
      <trkpt lat="55.96617660485208034515380859375" lon="-3.1336444057524204254150390625">
        <ele>10</ele>
        <time>2018-05-27T09:34:32.000Z</time>
        <extensions>
          <ns3:TrackPointExtension>
            <ns3:hr>203</ns3:hr>
            <ns3:cad>96</ns3:cad>
          </ns3:TrackPointExtension>
        </extensions>
      </trkpt>
      <trkpt lat="55.966313146054744720458984375" lon="-3.133419938385486602783203125">
        <ele>9.80000019073486328125</ele>
        <time>2018-05-27T09:34:37.000Z</time>
        <extensions>
          <ns3:TrackPointExtension>
            <ns3:hr>203</ns3:hr>
            <ns3:cad>97</ns3:cad>
          </ns3:TrackPointExtension>
        </extensions>
      </trkpt>
      <trkpt lat="55.96644155681133270263671875" lon="-3.133129589259624481201171875">
        <ele>9.19999980926513671875</ele>
        <time>2018-05-27T09:34:43.000Z</time>
        <extensions>
          <ns3:TrackPointExtension>
            <ns3:hr>202</ns3:hr>
            <ns3:cad>96</ns3:cad>
          </ns3:TrackPointExtension>
        </extensions>
      </trkpt>
      <trkpt lat="55.96636737696826457977294921875" lon="-3.13282691873610019683837890625">
        <ele>9</ele>
        <time>2018-05-27T09:34:48.000Z</time>
        <extensions>
          <ns3:TrackPointExtension>
            <ns3:hr>200</ns3:hr>
            <ns3:cad>97</ns3:cad>
          </ns3:TrackPointExtension>
        </extensions>
      </trkpt>
      <trkpt lat="55.9662418998777866363525390625" lon="-3.132558949291706085205078125">
        <ele>9</ele>
        <time>2018-05-27T09:34:53.000Z</time>
        <extensions>
          <ns3:TrackPointExtension>
            <ns3:hr>201</ns3:hr>
            <ns3:cad>97</ns3:cad>
          </ns3:TrackPointExtension>
        </extensions>
      </trkpt>
      <trkpt lat="55.96611499786376953125" lon="-3.13228494487702846527099609375">
        <ele>9</ele>
        <time>2018-05-27T09:34:58.000Z</time>
        <extensions>
          <ns3:TrackPointExtension>
            <ns3:hr>200</ns3:hr>
            <ns3:cad>97</ns3:cad>
          </ns3:TrackPointExtension>
        </extensions>
      </trkpt>
      <trkpt lat="55.96601106226444244384765625" lon="-3.13200272619724273681640625">
        <ele>8.6000003814697265625</ele>
        <time>2018-05-27T09:35:03.000Z</time>
        <extensions>
          <ns3:TrackPointExtension>
            <ns3:hr>200</ns3:hr>
            <ns3:cad>97</ns3:cad>
          </ns3:TrackPointExtension>
        </extensions>
      </trkpt>
      <trkpt lat="55.965919196605682373046875" lon="-3.13171715475618839263916015625">
        <ele>8</ele>
        <time>2018-05-27T09:35:08.000Z</time>
        <extensions>
          <ns3:TrackPointExtension>
            <ns3:hr>199</ns3:hr>
            <ns3:cad>97</ns3:cad>
          </ns3:TrackPointExtension>
        </extensions>
      </trkpt>
      <trkpt lat="55.96582305617630481719970703125" lon="-3.13143518753349781036376953125">
        <ele>7</ele>
        <time>2018-05-27T09:35:13.000Z</time>
        <extensions>
          <ns3:TrackPointExtension>
            <ns3:hr>197</ns3:hr>
            <ns3:cad>96</ns3:cad>
          </ns3:TrackPointExtension>
        </extensions>
      </trkpt>
      <trkpt lat="55.96572649665176868438720703125" lon="-3.131157495081424713134765625">
        <ele>6.80000019073486328125</ele>
        <time>2018-05-27T09:35:18.000Z</time>
        <extensions>
          <ns3:TrackPointExtension>
            <ns3:hr>199</ns3:hr>
            <ns3:cad>97</ns3:cad>
          </ns3:TrackPointExtension>
        </extensions>
      </trkpt>
      <trkpt lat="55.965616442263126373291015625" lon="-3.130889944732189178466796875">
        <ele>6.80000019073486328125</ele>
        <time>2018-05-27T09:35:23.000Z</time>
        <extensions>
          <ns3:TrackPointExtension>
            <ns3:hr>200</ns3:hr>
            <ns3:cad>97</ns3:cad>
          </ns3:TrackPointExtension>
        </extensions>
      </trkpt>
      <trkpt lat="55.9655374847352504730224609375" lon="-3.1307389028370380401611328125">
        <ele>6.400000095367431640625</ele>
        <time>2018-05-27T09:35:26.000Z</time>
        <extensions>
          <ns3:TrackPointExtension>
            <ns3:hr>203</ns3:hr>
            <ns3:cad>97</ns3:cad>
          </ns3:TrackPointExtension>
        </extensions>
      </trkpt>
      <trkpt lat="55.9653943218290805816650390625" lon="-3.13049708493053913116455078125">
        <ele>6</ele>
        <time>2018-05-27T09:35:31.000Z</time>
        <extensions>
          <ns3:TrackPointExtension>
            <ns3:hr>204</ns3:hr>
            <ns3:cad>98</ns3:cad>
          </ns3:TrackPointExtension>
        </extensions>
      </trkpt>
      <trkpt lat="55.9652551822364330291748046875" lon="-3.1302748806774616241455078125">
        <ele>5.400000095367431640625</ele>
        <time>2018-05-27T09:35:36.000Z</time>
        <extensions>
          <ns3:TrackPointExtension>
            <ns3:hr>203</ns3:hr>
            <ns3:cad>98</ns3:cad>
          </ns3:TrackPointExtension>
        </extensions>
      </trkpt>
      <trkpt lat="55.96510254777967929840087890625" lon="-3.13001923263072967529296875">
        <ele>5</ele>
        <time>2018-05-27T09:35:42.000Z</time>
        <extensions>
          <ns3:TrackPointExtension>
            <ns3:hr>201</ns3:hr>
            <ns3:cad>97</ns3:cad>
          </ns3:TrackPointExtension>
        </extensions>
      </trkpt>
      <trkpt lat="55.96501923166215419769287109375" lon="-3.12989895232021808624267578125">
        <ele>5</ele>
        <time>2018-05-27T09:35:45.000Z</time>
        <extensions>
          <ns3:TrackPointExtension>
            <ns3:hr>198</ns3:hr>
            <ns3:cad>97</ns3:cad>
          </ns3:TrackPointExtension>
        </extensions>
      </trkpt>
      <trkpt lat="55.9648448042571544647216796875" lon="-3.129688315093517303466796875">
        <ele>5</ele>
        <time>2018-05-27T09:35:51.000Z</time>
        <extensions>
          <ns3:TrackPointExtension>
            <ns3:hr>199</ns3:hr>
            <ns3:cad>97</ns3:cad>
          </ns3:TrackPointExtension>
        </extensions>
      </trkpt>
      <trkpt lat="55.9646679461002349853515625" lon="-3.129476420581340789794921875">
        <ele>6.599999904632568359375</ele>
        <time>2018-05-27T09:35:57.000Z</time>
        <extensions>
          <ns3:TrackPointExtension>
            <ns3:hr>200</ns3:hr>
            <ns3:cad>97</ns3:cad>
          </ns3:TrackPointExtension>
        </extensions>
      </trkpt>
      <trkpt lat="55.96449217759072780609130859375" lon="-3.12927416525781154632568359375">
        <ele>6.80000019073486328125</ele>
        <time>2018-05-27T09:36:03.000Z</time>
        <extensions>
          <ns3:TrackPointExtension>
            <ns3:hr>201</ns3:hr>
            <ns3:cad>96</ns3:cad>
          </ns3:TrackPointExtension>
        </extensions>
      </trkpt>
      <trkpt lat="55.9643211029469966888427734375" lon="-3.1290645338594913482666015625">
        <ele>6</ele>
        <time>2018-05-27T09:36:09.000Z</time>
        <extensions>
          <ns3:TrackPointExtension>
            <ns3:hr>199</ns3:hr>
            <ns3:cad>96</ns3:cad>
          </ns3:TrackPointExtension>
        </extensions>
      </trkpt>
      <trkpt lat="55.9641611762344837188720703125" lon="-3.12884836457669734954833984375">
        <ele>7.80000019073486328125</ele>
        <time>2018-05-27T09:36:15.000Z</time>
        <extensions>
          <ns3:TrackPointExtension>
            <ns3:hr>199</ns3:hr>
            <ns3:cad>97</ns3:cad>
          </ns3:TrackPointExtension>
        </extensions>
      </trkpt>
      <trkpt lat="55.96401491202414035797119140625" lon="-3.12860981561243534088134765625">
        <ele>7</ele>
        <time>2018-05-27T09:36:21.000Z</time>
        <extensions>
          <ns3:TrackPointExtension>
            <ns3:hr>197</ns3:hr>
            <ns3:cad>97</ns3:cad>
          </ns3:TrackPointExtension>
        </extensions>
      </trkpt>
      <trkpt lat="55.96386856399476528167724609375" lon="-3.1283742003142833709716796875">
        <ele>7.599999904632568359375</ele>
        <time>2018-05-27T09:36:27.000Z</time>
        <extensions>
          <ns3:TrackPointExtension>
            <ns3:hr>199</ns3:hr>
            <ns3:cad>96</ns3:cad>
          </ns3:TrackPointExtension>
        </extensions>
      </trkpt>
      <trkpt lat="55.96372221596539020538330078125" lon="-3.128132633864879608154296875">
        <ele>8</ele>
        <time>2018-05-27T09:36:33.000Z</time>
        <extensions>
          <ns3:TrackPointExtension>
            <ns3:hr>198</ns3:hr>
            <ns3:cad>96</ns3:cad>
          </ns3:TrackPointExtension>
        </extensions>
      </trkpt>
      <trkpt lat="55.96357335336506366729736328125" lon="-3.12788419425487518310546875">
        <ele>8</ele>
        <time>2018-05-27T09:36:39.000Z</time>
        <extensions>
          <ns3:TrackPointExtension>
            <ns3:hr>197</ns3:hr>
            <ns3:cad>96</ns3:cad>
          </ns3:TrackPointExtension>
        </extensions>
      </trkpt>
      <trkpt lat="55.96342532895505428314208984375" lon="-3.1276359222829341888427734375">
        <ele>7.80000019073486328125</ele>
        <time>2018-05-27T09:36:45.000Z</time>
        <extensions>
          <ns3:TrackPointExtension>
            <ns3:hr>195</ns3:hr>
            <ns3:cad>97</ns3:cad>
          </ns3:TrackPointExtension>
        </extensions>
      </trkpt>
      <trkpt lat="55.96327043138444423675537109375" lon="-3.1273846328258514404296875">
        <ele>7</ele>
        <time>2018-05-27T09:36:51.000Z</time>
        <extensions>
          <ns3:TrackPointExtension>
            <ns3:hr>196</ns3:hr>
            <ns3:cad>97</ns3:cad>
          </ns3:TrackPointExtension>
        </extensions>
      </trkpt>
      <trkpt lat="55.9631405957043170928955078125" lon="-3.12716159038245677947998046875">
        <ele>6.19999980926513671875</ele>
        <time>2018-05-27T09:36:56.000Z</time>
        <extensions>
          <ns3:TrackPointExtension>
            <ns3:hr>199</ns3:hr>
            <ns3:cad>96</ns3:cad>
          </ns3:TrackPointExtension>
        </extensions>
      </trkpt>
      <trkpt lat="55.96298662014305591583251953125" lon="-3.126900829374790191650390625">
        <ele>5.599999904632568359375</ele>
        <time>2018-05-27T09:37:02.000Z</time>
        <extensions>
          <ns3:TrackPointExtension>
            <ns3:hr>200</ns3:hr>
            <ns3:cad>96</ns3:cad>
          </ns3:TrackPointExtension>
        </extensions>
      </trkpt>
      <trkpt lat="55.96283624880015850067138671875" lon="-3.1266703270375728607177734375">
        <ele>5.599999904632568359375</ele>
        <time>2018-05-27T09:37:08.000Z</time>
        <extensions>
          <ns3:TrackPointExtension>
            <ns3:hr>198</ns3:hr>
            <ns3:cad>96</ns3:cad>
          </ns3:TrackPointExtension>
        </extensions>
      </trkpt>
      <trkpt lat="55.962687470018863677978515625" lon="-3.12642331235110759735107421875">
        <ele>6</ele>
        <time>2018-05-27T09:37:14.000Z</time>
        <extensions>
          <ns3:TrackPointExtension>
            <ns3:hr>197</ns3:hr>
            <ns3:cad>96</ns3:cad>
          </ns3:TrackPointExtension>
        </extensions>
      </trkpt>
      <trkpt lat="55.96253952942788600921630859375" lon="-3.126179315149784088134765625">
        <ele>6.599999904632568359375</ele>
        <time>2018-05-27T09:37:20.000Z</time>
        <extensions>
          <ns3:TrackPointExtension>
            <ns3:hr>197</ns3:hr>
            <ns3:cad>96</ns3:cad>
          </ns3:TrackPointExtension>
        </extensions>
      </trkpt>
      <trkpt lat="55.96241849474608898162841796875" lon="-3.12597270123660564422607421875">
        <ele>7.80000019073486328125</ele>
        <time>2018-05-27T09:37:25.000Z</time>
        <extensions>
          <ns3:TrackPointExtension>
            <ns3:hr>200</ns3:hr>
            <ns3:cad>96</ns3:cad>
          </ns3:TrackPointExtension>
        </extensions>
      </trkpt>
      <trkpt lat="55.96227063797414302825927734375" lon="-3.12572644092142581939697265625">
        <ele>8.19999980926513671875</ele>
        <time>2018-05-27T09:37:31.000Z</time>
        <extensions>
          <ns3:TrackPointExtension>
            <ns3:hr>202</ns3:hr>
            <ns3:cad>96</ns3:cad>
          </ns3:TrackPointExtension>
        </extensions>
      </trkpt>
      <trkpt lat="55.96211850643157958984375" lon="-3.12547448091208934783935546875">
        <ele>9</ele>
        <time>2018-05-27T09:37:37.000Z</time>
        <extensions>
          <ns3:TrackPointExtension>
            <ns3:hr>199</ns3:hr>
            <ns3:cad>96</ns3:cad>
          </ns3:TrackPointExtension>
        </extensions>
      </trkpt>
      <trkpt lat="55.96197031438350677490234375" lon="-3.1252165697515010833740234375">
        <ele>8.3999996185302734375</ele>
        <time>2018-05-27T09:37:43.000Z</time>
        <extensions>
          <ns3:TrackPointExtension>
            <ns3:hr>199</ns3:hr>
            <ns3:cad>96</ns3:cad>
          </ns3:TrackPointExtension>
        </extensions>
      </trkpt>
      <trkpt lat="55.9618943743407726287841796875" lon="-3.12509058974683284759521484375">
        <ele>6.19999980926513671875</ele>
        <time>2018-05-27T09:37:46.000Z</time>
        <extensions>
          <ns3:TrackPointExtension>
            <ns3:hr>202</ns3:hr>
            <ns3:cad>97</ns3:cad>
          </ns3:TrackPointExtension>
        </extensions>
      </trkpt>
      <trkpt lat="55.961746014654636383056640625" lon="-3.124844916164875030517578125">
        <ele>8.3999996185302734375</ele>
        <time>2018-05-27T09:37:52.000Z</time>
        <extensions>
          <ns3:TrackPointExtension>
            <ns3:hr>203</ns3:hr>
            <ns3:cad>97</ns3:cad>
          </ns3:TrackPointExtension>
        </extensions>
      </trkpt>
      <trkpt lat="55.9616449289023876190185546875" lon="-3.12468054704368114471435546875">
        <ele>7.599999904632568359375</ele>
        <time>2018-05-27T09:37:56.000Z</time>
        <extensions>
          <ns3:TrackPointExtension>
            <ns3:hr>200</ns3:hr>
            <ns3:cad>96</ns3:cad>
          </ns3:TrackPointExtension>
        </extensions>
      </trkpt>
      <trkpt lat="55.96149045042693614959716796875" lon="-3.124437890946865081787109375">
        <ele>8</ele>
        <time>2018-05-27T09:38:02.000Z</time>
        <extensions>
          <ns3:TrackPointExtension>
            <ns3:hr>201</ns3:hr>
            <ns3:cad>96</ns3:cad>
          </ns3:TrackPointExtension>
        </extensions>
      </trkpt>
      <trkpt lat="55.96138617955148220062255859375" lon="-3.12427704222500324249267578125">
        <ele>7.80000019073486328125</ele>
        <time>2018-05-27T09:38:06.000Z</time>
        <extensions>
          <ns3:TrackPointExtension>
            <ns3:hr>198</ns3:hr>
            <ns3:cad>96</ns3:cad>
          </ns3:TrackPointExtension>
        </extensions>
      </trkpt>
      <trkpt lat="55.96123128198087215423583984375" lon="-3.1240447796881198883056640625">
        <ele>8</ele>
        <time>2018-05-27T09:38:12.000Z</time>
        <extensions>
          <ns3:TrackPointExtension>
            <ns3:hr>198</ns3:hr>
            <ns3:cad>95</ns3:cad>
          </ns3:TrackPointExtension>
        </extensions>
      </trkpt>
      <trkpt lat="55.9610769711434841156005859375" lon="-3.1238127686083316802978515625">
        <ele>8</ele>
        <time>2018-05-27T09:38:18.000Z</time>
        <extensions>
          <ns3:TrackPointExtension>
            <ns3:hr>197</ns3:hr>
            <ns3:cad>96</ns3:cad>
          </ns3:TrackPointExtension>
        </extensions>
      </trkpt>
      <trkpt lat="55.96092718653380870819091796875" lon="-3.1235616467893123626708984375">
        <ele>8.19999980926513671875</ele>
        <time>2018-05-27T09:38:24.000Z</time>
        <extensions>
          <ns3:TrackPointExtension>
            <ns3:hr>199</ns3:hr>
            <ns3:cad>97</ns3:cad>
          </ns3:TrackPointExtension>
        </extensions>
      </trkpt>
      <trkpt lat="55.96077807247638702392578125" lon="-3.1233135424554347991943359375">
        <ele>8</ele>
        <time>2018-05-27T09:38:30.000Z</time>
        <extensions>
          <ns3:TrackPointExtension>
            <ns3:hr>200</ns3:hr>
            <ns3:cad>96</ns3:cad>
          </ns3:TrackPointExtension>
        </extensions>
      </trkpt>
      <trkpt lat="55.9606307186186313629150390625" lon="-3.123051188886165618896484375">
        <ele>7.400000095367431640625</ele>
        <time>2018-05-27T09:38:36.000Z</time>
        <extensions>
          <ns3:TrackPointExtension>
            <ns3:hr>199</ns3:hr>
            <ns3:cad>96</ns3:cad>
          </ns3:TrackPointExtension>
        </extensions>
      </trkpt>
      <trkpt lat="55.96048529259860515594482421875" lon="-3.1227915175259113311767578125">
        <ele>5.80000019073486328125</ele>
        <time>2018-05-27T09:38:42.000Z</time>
        <extensions>
          <ns3:TrackPointExtension>
            <ns3:hr>201</ns3:hr>
            <ns3:cad>96</ns3:cad>
          </ns3:TrackPointExtension>
        </extensions>
      </trkpt>
      <trkpt lat="55.96033978275954723358154296875" lon="-3.12254584394395351409912109375">
        <ele>7.599999904632568359375</ele>
        <time>2018-05-27T09:38:48.000Z</time>
        <extensions>
          <ns3:TrackPointExtension>
            <ns3:hr>201</ns3:hr>
            <ns3:cad>96</ns3:cad>
          </ns3:TrackPointExtension>
        </extensions>
      </trkpt>
      <trkpt lat="55.9601938538253307342529296875" lon="-3.1223073787987232208251953125">
        <ele>6</ele>
        <time>2018-05-27T09:38:54.000Z</time>
        <extensions>
          <ns3:TrackPointExtension>
            <ns3:hr>201</ns3:hr>
            <ns3:cad>97</ns3:cad>
          </ns3:TrackPointExtension>
        </extensions>
      </trkpt>
      <trkpt lat="55.960045494139194488525390625" lon="-3.12206757254898548126220703125">
        <ele>8.3999996185302734375</ele>
        <time>2018-05-27T09:39:00.000Z</time>
        <extensions>
          <ns3:TrackPointExtension>
            <ns3:hr>201</ns3:hr>
            <ns3:cad>96</ns3:cad>
          </ns3:TrackPointExtension>
        </extensions>
      </trkpt>
      <trkpt lat="55.959896631538867950439453125" lon="-3.12181578017771244049072265625">
        <ele>8.80000019073486328125</ele>
        <time>2018-05-27T09:39:06.000Z</time>
        <extensions>
          <ns3:TrackPointExtension>
            <ns3:hr>200</ns3:hr>
            <ns3:cad>96</ns3:cad>
          </ns3:TrackPointExtension>
        </extensions>
      </trkpt>
      <trkpt lat="55.959764532744884490966796875" lon="-3.12155686318874359130859375">
        <ele>13</ele>
        <time>2018-05-27T09:39:12.000Z</time>
        <extensions>
          <ns3:TrackPointExtension>
            <ns3:hr>201</ns3:hr>
            <ns3:cad>96</ns3:cad>
          </ns3:TrackPointExtension>
        </extensions>
      </trkpt>
      <trkpt lat="55.95961173065006732940673828125" lon="-3.12129761092364788055419921875">
        <ele>11.6000003814697265625</ele>
        <time>2018-05-27T09:39:18.000Z</time>
        <extensions>
          <ns3:TrackPointExtension>
            <ns3:hr>201</ns3:hr>
            <ns3:cad>93</ns3:cad>
          </ns3:TrackPointExtension>
        </extensions>
      </trkpt>
      <trkpt lat="55.9594602696597576141357421875" lon="-3.1210373528301715850830078125">
        <ele>5.19999980926513671875</ele>
        <time>2018-05-27T09:39:24.000Z</time>
        <extensions>
          <ns3:TrackPointExtension>
            <ns3:hr>201</ns3:hr>
            <ns3:cad>97</ns3:cad>
          </ns3:TrackPointExtension>
        </extensions>
      </trkpt>
      <trkpt lat="55.95931450836360454559326171875" lon="-3.12078782357275485992431640625">
        <ele>10</ele>
        <time>2018-05-27T09:39:30.000Z</time>
        <extensions>
          <ns3:TrackPointExtension>
            <ns3:hr>201</ns3:hr>
            <ns3:cad>97</ns3:cad>
          </ns3:TrackPointExtension>
        </extensions>
      </trkpt>
      <trkpt lat="55.959186516702175140380859375" lon="-3.12057257629930973052978515625">
        <ele>4.80000019073486328125</ele>
        <time>2018-05-27T09:39:35.000Z</time>
        <extensions>
          <ns3:TrackPointExtension>
            <ns3:hr>201</ns3:hr>
            <ns3:cad>94</ns3:cad>
          </ns3:TrackPointExtension>
        </extensions>
      </trkpt>
      <trkpt lat="55.959032289683818817138671875" lon="-3.120300583541393280029296875">
        <ele>8.3999996185302734375</ele>
        <time>2018-05-27T09:39:41.000Z</time>
        <extensions>
          <ns3:TrackPointExtension>
            <ns3:hr>203</ns3:hr>
            <ns3:cad>95</ns3:cad>
          </ns3:TrackPointExtension>
        </extensions>
      </trkpt>
      <trkpt lat="55.9588815830647945404052734375" lon="-3.120043091475963592529296875">
        <ele>7</ele>
        <time>2018-05-27T09:39:47.000Z</time>
        <extensions>
          <ns3:TrackPointExtension>
            <ns3:hr>204</ns3:hr>
            <ns3:cad>96</ns3:cad>
          </ns3:TrackPointExtension>
        </extensions>
      </trkpt>
      <trkpt lat="55.95874822698533535003662109375" lon="-3.119815103709697723388671875">
        <ele>6.599999904632568359375</ele>
        <time>2018-05-27T09:39:52.000Z</time>
        <extensions>
          <ns3:TrackPointExtension>
            <ns3:hr>202</ns3:hr>
            <ns3:cad>96</ns3:cad>
          </ns3:TrackPointExtension>
        </extensions>
      </trkpt>
      <trkpt lat="55.95862886868417263031005859375" lon="-3.1195946596562862396240234375">
        <ele>6</ele>
        <time>2018-05-27T09:39:57.000Z</time>
        <extensions>
          <ns3:TrackPointExtension>
            <ns3:hr>199</ns3:hr>
            <ns3:cad>96</ns3:cad>
          </ns3:TrackPointExtension>
        </extensions>
      </trkpt>
      <trkpt lat="55.958543457090854644775390625" lon="-3.11940866522490978240966796875">
        <ele>5.400000095367431640625</ele>
        <time>2018-05-27T09:40:01.000Z</time>
        <extensions>
          <ns3:TrackPointExtension>
            <ns3:hr>196</ns3:hr>
            <ns3:cad>96</ns3:cad>
          </ns3:TrackPointExtension>
        </extensions>
      </trkpt>
      <trkpt lat="55.95841663889586925506591796875" lon="-3.1191259436309337615966796875">
        <ele>7.400000095367431640625</ele>
        <time>2018-05-27T09:40:07.000Z</time>
        <extensions>
          <ns3:TrackPointExtension>
            <ns3:hr>197</ns3:hr>
            <ns3:cad>95</ns3:cad>
          </ns3:TrackPointExtension>
        </extensions>
      </trkpt>
      <trkpt lat="55.95829761587083339691162109375" lon="-3.1188503466546535491943359375">
        <ele>5.19999980926513671875</ele>
        <time>2018-05-27T09:40:13.000Z</time>
        <extensions>
          <ns3:TrackPointExtension>
            <ns3:hr>198</ns3:hr>
            <ns3:cad>94</ns3:cad>
          </ns3:TrackPointExtension>
        </extensions>
      </trkpt>
      <trkpt lat="55.958168618381023406982421875" lon="-3.1185821257531642913818359375">
        <ele>8.3999996185302734375</ele>
        <time>2018-05-27T09:40:19.000Z</time>
        <extensions>
          <ns3:TrackPointExtension>
            <ns3:hr>197</ns3:hr>
            <ns3:cad>97</ns3:cad>
          </ns3:TrackPointExtension>
        </extensions>
      </trkpt>
      <trkpt lat="55.95803811214864253997802734375" lon="-3.1183040142059326171875">
        <ele>10</ele>
        <time>2018-05-27T09:40:25.000Z</time>
        <extensions>
          <ns3:TrackPointExtension>
            <ns3:hr>197</ns3:hr>
            <ns3:cad>95</ns3:cad>
          </ns3:TrackPointExtension>
        </extensions>
      </trkpt>
      <trkpt lat="55.95794255845248699188232421875" lon="-3.1181124038994312286376953125">
        <ele>9.3999996185302734375</ele>
        <time>2018-05-27T09:40:29.000Z</time>
        <extensions>
          <ns3:TrackPointExtension>
            <ns3:hr>200</ns3:hr>
            <ns3:cad>97</ns3:cad>
          </ns3:TrackPointExtension>
        </extensions>
      </trkpt>
      <trkpt lat="55.957803167402744293212890625" lon="-3.11790780164301395416259765625">
        <ele>8</ele>
        <time>2018-05-27T09:40:34.000Z</time>
        <extensions>
          <ns3:TrackPointExtension>
            <ns3:hr>199</ns3:hr>
            <ns3:cad>95</ns3:cad>
          </ns3:TrackPointExtension>
        </extensions>
      </trkpt>
      <trkpt lat="55.95765992067754268646240234375" lon="-3.1177104078233242034912109375">
        <ele>8.80000019073486328125</ele>
        <time>2018-05-27T09:40:39.000Z</time>
        <extensions>
          <ns3:TrackPointExtension>
            <ns3:hr>198</ns3:hr>
            <ns3:cad>97</ns3:cad>
          </ns3:TrackPointExtension>
        </extensions>
      </trkpt>
      <trkpt lat="55.95748675055801868438720703125" lon="-3.11749373562633991241455078125">
        <ele>10.6000003814697265625</ele>
        <time>2018-05-27T09:40:45.000Z</time>
        <extensions>
          <ns3:TrackPointExtension>
            <ns3:hr>198</ns3:hr>
            <ns3:cad>96</ns3:cad>
          </ns3:TrackPointExtension>
        </extensions>
      </trkpt>
      <trkpt lat="55.9573235549032688140869140625" lon="-3.11727873980998992919921875">
        <ele>9.80000019073486328125</ele>
        <time>2018-05-27T09:40:51.000Z</time>
        <extensions>
          <ns3:TrackPointExtension>
            <ns3:hr>198</ns3:hr>
            <ns3:cad>95</ns3:cad>
          </ns3:TrackPointExtension>
        </extensions>
      </trkpt>
      <trkpt lat="55.95716337673366069793701171875" lon="-3.11704128049314022064208984375">
        <ele>7.400000095367431640625</ele>
        <time>2018-05-27T09:40:57.000Z</time>
        <extensions>
          <ns3:TrackPointExtension>
            <ns3:hr>198</ns3:hr>
            <ns3:cad>95</ns3:cad>
          </ns3:TrackPointExtension>
        </extensions>
      </trkpt>
      <trkpt lat="55.95701853744685649871826171875" lon="-3.116784878075122833251953125">
        <ele>5.599999904632568359375</ele>
        <time>2018-05-27T09:41:03.000Z</time>
        <extensions>
          <ns3:TrackPointExtension>
            <ns3:hr>198</ns3:hr>
            <ns3:cad>96</ns3:cad>
          </ns3:TrackPointExtension>
        </extensions>
      </trkpt>
      <trkpt lat="55.95689314417541027069091796875" lon="-3.116493187844753265380859375">
        <ele>5</ele>
        <time>2018-05-27T09:41:09.000Z</time>
        <extensions>
          <ns3:TrackPointExtension>
            <ns3:hr>196</ns3:hr>
            <ns3:cad>96</ns3:cad>
          </ns3:TrackPointExtension>
        </extensions>
      </trkpt>
      <trkpt lat="55.9567929804325103759765625" lon="-3.11617157422006130218505859375">
        <ele>6</ele>
        <time>2018-05-27T09:41:15.000Z</time>
        <extensions>
          <ns3:TrackPointExtension>
            <ns3:hr>198</ns3:hr>
            <ns3:cad>95</ns3:cad>
          </ns3:TrackPointExtension>
        </extensions>
      </trkpt>
      <trkpt lat="55.9567327983677387237548828125" lon="-3.11582758091390132904052734375">
        <ele>6</ele>
        <time>2018-05-27T09:41:21.000Z</time>
        <extensions>
          <ns3:TrackPointExtension>
            <ns3:hr>197</ns3:hr>
            <ns3:cad>95</ns3:cad>
          </ns3:TrackPointExtension>
        </extensions>
      </trkpt>
      <trkpt lat="55.95669985748827457427978515625" lon="-3.1154640577733516693115234375">
        <ele>5.400000095367431640625</ele>
        <time>2018-05-27T09:41:27.000Z</time>
        <extensions>
          <ns3:TrackPointExtension>
            <ns3:hr>199</ns3:hr>
            <ns3:cad>97</ns3:cad>
          </ns3:TrackPointExtension>
        </extensions>
      </trkpt>
      <trkpt lat="55.9566737897694110870361328125" lon="-3.11510807834565639495849609375">
        <ele>5.400000095367431640625</ele>
        <time>2018-05-27T09:41:33.000Z</time>
        <extensions>
          <ns3:TrackPointExtension>
            <ns3:hr>198</ns3:hr>
            <ns3:cad>97</ns3:cad>
          </ns3:TrackPointExtension>
        </extensions>
      </trkpt>
      <trkpt lat="55.956626348197460174560546875" lon="-3.1147536076605319976806640625">
        <ele>5.19999980926513671875</ele>
        <time>2018-05-27T09:41:39.000Z</time>
        <extensions>
          <ns3:TrackPointExtension>
            <ns3:hr>197</ns3:hr>
            <ns3:cad>95</ns3:cad>
          </ns3:TrackPointExtension>
        </extensions>
      </trkpt>
      <trkpt lat="55.9565447084605693817138671875" lon="-3.11441414058208465576171875">
        <ele>5.400000095367431640625</ele>
        <time>2018-05-27T09:41:45.000Z</time>
        <extensions>
          <ns3:TrackPointExtension>
            <ns3:hr>197</ns3:hr>
            <ns3:cad>96</ns3:cad>
          </ns3:TrackPointExtension>
        </extensions>
      </trkpt>
      <trkpt lat="55.9564149565994739532470703125" lon="-3.114112056791782379150390625">
        <ele>6.400000095367431640625</ele>
        <time>2018-05-27T09:41:51.000Z</time>
        <extensions>
          <ns3:TrackPointExtension>
            <ns3:hr>198</ns3:hr>
            <ns3:cad>96</ns3:cad>
          </ns3:TrackPointExtension>
        </extensions>
      </trkpt>
      <trkpt lat="55.95629920251667499542236328125" lon="-3.11380754224956035614013671875">
        <ele>7</ele>
        <time>2018-05-27T09:41:57.000Z</time>
        <extensions>
          <ns3:TrackPointExtension>
            <ns3:hr>197</ns3:hr>
            <ns3:cad>96</ns3:cad>
          </ns3:TrackPointExtension>
        </extensions>
      </trkpt>
      <trkpt lat="55.95618353225290775299072265625" lon="-3.11351786367595195770263671875">
        <ele>7</ele>
        <time>2018-05-27T09:42:03.000Z</time>
        <extensions>
          <ns3:TrackPointExtension>
            <ns3:hr>197</ns3:hr>
            <ns3:cad>95</ns3:cad>
          </ns3:TrackPointExtension>
        </extensions>
      </trkpt>
      <trkpt lat="55.95606484450399875640869140625" lon="-3.113243021070957183837890625">
        <ele>7</ele>
        <time>2018-05-27T09:42:09.000Z</time>
        <extensions>
          <ns3:TrackPointExtension>
            <ns3:hr>196</ns3:hr>
            <ns3:cad>96</ns3:cad>
          </ns3:TrackPointExtension>
        </extensions>
      </trkpt>
      <trkpt lat="55.955947749316692352294921875" lon="-3.11295359395444393157958984375">
        <ele>7</ele>
        <time>2018-05-27T09:42:15.000Z</time>
        <extensions>
          <ns3:TrackPointExtension>
            <ns3:hr>197</ns3:hr>
            <ns3:cad>97</ns3:cad>
          </ns3:TrackPointExtension>
        </extensions>
      </trkpt>
      <trkpt lat="55.955833755433559417724609375" lon="-3.11268009245395660400390625">
        <ele>7.400000095367431640625</ele>
        <time>2018-05-27T09:42:21.000Z</time>
        <extensions>
          <ns3:TrackPointExtension>
            <ns3:hr>197</ns3:hr>
            <ns3:cad>95</ns3:cad>
          </ns3:TrackPointExtension>
        </extensions>
      </trkpt>
      <trkpt lat="55.95570928417146205902099609375" lon="-3.11238773167133331298828125">
        <ele>7.80000019073486328125</ele>
        <time>2018-05-27T09:42:27.000Z</time>
        <extensions>
          <ns3:TrackPointExtension>
            <ns3:hr>198</ns3:hr>
            <ns3:cad>96</ns3:cad>
          </ns3:TrackPointExtension>
        </extensions>
      </trkpt>
      <trkpt lat="55.9555908478796482086181640625" lon="-3.1121029146015644073486328125">
        <ele>7</ele>
        <time>2018-05-27T09:42:33.000Z</time>
        <extensions>
          <ns3:TrackPointExtension>
            <ns3:hr>200</ns3:hr>
            <ns3:cad>96</ns3:cad>
          </ns3:TrackPointExtension>
        </extensions>
      </trkpt>
      <trkpt lat="55.9554862417280673980712890625" lon="-3.1118759326636791229248046875">
        <ele>6.400000095367431640625</ele>
        <time>2018-05-27T09:42:38.000Z</time>
        <extensions>
          <ns3:TrackPointExtension>
            <ns3:hr>203</ns3:hr>
            <ns3:cad>96</ns3:cad>
          </ns3:TrackPointExtension>
        </extensions>
      </trkpt>
      <trkpt lat="55.95536135137081146240234375" lon="-3.1116046942770481109619140625">
        <ele>5.400000095367431640625</ele>
        <time>2018-05-27T09:42:44.000Z</time>
        <extensions>
          <ns3:TrackPointExtension>
            <ns3:hr>204</ns3:hr>
            <ns3:cad>96</ns3:cad>
          </ns3:TrackPointExtension>
        </extensions>
      </trkpt>
      <trkpt lat="55.95524190925061702728271484375" lon="-3.11131493188440799713134765625">
        <ele>5.80000019073486328125</ele>
        <time>2018-05-27T09:42:50.000Z</time>
        <extensions>
          <ns3:TrackPointExtension>
            <ns3:hr>202</ns3:hr>
            <ns3:cad>96</ns3:cad>
          </ns3:TrackPointExtension>
        </extensions>
      </trkpt>
      <trkpt lat="55.9551217965781688690185546875" lon="-3.11103648506104946136474609375">
        <ele>6</ele>
        <time>2018-05-27T09:42:56.000Z</time>
        <extensions>
          <ns3:TrackPointExtension>
            <ns3:hr>200</ns3:hr>
            <ns3:cad>96</ns3:cad>
          </ns3:TrackPointExtension>
        </extensions>
      </trkpt>
      <trkpt lat="55.9550039470195770263671875" lon="-3.11076122336089611053466796875">
        <ele>5.80000019073486328125</ele>
        <time>2018-05-27T09:43:02.000Z</time>
        <extensions>
          <ns3:TrackPointExtension>
            <ns3:hr>200</ns3:hr>
            <ns3:cad>96</ns3:cad>
          </ns3:TrackPointExtension>
        </extensions>
      </trkpt>
      <trkpt lat="55.95489691011607646942138671875" lon="-3.11053860001266002655029296875">
        <ele>6</ele>
        <time>2018-05-27T09:43:07.000Z</time>
        <extensions>
          <ns3:TrackPointExtension>
            <ns3:hr>200</ns3:hr>
            <ns3:cad>95</ns3:cad>
          </ns3:TrackPointExtension>
        </extensions>
      </trkpt>
      <trkpt lat="55.9547751210629940032958984375" lon="-3.11026032082736492156982421875">
        <ele>6.599999904632568359375</ele>
        <time>2018-05-27T09:43:13.000Z</time>
        <extensions>
          <ns3:TrackPointExtension>
            <ns3:hr>199</ns3:hr>
            <ns3:cad>97</ns3:cad>
          </ns3:TrackPointExtension>
        </extensions>
      </trkpt>
      <trkpt lat="55.9546597860753536224365234375" lon="-3.10996628366410732269287109375">
        <ele>6.400000095367431640625</ele>
        <time>2018-05-27T09:43:19.000Z</time>
        <extensions>
          <ns3:TrackPointExtension>
            <ns3:hr>198</ns3:hr>
            <ns3:cad>96</ns3:cad>
          </ns3:TrackPointExtension>
        </extensions>
      </trkpt>
      <trkpt lat="55.95453464426100254058837890625" lon="-3.10967928729951381683349609375">
        <ele>6.400000095367431640625</ele>
        <time>2018-05-27T09:43:25.000Z</time>
        <extensions>
          <ns3:TrackPointExtension>
            <ns3:hr>199</ns3:hr>
            <ns3:cad>95</ns3:cad>
          </ns3:TrackPointExtension>
        </extensions>
      </trkpt>
      <trkpt lat="55.954412519931793212890625" lon="-3.10939882881939411163330078125">
        <ele>5.80000019073486328125</ele>
        <time>2018-05-27T09:43:31.000Z</time>
        <extensions>
          <ns3:TrackPointExtension>
            <ns3:hr>201</ns3:hr>
            <ns3:cad>95</ns3:cad>
          </ns3:TrackPointExtension>
        </extensions>
      </trkpt>
      <trkpt lat="55.9543167985975742340087890625" lon="-3.1091615371406078338623046875">
        <ele>5.80000019073486328125</ele>
        <time>2018-05-27T09:43:36.000Z</time>
        <extensions>
          <ns3:TrackPointExtension>
            <ns3:hr>204</ns3:hr>
            <ns3:cad>95</ns3:cad>
          </ns3:TrackPointExtension>
        </extensions>
      </trkpt>
      <trkpt lat="55.9542054869234561920166015625" lon="-3.10886733233928680419921875">
        <ele>7</ele>
        <time>2018-05-27T09:43:42.000Z</time>
        <extensions>
          <ns3:TrackPointExtension>
            <ns3:hr>204</ns3:hr>
            <ns3:cad>95</ns3:cad>
          </ns3:TrackPointExtension>
        </extensions>
      </trkpt>
      <trkpt lat="55.9540931694209575653076171875" lon="-3.108563907444477081298828125">
        <ele>6.80000019073486328125</ele>
        <time>2018-05-27T09:43:48.000Z</time>
        <extensions>
          <ns3:TrackPointExtension>
            <ns3:hr>202</ns3:hr>
            <ns3:cad>95</ns3:cad>
          </ns3:TrackPointExtension>
        </extensions>
      </trkpt>
      <trkpt lat="55.9539793431758880615234375" lon="-3.1082851253449916839599609375">
        <ele>7.19999980926513671875</ele>
        <time>2018-05-27T09:43:54.000Z</time>
        <extensions>
          <ns3:TrackPointExtension>
            <ns3:hr>201</ns3:hr>
            <ns3:cad>95</ns3:cad>
          </ns3:TrackPointExtension>
        </extensions>
      </trkpt>
      <trkpt lat="55.953855626285076141357421875" lon="-3.10801983810961246490478515625">
        <ele>6.19999980926513671875</ele>
        <time>2018-05-27T09:44:00.000Z</time>
        <extensions>
          <ns3:TrackPointExtension>
            <ns3:hr>199</ns3:hr>
            <ns3:cad>96</ns3:cad>
          </ns3:TrackPointExtension>
        </extensions>
      </trkpt>
      <trkpt lat="55.95373869873583316802978515625" lon="-3.10774273239076137542724609375">
        <ele>6.19999980926513671875</ele>
        <time>2018-05-27T09:44:06.000Z</time>
        <extensions>
          <ns3:TrackPointExtension>
            <ns3:hr>198</ns3:hr>
            <ns3:cad>96</ns3:cad>
          </ns3:TrackPointExtension>
        </extensions>
      </trkpt>
      <trkpt lat="55.95362219028174877166748046875" lon="-3.1074573285877704620361328125">
        <ele>6.19999980926513671875</ele>
        <time>2018-05-27T09:44:12.000Z</time>
        <extensions>
          <ns3:TrackPointExtension>
            <ns3:hr>199</ns3:hr>
            <ns3:cad>94</ns3:cad>
          </ns3:TrackPointExtension>
        </extensions>
      </trkpt>
      <trkpt lat="55.9535020776093006134033203125" lon="-3.1071569211781024932861328125">
        <ele>7.599999904632568359375</ele>
        <time>2018-05-27T09:44:18.000Z</time>
        <extensions>
          <ns3:TrackPointExtension>
            <ns3:hr>197</ns3:hr>
            <ns3:cad>96</ns3:cad>
          </ns3:TrackPointExtension>
        </extensions>
      </trkpt>
      <trkpt lat="55.9533892571926116943359375" lon="-3.10685299336910247802734375">
        <ele>8.6000003814697265625</ele>
        <time>2018-05-27T09:44:24.000Z</time>
        <extensions>
          <ns3:TrackPointExtension>
            <ns3:hr>199</ns3:hr>
            <ns3:cad>96</ns3:cad>
          </ns3:TrackPointExtension>
        </extensions>
      </trkpt>
      <trkpt lat="55.9532740898430347442626953125" lon="-3.1065608002245426177978515625">
        <ele>9</ele>
        <time>2018-05-27T09:44:30.000Z</time>
        <extensions>
          <ns3:TrackPointExtension>
            <ns3:hr>198</ns3:hr>
            <ns3:cad>96</ns3:cad>
          </ns3:TrackPointExtension>
        </extensions>
      </trkpt>
      <trkpt lat="55.95315783284604549407958984375" lon="-3.1062717922031879425048828125">
        <ele>9</ele>
        <time>2018-05-27T09:44:36.000Z</time>
        <extensions>
          <ns3:TrackPointExtension>
            <ns3:hr>199</ns3:hr>
            <ns3:cad>95</ns3:cad>
          </ns3:TrackPointExtension>
        </extensions>
      </trkpt>
      <trkpt lat="55.953037552535533905029296875" lon="-3.10598454438149929046630859375">
        <ele>9</ele>
        <time>2018-05-27T09:44:42.000Z</time>
        <extensions>
          <ns3:TrackPointExtension>
            <ns3:hr>200</ns3:hr>
            <ns3:cad>96</ns3:cad>
          </ns3:TrackPointExtension>
        </extensions>
      </trkpt>
      <trkpt lat="55.95291693694889545440673828125" lon="-3.10568463988602161407470703125">
        <ele>8.80000019073486328125</ele>
        <time>2018-05-27T09:44:48.000Z</time>
        <extensions>
          <ns3:TrackPointExtension>
            <ns3:hr>198</ns3:hr>
            <ns3:cad>96</ns3:cad>
          </ns3:TrackPointExtension>
        </extensions>
      </trkpt>
      <trkpt lat="55.95279715955257415771484375" lon="-3.10538557358086109161376953125">
        <ele>7.400000095367431640625</ele>
        <time>2018-05-27T09:44:54.000Z</time>
        <extensions>
          <ns3:TrackPointExtension>
            <ns3:hr>199</ns3:hr>
            <ns3:cad>97</ns3:cad>
          </ns3:TrackPointExtension>
        </extensions>
      </trkpt>
      <trkpt lat="55.9526796452701091766357421875" lon="-3.105085752904415130615234375">
        <ele>6.19999980926513671875</ele>
        <time>2018-05-27T09:45:00.000Z</time>
        <extensions>
          <ns3:TrackPointExtension>
            <ns3:hr>200</ns3:hr>
            <ns3:cad>97</ns3:cad>
          </ns3:TrackPointExtension>
        </extensions>
      </trkpt>
      <trkpt lat="55.95261787064373493194580078125" lon="-3.10493613593280315399169921875">
        <ele>6</ele>
        <time>2018-05-27T09:45:03.000Z</time>
        <extensions>
          <ns3:TrackPointExtension>
            <ns3:hr>197</ns3:hr>
            <ns3:cad>96</ns3:cad>
          </ns3:TrackPointExtension>
        </extensions>
      </trkpt>
      <trkpt lat="55.9524952434003353118896484375" lon="-3.10463556088507175445556640625">
        <ele>6.400000095367431640625</ele>
        <time>2018-05-27T09:45:09.000Z</time>
        <extensions>
          <ns3:TrackPointExtension>
            <ns3:hr>196</ns3:hr>
            <ns3:cad>97</ns3:cad>
          </ns3:TrackPointExtension>
        </extensions>
      </trkpt>
      <trkpt lat="55.95237697474658489227294921875" lon="-3.10434336774051189422607421875">
        <ele>7.599999904632568359375</ele>
        <time>2018-05-27T09:45:15.000Z</time>
        <extensions>
          <ns3:TrackPointExtension>
            <ns3:hr>196</ns3:hr>
            <ns3:cad>96</ns3:cad>
          </ns3:TrackPointExtension>
        </extensions>
      </trkpt>
      <trkpt lat="55.95225543715059757232666015625" lon="-3.10405184514820575714111328125">
        <ele>7.599999904632568359375</ele>
        <time>2018-05-27T09:45:21.000Z</time>
        <extensions>
          <ns3:TrackPointExtension>
            <ns3:hr>195</ns3:hr>
            <ns3:cad>96</ns3:cad>
          </ns3:TrackPointExtension>
        </extensions>
      </trkpt>
      <trkpt lat="55.952131636440753936767578125" lon="-3.1037763319909572601318359375">
        <ele>7.599999904632568359375</ele>
        <time>2018-05-27T09:45:27.000Z</time>
        <extensions>
          <ns3:TrackPointExtension>
            <ns3:hr>194</ns3:hr>
            <ns3:cad>96</ns3:cad>
          </ns3:TrackPointExtension>
        </extensions>
      </trkpt>
      <trkpt lat="55.95201202668249607086181640625" lon="-3.10348388738930225372314453125">
        <ele>8.19999980926513671875</ele>
        <time>2018-05-27T09:45:33.000Z</time>
        <extensions>
          <ns3:TrackPointExtension>
            <ns3:hr>194</ns3:hr>
            <ns3:cad>95</ns3:cad>
          </ns3:TrackPointExtension>
        </extensions>
      </trkpt>
      <trkpt lat="55.95189685933291912078857421875" lon="-3.103197477757930755615234375">
        <ele>8.3999996185302734375</ele>
        <time>2018-05-27T09:45:39.000Z</time>
        <extensions>
          <ns3:TrackPointExtension>
            <ns3:hr>195</ns3:hr>
            <ns3:cad>97</ns3:cad>
          </ns3:TrackPointExtension>
        </extensions>
      </trkpt>
      <trkpt lat="55.95179091207683086395263671875" lon="-3.10291945002973079681396484375">
        <ele>9</ele>
        <time>2018-05-27T09:45:45.000Z</time>
        <extensions>
          <ns3:TrackPointExtension>
            <ns3:hr>196</ns3:hr>
            <ns3:cad>95</ns3:cad>
          </ns3:TrackPointExtension>
        </extensions>
      </trkpt>
      <trkpt lat="55.95168513245880603790283203125" lon="-3.10262960381805896759033203125">
        <ele>8.3999996185302734375</ele>
        <time>2018-05-27T09:45:51.000Z</time>
        <extensions>
          <ns3:TrackPointExtension>
            <ns3:hr>196</ns3:hr>
            <ns3:cad>96</ns3:cad>
          </ns3:TrackPointExtension>
        </extensions>
      </trkpt>
      <trkpt lat="55.95157315023243427276611328125" lon="-3.10232542455196380615234375">
        <ele>6.19999980926513671875</ele>
        <time>2018-05-27T09:45:57.000Z</time>
        <extensions>
          <ns3:TrackPointExtension>
            <ns3:hr>197</ns3:hr>
            <ns3:cad>96</ns3:cad>
          </ns3:TrackPointExtension>
        </extensions>
      </trkpt>
      <trkpt lat="55.9514686278998851776123046875" lon="-3.10201655142009258270263671875">
        <ele>7.400000095367431640625</ele>
        <time>2018-05-27T09:46:03.000Z</time>
        <extensions>
          <ns3:TrackPointExtension>
            <ns3:hr>198</ns3:hr>
            <ns3:cad>96</ns3:cad>
          </ns3:TrackPointExtension>
        </extensions>
      </trkpt>
      <trkpt lat="55.9513596631586551666259765625" lon="-3.1017132103443145751953125">
        <ele>7.599999904632568359375</ele>
        <time>2018-05-27T09:46:09.000Z</time>
        <extensions>
          <ns3:TrackPointExtension>
            <ns3:hr>199</ns3:hr>
            <ns3:cad>95</ns3:cad>
          </ns3:TrackPointExtension>
        </extensions>
      </trkpt>
      <trkpt lat="55.95125312916934490203857421875" lon="-3.10141079127788543701171875">
        <ele>7.80000019073486328125</ele>
        <time>2018-05-27T09:46:15.000Z</time>
        <extensions>
          <ns3:TrackPointExtension>
            <ns3:hr>201</ns3:hr>
            <ns3:cad>96</ns3:cad>
          </ns3:TrackPointExtension>
        </extensions>
      </trkpt>
      <trkpt lat="55.951144583523273468017578125" lon="-3.10111063532531261444091796875">
        <ele>7.80000019073486328125</ele>
        <time>2018-05-27T09:46:21.000Z</time>
        <extensions>
          <ns3:TrackPointExtension>
            <ns3:hr>202</ns3:hr>
            <ns3:cad>95</ns3:cad>
          </ns3:TrackPointExtension>
        </extensions>
      </trkpt>
      <trkpt lat="55.95103234983980655670166015625" lon="-3.10081860981881618499755859375">
        <ele>7</ele>
        <time>2018-05-27T09:46:27.000Z</time>
        <extensions>
          <ns3:TrackPointExtension>
            <ns3:hr>199</ns3:hr>
            <ns3:cad>95</ns3:cad>
          </ns3:TrackPointExtension>
        </extensions>
      </trkpt>
      <trkpt lat="55.95092321746051311492919921875" lon="-3.10051971115171909332275390625">
        <ele>7.19999980926513671875</ele>
        <time>2018-05-27T09:46:33.000Z</time>
        <extensions>
          <ns3:TrackPointExtension>
            <ns3:hr>198</ns3:hr>
            <ns3:cad>97</ns3:cad>
          </ns3:TrackPointExtension>
        </extensions>
      </trkpt>
      <trkpt lat="55.95080637373030185699462890625" lon="-3.10022986494004726409912109375">
        <ele>5.80000019073486328125</ele>
        <time>2018-05-27T09:46:39.000Z</time>
        <extensions>
          <ns3:TrackPointExtension>
            <ns3:hr>198</ns3:hr>
            <ns3:cad>95</ns3:cad>
          </ns3:TrackPointExtension>
        </extensions>
      </trkpt>
      <trkpt lat="55.95072842203080654144287109375" lon="-3.10002853162586688995361328125">
        <ele>5.80000019073486328125</ele>
        <time>2018-05-27T09:46:43.000Z</time>
        <extensions>
          <ns3:TrackPointExtension>
            <ns3:hr>198</ns3:hr>
            <ns3:cad>96</ns3:cad>
          </ns3:TrackPointExtension>
        </extensions>
      </trkpt>
      <trkpt lat="55.950618870556354522705078125" lon="-3.09972745366394519805908203125">
        <ele>6.599999904632568359375</ele>
        <time>2018-05-27T09:46:49.000Z</time>
        <extensions>
          <ns3:TrackPointExtension>
            <ns3:hr>198</ns3:hr>
            <ns3:cad>97</ns3:cad>
          </ns3:TrackPointExtension>
        </extensions>
      </trkpt>
      <trkpt lat="55.950508229434490203857421875" lon="-3.099436350166797637939453125">
        <ele>4.400000095367431640625</ele>
        <time>2018-05-27T09:46:55.000Z</time>
        <extensions>
          <ns3:TrackPointExtension>
            <ns3:hr>199</ns3:hr>
            <ns3:cad>96</ns3:cad>
          </ns3:TrackPointExtension>
        </extensions>
      </trkpt>
      <trkpt lat="55.9504027850925922393798828125" lon="-3.09914004988968372344970703125">
        <ele>7</ele>
        <time>2018-05-27T09:47:01.000Z</time>
        <extensions>
          <ns3:TrackPointExtension>
            <ns3:hr>200</ns3:hr>
            <ns3:cad>95</ns3:cad>
          </ns3:TrackPointExtension>
        </extensions>
      </trkpt>
      <trkpt lat="55.95030077733099460601806640625" lon="-3.09884651564061641693115234375">
        <ele>7.400000095367431640625</ele>
        <time>2018-05-27T09:47:07.000Z</time>
        <extensions>
          <ns3:TrackPointExtension>
            <ns3:hr>200</ns3:hr>
            <ns3:cad>97</ns3:cad>
          </ns3:TrackPointExtension>
        </extensions>
      </trkpt>
      <trkpt lat="55.9501868672668933868408203125" lon="-3.0985616147518157958984375">
        <ele>7</ele>
        <time>2018-05-27T09:47:13.000Z</time>
        <extensions>
          <ns3:TrackPointExtension>
            <ns3:hr>198</ns3:hr>
            <ns3:cad>95</ns3:cad>
          </ns3:TrackPointExtension>
        </extensions>
      </trkpt>
      <trkpt lat="55.95007983036339282989501953125" lon="-3.098264224827289581298828125">
        <ele>7.400000095367431640625</ele>
        <time>2018-05-27T09:47:19.000Z</time>
        <extensions>
          <ns3:TrackPointExtension>
            <ns3:hr>198</ns3:hr>
            <ns3:cad>95</ns3:cad>
          </ns3:TrackPointExtension>
        </extensions>
      </trkpt>
      <trkpt lat="55.94996768049895763397216796875" lon="-3.09797530062496662139892578125">
        <ele>7.19999980926513671875</ele>
        <time>2018-05-27T09:47:25.000Z</time>
        <extensions>
          <ns3:TrackPointExtension>
            <ns3:hr>199</ns3:hr>
            <ns3:cad>96</ns3:cad>
          </ns3:TrackPointExtension>
        </extensions>
      </trkpt>
      <trkpt lat="55.94986240379512310028076171875" lon="-3.0976850353181362152099609375">
        <ele>7</ele>
        <time>2018-05-27T09:47:31.000Z</time>
        <extensions>
          <ns3:TrackPointExtension>
            <ns3:hr>198</ns3:hr>
            <ns3:cad>95</ns3:cad>
          </ns3:TrackPointExtension>
        </extensions>
      </trkpt>
      <trkpt lat="55.9497533552348613739013671875" lon="-3.0973973684012889862060546875">
        <ele>6.80000019073486328125</ele>
        <time>2018-05-27T09:47:37.000Z</time>
        <extensions>
          <ns3:TrackPointExtension>
            <ns3:hr>196</ns3:hr>
            <ns3:cad>95</ns3:cad>
          </ns3:TrackPointExtension>
        </extensions>
      </trkpt>
      <trkpt lat="55.9496427141129970550537109375" lon="-3.097094111144542694091796875">
        <ele>5.400000095367431640625</ele>
        <time>2018-05-27T09:47:43.000Z</time>
        <extensions>
          <ns3:TrackPointExtension>
            <ns3:hr>196</ns3:hr>
            <ns3:cad>95</ns3:cad>
          </ns3:TrackPointExtension>
        </extensions>
      </trkpt>
      <trkpt lat="55.94958831556141376495361328125" lon="-3.096949942409992218017578125">
        <ele>5</ele>
        <time>2018-05-27T09:47:46.000Z</time>
        <extensions>
          <ns3:TrackPointExtension>
            <ns3:hr>199</ns3:hr>
            <ns3:cad>95</ns3:cad>
          </ns3:TrackPointExtension>
        </extensions>
      </trkpt>
      <trkpt lat="55.94948060810565948486328125" lon="-3.0966644547879695892333984375">
        <ele>5.400000095367431640625</ele>
        <time>2018-05-27T09:47:52.000Z</time>
        <extensions>
          <ns3:TrackPointExtension>
            <ns3:hr>200</ns3:hr>
            <ns3:cad>95</ns3:cad>
          </ns3:TrackPointExtension>
        </extensions>
      </trkpt>
      <trkpt lat="55.94937608577311038970947265625" lon="-3.09636094607412815093994140625">
        <ele>5.400000095367431640625</ele>
        <time>2018-05-27T09:47:58.000Z</time>
        <extensions>
          <ns3:TrackPointExtension>
            <ns3:hr>200</ns3:hr>
            <ns3:cad>95</ns3:cad>
          </ns3:TrackPointExtension>
        </extensions>
      </trkpt>
      <trkpt lat="55.94926963560283184051513671875" lon="-3.09607713483273983001708984375">
        <ele>6.19999980926513671875</ele>
        <time>2018-05-27T09:48:04.000Z</time>
        <extensions>
          <ns3:TrackPointExtension>
            <ns3:hr>199</ns3:hr>
            <ns3:cad>96</ns3:cad>
          </ns3:TrackPointExtension>
        </extensions>
      </trkpt>
      <trkpt lat="55.9491622634232044219970703125" lon="-3.095797263085842132568359375">
        <ele>7.400000095367431640625</ele>
        <time>2018-05-27T09:48:10.000Z</time>
        <extensions>
          <ns3:TrackPointExtension>
            <ns3:hr>199</ns3:hr>
            <ns3:cad>96</ns3:cad>
          </ns3:TrackPointExtension>
        </extensions>
      </trkpt>
      <trkpt lat="55.9490559808909893035888671875" lon="-3.095516301691532135009765625">
        <ele>7.80000019073486328125</ele>
        <time>2018-05-27T09:48:16.000Z</time>
        <extensions>
          <ns3:TrackPointExtension>
            <ns3:hr>199</ns3:hr>
            <ns3:cad>95</ns3:cad>
          </ns3:TrackPointExtension>
        </extensions>
      </trkpt>
      <trkpt lat="55.94892312772572040557861328125" lon="-3.09527926146984100341796875">
        <ele>8.80000019073486328125</ele>
        <time>2018-05-27T09:48:22.000Z</time>
        <extensions>
          <ns3:TrackPointExtension>
            <ns3:hr>200</ns3:hr>
            <ns3:cad>97</ns3:cad>
          </ns3:TrackPointExtension>
        </extensions>
      </trkpt>
      <trkpt lat="55.94886093400418758392333984375" lon="-3.0949729867279529571533203125">
        <ele>8.6000003814697265625</ele>
        <time>2018-05-27T09:48:28.000Z</time>
        <extensions>
          <ns3:TrackPointExtension>
            <ns3:hr>197</ns3:hr>
            <ns3:cad>95</ns3:cad>
          </ns3:TrackPointExtension>
        </extensions>
      </trkpt>
      <trkpt lat="55.948851965367794036865234375" lon="-3.09460661374032497406005859375">
        <ele>7.400000095367431640625</ele>
        <time>2018-05-27T09:48:34.000Z</time>
        <extensions>
          <ns3:TrackPointExtension>
            <ns3:hr>196</ns3:hr>
            <ns3:cad>96</ns3:cad>
          </ns3:TrackPointExtension>
        </extensions>
      </trkpt>
      <trkpt lat="55.9488494507968425750732421875" lon="-3.09425289742648601531982421875">
        <ele>6.400000095367431640625</ele>
        <time>2018-05-27T09:48:40.000Z</time>
        <extensions>
          <ns3:TrackPointExtension>
            <ns3:hr>197</ns3:hr>
            <ns3:cad>96</ns3:cad>
          </ns3:TrackPointExtension>
        </extensions>
      </trkpt>
      <trkpt lat="55.9488444216549396514892578125" lon="-3.0939066410064697265625">
        <ele>6.19999980926513671875</ele>
        <time>2018-05-27T09:48:46.000Z</time>
        <extensions>
          <ns3:TrackPointExtension>
            <ns3:hr>194</ns3:hr>
            <ns3:cad>95</ns3:cad>
          </ns3:TrackPointExtension>
        </extensions>
      </trkpt>
      <trkpt lat="55.9488407336175441741943359375" lon="-3.093558959662914276123046875">
        <ele>5.80000019073486328125</ele>
        <time>2018-05-27T09:48:52.000Z</time>
        <extensions>
          <ns3:TrackPointExtension>
            <ns3:hr>196</ns3:hr>
            <ns3:cad>96</ns3:cad>
          </ns3:TrackPointExtension>
        </extensions>
      </trkpt>
      <trkpt lat="55.94882472418248653411865234375" lon="-3.0932161398231983184814453125">
        <ele>5.80000019073486328125</ele>
        <time>2018-05-27T09:48:58.000Z</time>
        <extensions>
          <ns3:TrackPointExtension>
            <ns3:hr>197</ns3:hr>
            <ns3:cad>96</ns3:cad>
          </ns3:TrackPointExtension>
        </extensions>
      </trkpt>
      <trkpt lat="55.94881868921220302581787109375" lon="-3.0931011401116847991943359375">
        <ele>6</ele>
        <time>2018-05-27T09:49:00.000Z</time>
        <extensions>
          <ns3:TrackPointExtension>
            <ns3:hr>200</ns3:hr>
            <ns3:cad>96</ns3:cad>
          </ns3:TrackPointExtension>
        </extensions>
      </trkpt>
      <trkpt lat="55.94879664480686187744140625" lon="-3.092758320271968841552734375">
        <ele>7.19999980926513671875</ele>
        <time>2018-05-27T09:49:06.000Z</time>
        <extensions>
          <ns3:TrackPointExtension>
            <ns3:hr>202</ns3:hr>
            <ns3:cad>95</ns3:cad>
          </ns3:TrackPointExtension>
        </extensions>
      </trkpt>
      <trkpt lat="55.94878725707530975341796875" lon="-3.09258758090436458587646484375">
        <ele>7.19999980926513671875</ele>
        <time>2018-05-27T09:49:09.000Z</time>
        <extensions>
          <ns3:TrackPointExtension>
            <ns3:hr>199</ns3:hr>
            <ns3:cad>95</ns3:cad>
          </ns3:TrackPointExtension>
        </extensions>
      </trkpt>
      <trkpt lat="55.9487669728696346282958984375" lon="-3.0922562442719936370849609375">
        <ele>7.400000095367431640625</ele>
        <time>2018-05-27T09:49:15.000Z</time>
        <extensions>
          <ns3:TrackPointExtension>
            <ns3:hr>199</ns3:hr>
            <ns3:cad>96</ns3:cad>
          </ns3:TrackPointExtension>
        </extensions>
      </trkpt>
      <trkpt lat="55.9487388096749782562255859375" lon="-3.0919172801077365875244140625">
        <ele>8</ele>
        <time>2018-05-27T09:49:21.000Z</time>
        <extensions>
          <ns3:TrackPointExtension>
            <ns3:hr>197</ns3:hr>
            <ns3:cad>96</ns3:cad>
          </ns3:TrackPointExtension>
        </extensions>
      </trkpt>
      <trkpt lat="55.9487116523087024688720703125" lon="-3.0915766395628452301025390625">
        <ele>7.400000095367431640625</ele>
        <time>2018-05-27T09:49:27.000Z</time>
        <extensions>
          <ns3:TrackPointExtension>
            <ns3:hr>197</ns3:hr>
            <ns3:cad>96</ns3:cad>
          </ns3:TrackPointExtension>
        </extensions>
      </trkpt>
      <trkpt lat="55.94868558458983898162841796875" lon="-3.09124077670276165008544921875">
        <ele>7.80000019073486328125</ele>
        <time>2018-05-27T09:49:33.000Z</time>
        <extensions>
          <ns3:TrackPointExtension>
            <ns3:hr>197</ns3:hr>
            <ns3:cad>94</ns3:cad>
          </ns3:TrackPointExtension>
        </extensions>
      </trkpt>
      <trkpt lat="55.9486606903374195098876953125" lon="-3.09089661575853824615478515625">
        <ele>8.3999996185302734375</ele>
        <time>2018-05-27T09:49:39.000Z</time>
        <extensions>
          <ns3:TrackPointExtension>
            <ns3:hr>199</ns3:hr>
            <ns3:cad>96</ns3:cad>
          </ns3:TrackPointExtension>
        </extensions>
      </trkpt>
      <trkpt lat="55.9486402384936809539794921875" lon="-3.09054222889244556427001953125">
        <ele>8.3999996185302734375</ele>
        <time>2018-05-27T09:49:45.000Z</time>
        <extensions>
          <ns3:TrackPointExtension>
            <ns3:hr>201</ns3:hr>
            <ns3:cad>95</ns3:cad>
          </ns3:TrackPointExtension>
        </extensions>
      </trkpt>
      <trkpt lat="55.94863177277147769927978515625" lon="-3.0902006663382053375244140625">
        <ele>8.3999996185302734375</ele>
        <time>2018-05-27T09:49:51.000Z</time>
        <extensions>
          <ns3:TrackPointExtension>
            <ns3:hr>203</ns3:hr>
            <ns3:cad>97</ns3:cad>
          </ns3:TrackPointExtension>
        </extensions>
      </trkpt>
      <trkpt lat="55.948628671467304229736328125" lon="-3.0898503027856349945068359375">
        <ele>9.6000003814697265625</ele>
        <time>2018-05-27T09:49:57.000Z</time>
        <extensions>
          <ns3:TrackPointExtension>
            <ns3:hr>204</ns3:hr>
            <ns3:cad>97</ns3:cad>
          </ns3:TrackPointExtension>
        </extensions>
      </trkpt>
      <trkpt lat="55.94864132814109325408935546875" lon="-3.0895009450614452362060546875">
        <ele>10</ele>
        <time>2018-05-27T09:50:03.000Z</time>
        <extensions>
          <ns3:TrackPointExtension>
            <ns3:hr>201</ns3:hr>
            <ns3:cad>95</ns3:cad>
          </ns3:TrackPointExtension>
        </extensions>
      </trkpt>
      <trkpt lat="55.948644094169139862060546875" lon="-3.0892682634294033050537109375">
        <ele>10.3999996185302734375</ele>
        <time>2018-05-27T09:50:07.000Z</time>
        <extensions>
          <ns3:TrackPointExtension>
            <ns3:hr>198</ns3:hr>
            <ns3:cad>95</ns3:cad>
          </ns3:TrackPointExtension>
        </extensions>
      </trkpt>
      <trkpt lat="55.94865423627197742462158203125" lon="-3.088928796350955963134765625">
        <ele>10.19999980926513671875</ele>
        <time>2018-05-27T09:50:13.000Z</time>
        <extensions>
          <ns3:TrackPointExtension>
            <ns3:hr>200</ns3:hr>
            <ns3:cad>95</ns3:cad>
          </ns3:TrackPointExtension>
        </extensions>
      </trkpt>
      <trkpt lat="55.948660857975482940673828125" lon="-3.0885812826454639434814453125">
        <ele>9.80000019073486328125</ele>
        <time>2018-05-27T09:50:19.000Z</time>
        <extensions>
          <ns3:TrackPointExtension>
            <ns3:hr>202</ns3:hr>
            <ns3:cad>95</ns3:cad>
          </ns3:TrackPointExtension>
        </extensions>
      </trkpt>
      <trkpt lat="55.948663540184497833251953125" lon="-3.0882268957793712615966796875">
        <ele>8.80000019073486328125</ele>
        <time>2018-05-27T09:50:25.000Z</time>
        <extensions>
          <ns3:TrackPointExtension>
            <ns3:hr>201</ns3:hr>
            <ns3:cad>95</ns3:cad>
          </ns3:TrackPointExtension>
        </extensions>
      </trkpt>
      <trkpt lat="55.9486640430986881256103515625" lon="-3.08816797100007534027099609375">
        <ele>8.80000019073486328125</ele>
        <time>2018-05-27T09:50:26.000Z</time>
        <extensions>
          <ns3:TrackPointExtension>
            <ns3:hr>201</ns3:hr>
            <ns3:cad>96</ns3:cad>
          </ns3:TrackPointExtension>
        </extensions>
      </trkpt>
      <trkpt lat="55.94868005253374576568603515625" lon="-3.08782213367521762847900390625">
        <ele>8.19999980926513671875</ele>
        <time>2018-05-27T09:50:32.000Z</time>
        <extensions>
          <ns3:TrackPointExtension>
            <ns3:hr>202</ns3:hr>
            <ns3:cad>95</ns3:cad>
          </ns3:TrackPointExtension>
        </extensions>
      </trkpt>
      <trkpt lat="55.94867250882089138031005859375" lon="-3.08747881092131137847900390625">
        <ele>7.19999980926513671875</ele>
        <time>2018-05-27T09:50:38.000Z</time>
        <extensions>
          <ns3:TrackPointExtension>
            <ns3:hr>200</ns3:hr>
            <ns3:cad>96</ns3:cad>
          </ns3:TrackPointExtension>
        </extensions>
      </trkpt>
      <trkpt lat="55.9486539848148822784423828125" lon="-3.0871318839490413665771484375">
        <ele>7.400000095367431640625</ele>
        <time>2018-05-27T09:50:44.000Z</time>
        <extensions>
          <ns3:TrackPointExtension>
            <ns3:hr>199</ns3:hr>
            <ns3:cad>96</ns3:cad>
          </ns3:TrackPointExtension>
        </extensions>
      </trkpt>
      <trkpt lat="55.94863747246563434600830078125" lon="-3.08678562752902507781982421875">
        <ele>7.80000019073486328125</ele>
        <time>2018-05-27T09:50:50.000Z</time>
        <extensions>
          <ns3:TrackPointExtension>
            <ns3:hr>198</ns3:hr>
            <ns3:cad>96</ns3:cad>
          </ns3:TrackPointExtension>
        </extensions>
      </trkpt>
      <trkpt lat="55.94861584715545177459716796875" lon="-3.0864433944225311279296875">
        <ele>8.19999980926513671875</ele>
        <time>2018-05-27T09:50:56.000Z</time>
        <extensions>
          <ns3:TrackPointExtension>
            <ns3:hr>197</ns3:hr>
            <ns3:cad>96</ns3:cad>
          </ns3:TrackPointExtension>
        </extensions>
      </trkpt>
      <trkpt lat="55.94858944416046142578125" lon="-3.086152039468288421630859375">
        <ele>8.80000019073486328125</ele>
        <time>2018-05-27T09:51:01.000Z</time>
        <extensions>
          <ns3:TrackPointExtension>
            <ns3:hr>200</ns3:hr>
            <ns3:cad>95</ns3:cad>
          </ns3:TrackPointExtension>
        </extensions>
      </trkpt>
      <trkpt lat="55.94853915274143218994140625" lon="-3.08579890988767147064208984375">
        <ele>8.6000003814697265625</ele>
        <time>2018-05-27T09:51:07.000Z</time>
        <extensions>
          <ns3:TrackPointExtension>
            <ns3:hr>200</ns3:hr>
            <ns3:cad>95</ns3:cad>
          </ns3:TrackPointExtension>
        </extensions>
      </trkpt>
      <trkpt lat="55.9484779648482799530029296875" lon="-3.085460364818572998046875">
        <ele>8.6000003814697265625</ele>
        <time>2018-05-27T09:51:13.000Z</time>
        <extensions>
          <ns3:TrackPointExtension>
            <ns3:hr>200</ns3:hr>
            <ns3:cad>94</ns3:cad>
          </ns3:TrackPointExtension>
        </extensions>
      </trkpt>
      <trkpt lat="55.9484253264963626861572265625" lon="-3.0851819179952144622802734375">
        <ele>8.80000019073486328125</ele>
        <time>2018-05-27T09:51:18.000Z</time>
        <extensions>
          <ns3:TrackPointExtension>
            <ns3:hr>197</ns3:hr>
            <ns3:cad>96</ns3:cad>
          </ns3:TrackPointExtension>
        </extensions>
      </trkpt>
      <trkpt lat="55.94836388714611530303955078125" lon="-3.08484890498220920562744140625">
        <ele>10</ele>
        <time>2018-05-27T09:51:24.000Z</time>
        <extensions>
          <ns3:TrackPointExtension>
            <ns3:hr>197</ns3:hr>
            <ns3:cad>95</ns3:cad>
          </ns3:TrackPointExtension>
        </extensions>
      </trkpt>
      <trkpt lat="55.94830068759620189666748046875" lon="-3.08452586643397808074951171875">
        <ele>10.19999980926513671875</ele>
        <time>2018-05-27T09:51:30.000Z</time>
        <extensions>
          <ns3:TrackPointExtension>
            <ns3:hr>197</ns3:hr>
            <ns3:cad>96</ns3:cad>
          </ns3:TrackPointExtension>
        </extensions>
      </trkpt>
      <trkpt lat="55.94825425185263156890869140625" lon="-3.08431413955986499786376953125">
        <ele>10.3999996185302734375</ele>
        <time>2018-05-27T09:51:34.000Z</time>
        <extensions>
          <ns3:TrackPointExtension>
            <ns3:hr>200</ns3:hr>
            <ns3:cad>96</ns3:cad>
          </ns3:TrackPointExtension>
        </extensions>
      </trkpt>
      <trkpt lat="55.9481866098940372467041015625" lon="-3.08399227447807788848876953125">
        <ele>11.80000019073486328125</ele>
        <time>2018-05-27T09:51:40.000Z</time>
        <extensions>
          <ns3:TrackPointExtension>
            <ns3:hr>201</ns3:hr>
            <ns3:cad>96</ns3:cad>
          </ns3:TrackPointExtension>
        </extensions>
      </trkpt>
      <trkpt lat="55.948100276291370391845703125" lon="-3.083660267293453216552734375">
        <ele>12.80000019073486328125</ele>
        <time>2018-05-27T09:51:46.000Z</time>
        <extensions>
          <ns3:TrackPointExtension>
            <ns3:hr>201</ns3:hr>
            <ns3:cad>94</ns3:cad>
          </ns3:TrackPointExtension>
        </extensions>
      </trkpt>
      <trkpt lat="55.948015116155147552490234375" lon="-3.083315603435039520263671875">
        <ele>13.19999980926513671875</ele>
        <time>2018-05-27T09:51:52.000Z</time>
        <extensions>
          <ns3:TrackPointExtension>
            <ns3:hr>201</ns3:hr>
            <ns3:cad>97</ns3:cad>
          </ns3:TrackPointExtension>
        </extensions>
      </trkpt>
      <trkpt lat="55.94791746698319911956787109375" lon="-3.08301561512053012847900390625">
        <ele>12.3999996185302734375</ele>
        <time>2018-05-27T09:51:58.000Z</time>
        <extensions>
          <ns3:TrackPointExtension>
            <ns3:hr>202</ns3:hr>
            <ns3:cad>96</ns3:cad>
          </ns3:TrackPointExtension>
        </extensions>
      </trkpt>
      <trkpt lat="55.94780414365231990814208984375" lon="-3.0827387608587741851806640625">
        <ele>11.19999980926513671875</ele>
        <time>2018-05-27T09:52:04.000Z</time>
        <extensions>
          <ns3:TrackPointExtension>
            <ns3:hr>200</ns3:hr>
            <ns3:cad>96</ns3:cad>
          </ns3:TrackPointExtension>
        </extensions>
      </trkpt>
      <trkpt lat="55.947685539722442626953125" lon="-3.08246492408215999603271484375">
        <ele>10.3999996185302734375</ele>
        <time>2018-05-27T09:52:10.000Z</time>
        <extensions>
          <ns3:TrackPointExtension>
            <ns3:hr>201</ns3:hr>
            <ns3:cad>95</ns3:cad>
          </ns3:TrackPointExtension>
        </extensions>
      </trkpt>
      <trkpt lat="55.947551093995571136474609375" lon="-3.0821835435926914215087890625">
        <ele>10</ele>
        <time>2018-05-27T09:52:16.000Z</time>
        <extensions>
          <ns3:TrackPointExtension>
            <ns3:hr>200</ns3:hr>
            <ns3:cad>96</ns3:cad>
          </ns3:TrackPointExtension>
        </extensions>
      </trkpt>
      <trkpt lat="55.94742662273347377777099609375" lon="-3.08190350420773029327392578125">
        <ele>10</ele>
        <time>2018-05-27T09:52:22.000Z</time>
        <extensions>
          <ns3:TrackPointExtension>
            <ns3:hr>199</ns3:hr>
            <ns3:cad>96</ns3:cad>
          </ns3:TrackPointExtension>
        </extensions>
      </trkpt>
      <trkpt lat="55.94734347425401210784912109375" lon="-3.0817215330898761749267578125">
        <ele>10</ele>
        <time>2018-05-27T09:52:26.000Z</time>
        <extensions>
          <ns3:TrackPointExtension>
            <ns3:hr>196</ns3:hr>
            <ns3:cad>96</ns3:cad>
          </ns3:TrackPointExtension>
        </extensions>
      </trkpt>
      <trkpt lat="55.947227887809276580810546875" lon="-3.08145088143646717071533203125">
        <ele>10</ele>
        <time>2018-05-27T09:52:32.000Z</time>
        <extensions>
          <ns3:TrackPointExtension>
            <ns3:hr>196</ns3:hr>
            <ns3:cad>96</ns3:cad>
          </ns3:TrackPointExtension>
        </extensions>
      </trkpt>
      <trkpt lat="55.947109870612621307373046875" lon="-3.08117310516536235809326171875">
        <ele>9.80000019073486328125</ele>
        <time>2018-05-27T09:52:38.000Z</time>
        <extensions>
          <ns3:TrackPointExtension>
            <ns3:hr>196</ns3:hr>
            <ns3:cad>96</ns3:cad>
          </ns3:TrackPointExtension>
        </extensions>
      </trkpt>
      <trkpt lat="55.94698078930377960205078125" lon="-3.08089189231395721435546875">
        <ele>9.6000003814697265625</ele>
        <time>2018-05-27T09:52:44.000Z</time>
        <extensions>
          <ns3:TrackPointExtension>
            <ns3:hr>197</ns3:hr>
            <ns3:cad>95</ns3:cad>
          </ns3:TrackPointExtension>
        </extensions>
      </trkpt>
      <trkpt lat="55.94684944488108158111572265625" lon="-3.08062761090695858001708984375">
        <ele>9</ele>
        <time>2018-05-27T09:52:50.000Z</time>
        <extensions>
          <ns3:TrackPointExtension>
            <ns3:hr>199</ns3:hr>
            <ns3:cad>97</ns3:cad>
          </ns3:TrackPointExtension>
        </extensions>
      </trkpt>
      <trkpt lat="55.946733690798282623291015625" lon="-3.08033399283885955810546875">
        <ele>8.6000003814697265625</ele>
        <time>2018-05-27T09:52:56.000Z</time>
        <extensions>
          <ns3:TrackPointExtension>
            <ns3:hr>197</ns3:hr>
            <ns3:cad>96</ns3:cad>
          </ns3:TrackPointExtension>
        </extensions>
      </trkpt>
      <trkpt lat="55.94661257229745388031005859375" lon="-3.08004506863653659820556640625">
        <ele>8.3999996185302734375</ele>
        <time>2018-05-27T09:53:02.000Z</time>
        <extensions>
          <ns3:TrackPointExtension>
            <ns3:hr>196</ns3:hr>
            <ns3:cad>96</ns3:cad>
          </ns3:TrackPointExtension>
        </extensions>
      </trkpt>
      <trkpt lat="55.946484245359897613525390625" lon="-3.07976913638412952423095703125">
        <ele>7.80000019073486328125</ele>
        <time>2018-05-27T09:53:08.000Z</time>
        <extensions>
          <ns3:TrackPointExtension>
            <ns3:hr>197</ns3:hr>
            <ns3:cad>96</ns3:cad>
          </ns3:TrackPointExtension>
        </extensions>
      </trkpt>
      <trkpt lat="55.94639095477759838104248046875" lon="-3.079524971544742584228515625">
        <ele>7.599999904632568359375</ele>
        <time>2018-05-27T09:53:13.000Z</time>
        <extensions>
          <ns3:TrackPointExtension>
            <ns3:hr>200</ns3:hr>
            <ns3:cad>95</ns3:cad>
          </ns3:TrackPointExtension>
        </extensions>
      </trkpt>
      <trkpt lat="55.94626992009580135345458984375" lon="-3.0792341195046901702880859375">
        <ele>7</ele>
        <time>2018-05-27T09:53:19.000Z</time>
        <extensions>
          <ns3:TrackPointExtension>
            <ns3:hr>201</ns3:hr>
            <ns3:cad>96</ns3:cad>
          </ns3:TrackPointExtension>
        </extensions>
      </trkpt>
      <trkpt lat="55.94616279937326908111572265625" lon="-3.0789291858673095703125">
        <ele>7</ele>
        <time>2018-05-27T09:53:25.000Z</time>
        <extensions>
          <ns3:TrackPointExtension>
            <ns3:hr>200</ns3:hr>
            <ns3:cad>95</ns3:cad>
          </ns3:TrackPointExtension>
        </extensions>
      </trkpt>
      <trkpt lat="55.94608484767377376556396484375" lon="-3.0786078236997127532958984375">
        <ele>7.599999904632568359375</ele>
        <time>2018-05-27T09:53:31.000Z</time>
        <extensions>
          <ns3:TrackPointExtension>
            <ns3:hr>199</ns3:hr>
            <ns3:cad>97</ns3:cad>
          </ns3:TrackPointExtension>
        </extensions>
      </trkpt>
      <trkpt lat="55.9460163675248622894287109375" lon="-3.07826760224997997283935546875">
        <ele>8.3999996185302734375</ele>
        <time>2018-05-27T09:53:37.000Z</time>
        <extensions>
          <ns3:TrackPointExtension>
            <ns3:hr>196</ns3:hr>
            <ns3:cad>95</ns3:cad>
          </ns3:TrackPointExtension>
        </extensions>
      </trkpt>
      <trkpt lat="55.94594336114823818206787109375" lon="-3.07793743908405303955078125">
        <ele>9.19999980926513671875</ele>
        <time>2018-05-27T09:53:43.000Z</time>
        <extensions>
          <ns3:TrackPointExtension>
            <ns3:hr>193</ns3:hr>
            <ns3:cad>97</ns3:cad>
          </ns3:TrackPointExtension>
        </extensions>
      </trkpt>
      <trkpt lat="55.94586038030683994293212890625" lon="-3.0776298232376575469970703125">
        <ele>10</ele>
        <time>2018-05-27T09:53:49.000Z</time>
        <extensions>
          <ns3:TrackPointExtension>
            <ns3:hr>194</ns3:hr>
            <ns3:cad>97</ns3:cad>
          </ns3:TrackPointExtension>
        </extensions>
      </trkpt>
      <trkpt lat="55.94580656848847866058349609375" lon="-3.07740946300327777862548828125">
        <ele>10.19999980926513671875</ele>
        <time>2018-05-27T09:53:53.000Z</time>
        <extensions>
          <ns3:TrackPointExtension>
            <ns3:hr>197</ns3:hr>
            <ns3:cad>96</ns3:cad>
          </ns3:TrackPointExtension>
        </extensions>
      </trkpt>
      <trkpt lat="55.94575191847980022430419921875" lon="-3.07706127874553203582763671875">
        <ele>10</ele>
        <time>2018-05-27T09:53:59.000Z</time>
        <extensions>
          <ns3:TrackPointExtension>
            <ns3:hr>200</ns3:hr>
            <ns3:cad>95</ns3:cad>
          </ns3:TrackPointExtension>
        </extensions>
      </trkpt>
      <trkpt lat="55.94573624432086944580078125" lon="-3.07687553577125072479248046875">
        <ele>9.6000003814697265625</ele>
        <time>2018-05-27T09:54:02.000Z</time>
        <extensions>
          <ns3:TrackPointExtension>
            <ns3:hr>203</ns3:hr>
            <ns3:cad>95</ns3:cad>
          </ns3:TrackPointExtension>
        </extensions>
      </trkpt>
      <trkpt lat="55.94572509638965129852294921875" lon="-3.07675617747008800506591796875">
        <ele>9.3999996185302734375</ele>
        <time>2018-05-27T09:54:04.000Z</time>
        <extensions>
          <ns3:TrackPointExtension>
            <ns3:hr>202</ns3:hr>
            <ns3:cad>96</ns3:cad>
          </ns3:TrackPointExtension>
        </extensions>
      </trkpt>
      <trkpt lat="55.94571210443973541259765625" lon="-3.076445795595645904541015625">
        <ele>8.6000003814697265625</ele>
        <time>2018-05-27T09:54:09.000Z</time>
        <extensions>
          <ns3:TrackPointExtension>
            <ns3:hr>199</ns3:hr>
            <ns3:cad>97</ns3:cad>
          </ns3:TrackPointExtension>
        </extensions>
      </trkpt>
      <trkpt lat="55.94568553380668163299560546875" lon="-3.07608813978731632232666015625">
        <ele>8.19999980926513671875</ele>
        <time>2018-05-27T09:54:15.000Z</time>
        <extensions>
          <ns3:TrackPointExtension>
            <ns3:hr>198</ns3:hr>
            <ns3:cad>96</ns3:cad>
          </ns3:TrackPointExtension>
        </extensions>
      </trkpt>
      <trkpt lat="55.94569240696728229522705078125" lon="-3.07572419755160808563232421875">
        <ele>8</ele>
        <time>2018-05-27T09:54:21.000Z</time>
        <extensions>
          <ns3:TrackPointExtension>
            <ns3:hr>200</ns3:hr>
            <ns3:cad>96</ns3:cad>
          </ns3:TrackPointExtension>
        </extensions>
      </trkpt>
      <trkpt lat="55.94569735229015350341796875" lon="-3.07534382678568363189697265625">
        <ele>7</ele>
        <time>2018-05-27T09:54:27.000Z</time>
        <extensions>
          <ns3:TrackPointExtension>
            <ns3:hr>199</ns3:hr>
            <ns3:cad>96</ns3:cad>
          </ns3:TrackPointExtension>
        </extensions>
      </trkpt>
      <trkpt lat="55.94569408334791660308837890625" lon="-3.07497359812259674072265625">
        <ele>7</ele>
        <time>2018-05-27T09:54:33.000Z</time>
        <extensions>
          <ns3:TrackPointExtension>
            <ns3:hr>201</ns3:hr>
            <ns3:cad>96</ns3:cad>
          </ns3:TrackPointExtension>
        </extensions>
      </trkpt>
      <trkpt lat="55.94566038809716701507568359375" lon="-3.07460236363112926483154296875">
        <ele>7</ele>
        <time>2018-05-27T09:54:39.000Z</time>
        <extensions>
          <ns3:TrackPointExtension>
            <ns3:hr>201</ns3:hr>
            <ns3:cad>96</ns3:cad>
          </ns3:TrackPointExtension>
        </extensions>
      </trkpt>
      <trkpt lat="55.9456106834113597869873046875" lon="-3.0742361582815647125244140625">
        <ele>6.400000095367431640625</ele>
        <time>2018-05-27T09:54:45.000Z</time>
        <extensions>
          <ns3:TrackPointExtension>
            <ns3:hr>201</ns3:hr>
            <ns3:cad>96</ns3:cad>
          </ns3:TrackPointExtension>
        </extensions>
      </trkpt>
      <trkpt lat="55.94555326737463474273681640625" lon="-3.07387732900679111480712890625">
        <ele>6.400000095367431640625</ele>
        <time>2018-05-27T09:54:51.000Z</time>
        <extensions>
          <ns3:TrackPointExtension>
            <ns3:hr>198</ns3:hr>
            <ns3:cad>97</ns3:cad>
          </ns3:TrackPointExtension>
        </extensions>
      </trkpt>
      <trkpt lat="55.9454795904457569122314453125" lon="-3.07353853248059749603271484375">
        <ele>6.599999904632568359375</ele>
        <time>2018-05-27T09:54:57.000Z</time>
        <extensions>
          <ns3:TrackPointExtension>
            <ns3:hr>199</ns3:hr>
            <ns3:cad>95</ns3:cad>
          </ns3:TrackPointExtension>
        </extensions>
      </trkpt>
      <trkpt lat="55.945404656231403350830078125" lon="-3.073193617165088653564453125">
        <ele>6.80000019073486328125</ele>
        <time>2018-05-27T09:55:03.000Z</time>
        <extensions>
          <ns3:TrackPointExtension>
            <ns3:hr>198</ns3:hr>
            <ns3:cad>96</ns3:cad>
          </ns3:TrackPointExtension>
        </extensions>
      </trkpt>
      <trkpt lat="55.9453360922634601593017578125" lon="-3.07286345399916172027587890625">
        <ele>6</ele>
        <time>2018-05-27T09:55:09.000Z</time>
        <extensions>
          <ns3:TrackPointExtension>
            <ns3:hr>198</ns3:hr>
            <ns3:cad>96</ns3:cad>
          </ns3:TrackPointExtension>
        </extensions>
      </trkpt>
      <trkpt lat="55.94525755383074283599853515625" lon="-3.07253773324191570281982421875">
        <ele>5.599999904632568359375</ele>
        <time>2018-05-27T09:55:15.000Z</time>
        <extensions>
          <ns3:TrackPointExtension>
            <ns3:hr>200</ns3:hr>
            <ns3:cad>96</ns3:cad>
          </ns3:TrackPointExtension>
        </extensions>
      </trkpt>
      <trkpt lat="55.94518614001572132110595703125" lon="-3.07220279239118099212646484375">
        <ele>6</ele>
        <time>2018-05-27T09:55:21.000Z</time>
        <extensions>
          <ns3:TrackPointExtension>
            <ns3:hr>202</ns3:hr>
            <ns3:cad>96</ns3:cad>
          </ns3:TrackPointExtension>
        </extensions>
      </trkpt>
      <trkpt lat="55.94511053524911403656005859375" lon="-3.07186701335012912750244140625">
        <ele>7</ele>
        <time>2018-05-27T09:55:27.000Z</time>
        <extensions>
          <ns3:TrackPointExtension>
            <ns3:hr>200</ns3:hr>
            <ns3:cad>95</ns3:cad>
          </ns3:TrackPointExtension>
        </extensions>
      </trkpt>
      <trkpt lat="55.945063345134258270263671875" lon="-3.0716364271938800811767578125">
        <ele>7.400000095367431640625</ele>
        <time>2018-05-27T09:55:31.000Z</time>
        <extensions>
          <ns3:TrackPointExtension>
            <ns3:hr>196</ns3:hr>
            <ns3:cad>96</ns3:cad>
          </ns3:TrackPointExtension>
        </extensions>
      </trkpt>
      <trkpt lat="55.94499704428017139434814453125" lon="-3.0712961219251155853271484375">
        <ele>8</ele>
        <time>2018-05-27T09:55:37.000Z</time>
        <extensions>
          <ns3:TrackPointExtension>
            <ns3:hr>196</ns3:hr>
            <ns3:cad>95</ns3:cad>
          </ns3:TrackPointExtension>
        </extensions>
      </trkpt>
      <trkpt lat="55.94492621719837188720703125" lon="-3.07096243835985660552978515625">
        <ele>8.3999996185302734375</ele>
        <time>2018-05-27T09:55:43.000Z</time>
        <extensions>
          <ns3:TrackPointExtension>
            <ns3:hr>197</ns3:hr>
            <ns3:cad>96</ns3:cad>
          </ns3:TrackPointExtension>
        </extensions>
      </trkpt>
      <trkpt lat="55.944854132831096649169921875" lon="-3.0706396512687206268310546875">
        <ele>8</ele>
        <time>2018-05-27T09:55:49.000Z</time>
        <extensions>
          <ns3:TrackPointExtension>
            <ns3:hr>200</ns3:hr>
            <ns3:cad>95</ns3:cad>
          </ns3:TrackPointExtension>
        </extensions>
      </trkpt>
      <trkpt lat="55.94478280283510684967041015625" lon="-3.07030999101698398590087890625">
        <ele>8</ele>
        <time>2018-05-27T09:55:55.000Z</time>
        <extensions>
          <ns3:TrackPointExtension>
            <ns3:hr>198</ns3:hr>
            <ns3:cad>96</ns3:cad>
          </ns3:TrackPointExtension>
        </extensions>
      </trkpt>
      <trkpt lat="55.94471524469554424285888671875" lon="-3.0699908919632434844970703125">
        <ele>7.400000095367431640625</ele>
        <time>2018-05-27T09:56:01.000Z</time>
        <extensions>
          <ns3:TrackPointExtension>
            <ns3:hr>198</ns3:hr>
            <ns3:cad>96</ns3:cad>
          </ns3:TrackPointExtension>
        </extensions>
      </trkpt>
      <trkpt lat="55.94465933740139007568359375" lon="-3.06966391392052173614501953125">
        <ele>7.19999980926513671875</ele>
        <time>2018-05-27T09:56:07.000Z</time>
        <extensions>
          <ns3:TrackPointExtension>
            <ns3:hr>197</ns3:hr>
            <ns3:cad>94</ns3:cad>
          </ns3:TrackPointExtension>
        </extensions>
      </trkpt>
      <trkpt lat="55.94464533962309360504150390625" lon="-3.06937976740300655364990234375">
        <ele>6.80000019073486328125</ele>
        <time>2018-05-27T09:56:12.000Z</time>
        <extensions>
          <ns3:TrackPointExtension>
            <ns3:hr>200</ns3:hr>
            <ns3:cad>95</ns3:cad>
          </ns3:TrackPointExtension>
        </extensions>
      </trkpt>
      <trkpt lat="55.94466981478035449981689453125" lon="-3.06902487762272357940673828125">
        <ele>6</ele>
        <time>2018-05-27T09:56:18.000Z</time>
        <extensions>
          <ns3:TrackPointExtension>
            <ns3:hr>201</ns3:hr>
            <ns3:cad>95</ns3:cad>
          </ns3:TrackPointExtension>
        </extensions>
      </trkpt>
      <trkpt lat="55.94468590803444385528564453125" lon="-3.06865791790187358856201171875">
        <ele>6</ele>
        <time>2018-05-27T09:56:24.000Z</time>
        <extensions>
          <ns3:TrackPointExtension>
            <ns3:hr>204</ns3:hr>
            <ns3:cad>97</ns3:cad>
          </ns3:TrackPointExtension>
        </extensions>
      </trkpt>
      <trkpt lat="55.94470032490789890289306640625" lon="-3.068295903503894805908203125">
        <ele>7</ele>
        <time>2018-05-27T09:56:30.000Z</time>
        <extensions>
          <ns3:TrackPointExtension>
            <ns3:hr>201</ns3:hr>
            <ns3:cad>96</ns3:cad>
          </ns3:TrackPointExtension>
        </extensions>
      </trkpt>
      <trkpt lat="55.94472505152225494384765625" lon="-3.06793690659105777740478515625">
        <ele>6.400000095367431640625</ele>
        <time>2018-05-27T09:56:36.000Z</time>
        <extensions>
          <ns3:TrackPointExtension>
            <ns3:hr>200</ns3:hr>
            <ns3:cad>96</ns3:cad>
          </ns3:TrackPointExtension>
        </extensions>
      </trkpt>
      <trkpt lat="55.94473904930055141448974609375" lon="-3.06759727187454700469970703125">
        <ele>5.80000019073486328125</ele>
        <time>2018-05-27T09:56:42.000Z</time>
        <extensions>
          <ns3:TrackPointExtension>
            <ns3:hr>199</ns3:hr>
            <ns3:cad>96</ns3:cad>
          </ns3:TrackPointExtension>
        </extensions>
      </trkpt>
      <trkpt lat="55.94477224163711071014404296875" lon="-3.06725294329226016998291015625">
        <ele>4.80000019073486328125</ele>
        <time>2018-05-27T09:56:48.000Z</time>
        <extensions>
          <ns3:TrackPointExtension>
            <ns3:hr>197</ns3:hr>
            <ns3:cad>94</ns3:cad>
          </ns3:TrackPointExtension>
        </extensions>
      </trkpt>
      <trkpt lat="55.94480895437300205230712890625" lon="-3.066913895308971405029296875">
        <ele>5</ele>
        <time>2018-05-27T09:56:54.000Z</time>
        <extensions>
          <ns3:TrackPointExtension>
            <ns3:hr>200</ns3:hr>
            <ns3:cad>96</ns3:cad>
          </ns3:TrackPointExtension>
        </extensions>
      </trkpt>
      <trkpt lat="55.944869555532932281494140625" lon="-3.066594041883945465087890625">
        <ele>4.80000019073486328125</ele>
        <time>2018-05-27T09:57:00.000Z</time>
        <extensions>
          <ns3:TrackPointExtension>
            <ns3:hr>200</ns3:hr>
            <ns3:cad>94</ns3:cad>
          </ns3:TrackPointExtension>
        </extensions>
      </trkpt>
      <trkpt lat="55.9449042566120624542236328125" lon="-3.0663705803453922271728515625">
        <ele>4.599999904632568359375</ele>
        <time>2018-05-27T09:57:04.000Z</time>
        <extensions>
          <ns3:TrackPointExtension>
            <ns3:hr>197</ns3:hr>
            <ns3:cad>96</ns3:cad>
          </ns3:TrackPointExtension>
        </extensions>
      </trkpt>
      <trkpt lat="55.94495706260204315185546875" lon="-3.066056929528713226318359375">
        <ele>4.599999904632568359375</ele>
        <time>2018-05-27T09:57:10.000Z</time>
        <extensions>
          <ns3:TrackPointExtension>
            <ns3:hr>197</ns3:hr>
            <ns3:cad>95</ns3:cad>
          </ns3:TrackPointExtension>
        </extensions>
      </trkpt>
      <trkpt lat="55.94498229213058948516845703125" lon="-3.06602952070534229278564453125">
        <ele>4.599999904632568359375</ele>
        <time>2018-05-27T09:57:11.000Z</time>
        <extensions>
          <ns3:TrackPointExtension>
            <ns3:hr>197</ns3:hr>
            <ns3:cad>95</ns3:cad>
          </ns3:TrackPointExtension>
        </extensions>
      </trkpt>
      <trkpt lat="55.9451681189239025115966796875" lon="-3.06591033004224300384521484375">
        <ele>3.400000095367431640625</ele>
        <time>2018-05-27T09:57:17.000Z</time>
        <extensions>
          <ns3:TrackPointExtension>
            <ns3:hr>197</ns3:hr>
            <ns3:cad>95</ns3:cad>
          </ns3:TrackPointExtension>
        </extensions>
      </trkpt>
      <trkpt lat="55.9452569670975208282470703125" lon="-3.06559332646429538726806640625">
        <ele>2.599999904632568359375</ele>
        <time>2018-05-27T09:57:23.000Z</time>
        <extensions>
          <ns3:TrackPointExtension>
            <ns3:hr>198</ns3:hr>
            <ns3:cad>97</ns3:cad>
          </ns3:TrackPointExtension>
        </extensions>
      </trkpt>
      <trkpt lat="55.94530113972723484039306640625" lon="-3.0652360059320926666259765625">
        <ele>1.7999999523162841796875</ele>
        <time>2018-05-27T09:57:29.000Z</time>
        <extensions>
          <ns3:TrackPointExtension>
            <ns3:hr>198</ns3:hr>
            <ns3:cad>96</ns3:cad>
          </ns3:TrackPointExtension>
        </extensions>
      </trkpt>
      <trkpt lat="55.9453421272337436676025390625" lon="-3.06494305841624736785888671875">
        <ele>1</ele>
        <time>2018-05-27T09:57:34.000Z</time>
        <extensions>
          <ns3:TrackPointExtension>
            <ns3:hr>195</ns3:hr>
            <ns3:cad>95</ns3:cad>
          </ns3:TrackPointExtension>
        </extensions>
      </trkpt>
      <trkpt lat="55.9453853778541088104248046875" lon="-3.06461163796484470367431640625">
        <ele>4</ele>
        <time>2018-05-27T09:57:40.000Z</time>
        <extensions>
          <ns3:TrackPointExtension>
            <ns3:hr>197</ns3:hr>
            <ns3:cad>96</ns3:cad>
          </ns3:TrackPointExtension>
        </extensions>
      </trkpt>
      <trkpt lat="55.94545603729784488677978515625" lon="-3.06428843177855014801025390625">
        <ele>4.599999904632568359375</ele>
        <time>2018-05-27T09:57:46.000Z</time>
        <extensions>
          <ns3:TrackPointExtension>
            <ns3:hr>199</ns3:hr>
            <ns3:cad>94</ns3:cad>
          </ns3:TrackPointExtension>
        </extensions>
      </trkpt>
      <trkpt lat="55.94552828930318355560302734375" lon="-3.063975870609283447265625">
        <ele>3.7999999523162841796875</ele>
        <time>2018-05-27T09:57:52.000Z</time>
        <extensions>
          <ns3:TrackPointExtension>
            <ns3:hr>197</ns3:hr>
            <ns3:cad>96</ns3:cad>
          </ns3:TrackPointExtension>
        </extensions>
      </trkpt>
      <trkpt lat="55.94561026431620121002197265625" lon="-3.06365710683166980743408203125">
        <ele>3.7999999523162841796875</ele>
        <time>2018-05-27T09:57:58.000Z</time>
        <extensions>
          <ns3:TrackPointExtension>
            <ns3:hr>199</ns3:hr>
            <ns3:cad>96</ns3:cad>
          </ns3:TrackPointExtension>
        </extensions>
      </trkpt>
      <trkpt lat="55.945693664252758026123046875" lon="-3.06333809159696102142333984375">
        <ele>4.400000095367431640625</ele>
        <time>2018-05-27T09:58:04.000Z</time>
        <extensions>
          <ns3:TrackPointExtension>
            <ns3:hr>201</ns3:hr>
            <ns3:cad>95</ns3:cad>
          </ns3:TrackPointExtension>
        </extensions>
      </trkpt>
      <trkpt lat="55.945780165493488311767578125" lon="-3.063029386103153228759765625">
        <ele>5</ele>
        <time>2018-05-27T09:58:10.000Z</time>
        <extensions>
          <ns3:TrackPointExtension>
            <ns3:hr>198</ns3:hr>
            <ns3:cad>96</ns3:cad>
          </ns3:TrackPointExtension>
        </extensions>
      </trkpt>
      <trkpt lat="55.9458621405065059661865234375" lon="-3.0627113766968250274658203125">
        <ele>5.400000095367431640625</ele>
        <time>2018-05-27T09:58:16.000Z</time>
        <extensions>
          <ns3:TrackPointExtension>
            <ns3:hr>196</ns3:hr>
            <ns3:cad>96</ns3:cad>
          </ns3:TrackPointExtension>
        </extensions>
      </trkpt>
      <trkpt lat="55.9459405951201915740966796875" lon="-3.0623905174434185028076171875">
        <ele>5</ele>
        <time>2018-05-27T09:58:22.000Z</time>
        <extensions>
          <ns3:TrackPointExtension>
            <ns3:hr>197</ns3:hr>
            <ns3:cad>95</ns3:cad>
          </ns3:TrackPointExtension>
        </extensions>
      </trkpt>
      <trkpt lat="55.9460185468196868896484375" lon="-3.0620699934661388397216796875">
        <ele>3.2000000476837158203125</ele>
        <time>2018-05-27T09:58:28.000Z</time>
        <extensions>
          <ns3:TrackPointExtension>
            <ns3:hr>201</ns3:hr>
            <ns3:cad>96</ns3:cad>
          </ns3:TrackPointExtension>
        </extensions>
      </trkpt>
      <trkpt lat="55.94609172083437442779541015625" lon="-3.06176011450588703155517578125">
        <ele>1.7999999523162841796875</ele>
        <time>2018-05-27T09:58:34.000Z</time>
        <extensions>
          <ns3:TrackPointExtension>
            <ns3:hr>201</ns3:hr>
            <ns3:cad>96</ns3:cad>
          </ns3:TrackPointExtension>
        </extensions>
      </trkpt>
      <trkpt lat="55.946181155741214752197265625" lon="-3.0614561028778553009033203125">
        <ele>1.7999999523162841796875</ele>
        <time>2018-05-27T09:58:40.000Z</time>
        <extensions>
          <ns3:TrackPointExtension>
            <ns3:hr>200</ns3:hr>
            <ns3:cad>96</ns3:cad>
          </ns3:TrackPointExtension>
        </extensions>
      </trkpt>
      <trkpt lat="55.9462772123515605926513671875" lon="-3.06115083396434783935546875">
        <ele>2.2000000476837158203125</ele>
        <time>2018-05-27T09:58:46.000Z</time>
        <extensions>
          <ns3:TrackPointExtension>
            <ns3:hr>198</ns3:hr>
            <ns3:cad>94</ns3:cad>
          </ns3:TrackPointExtension>
        </extensions>
      </trkpt>
      <trkpt lat="55.946360193192958831787109375" lon="-3.06083969771862030029296875">
        <ele>2.599999904632568359375</ele>
        <time>2018-05-27T09:58:52.000Z</time>
        <extensions>
          <ns3:TrackPointExtension>
            <ns3:hr>200</ns3:hr>
            <ns3:cad>95</ns3:cad>
          </ns3:TrackPointExtension>
        </extensions>
      </trkpt>
      <trkpt lat="55.9464347921311855316162109375" lon="-3.06052663363516330718994140625">
        <ele>3</ele>
        <time>2018-05-27T09:58:58.000Z</time>
        <extensions>
          <ns3:TrackPointExtension>
            <ns3:hr>201</ns3:hr>
            <ns3:cad>95</ns3:cad>
          </ns3:TrackPointExtension>
        </extensions>
      </trkpt>
      <trkpt lat="55.94647921621799468994140625" lon="-3.06019521318376064300537109375">
        <ele>4</ele>
        <time>2018-05-27T09:59:04.000Z</time>
        <extensions>
          <ns3:TrackPointExtension>
            <ns3:hr>198</ns3:hr>
            <ns3:cad>96</ns3:cad>
          </ns3:TrackPointExtension>
        </extensions>
      </trkpt>
      <trkpt lat="55.94652657397091388702392578125" lon="-3.059861361980438232421875">
        <ele>5</ele>
        <time>2018-05-27T09:59:10.000Z</time>
        <extensions>
          <ns3:TrackPointExtension>
            <ns3:hr>199</ns3:hr>
            <ns3:cad>95</ns3:cad>
          </ns3:TrackPointExtension>
        </extensions>
      </trkpt>
      <trkpt lat="55.94656781293451786041259765625" lon="-3.05952382273972034454345703125">
        <ele>6</ele>
        <time>2018-05-27T09:59:16.000Z</time>
        <extensions>
          <ns3:TrackPointExtension>
            <ns3:hr>200</ns3:hr>
            <ns3:cad>96</ns3:cad>
          </ns3:TrackPointExtension>
        </extensions>
      </trkpt>
      <trkpt lat="55.946621708571910858154296875" lon="-3.05917178280651569366455078125">
        <ele>6.80000019073486328125</ele>
        <time>2018-05-27T09:59:22.000Z</time>
        <extensions>
          <ns3:TrackPointExtension>
            <ns3:hr>201</ns3:hr>
            <ns3:cad>96</ns3:cad>
          </ns3:TrackPointExtension>
        </extensions>
      </trkpt>
      <trkpt lat="55.94665984623134136199951171875" lon="-3.05883684195578098297119140625">
        <ele>7</ele>
        <time>2018-05-27T09:59:28.000Z</time>
        <extensions>
          <ns3:TrackPointExtension>
            <ns3:hr>200</ns3:hr>
            <ns3:cad>97</ns3:cad>
          </ns3:TrackPointExtension>
        </extensions>
      </trkpt>
      <trkpt lat="55.94663486815989017486572265625" lon="-3.0585096962749958038330078125">
        <ele>7.19999980926513671875</ele>
        <time>2018-05-27T09:59:34.000Z</time>
        <extensions>
          <ns3:TrackPointExtension>
            <ns3:hr>197</ns3:hr>
            <ns3:cad>95</ns3:cad>
          </ns3:TrackPointExtension>
        </extensions>
      </trkpt>
      <trkpt lat="55.946463458240032196044921875" lon="-3.058341555297374725341796875">
        <ele>7.19999980926513671875</ele>
        <time>2018-05-27T09:59:40.000Z</time>
        <extensions>
          <ns3:TrackPointExtension>
            <ns3:hr>198</ns3:hr>
            <ns3:cad>96</ns3:cad>
          </ns3:TrackPointExtension>
        </extensions>
      </trkpt>
      <trkpt lat="55.94633462838828563690185546875" lon="-3.0582656152546405792236328125">
        <ele>7</ele>
        <time>2018-05-27T09:59:44.000Z</time>
        <extensions>
          <ns3:TrackPointExtension>
            <ns3:hr>201</ns3:hr>
            <ns3:cad>96</ns3:cad>
          </ns3:TrackPointExtension>
        </extensions>
      </trkpt>
      <trkpt lat="55.946168415248394012451171875" lon="-3.05818690918385982513427734375">
        <ele>6.599999904632568359375</ele>
        <time>2018-05-27T09:59:49.000Z</time>
        <extensions>
          <ns3:TrackPointExtension>
            <ns3:hr>204</ns3:hr>
            <ns3:cad>95</ns3:cad>
          </ns3:TrackPointExtension>
        </extensions>
      </trkpt>
      <trkpt lat="55.945975296199321746826171875" lon="-3.05809940211474895477294921875">
        <ele>6</ele>
        <time>2018-05-27T09:59:55.000Z</time>
        <extensions>
          <ns3:TrackPointExtension>
            <ns3:hr>204</ns3:hr>
            <ns3:cad>96</ns3:cad>
          </ns3:TrackPointExtension>
        </extensions>
      </trkpt>
      <trkpt lat="55.94577069394290447235107421875" lon="-3.05802430026233196258544921875">
        <ele>6</ele>
        <time>2018-05-27T10:00:01.000Z</time>
        <extensions>
          <ns3:TrackPointExtension>
            <ns3:hr>200</ns3:hr>
            <ns3:cad>96</ns3:cad>
          </ns3:TrackPointExtension>
        </extensions>
      </trkpt>
      <trkpt lat="55.94563708640635013580322265625" lon="-3.0579756014049053192138671875">
        <ele>6</ele>
        <time>2018-05-27T10:00:05.000Z</time>
        <extensions>
          <ns3:TrackPointExtension>
            <ns3:hr>197</ns3:hr>
            <ns3:cad>95</ns3:cad>
          </ns3:TrackPointExtension>
        </extensions>
      </trkpt>
      <trkpt lat="55.94545335508882999420166015625" lon="-3.0578357912600040435791015625">
        <ele>6.80000019073486328125</ele>
        <time>2018-05-27T10:00:11.000Z</time>
        <extensions>
          <ns3:TrackPointExtension>
            <ns3:hr>200</ns3:hr>
            <ns3:cad>96</ns3:cad>
          </ns3:TrackPointExtension>
        </extensions>
      </trkpt>
      <trkpt lat="55.94544430263340473175048828125" lon="-3.05750428698956966400146484375">
        <ele>6.80000019073486328125</ele>
        <time>2018-05-27T10:00:17.000Z</time>
        <extensions>
          <ns3:TrackPointExtension>
            <ns3:hr>199</ns3:hr>
            <ns3:cad>95</ns3:cad>
          </ns3:TrackPointExtension>
        </extensions>
      </trkpt>
      <trkpt lat="55.94546534121036529541015625" lon="-3.0571394227445125579833984375">
        <ele>6.80000019073486328125</ele>
        <time>2018-05-27T10:00:23.000Z</time>
        <extensions>
          <ns3:TrackPointExtension>
            <ns3:hr>200</ns3:hr>
            <ns3:cad>95</ns3:cad>
          </ns3:TrackPointExtension>
        </extensions>
      </trkpt>
      <trkpt lat="55.9454782493412494659423828125" lon="-3.05676986463367938995361328125">
        <ele>6</ele>
        <time>2018-05-27T10:00:29.000Z</time>
        <extensions>
          <ns3:TrackPointExtension>
            <ns3:hr>198</ns3:hr>
            <ns3:cad>95</ns3:cad>
          </ns3:TrackPointExtension>
        </extensions>
      </trkpt>
      <trkpt lat="55.9454641677439212799072265625" lon="-3.05640625767409801483154296875">
        <ele>6</ele>
        <time>2018-05-27T10:00:35.000Z</time>
        <extensions>
          <ns3:TrackPointExtension>
            <ns3:hr>198</ns3:hr>
            <ns3:cad>95</ns3:cad>
          </ns3:TrackPointExtension>
        </extensions>
      </trkpt>
      <trkpt lat="55.94545234926044940948486328125" lon="-3.05604466237127780914306640625">
        <ele>6</ele>
        <time>2018-05-27T10:00:41.000Z</time>
        <extensions>
          <ns3:TrackPointExtension>
            <ns3:hr>198</ns3:hr>
            <ns3:cad>96</ns3:cad>
          </ns3:TrackPointExtension>
        </extensions>
      </trkpt>
      <trkpt lat="55.9454447217285633087158203125" lon="-3.0556792952120304107666015625">
        <ele>6</ele>
        <time>2018-05-27T10:00:47.000Z</time>
        <extensions>
          <ns3:TrackPointExtension>
            <ns3:hr>195</ns3:hr>
            <ns3:cad>95</ns3:cad>
          </ns3:TrackPointExtension>
        </extensions>
      </trkpt>
      <trkpt lat="55.94542318023741245269775390625" lon="-3.0553244054317474365234375">
        <ele>6</ele>
        <time>2018-05-27T10:00:53.000Z</time>
        <extensions>
          <ns3:TrackPointExtension>
            <ns3:hr>194</ns3:hr>
            <ns3:cad>95</ns3:cad>
          </ns3:TrackPointExtension>
        </extensions>
      </trkpt>
      <trkpt lat="55.9454096853733062744140625" lon="-3.0549889616668224334716796875">
        <ele>6</ele>
        <time>2018-05-27T10:00:59.000Z</time>
        <extensions>
          <ns3:TrackPointExtension>
            <ns3:hr>193</ns3:hr>
            <ns3:cad>96</ns3:cad>
          </ns3:TrackPointExtension>
        </extensions>
      </trkpt>
      <trkpt lat="55.94539686106145381927490234375" lon="-3.0546359159052371978759765625">
        <ele>6</ele>
        <time>2018-05-27T10:01:05.000Z</time>
        <extensions>
          <ns3:TrackPointExtension>
            <ns3:hr>196</ns3:hr>
            <ns3:cad>96</ns3:cad>
          </ns3:TrackPointExtension>
        </extensions>
      </trkpt>
      <trkpt lat="55.9453853778541088104248046875" lon="-3.0542795173823833465576171875">
        <ele>6.19999980926513671875</ele>
        <time>2018-05-27T10:01:11.000Z</time>
        <extensions>
          <ns3:TrackPointExtension>
            <ns3:hr>196</ns3:hr>
            <ns3:cad>95</ns3:cad>
          </ns3:TrackPointExtension>
        </extensions>
      </trkpt>
      <trkpt lat="55.945372469723224639892578125" lon="-3.05403300561010837554931640625">
        <ele>6.19999980926513671875</ele>
        <time>2018-05-27T10:01:15.000Z</time>
        <extensions>
          <ns3:TrackPointExtension>
            <ns3:hr>199</ns3:hr>
            <ns3:cad>95</ns3:cad>
          </ns3:TrackPointExtension>
        </extensions>
      </trkpt>
      <trkpt lat="55.94536048360168933868408203125" lon="-3.0537786148488521575927734375">
        <ele>6.19999980926513671875</ele>
        <time>2018-05-27T10:01:19.000Z</time>
        <extensions>
          <ns3:TrackPointExtension>
            <ns3:hr>201</ns3:hr>
            <ns3:cad>95</ns3:cad>
          </ns3:TrackPointExtension>
        </extensions>
      </trkpt>
      <trkpt lat="55.94534288160502910614013671875" lon="-3.05341173894703388214111328125">
        <ele>6.19999980926513671875</ele>
        <time>2018-05-27T10:01:25.000Z</time>
        <extensions>
          <ns3:TrackPointExtension>
            <ns3:hr>201</ns3:hr>
            <ns3:cad>97</ns3:cad>
          </ns3:TrackPointExtension>
        </extensions>
      </trkpt>
      <trkpt lat="55.94533701427280902862548828125" lon="-3.05306556634604930877685546875">
        <ele>5.80000019073486328125</ele>
        <time>2018-05-27T10:01:31.000Z</time>
        <extensions>
          <ns3:TrackPointExtension>
            <ns3:hr>200</ns3:hr>
            <ns3:cad>96</ns3:cad>
          </ns3:TrackPointExtension>
        </extensions>
      </trkpt>
      <trkpt lat="55.94534271396696567535400390625" lon="-3.05276784114539623260498046875">
        <ele>5.400000095367431640625</ele>
        <time>2018-05-27T10:01:36.000Z</time>
        <extensions>
          <ns3:TrackPointExtension>
            <ns3:hr>197</ns3:hr>
            <ns3:cad>96</ns3:cad>
          </ns3:TrackPointExtension>
        </extensions>
      </trkpt>
      <trkpt lat="55.94535134732723236083984375" lon="-3.05241345427930355072021484375">
        <ele>5.19999980926513671875</ele>
        <time>2018-05-27T10:01:42.000Z</time>
        <extensions>
          <ns3:TrackPointExtension>
            <ns3:hr>195</ns3:hr>
            <ns3:cad>96</ns3:cad>
          </ns3:TrackPointExtension>
        </extensions>
      </trkpt>
      <trkpt lat="55.94537037424743175506591796875" lon="-3.052067197859287261962890625">
        <ele>4.19999980926513671875</ele>
        <time>2018-05-27T10:01:48.000Z</time>
        <extensions>
          <ns3:TrackPointExtension>
            <ns3:hr>194</ns3:hr>
            <ns3:cad>96</ns3:cad>
          </ns3:TrackPointExtension>
        </extensions>
      </trkpt>
      <trkpt lat="55.94538378529250621795654296875" lon="-3.0518497712910175323486328125">
        <ele>4</ele>
        <time>2018-05-27T10:01:52.000Z</time>
        <extensions>
          <ns3:TrackPointExtension>
            <ns3:hr>201</ns3:hr>
            <ns3:cad>96</ns3:cad>
          </ns3:TrackPointExtension>
        </extensions>
      </trkpt>
      <trkpt lat="55.94538965262472629547119140625" lon="-3.051792941987514495849609375">
        <ele>4</ele>
        <time>2018-05-27T10:01:53.000Z</time>
        <extensions>
          <ns3:TrackPointExtension>
            <ns3:hr>200</ns3:hr>
            <ns3:cad>95</ns3:cad>
          </ns3:TrackPointExtension>
        </extensions>
      </trkpt>
      <trkpt lat="55.9454024769365787506103515625" lon="-3.05167484097182750701904296875">
        <ele>4</ele>
        <time>2018-05-27T10:01:55.000Z</time>
        <extensions>
          <ns3:TrackPointExtension>
            <ns3:hr>196</ns3:hr>
            <ns3:cad>95</ns3:cad>
          </ns3:TrackPointExtension>
        </extensions>
      </trkpt>
      <trkpt lat="55.9454101882874965667724609375" lon="-3.05161683820188045501708984375">
        <ele>4</ele>
        <time>2018-05-27T10:01:56.000Z</time>
        <extensions>
          <ns3:TrackPointExtension>
            <ns3:hr>192</ns3:hr>
            <ns3:cad>97</ns3:cad>
          </ns3:TrackPointExtension>
        </extensions>
      </trkpt>
      <trkpt lat="55.94541647471487522125244140625" lon="-3.05156302638351917266845703125">
        <ele>4</ele>
        <time>2018-05-27T10:01:57.000Z</time>
        <extensions>
          <ns3:TrackPointExtension>
            <ns3:hr>188</ns3:hr>
            <ns3:cad>97</ns3:cad>
          </ns3:TrackPointExtension>
        </extensions>
      </trkpt>
      <trkpt lat="55.94545670785009860992431640625" lon="-3.05121232755482196807861328125">
        <ele>5</ele>
        <time>2018-05-27T10:02:03.000Z</time>
        <extensions>
          <ns3:TrackPointExtension>
            <ns3:hr>189</ns3:hr>
            <ns3:cad>95</ns3:cad>
          </ns3:TrackPointExtension>
        </extensions>
      </trkpt>
      <trkpt lat="55.94548545777797698974609375" lon="-3.050855509936809539794921875">
        <ele>5</ele>
        <time>2018-05-27T10:02:09.000Z</time>
        <extensions>
          <ns3:TrackPointExtension>
            <ns3:hr>188</ns3:hr>
            <ns3:cad>97</ns3:cad>
          </ns3:TrackPointExtension>
        </extensions>
      </trkpt>
      <trkpt lat="55.94546492211520671844482421875" lon="-3.0505022965371608734130859375">
        <ele>5</ele>
        <time>2018-05-27T10:02:15.000Z</time>
        <extensions>
          <ns3:TrackPointExtension>
            <ns3:hr>189</ns3:hr>
            <ns3:cad>95</ns3:cad>
          </ns3:TrackPointExtension>
        </extensions>
      </trkpt>
      <trkpt lat="55.945418737828731536865234375" lon="-3.05016308091580867767333984375">
        <ele>4</ele>
        <time>2018-05-27T10:02:21.000Z</time>
        <extensions>
          <ns3:TrackPointExtension>
            <ns3:hr>191</ns3:hr>
            <ns3:cad>94</ns3:cad>
          </ns3:TrackPointExtension>
        </extensions>
      </trkpt>
      <trkpt lat="55.9453721344470977783203125" lon="-3.0498032458126544952392578125">
        <ele>4.19999980926513671875</ele>
        <time>2018-05-27T10:02:27.000Z</time>
        <extensions>
          <ns3:TrackPointExtension>
            <ns3:hr>191</ns3:hr>
            <ns3:cad>95</ns3:cad>
          </ns3:TrackPointExtension>
        </extensions>
      </trkpt>
      <trkpt lat="55.94534724019467830657958984375" lon="-3.0494515411555767059326171875">
        <ele>4.19999980926513671875</ele>
        <time>2018-05-27T10:02:33.000Z</time>
        <extensions>
          <ns3:TrackPointExtension>
            <ns3:hr>192</ns3:hr>
            <ns3:cad>95</ns3:cad>
          </ns3:TrackPointExtension>
        </extensions>
      </trkpt>
      <trkpt lat="55.9454631619155406951904296875" lon="-3.04923336021602153778076171875">
        <ele>3.7999999523162841796875</ele>
        <time>2018-05-27T10:02:39.000Z</time>
        <extensions>
          <ns3:TrackPointExtension>
            <ns3:hr>192</ns3:hr>
            <ns3:cad>94</ns3:cad>
          </ns3:TrackPointExtension>
        </extensions>
      </trkpt>
      <trkpt lat="55.945650078356266021728515625" lon="-3.04915674962103366851806640625">
        <ele>3.2000000476837158203125</ele>
        <time>2018-05-27T10:02:45.000Z</time>
        <extensions>
          <ns3:TrackPointExtension>
            <ns3:hr>195</ns3:hr>
            <ns3:cad>95</ns3:cad>
          </ns3:TrackPointExtension>
        </extensions>
      </trkpt>
      <trkpt lat="55.945850908756256103515625" lon="-3.0490616150200366973876953125">
        <ele>3</ele>
        <time>2018-05-27T10:02:51.000Z</time>
        <extensions>
          <ns3:TrackPointExtension>
            <ns3:hr>195</ns3:hr>
            <ns3:cad>96</ns3:cad>
          </ns3:TrackPointExtension>
        </extensions>
      </trkpt>
      <trkpt lat="55.94604779966175556182861328125" lon="-3.04898626171052455902099609375">
        <ele>3.599999904632568359375</ele>
        <time>2018-05-27T10:02:57.000Z</time>
        <extensions>
          <ns3:TrackPointExtension>
            <ns3:hr>194</ns3:hr>
            <ns3:cad>96</ns3:cad>
          </ns3:TrackPointExtension>
        </extensions>
      </trkpt>
      <trkpt lat="55.94625030644237995147705078125" lon="-3.04892239160835742950439453125">
        <ele>4.400000095367431640625</ele>
        <time>2018-05-27T10:03:03.000Z</time>
        <extensions>
          <ns3:TrackPointExtension>
            <ns3:hr>196</ns3:hr>
            <ns3:cad>95</ns3:cad>
          </ns3:TrackPointExtension>
        </extensions>
      </trkpt>
      <trkpt lat="55.9464559145271778106689453125" lon="-3.0488721840083599090576171875">
        <ele>4</ele>
        <time>2018-05-27T10:03:09.000Z</time>
        <extensions>
          <ns3:TrackPointExtension>
            <ns3:hr>197</ns3:hr>
            <ns3:cad>96</ns3:cad>
          </ns3:TrackPointExtension>
        </extensions>
      </trkpt>
      <trkpt lat="55.946660600602626800537109375" lon="-3.04882214404642581939697265625">
        <ele>3.400000095367431640625</ele>
        <time>2018-05-27T10:03:15.000Z</time>
        <extensions>
          <ns3:TrackPointExtension>
            <ns3:hr>199</ns3:hr>
            <ns3:cad>95</ns3:cad>
          </ns3:TrackPointExtension>
        </extensions>
      </trkpt>
      <trkpt lat="55.9468646161258220672607421875" lon="-3.04877520538866519927978515625">
        <ele>3</ele>
        <time>2018-05-27T10:03:21.000Z</time>
        <extensions>
          <ns3:TrackPointExtension>
            <ns3:hr>200</ns3:hr>
            <ns3:cad>95</ns3:cad>
          </ns3:TrackPointExtension>
        </extensions>
      </trkpt>
      <trkpt lat="55.9470671229064464569091796875" lon="-3.0487397499382495880126953125">
        <ele>3</ele>
        <time>2018-05-27T10:03:27.000Z</time>
        <extensions>
          <ns3:TrackPointExtension>
            <ns3:hr>200</ns3:hr>
            <ns3:cad>96</ns3:cad>
          </ns3:TrackPointExtension>
        </extensions>
      </trkpt>
      <trkpt lat="55.9472684562206268310546875" lon="-3.04870580323040485382080078125">
        <ele>3.7999999523162841796875</ele>
        <time>2018-05-27T10:03:33.000Z</time>
        <extensions>
          <ns3:TrackPointExtension>
            <ns3:hr>199</ns3:hr>
            <ns3:cad>95</ns3:cad>
          </ns3:TrackPointExtension>
        </extensions>
      </trkpt>
      <trkpt lat="55.9474758245050907135009765625" lon="-3.0486840941011905670166015625">
        <ele>4.19999980926513671875</ele>
        <time>2018-05-27T10:03:39.000Z</time>
        <extensions>
          <ns3:TrackPointExtension>
            <ns3:hr>197</ns3:hr>
            <ns3:cad>95</ns3:cad>
          </ns3:TrackPointExtension>
        </extensions>
      </trkpt>
      <trkpt lat="55.94767204485833644866943359375" lon="-3.048682920634746551513671875">
        <ele>4.80000019073486328125</ele>
        <time>2018-05-27T10:03:45.000Z</time>
        <extensions>
          <ns3:TrackPointExtension>
            <ns3:hr>198</ns3:hr>
            <ns3:cad>96</ns3:cad>
          </ns3:TrackPointExtension>
        </extensions>
      </trkpt>
      <trkpt lat="55.9478630684316158294677734375" lon="-3.0486911348998546600341796875">
        <ele>4.80000019073486328125</ele>
        <time>2018-05-27T10:03:51.000Z</time>
        <extensions>
          <ns3:TrackPointExtension>
            <ns3:hr>198</ns3:hr>
            <ns3:cad>97</ns3:cad>
          </ns3:TrackPointExtension>
        </extensions>
      </trkpt>
      <trkpt lat="55.94806197099387645721435546875" lon="-3.0486924760043621063232421875">
        <ele>4.400000095367431640625</ele>
        <time>2018-05-27T10:03:57.000Z</time>
        <extensions>
          <ns3:TrackPointExtension>
            <ns3:hr>199</ns3:hr>
            <ns3:cad>96</ns3:cad>
          </ns3:TrackPointExtension>
        </extensions>
      </trkpt>
      <trkpt lat="55.948275625705718994140625" lon="-3.04868392646312713623046875">
        <ele>4</ele>
        <time>2018-05-27T10:04:03.000Z</time>
        <extensions>
          <ns3:TrackPointExtension>
            <ns3:hr>200</ns3:hr>
            <ns3:cad>95</ns3:cad>
          </ns3:TrackPointExtension>
        </extensions>
      </trkpt>
      <trkpt lat="55.94846111722290515899658203125" lon="-3.0485489778220653533935546875">
        <ele>4</ele>
        <time>2018-05-27T10:04:09.000Z</time>
        <extensions>
          <ns3:TrackPointExtension>
            <ns3:hr>201</ns3:hr>
            <ns3:cad>95</ns3:cad>
          </ns3:TrackPointExtension>
        </extensions>
      </trkpt>
      <trkpt lat="55.948513336479663848876953125" lon="-3.04822233505547046661376953125">
        <ele>4</ele>
        <time>2018-05-27T10:04:14.000Z</time>
        <extensions>
          <ns3:TrackPointExtension>
            <ns3:hr>199</ns3:hr>
            <ns3:cad>95</ns3:cad>
          </ns3:TrackPointExtension>
        </extensions>
      </trkpt>
      <trkpt lat="55.94854854047298431396484375" lon="-3.0478546209633350372314453125">
        <ele>4.400000095367431640625</ele>
        <time>2018-05-27T10:04:20.000Z</time>
        <extensions>
          <ns3:TrackPointExtension>
            <ns3:hr>198</ns3:hr>
            <ns3:cad>96</ns3:cad>
          </ns3:TrackPointExtension>
        </extensions>
      </trkpt>
      <trkpt lat="55.94857343472540378570556640625" lon="-3.04747651331126689910888671875">
        <ele>5.400000095367431640625</ele>
        <time>2018-05-27T10:04:26.000Z</time>
        <extensions>
          <ns3:TrackPointExtension>
            <ns3:hr>199</ns3:hr>
            <ns3:cad>95</ns3:cad>
          </ns3:TrackPointExtension>
        </extensions>
      </trkpt>
      <trkpt lat="55.948615260422229766845703125" lon="-3.04710569791495800018310546875">
        <ele>5.599999904632568359375</ele>
        <time>2018-05-27T10:04:32.000Z</time>
        <extensions>
          <ns3:TrackPointExtension>
            <ns3:hr>199</ns3:hr>
            <ns3:cad>97</ns3:cad>
          </ns3:TrackPointExtension>
        </extensions>
      </trkpt>
      <trkpt lat="55.94865851104259490966796875" lon="-3.04673974402248859405517578125">
        <ele>4.80000019073486328125</ele>
        <time>2018-05-27T10:04:38.000Z</time>
        <extensions>
          <ns3:TrackPointExtension>
            <ns3:hr>200</ns3:hr>
            <ns3:cad>96</ns3:cad>
          </ns3:TrackPointExtension>
        </extensions>
      </trkpt>
      <trkpt lat="55.94863596372306346893310546875" lon="-3.0464974232017993927001953125">
        <ele>4</ele>
        <time>2018-05-27T10:04:42.000Z</time>
        <extensions>
          <ns3:TrackPointExtension>
            <ns3:hr>197</ns3:hr>
            <ns3:cad>96</ns3:cad>
          </ns3:TrackPointExtension>
        </extensions>
      </trkpt>
      <trkpt lat="55.94860729761421680450439453125" lon="-3.04646498523652553558349609375">
        <ele>4</ele>
        <time>2018-05-27T10:04:43.000Z</time>
        <extensions>
          <ns3:TrackPointExtension>
            <ns3:hr>198</ns3:hr>
            <ns3:cad>95</ns3:cad>
          </ns3:TrackPointExtension>
        </extensions>
      </trkpt>
      <trkpt lat="55.948415100574493408203125" lon="-3.046421147882938385009765625">
        <ele>4.19999980926513671875</ele>
        <time>2018-05-27T10:04:48.000Z</time>
        <extensions>
          <ns3:TrackPointExtension>
            <ns3:hr>199</ns3:hr>
            <ns3:cad>95</ns3:cad>
          </ns3:TrackPointExtension>
        </extensions>
      </trkpt>
      <trkpt lat="55.9482546709477901458740234375" lon="-3.04642223753035068511962890625">
        <ele>4.599999904632568359375</ele>
        <time>2018-05-27T10:04:52.000Z</time>
        <extensions>
          <ns3:TrackPointExtension>
            <ns3:hr>198</ns3:hr>
            <ns3:cad>96</ns3:cad>
          </ns3:TrackPointExtension>
        </extensions>
      </trkpt>
      <trkpt lat="55.9480672515928745269775390625" lon="-3.04642961360514163970947265625">
        <ele>5</ele>
        <time>2018-05-27T10:04:57.000Z</time>
        <extensions>
          <ns3:TrackPointExtension>
            <ns3:hr>198</ns3:hr>
            <ns3:cad>96</ns3:cad>
          </ns3:TrackPointExtension>
        </extensions>
      </trkpt>
      <trkpt lat="55.94787639565765857696533203125" lon="-3.0464270152151584625244140625">
        <ele>5.599999904632568359375</ele>
        <time>2018-05-27T10:05:02.000Z</time>
        <extensions>
          <ns3:TrackPointExtension>
            <ns3:hr>198</ns3:hr>
            <ns3:cad>96</ns3:cad>
          </ns3:TrackPointExtension>
        </extensions>
      </trkpt>
      <trkpt lat="55.9477608092129230499267578125" lon="-3.04640932939946651458740234375">
        <ele>6</ele>
        <time>2018-05-27T10:05:05.000Z</time>
        <extensions>
          <ns3:TrackPointExtension>
            <ns3:hr>194</ns3:hr>
            <ns3:cad>96</ns3:cad>
          </ns3:TrackPointExtension>
        </extensions>
      </trkpt>
      <trkpt lat="55.94757950864732265472412109375" lon="-3.04635174572467803955078125">
        <ele>6.400000095367431640625</ele>
        <time>2018-05-27T10:05:10.000Z</time>
        <extensions>
          <ns3:TrackPointExtension>
            <ns3:hr>195</ns3:hr>
            <ns3:cad>95</ns3:cad>
          </ns3:TrackPointExtension>
        </extensions>
      </trkpt>
      <trkpt lat="55.94739460386335849761962890625" lon="-3.046291731297969818115234375">
        <ele>6.80000019073486328125</ele>
        <time>2018-05-27T10:05:15.000Z</time>
        <extensions>
          <ns3:TrackPointExtension>
            <ns3:hr>196</ns3:hr>
            <ns3:cad>98</ns3:cad>
          </ns3:TrackPointExtension>
        </extensions>
      </trkpt>
      <trkpt lat="55.94721154309809207916259765625" lon="-3.04624655283987522125244140625">
        <ele>6</ele>
        <time>2018-05-27T10:05:20.000Z</time>
        <extensions>
          <ns3:TrackPointExtension>
            <ns3:hr>195</ns3:hr>
            <ns3:cad>98</ns3:cad>
          </ns3:TrackPointExtension>
        </extensions>
      </trkpt>
      <trkpt lat="55.94700350426137447357177734375" lon="-3.0461594648659229278564453125">
        <ele>4.80000019073486328125</ele>
        <time>2018-05-27T10:05:26.000Z</time>
        <extensions>
          <ns3:TrackPointExtension>
            <ns3:hr>194</ns3:hr>
            <ns3:cad>96</ns3:cad>
          </ns3:TrackPointExtension>
        </extensions>
      </trkpt>
      <trkpt lat="55.94680267386138439178466796875" lon="-3.04603164084255695343017578125">
        <ele>4.80000019073486328125</ele>
        <time>2018-05-27T10:05:32.000Z</time>
        <extensions>
          <ns3:TrackPointExtension>
            <ns3:hr>195</ns3:hr>
            <ns3:cad>98</ns3:cad>
          </ns3:TrackPointExtension>
        </extensions>
      </trkpt>
      <trkpt lat="55.9467040188610553741455078125" lon="-3.04594966582953929901123046875">
        <ele>5.599999904632568359375</ele>
        <time>2018-05-27T10:05:35.000Z</time>
        <extensions>
          <ns3:TrackPointExtension>
            <ns3:hr>198</ns3:hr>
            <ns3:cad>94</ns3:cad>
          </ns3:TrackPointExtension>
        </extensions>
      </trkpt>
      <trkpt lat="55.9465055353939533233642578125" lon="-3.0458134599030017852783203125">
        <ele>7</ele>
        <time>2018-05-27T10:05:41.000Z</time>
        <extensions>
          <ns3:TrackPointExtension>
            <ns3:hr>197</ns3:hr>
            <ns3:cad>96</ns3:cad>
          </ns3:TrackPointExtension>
        </extensions>
      </trkpt>
      <trkpt lat="55.946329347789287567138671875" lon="-3.04567239247262477874755859375">
        <ele>7.599999904632568359375</ele>
        <time>2018-05-27T10:05:47.000Z</time>
        <extensions>
          <ns3:TrackPointExtension>
            <ns3:hr>195</ns3:hr>
            <ns3:cad>89</ns3:cad>
          </ns3:TrackPointExtension>
        </extensions>
      </trkpt>
      <trkpt lat="55.946135558187961578369140625" lon="-3.04555286653339862823486328125">
        <ele>7</ele>
        <time>2018-05-27T10:05:53.000Z</time>
        <extensions>
          <ns3:TrackPointExtension>
            <ns3:hr>197</ns3:hr>
            <ns3:cad>94</ns3:cad>
          </ns3:TrackPointExtension>
        </extensions>
      </trkpt>
      <trkpt lat="55.9459302015602588653564453125" lon="-3.0454845540225505828857421875">
        <ele>6.19999980926513671875</ele>
        <time>2018-05-27T10:05:59.000Z</time>
        <extensions>
          <ns3:TrackPointExtension>
            <ns3:hr>195</ns3:hr>
            <ns3:cad>96</ns3:cad>
          </ns3:TrackPointExtension>
        </extensions>
      </trkpt>
      <trkpt lat="55.94572995789349079132080078125" lon="-3.0454104579985141754150390625">
        <ele>5.19999980926513671875</ele>
        <time>2018-05-27T10:06:05.000Z</time>
        <extensions>
          <ns3:TrackPointExtension>
            <ns3:hr>196</ns3:hr>
            <ns3:cad>96</ns3:cad>
          </ns3:TrackPointExtension>
        </extensions>
      </trkpt>
      <trkpt lat="55.94554790295660495758056640625" lon="-3.045301996171474456787109375">
        <ele>4.599999904632568359375</ele>
        <time>2018-05-27T10:06:11.000Z</time>
        <extensions>
          <ns3:TrackPointExtension>
            <ns3:hr>195</ns3:hr>
            <ns3:cad>96</ns3:cad>
          </ns3:TrackPointExtension>
        </extensions>
      </trkpt>
      <trkpt lat="55.94550825655460357666015625" lon="-3.044941239058971405029296875">
        <ele>4.400000095367431640625</ele>
        <time>2018-05-27T10:06:17.000Z</time>
        <extensions>
          <ns3:TrackPointExtension>
            <ns3:hr>196</ns3:hr>
            <ns3:cad>95</ns3:cad>
          </ns3:TrackPointExtension>
        </extensions>
      </trkpt>
      <trkpt lat="55.94550825655460357666015625" lon="-3.0445903725922107696533203125">
        <ele>5</ele>
        <time>2018-05-27T10:06:23.000Z</time>
        <extensions>
          <ns3:TrackPointExtension>
            <ns3:hr>197</ns3:hr>
            <ns3:cad>97</ns3:cad>
          </ns3:TrackPointExtension>
        </extensions>
      </trkpt>
      <trkpt lat="55.94552460126578807830810546875" lon="-3.04423280060291290283203125">
        <ele>5.80000019073486328125</ele>
        <time>2018-05-27T10:06:29.000Z</time>
        <extensions>
          <ns3:TrackPointExtension>
            <ns3:hr>199</ns3:hr>
            <ns3:cad>95</ns3:cad>
          </ns3:TrackPointExtension>
        </extensions>
      </trkpt>
      <trkpt lat="55.9455330669879913330078125" lon="-3.04387070238590240478515625">
        <ele>6.599999904632568359375</ele>
        <time>2018-05-27T10:06:35.000Z</time>
        <extensions>
          <ns3:TrackPointExtension>
            <ns3:hr>199</ns3:hr>
            <ns3:cad>94</ns3:cad>
          </ns3:TrackPointExtension>
        </extensions>
      </trkpt>
      <trkpt lat="55.9455510042607784271240234375" lon="-3.043516986072063446044921875">
        <ele>6.80000019073486328125</ele>
        <time>2018-05-27T10:06:41.000Z</time>
        <extensions>
          <ns3:TrackPointExtension>
            <ns3:hr>198</ns3:hr>
            <ns3:cad>97</ns3:cad>
          </ns3:TrackPointExtension>
        </extensions>
      </trkpt>
      <trkpt lat="55.94556391239166259765625" lon="-3.04317274130880832672119140625">
        <ele>7.400000095367431640625</ele>
        <time>2018-05-27T10:06:47.000Z</time>
        <extensions>
          <ns3:TrackPointExtension>
            <ns3:hr>198</ns3:hr>
            <ns3:cad>96</ns3:cad>
          </ns3:TrackPointExtension>
        </extensions>
      </trkpt>
      <trkpt lat="55.9455714561045169830322265625" lon="-3.04281902499496936798095703125">
        <ele>7.400000095367431640625</ele>
        <time>2018-05-27T10:06:53.000Z</time>
        <extensions>
          <ns3:TrackPointExtension>
            <ns3:hr>198</ns3:hr>
            <ns3:cad>96</ns3:cad>
          </ns3:TrackPointExtension>
        </extensions>
      </trkpt>
      <trkpt lat="55.94553717412054538726806640625" lon="-3.04248391650617122650146484375">
        <ele>8</ele>
        <time>2018-05-27T10:06:59.000Z</time>
        <extensions>
          <ns3:TrackPointExtension>
            <ns3:hr>200</ns3:hr>
            <ns3:cad>94</ns3:cad>
          </ns3:TrackPointExtension>
        </extensions>
      </trkpt>
      <trkpt lat="55.94550020992755889892578125" lon="-3.04226900450885295867919921875">
        <ele>7.19999980926513671875</ele>
        <time>2018-05-27T10:07:03.000Z</time>
        <extensions>
          <ns3:TrackPointExtension>
            <ns3:hr>197</ns3:hr>
            <ns3:cad>95</ns3:cad>
          </ns3:TrackPointExtension>
        </extensions>
      </trkpt>
      <trkpt lat="55.94549861736595630645751953125" lon="-3.04193339310586452484130859375">
        <ele>7.400000095367431640625</ele>
        <time>2018-05-27T10:07:09.000Z</time>
        <extensions>
          <ns3:TrackPointExtension>
            <ns3:hr>196</ns3:hr>
            <ns3:cad>95</ns3:cad>
          </ns3:TrackPointExtension>
        </extensions>
      </trkpt>
      <trkpt lat="55.94555377028882503509521484375" lon="-3.0415805988013744354248046875">
        <ele>6</ele>
        <time>2018-05-27T10:07:15.000Z</time>
        <extensions>
          <ns3:TrackPointExtension>
            <ns3:hr>196</ns3:hr>
            <ns3:cad>96</ns3:cad>
          </ns3:TrackPointExtension>
        </extensions>
      </trkpt>
      <trkpt lat="55.945585705339908599853515625" lon="-3.0412128008902072906494140625">
        <ele>5.599999904632568359375</ele>
        <time>2018-05-27T10:07:21.000Z</time>
        <extensions>
          <ns3:TrackPointExtension>
            <ns3:hr>195</ns3:hr>
            <ns3:cad>97</ns3:cad>
          </ns3:TrackPointExtension>
        </extensions>
      </trkpt>
      <trkpt lat="55.94561814330518245697021484375" lon="-3.0408453382551670074462890625">
        <ele>5.400000095367431640625</ele>
        <time>2018-05-27T10:07:27.000Z</time>
        <extensions>
          <ns3:TrackPointExtension>
            <ns3:hr>195</ns3:hr>
            <ns3:cad>96</ns3:cad>
          </ns3:TrackPointExtension>
        </extensions>
      </trkpt>
      <trkpt lat="55.9456519223749637603759765625" lon="-3.0404842458665370941162109375">
        <ele>5</ele>
        <time>2018-05-27T10:07:33.000Z</time>
        <extensions>
          <ns3:TrackPointExtension>
            <ns3:hr>197</ns3:hr>
            <ns3:cad>95</ns3:cad>
          </ns3:TrackPointExtension>
        </extensions>
      </trkpt>
      <trkpt lat="55.94567178748548030853271484375" lon="-3.04015961475670337677001953125">
        <ele>5</ele>
        <time>2018-05-27T10:07:39.000Z</time>
        <extensions>
          <ns3:TrackPointExtension>
            <ns3:hr>197</ns3:hr>
            <ns3:cad>96</ns3:cad>
          </ns3:TrackPointExtension>
        </extensions>
      </trkpt>
      <trkpt lat="55.94568402506411075592041015625" lon="-3.03983674384653568267822265625">
        <ele>5</ele>
        <time>2018-05-27T10:07:45.000Z</time>
        <extensions>
          <ns3:TrackPointExtension>
            <ns3:hr>197</ns3:hr>
            <ns3:cad>96</ns3:cad>
          </ns3:TrackPointExtension>
        </extensions>
      </trkpt>
      <trkpt lat="55.94571202062070369720458984375" lon="-3.0394966900348663330078125">
        <ele>4.80000019073486328125</ele>
        <time>2018-05-27T10:07:51.000Z</time>
        <extensions>
          <ns3:TrackPointExtension>
            <ns3:hr>199</ns3:hr>
            <ns3:cad>96</ns3:cad>
          </ns3:TrackPointExtension>
        </extensions>
      </trkpt>
      <trkpt lat="55.9457320533692836761474609375" lon="-3.0391236953437328338623046875">
        <ele>4.599999904632568359375</ele>
        <time>2018-05-27T10:07:57.000Z</time>
        <extensions>
          <ns3:TrackPointExtension>
            <ns3:hr>198</ns3:hr>
            <ns3:cad>95</ns3:cad>
          </ns3:TrackPointExtension>
        </extensions>
      </trkpt>
      <trkpt lat="55.94575208611786365509033203125" lon="-3.03876553662121295928955078125">
        <ele>4.80000019073486328125</ele>
        <time>2018-05-27T10:08:03.000Z</time>
        <extensions>
          <ns3:TrackPointExtension>
            <ns3:hr>198</ns3:hr>
            <ns3:cad>97</ns3:cad>
          </ns3:TrackPointExtension>
        </extensions>
      </trkpt>
      <trkpt lat="55.94577086158096790313720703125" lon="-3.03842556662857532501220703125">
        <ele>4.599999904632568359375</ele>
        <time>2018-05-27T10:08:09.000Z</time>
        <extensions>
          <ns3:TrackPointExtension>
            <ns3:hr>196</ns3:hr>
            <ns3:cad>95</ns3:cad>
          </ns3:TrackPointExtension>
        </extensions>
      </trkpt>
      <trkpt lat="55.94579315744340419769287109375" lon="-3.03807134740054607391357421875">
        <ele>4.599999904632568359375</ele>
        <time>2018-05-27T10:08:15.000Z</time>
        <extensions>
          <ns3:TrackPointExtension>
            <ns3:hr>196</ns3:hr>
            <ns3:cad>96</ns3:cad>
          </ns3:TrackPointExtension>
        </extensions>
      </trkpt>
      <trkpt lat="55.945796258747577667236328125" lon="-3.03789205849170684814453125">
        <ele>4.80000019073486328125</ele>
        <time>2018-05-27T10:08:18.000Z</time>
        <extensions>
          <ns3:TrackPointExtension>
            <ns3:hr>199</ns3:hr>
            <ns3:cad>95</ns3:cad>
          </ns3:TrackPointExtension>
        </extensions>
      </trkpt>
      <trkpt lat="55.94578661955893039703369140625" lon="-3.0375331453979015350341796875">
        <ele>5.400000095367431640625</ele>
        <time>2018-05-27T10:08:24.000Z</time>
        <extensions>
          <ns3:TrackPointExtension>
            <ns3:hr>197</ns3:hr>
            <ns3:cad>95</ns3:cad>
          </ns3:TrackPointExtension>
        </extensions>
      </trkpt>
      <trkpt lat="55.94577857293188571929931640625" lon="-3.0371723882853984832763671875">
        <ele>6.400000095367431640625</ele>
        <time>2018-05-27T10:08:30.000Z</time>
        <extensions>
          <ns3:TrackPointExtension>
            <ns3:hr>196</ns3:hr>
            <ns3:cad>95</ns3:cad>
          </ns3:TrackPointExtension>
        </extensions>
      </trkpt>
      <trkpt lat="55.94575895927846431732177734375" lon="-3.03680869750678539276123046875">
        <ele>7</ele>
        <time>2018-05-27T10:08:36.000Z</time>
        <extensions>
          <ns3:TrackPointExtension>
            <ns3:hr>197</ns3:hr>
            <ns3:cad>96</ns3:cad>
          </ns3:TrackPointExtension>
        </extensions>
      </trkpt>
      <trkpt lat="55.94574286602437496185302734375" lon="-3.03644861094653606414794921875">
        <ele>7.19999980926513671875</ele>
        <time>2018-05-27T10:08:42.000Z</time>
        <extensions>
          <ns3:TrackPointExtension>
            <ns3:hr>198</ns3:hr>
            <ns3:cad>96</ns3:cad>
          </ns3:TrackPointExtension>
        </extensions>
      </trkpt>
      <trkpt lat="55.94572962261736392974853515625" lon="-3.0360931344330310821533203125">
        <ele>6</ele>
        <time>2018-05-27T10:08:48.000Z</time>
        <extensions>
          <ns3:TrackPointExtension>
            <ns3:hr>196</ns3:hr>
            <ns3:cad>96</ns3:cad>
          </ns3:TrackPointExtension>
        </extensions>
      </trkpt>
      <trkpt lat="55.94571076333522796630859375" lon="-3.0357350595295429229736328125">
        <ele>4.80000019073486328125</ele>
        <time>2018-05-27T10:08:54.000Z</time>
        <extensions>
          <ns3:TrackPointExtension>
            <ns3:hr>197</ns3:hr>
            <ns3:cad>96</ns3:cad>
          </ns3:TrackPointExtension>
        </extensions>
      </trkpt>
      <trkpt lat="55.94567564316093921661376953125" lon="-3.0353756435215473175048828125">
        <ele>4.80000019073486328125</ele>
        <time>2018-05-27T10:09:00.000Z</time>
        <extensions>
          <ns3:TrackPointExtension>
            <ns3:hr>196</ns3:hr>
            <ns3:cad>96</ns3:cad>
          </ns3:TrackPointExtension>
        </extensions>
      </trkpt>
      <trkpt lat="55.94563591293990612030029296875" lon="-3.03502301685512065887451171875">
        <ele>4.19999980926513671875</ele>
        <time>2018-05-27T10:09:06.000Z</time>
        <extensions>
          <ns3:TrackPointExtension>
            <ns3:hr>198</ns3:hr>
            <ns3:cad>96</ns3:cad>
          </ns3:TrackPointExtension>
        </extensions>
      </trkpt>
      <trkpt lat="55.94558780081570148468017578125" lon="-3.0346821248531341552734375">
        <ele>4.400000095367431640625</ele>
        <time>2018-05-27T10:09:12.000Z</time>
        <extensions>
          <ns3:TrackPointExtension>
            <ns3:hr>199</ns3:hr>
            <ns3:cad>95</ns3:cad>
          </ns3:TrackPointExtension>
        </extensions>
      </trkpt>
      <trkpt lat="55.9455295465886592864990234375" lon="-3.03434592671692371368408203125">
        <ele>4.599999904632568359375</ele>
        <time>2018-05-27T10:09:18.000Z</time>
        <extensions>
          <ns3:TrackPointExtension>
            <ns3:hr>198</ns3:hr>
            <ns3:cad>96</ns3:cad>
          </ns3:TrackPointExtension>
        </extensions>
      </trkpt>
      <trkpt lat="55.94547246582806110382080078125" lon="-3.03400126285851001739501953125">
        <ele>4.80000019073486328125</ele>
        <time>2018-05-27T10:09:24.000Z</time>
        <extensions>
          <ns3:TrackPointExtension>
            <ns3:hr>196</ns3:hr>
            <ns3:cad>95</ns3:cad>
          </ns3:TrackPointExtension>
        </extensions>
      </trkpt>
      <trkpt lat="55.945410691201686859130859375" lon="-3.033655174076557159423828125">
        <ele>5</ele>
        <time>2018-05-27T10:09:30.000Z</time>
        <extensions>
          <ns3:TrackPointExtension>
            <ns3:hr>196</ns3:hr>
            <ns3:cad>96</ns3:cad>
          </ns3:TrackPointExtension>
        </extensions>
      </trkpt>
      <trkpt lat="55.94534388743340969085693359375" lon="-3.033317215740680694580078125">
        <ele>5.19999980926513671875</ele>
        <time>2018-05-27T10:09:36.000Z</time>
        <extensions>
          <ns3:TrackPointExtension>
            <ns3:hr>197</ns3:hr>
            <ns3:cad>94</ns3:cad>
          </ns3:TrackPointExtension>
        </extensions>
      </trkpt>
      <trkpt lat="55.9452836215496063232421875" lon="-3.03298135288059711456298828125">
        <ele>6</ele>
        <time>2018-05-27T10:09:42.000Z</time>
        <extensions>
          <ns3:TrackPointExtension>
            <ns3:hr>196</ns3:hr>
            <ns3:cad>96</ns3:cad>
          </ns3:TrackPointExtension>
        </extensions>
      </trkpt>
      <trkpt lat="55.945222936570644378662109375" lon="-3.03264926187694072723388671875">
        <ele>6</ele>
        <time>2018-05-27T10:09:48.000Z</time>
        <extensions>
          <ns3:TrackPointExtension>
            <ns3:hr>197</ns3:hr>
            <ns3:cad>95</ns3:cad>
          </ns3:TrackPointExtension>
        </extensions>
      </trkpt>
      <trkpt lat="55.94516434706747531890869140625" lon="-3.0323276482522487640380859375">
        <ele>6</ele>
        <time>2018-05-27T10:09:54.000Z</time>
        <extensions>
          <ns3:TrackPointExtension>
            <ns3:hr>196</ns3:hr>
            <ns3:cad>96</ns3:cad>
          </ns3:TrackPointExtension>
        </extensions>
      </trkpt>
      <trkpt lat="55.94509880058467388153076171875" lon="-3.0320027656853199005126953125">
        <ele>6</ele>
        <time>2018-05-27T10:10:00.000Z</time>
        <extensions>
          <ns3:TrackPointExtension>
            <ns3:hr>194</ns3:hr>
            <ns3:cad>95</ns3:cad>
          </ns3:TrackPointExtension>
        </extensions>
      </trkpt>
      <trkpt lat="55.945034511387348175048828125" lon="-3.03167738020420074462890625">
        <ele>6.400000095367431640625</ele>
        <time>2018-05-27T10:10:06.000Z</time>
        <extensions>
          <ns3:TrackPointExtension>
            <ns3:hr>193</ns3:hr>
            <ns3:cad>96</ns3:cad>
          </ns3:TrackPointExtension>
        </extensions>
      </trkpt>
      <trkpt lat="55.9449924342334270477294921875" lon="-3.03145400248467922210693359375">
        <ele>6</ele>
        <time>2018-05-27T10:10:10.000Z</time>
        <extensions>
          <ns3:TrackPointExtension>
            <ns3:hr>196</ns3:hr>
            <ns3:cad>97</ns3:cad>
          </ns3:TrackPointExtension>
        </extensions>
      </trkpt>
      <trkpt lat="55.94493568874895572662353515625" lon="-3.0311075784265995025634765625">
        <ele>5.400000095367431640625</ele>
        <time>2018-05-27T10:10:16.000Z</time>
        <extensions>
          <ns3:TrackPointExtension>
            <ns3:hr>195</ns3:hr>
            <ns3:cad>95</ns3:cad>
          </ns3:TrackPointExtension>
        </extensions>
      </trkpt>
      <trkpt lat="55.9448834694921970367431640625" lon="-3.0307682789862155914306640625">
        <ele>5</ele>
        <time>2018-05-27T10:10:22.000Z</time>
        <extensions>
          <ns3:TrackPointExtension>
            <ns3:hr>194</ns3:hr>
            <ns3:cad>95</ns3:cad>
          </ns3:TrackPointExtension>
        </extensions>
      </trkpt>
      <trkpt lat="55.94483636319637298583984375" lon="-3.03042520768940448760986328125">
        <ele>5</ele>
        <time>2018-05-27T10:10:28.000Z</time>
        <extensions>
          <ns3:TrackPointExtension>
            <ns3:hr>194</ns3:hr>
            <ns3:cad>95</ns3:cad>
          </ns3:TrackPointExtension>
        </extensions>
      </trkpt>
      <trkpt lat="55.94479369930922985076904296875" lon="-3.03014458157122135162353515625">
        <ele>5</ele>
        <time>2018-05-27T10:10:33.000Z</time>
        <extensions>
          <ns3:TrackPointExtension>
            <ns3:hr>197</ns3:hr>
            <ns3:cad>96</ns3:cad>
          </ns3:TrackPointExtension>
        </extensions>
      </trkpt>
      <trkpt lat="55.9447490237653255462646484375" lon="-3.02980679087340831756591796875">
        <ele>5</ele>
        <time>2018-05-27T10:10:39.000Z</time>
        <extensions>
          <ns3:TrackPointExtension>
            <ns3:hr>196</ns3:hr>
            <ns3:cad>96</ns3:cad>
          </ns3:TrackPointExtension>
        </extensions>
      </trkpt>
      <trkpt lat="55.94470451585948467254638671875" lon="-3.0294556729495525360107421875">
        <ele>5</ele>
        <time>2018-05-27T10:10:45.000Z</time>
        <extensions>
          <ns3:TrackPointExtension>
            <ns3:hr>194</ns3:hr>
            <ns3:cad>96</ns3:cad>
          </ns3:TrackPointExtension>
        </extensions>
      </trkpt>
      <trkpt lat="55.94466738402843475341796875" lon="-3.029107488691806793212890625">
        <ele>5.599999904632568359375</ele>
        <time>2018-05-27T10:10:51.000Z</time>
        <extensions>
          <ns3:TrackPointExtension>
            <ns3:hr>194</ns3:hr>
            <ns3:cad>96</ns3:cad>
          </ns3:TrackPointExtension>
        </extensions>
      </trkpt>
      <trkpt lat="55.944640897214412689208984375" lon="-3.0287643335759639739990234375">
        <ele>5.80000019073486328125</ele>
        <time>2018-05-27T10:10:57.000Z</time>
        <extensions>
          <ns3:TrackPointExtension>
            <ns3:hr>196</ns3:hr>
            <ns3:cad>95</ns3:cad>
          </ns3:TrackPointExtension>
        </extensions>
      </trkpt>
      <trkpt lat="55.94460711814463138580322265625" lon="-3.02841925062239170074462890625">
        <ele>5.80000019073486328125</ele>
        <time>2018-05-27T10:11:03.000Z</time>
        <extensions>
          <ns3:TrackPointExtension>
            <ns3:hr>198</ns3:hr>
            <ns3:cad>95</ns3:cad>
          </ns3:TrackPointExtension>
        </extensions>
      </trkpt>
      <trkpt lat="55.9445716626942157745361328125" lon="-3.02807173691689968109130859375">
        <ele>5</ele>
        <time>2018-05-27T10:11:09.000Z</time>
        <extensions>
          <ns3:TrackPointExtension>
            <ns3:hr>199</ns3:hr>
            <ns3:cad>97</ns3:cad>
          </ns3:TrackPointExtension>
        </extensions>
      </trkpt>
      <trkpt lat="55.9445448406040668487548828125" lon="-3.02773042581975460052490234375">
        <ele>5</ele>
        <time>2018-05-27T10:11:15.000Z</time>
        <extensions>
          <ns3:TrackPointExtension>
            <ns3:hr>199</ns3:hr>
            <ns3:cad>95</ns3:cad>
          </ns3:TrackPointExtension>
        </extensions>
      </trkpt>
      <trkpt lat="55.94451022334396839141845703125" lon="-3.0273796431720256805419921875">
        <ele>5</ele>
        <time>2018-05-27T10:11:21.000Z</time>
        <extensions>
          <ns3:TrackPointExtension>
            <ns3:hr>197</ns3:hr>
            <ns3:cad>95</ns3:cad>
          </ns3:TrackPointExtension>
        </extensions>
      </trkpt>
      <trkpt lat="55.9444757737219333648681640625" lon="-3.027024753391742706298828125">
        <ele>5.19999980926513671875</ele>
        <time>2018-05-27T10:11:27.000Z</time>
        <extensions>
          <ns3:TrackPointExtension>
            <ns3:hr>199</ns3:hr>
            <ns3:cad>96</ns3:cad>
          </ns3:TrackPointExtension>
        </extensions>
      </trkpt>
      <trkpt lat="55.9444623626768589019775390625" lon="-3.02667430602014064788818359375">
        <ele>6.400000095367431640625</ele>
        <time>2018-05-27T10:11:33.000Z</time>
        <extensions>
          <ns3:TrackPointExtension>
            <ns3:hr>198</ns3:hr>
            <ns3:cad>95</ns3:cad>
          </ns3:TrackPointExtension>
        </extensions>
      </trkpt>
      <trkpt lat="55.9445129893720149993896484375" lon="-3.02636031992733478546142578125">
        <ele>6.80000019073486328125</ele>
        <time>2018-05-27T10:11:39.000Z</time>
        <extensions>
          <ns3:TrackPointExtension>
            <ns3:hr>198</ns3:hr>
            <ns3:cad>96</ns3:cad>
          </ns3:TrackPointExtension>
        </extensions>
      </trkpt>
      <trkpt lat="55.94462840817868709564208984375" lon="-3.02609503269195556640625">
        <ele>7</ele>
        <time>2018-05-27T10:11:45.000Z</time>
        <extensions>
          <ns3:TrackPointExtension>
            <ns3:hr>198</ns3:hr>
            <ns3:cad>95</ns3:cad>
          </ns3:TrackPointExtension>
        </extensions>
      </trkpt>
      <trkpt lat="55.94472949393093585968017578125" lon="-3.025800324976444244384765625">
        <ele>7</ele>
        <time>2018-05-27T10:11:51.000Z</time>
        <extensions>
          <ns3:TrackPointExtension>
            <ns3:hr>197</ns3:hr>
            <ns3:cad>96</ns3:cad>
          </ns3:TrackPointExtension>
        </extensions>
      </trkpt>
      <trkpt lat="55.9448573179543018341064453125" lon="-3.02553285844624042510986328125">
        <ele>7</ele>
        <time>2018-05-27T10:11:57.000Z</time>
        <extensions>
          <ns3:TrackPointExtension>
            <ns3:hr>195</ns3:hr>
            <ns3:cad>95</ns3:cad>
          </ns3:TrackPointExtension>
        </extensions>
      </trkpt>
      <trkpt lat="55.9449939429759979248046875" lon="-3.02527134306728839874267578125">
        <ele>7</ele>
        <time>2018-05-27T10:12:03.000Z</time>
        <extensions>
          <ns3:TrackPointExtension>
            <ns3:hr>193</ns3:hr>
            <ns3:cad>95</ns3:cad>
          </ns3:TrackPointExtension>
        </extensions>
      </trkpt>
      <trkpt lat="55.9451359324157238006591796875" lon="-3.02501678466796875">
        <ele>7</ele>
        <time>2018-05-27T10:12:09.000Z</time>
        <extensions>
          <ns3:TrackPointExtension>
            <ns3:hr>191</ns3:hr>
            <ns3:cad>95</ns3:cad>
          </ns3:TrackPointExtension>
        </extensions>
      </trkpt>
      <trkpt lat="55.9452673606574535369873046875" lon="-3.024750910699367523193359375">
        <ele>7</ele>
        <time>2018-05-27T10:12:15.000Z</time>
        <extensions>
          <ns3:TrackPointExtension>
            <ns3:hr>193</ns3:hr>
            <ns3:cad>94</ns3:cad>
          </ns3:TrackPointExtension>
        </extensions>
      </trkpt>
      <trkpt lat="55.94535361044108867645263671875" lon="-3.0245784111320972442626953125">
        <ele>7</ele>
        <time>2018-05-27T10:12:19.000Z</time>
        <extensions>
          <ns3:TrackPointExtension>
            <ns3:hr>196</ns3:hr>
            <ns3:cad>95</ns3:cad>
          </ns3:TrackPointExtension>
        </extensions>
      </trkpt>
      <trkpt lat="55.94542133621871471405029296875" lon="-3.02444606088101863861083984375">
        <ele>7.400000095367431640625</ele>
        <time>2018-05-27T10:12:22.000Z</time>
        <extensions>
          <ns3:TrackPointExtension>
            <ns3:hr>199</ns3:hr>
            <ns3:cad>95</ns3:cad>
          </ns3:TrackPointExtension>
        </extensions>
      </trkpt>
      <trkpt lat="55.94555846415460109710693359375" lon="-3.02418320439755916595458984375">
        <ele>7.400000095367431640625</ele>
        <time>2018-05-27T10:12:28.000Z</time>
        <extensions>
          <ns3:TrackPointExtension>
            <ns3:hr>200</ns3:hr>
            <ns3:cad>96</ns3:cad>
          </ns3:TrackPointExtension>
        </extensions>
      </trkpt>
      <trkpt lat="55.9457062371075153350830078125" lon="-3.02392177283763885498046875">
        <ele>7.400000095367431640625</ele>
        <time>2018-05-27T10:12:34.000Z</time>
        <extensions>
          <ns3:TrackPointExtension>
            <ns3:hr>199</ns3:hr>
            <ns3:cad>94</ns3:cad>
          </ns3:TrackPointExtension>
        </extensions>
      </trkpt>
      <trkpt lat="55.94583556987345218658447265625" lon="-3.02365078590810298919677734375">
        <ele>7.400000095367431640625</ele>
        <time>2018-05-27T10:12:40.000Z</time>
        <extensions>
          <ns3:TrackPointExtension>
            <ns3:hr>198</ns3:hr>
            <ns3:cad>95</ns3:cad>
          </ns3:TrackPointExtension>
        </extensions>
      </trkpt>
      <trkpt lat="55.9459677524864673614501953125" lon="-3.023364208638668060302734375">
        <ele>7</ele>
        <time>2018-05-27T10:12:46.000Z</time>
        <extensions>
          <ns3:TrackPointExtension>
            <ns3:hr>197</ns3:hr>
            <ns3:cad>97</ns3:cad>
          </ns3:TrackPointExtension>
        </extensions>
      </trkpt>
      <trkpt lat="55.946090631186962127685546875" lon="-3.0230793915688991546630859375">
        <ele>6</ele>
        <time>2018-05-27T10:12:52.000Z</time>
        <extensions>
          <ns3:TrackPointExtension>
            <ns3:hr>196</ns3:hr>
            <ns3:cad>96</ns3:cad>
          </ns3:TrackPointExtension>
        </extensions>
      </trkpt>
      <trkpt lat="55.9462131746113300323486328125" lon="-3.0228071473538875579833984375">
        <ele>5.599999904632568359375</ele>
        <time>2018-05-27T10:12:58.000Z</time>
        <extensions>
          <ns3:TrackPointExtension>
            <ns3:hr>197</ns3:hr>
            <ns3:cad>96</ns3:cad>
          </ns3:TrackPointExtension>
        </extensions>
      </trkpt>
      <trkpt lat="55.94633177854120731353759765625" lon="-3.02252425812184810638427734375">
        <ele>5.599999904632568359375</ele>
        <time>2018-05-27T10:13:04.000Z</time>
        <extensions>
          <ns3:TrackPointExtension>
            <ns3:hr>195</ns3:hr>
            <ns3:cad>96</ns3:cad>
          </ns3:TrackPointExtension>
        </extensions>
      </trkpt>
      <trkpt lat="55.9464448504149913787841796875" lon="-3.022237680852413177490234375">
        <ele>5.80000019073486328125</ele>
        <time>2018-05-27T10:13:10.000Z</time>
        <extensions>
          <ns3:TrackPointExtension>
            <ns3:hr>195</ns3:hr>
            <ns3:cad>96</ns3:cad>
          </ns3:TrackPointExtension>
        </extensions>
      </trkpt>
      <trkpt lat="55.94655289314687252044677734375" lon="-3.02194657735526561737060546875">
        <ele>6.400000095367431640625</ele>
        <time>2018-05-27T10:13:16.000Z</time>
        <extensions>
          <ns3:TrackPointExtension>
            <ns3:hr>194</ns3:hr>
            <ns3:cad>95</ns3:cad>
          </ns3:TrackPointExtension>
        </extensions>
      </trkpt>
      <trkpt lat="55.94666990451514720916748046875" lon="-3.02168237976729869842529296875">
        <ele>7</ele>
        <time>2018-05-27T10:13:22.000Z</time>
        <extensions>
          <ns3:TrackPointExtension>
            <ns3:hr>193</ns3:hr>
            <ns3:cad>96</ns3:cad>
          </ns3:TrackPointExtension>
        </extensions>
      </trkpt>
      <trkpt lat="55.94679295085370540618896484375" lon="-3.021431006491184234619140625">
        <ele>7.80000019073486328125</ele>
        <time>2018-05-27T10:13:28.000Z</time>
        <extensions>
          <ns3:TrackPointExtension>
            <ns3:hr>195</ns3:hr>
            <ns3:cad>96</ns3:cad>
          </ns3:TrackPointExtension>
        </extensions>
      </trkpt>
      <trkpt lat="55.94692572019994258880615234375" lon="-3.0211709998548030853271484375">
        <ele>9.19999980926513671875</ele>
        <time>2018-05-27T10:13:34.000Z</time>
        <extensions>
          <ns3:TrackPointExtension>
            <ns3:hr>197</ns3:hr>
            <ns3:cad>95</ns3:cad>
          </ns3:TrackPointExtension>
        </extensions>
      </trkpt>
      <trkpt lat="55.947063602507114410400390625" lon="-3.02091191522777080535888671875">
        <ele>10.80000019073486328125</ele>
        <time>2018-05-27T10:13:40.000Z</time>
        <extensions>
          <ns3:TrackPointExtension>
            <ns3:hr>197</ns3:hr>
            <ns3:cad>95</ns3:cad>
          </ns3:TrackPointExtension>
        </extensions>
      </trkpt>
      <trkpt lat="55.94720584340393543243408203125" lon="-3.02069700323045253753662109375">
        <ele>11.6000003814697265625</ele>
        <time>2018-05-27T10:13:46.000Z</time>
        <extensions>
          <ns3:TrackPointExtension>
            <ns3:hr>199</ns3:hr>
            <ns3:cad>96</ns3:cad>
          </ns3:TrackPointExtension>
        </extensions>
      </trkpt>
      <trkpt lat="55.947352945804595947265625" lon="-3.02049298770725727081298828125">
        <ele>12.19999980926513671875</ele>
        <time>2018-05-27T10:13:52.000Z</time>
        <extensions>
          <ns3:TrackPointExtension>
            <ns3:hr>198</ns3:hr>
            <ns3:cad>97</ns3:cad>
          </ns3:TrackPointExtension>
        </extensions>
      </trkpt>
      <trkpt lat="55.94748429022729396820068359375" lon="-3.02027120254933834075927734375">
        <ele>12.6000003814697265625</ele>
        <time>2018-05-27T10:13:58.000Z</time>
        <extensions>
          <ns3:TrackPointExtension>
            <ns3:hr>200</ns3:hr>
            <ns3:cad>96</ns3:cad>
          </ns3:TrackPointExtension>
        </extensions>
      </trkpt>
      <trkpt lat="55.94763248227536678314208984375" lon="-3.020059727132320404052734375">
        <ele>12.6000003814697265625</ele>
        <time>2018-05-27T10:14:04.000Z</time>
        <extensions>
          <ns3:TrackPointExtension>
            <ns3:hr>200</ns3:hr>
            <ns3:cad>95</ns3:cad>
          </ns3:TrackPointExtension>
        </extensions>
      </trkpt>
      <trkpt lat="55.947790481150150299072265625" lon="-3.01986149512231349945068359375">
        <ele>12.19999980926513671875</ele>
        <time>2018-05-27T10:14:09.000Z</time>
        <extensions>
          <ns3:TrackPointExtension>
            <ns3:hr>198</ns3:hr>
            <ns3:cad>95</ns3:cad>
          </ns3:TrackPointExtension>
        </extensions>
      </trkpt>
      <trkpt lat="55.9479435347020626068115234375" lon="-3.019596375524997711181640625">
        <ele>11.6000003814697265625</ele>
        <time>2018-05-27T10:14:15.000Z</time>
        <extensions>
          <ns3:TrackPointExtension>
            <ns3:hr>199</ns3:hr>
            <ns3:cad>94</ns3:cad>
          </ns3:TrackPointExtension>
        </extensions>
      </trkpt>
      <trkpt lat="55.9480565227568149566650390625" lon="-3.01932572387158870697021484375">
        <ele>10.3999996185302734375</ele>
        <time>2018-05-27T10:14:20.000Z</time>
        <extensions>
          <ns3:TrackPointExtension>
            <ns3:hr>197</ns3:hr>
            <ns3:cad>95</ns3:cad>
          </ns3:TrackPointExtension>
        </extensions>
      </trkpt>
      <trkpt lat="55.94817630015313625335693359375" lon="-3.0190584249794483184814453125">
        <ele>9</ele>
        <time>2018-05-27T10:14:25.000Z</time>
        <extensions>
          <ns3:TrackPointExtension>
            <ns3:hr>195</ns3:hr>
            <ns3:cad>96</ns3:cad>
          </ns3:TrackPointExtension>
        </extensions>
      </trkpt>
      <trkpt lat="55.94827386550605297088623046875" lon="-3.01878274418413639068603515625">
        <ele>8.80000019073486328125</ele>
        <time>2018-05-27T10:14:30.000Z</time>
        <extensions>
          <ns3:TrackPointExtension>
            <ns3:hr>197</ns3:hr>
            <ns3:cad>97</ns3:cad>
          </ns3:TrackPointExtension>
        </extensions>
      </trkpt>
      <trkpt lat="55.94835902564227581024169921875" lon="-3.01849574781954288482666015625">
        <ele>9</ele>
        <time>2018-05-27T10:14:35.000Z</time>
        <extensions>
          <ns3:TrackPointExtension>
            <ns3:hr>197</ns3:hr>
            <ns3:cad>97</ns3:cad>
          </ns3:TrackPointExtension>
        </extensions>
      </trkpt>
      <trkpt lat="55.948439575731754302978515625" lon="-3.0181652493774890899658203125">
        <ele>9.19999980926513671875</ele>
        <time>2018-05-27T10:14:41.000Z</time>
        <extensions>
          <ns3:TrackPointExtension>
            <ns3:hr>197</ns3:hr>
            <ns3:cad>97</ns3:cad>
          </ns3:TrackPointExtension>
        </extensions>
      </trkpt>
      <trkpt lat="55.94852079637348651885986328125" lon="-3.01784120500087738037109375">
        <ele>9.80000019073486328125</ele>
        <time>2018-05-27T10:14:47.000Z</time>
        <extensions>
          <ns3:TrackPointExtension>
            <ns3:hr>197</ns3:hr>
            <ns3:cad>96</ns3:cad>
          </ns3:TrackPointExtension>
        </extensions>
      </trkpt>
      <trkpt lat="55.94860344193875789642333984375" lon="-3.0175563879311084747314453125">
        <ele>9.3999996185302734375</ele>
        <time>2018-05-27T10:14:52.000Z</time>
        <extensions>
          <ns3:TrackPointExtension>
            <ns3:hr>197</ns3:hr>
            <ns3:cad>96</ns3:cad>
          </ns3:TrackPointExtension>
        </extensions>
      </trkpt>
      <trkpt lat="55.94869866035878658294677734375" lon="-3.01723158918321132659912109375">
        <ele>9.19999980926513671875</ele>
        <time>2018-05-27T10:14:58.000Z</time>
        <extensions>
          <ns3:TrackPointExtension>
            <ns3:hr>195</ns3:hr>
            <ns3:cad>96</ns3:cad>
          </ns3:TrackPointExtension>
        </extensions>
      </trkpt>
      <trkpt lat="55.94880360178649425506591796875" lon="-3.016898073256015777587890625">
        <ele>8.80000019073486328125</ele>
        <time>2018-05-27T10:15:04.000Z</time>
        <extensions>
          <ns3:TrackPointExtension>
            <ns3:hr>197</ns3:hr>
            <ns3:cad>96</ns3:cad>
          </ns3:TrackPointExtension>
        </extensions>
      </trkpt>
      <trkpt lat="55.94889856874942779541015625" lon="-3.01656849682331085205078125">
        <ele>8.6000003814697265625</ele>
        <time>2018-05-27T10:15:10.000Z</time>
        <extensions>
          <ns3:TrackPointExtension>
            <ns3:hr>198</ns3:hr>
            <ns3:cad>97</ns3:cad>
          </ns3:TrackPointExtension>
        </extensions>
      </trkpt>
      <trkpt lat="55.94898733310401439666748046875" lon="-3.016239590942859649658203125">
        <ele>8.19999980926513671875</ele>
        <time>2018-05-27T10:15:16.000Z</time>
        <extensions>
          <ns3:TrackPointExtension>
            <ns3:hr>201</ns3:hr>
            <ns3:cad>97</ns3:cad>
          </ns3:TrackPointExtension>
        </extensions>
      </trkpt>
      <trkpt lat="55.94905958510935306549072265625" lon="-3.0159655027091503143310546875">
        <ele>7.80000019073486328125</ele>
        <time>2018-05-27T10:15:21.000Z</time>
        <extensions>
          <ns3:TrackPointExtension>
            <ns3:hr>198</ns3:hr>
            <ns3:cad>96</ns3:cad>
          </ns3:TrackPointExtension>
        </extensions>
      </trkpt>
      <trkpt lat="55.94915530644357204437255859375" lon="-3.0156473256647586822509765625">
        <ele>7.400000095367431640625</ele>
        <time>2018-05-27T10:15:27.000Z</time>
        <extensions>
          <ns3:TrackPointExtension>
            <ns3:hr>198</ns3:hr>
            <ns3:cad>96</ns3:cad>
          </ns3:TrackPointExtension>
        </extensions>
      </trkpt>
      <trkpt lat="55.94924231059849262237548828125" lon="-3.0153918452560901641845703125">
        <ele>7.19999980926513671875</ele>
        <time>2018-05-27T10:15:32.000Z</time>
        <extensions>
          <ns3:TrackPointExtension>
            <ns3:hr>195</ns3:hr>
            <ns3:cad>96</ns3:cad>
          </ns3:TrackPointExtension>
        </extensions>
      </trkpt>
      <trkpt lat="55.9493262134492397308349609375" lon="-3.0151310004293918609619140625">
        <ele>7.19999980926513671875</ele>
        <time>2018-05-27T10:15:37.000Z</time>
        <extensions>
          <ns3:TrackPointExtension>
            <ns3:hr>197</ns3:hr>
            <ns3:cad>96</ns3:cad>
          </ns3:TrackPointExtension>
        </extensions>
      </trkpt>
      <trkpt lat="55.9494195878505706787109375" lon="-3.014820031821727752685546875">
        <ele>8.3999996185302734375</ele>
        <time>2018-05-27T10:15:43.000Z</time>
        <extensions>
          <ns3:TrackPointExtension>
            <ns3:hr>196</ns3:hr>
            <ns3:cad>96</ns3:cad>
          </ns3:TrackPointExtension>
        </extensions>
      </trkpt>
      <trkpt lat="55.94950416125357151031494140625" lon="-3.01451166160404682159423828125">
        <ele>9.6000003814697265625</ele>
        <time>2018-05-27T10:15:49.000Z</time>
        <extensions>
          <ns3:TrackPointExtension>
            <ns3:hr>198</ns3:hr>
            <ns3:cad>96</ns3:cad>
          </ns3:TrackPointExtension>
        </extensions>
      </trkpt>
      <trkpt lat="55.9495964460074901580810546875" lon="-3.01418879069387912750244140625">
        <ele>9.80000019073486328125</ele>
        <time>2018-05-27T10:15:55.000Z</time>
        <extensions>
          <ns3:TrackPointExtension>
            <ns3:hr>198</ns3:hr>
            <ns3:cad>96</ns3:cad>
          </ns3:TrackPointExtension>
        </extensions>
      </trkpt>
      <trkpt lat="55.94966392032802104949951171875" lon="-3.01386751234531402587890625">
        <ele>9.6000003814697265625</ele>
        <time>2018-05-27T10:16:01.000Z</time>
        <extensions>
          <ns3:TrackPointExtension>
            <ns3:hr>198</ns3:hr>
            <ns3:cad>95</ns3:cad>
          </ns3:TrackPointExtension>
        </extensions>
      </trkpt>
      <trkpt lat="55.949749164283275604248046875" lon="-3.013568781316280364990234375">
        <ele>9</ele>
        <time>2018-05-27T10:16:07.000Z</time>
        <extensions>
          <ns3:TrackPointExtension>
            <ns3:hr>199</ns3:hr>
            <ns3:cad>96</ns3:cad>
          </ns3:TrackPointExtension>
        </extensions>
      </trkpt>
      <trkpt lat="55.94981077127158641815185546875" lon="-3.0133748240768909454345703125">
        <ele>8.3999996185302734375</ele>
        <time>2018-05-27T10:16:11.000Z</time>
        <extensions>
          <ns3:TrackPointExtension>
            <ns3:hr>196</ns3:hr>
            <ns3:cad>95</ns3:cad>
          </ns3:TrackPointExtension>
        </extensions>
      </trkpt>
      <trkpt lat="55.94992225058376789093017578125" lon="-3.0130844749510288238525390625">
        <ele>7.80000019073486328125</ele>
        <time>2018-05-27T10:16:17.000Z</time>
        <extensions>
          <ns3:TrackPointExtension>
            <ns3:hr>195</ns3:hr>
            <ns3:cad>95</ns3:cad>
          </ns3:TrackPointExtension>
        </extensions>
      </trkpt>
      <trkpt lat="55.9500292874872684478759765625" lon="-3.0128038488328456878662109375">
        <ele>7.599999904632568359375</ele>
        <time>2018-05-27T10:16:23.000Z</time>
        <extensions>
          <ns3:TrackPointExtension>
            <ns3:hr>196</ns3:hr>
            <ns3:cad>96</ns3:cad>
          </ns3:TrackPointExtension>
        </extensions>
      </trkpt>
      <trkpt lat="55.95015560276806354522705078125" lon="-3.0125098116695880889892578125">
        <ele>6.599999904632568359375</ele>
        <time>2018-05-27T10:16:29.000Z</time>
        <extensions>
          <ns3:TrackPointExtension>
            <ns3:hr>195</ns3:hr>
            <ns3:cad>95</ns3:cad>
          </ns3:TrackPointExtension>
        </extensions>
      </trkpt>
      <trkpt lat="55.950285606086254119873046875" lon="-3.0122667364776134490966796875">
        <ele>5.599999904632568359375</ele>
        <time>2018-05-27T10:16:35.000Z</time>
        <extensions>
          <ns3:TrackPointExtension>
            <ns3:hr>193</ns3:hr>
            <ns3:cad>95</ns3:cad>
          </ns3:TrackPointExtension>
        </extensions>
      </trkpt>
      <trkpt lat="55.95042583532631397247314453125" lon="-3.0120216496288776397705078125">
        <ele>5.19999980926513671875</ele>
        <time>2018-05-27T10:16:41.000Z</time>
        <extensions>
          <ns3:TrackPointExtension>
            <ns3:hr>194</ns3:hr>
            <ns3:cad>96</ns3:cad>
          </ns3:TrackPointExtension>
        </extensions>
      </trkpt>
      <trkpt lat="55.95056866295635700225830078125" lon="-3.0117936618626117706298828125">
        <ele>6</ele>
        <time>2018-05-27T10:16:47.000Z</time>
        <extensions>
          <ns3:TrackPointExtension>
            <ns3:hr>195</ns3:hr>
            <ns3:cad>96</ns3:cad>
          </ns3:TrackPointExtension>
        </extensions>
      </trkpt>
      <trkpt lat="55.95072247087955474853515625" lon="-3.01157045178115367889404296875">
        <ele>6</ele>
        <time>2018-05-27T10:16:53.000Z</time>
        <extensions>
          <ns3:TrackPointExtension>
            <ns3:hr>196</ns3:hr>
            <ns3:cad>96</ns3:cad>
          </ns3:TrackPointExtension>
        </extensions>
      </trkpt>
      <trkpt lat="55.95088080503046512603759765625" lon="-3.01135453395545482635498046875">
        <ele>6</ele>
        <time>2018-05-27T10:16:59.000Z</time>
        <extensions>
          <ns3:TrackPointExtension>
            <ns3:hr>196</ns3:hr>
            <ns3:cad>96</ns3:cad>
          </ns3:TrackPointExtension>
        </extensions>
      </trkpt>
      <trkpt lat="55.95098004676401615142822265625" lon="-3.01120567135512828826904296875">
        <ele>6</ele>
        <time>2018-05-27T10:17:03.000Z</time>
        <extensions>
          <ns3:TrackPointExtension>
            <ns3:hr>199</ns3:hr>
            <ns3:cad>96</ns3:cad>
          </ns3:TrackPointExtension>
        </extensions>
      </trkpt>
      <trkpt lat="55.9511299990117549896240234375" lon="-3.0109879933297634124755859375">
        <ele>6</ele>
        <time>2018-05-27T10:17:09.000Z</time>
        <extensions>
          <ns3:TrackPointExtension>
            <ns3:hr>199</ns3:hr>
            <ns3:cad>96</ns3:cad>
          </ns3:TrackPointExtension>
        </extensions>
      </trkpt>
      <trkpt lat="55.95128430984914302825927734375" lon="-3.01076629199087619781494140625">
        <ele>6.19999980926513671875</ele>
        <time>2018-05-27T10:17:15.000Z</time>
        <extensions>
          <ns3:TrackPointExtension>
            <ns3:hr>198</ns3:hr>
            <ns3:cad>97</ns3:cad>
          </ns3:TrackPointExtension>
        </extensions>
      </trkpt>
      <trkpt lat="55.9514391236007213592529296875" lon="-3.0105286650359630584716796875">
        <ele>6.80000019073486328125</ele>
        <time>2018-05-27T10:17:21.000Z</time>
        <extensions>
          <ns3:TrackPointExtension>
            <ns3:hr>197</ns3:hr>
            <ns3:cad>96</ns3:cad>
          </ns3:TrackPointExtension>
        </extensions>
      </trkpt>
      <trkpt lat="55.95158371143043041229248046875" lon="-3.0102860927581787109375">
        <ele>6.80000019073486328125</ele>
        <time>2018-05-27T10:17:27.000Z</time>
        <extensions>
          <ns3:TrackPointExtension>
            <ns3:hr>197</ns3:hr>
            <ns3:cad>96</ns3:cad>
          </ns3:TrackPointExtension>
        </extensions>
      </trkpt>
      <trkpt lat="55.95172419212758541107177734375" lon="-3.01003974862396717071533203125">
        <ele>6.599999904632568359375</ele>
        <time>2018-05-27T10:17:33.000Z</time>
        <extensions>
          <ns3:TrackPointExtension>
            <ns3:hr>197</ns3:hr>
            <ns3:cad>96</ns3:cad>
          </ns3:TrackPointExtension>
        </extensions>
      </trkpt>
      <trkpt lat="55.95186467282474040985107421875" lon="-3.00978745333850383758544921875">
        <ele>7</ele>
        <time>2018-05-27T10:17:39.000Z</time>
        <extensions>
          <ns3:TrackPointExtension>
            <ns3:hr>197</ns3:hr>
            <ns3:cad>96</ns3:cad>
          </ns3:TrackPointExtension>
        </extensions>
      </trkpt>
      <trkpt lat="55.952000208199024200439453125" lon="-3.0095161311328411102294921875">
        <ele>7</ele>
        <time>2018-05-27T10:17:45.000Z</time>
        <extensions>
          <ns3:TrackPointExtension>
            <ns3:hr>198</ns3:hr>
            <ns3:cad>96</ns3:cad>
          </ns3:TrackPointExtension>
        </extensions>
      </trkpt>
      <trkpt lat="55.95212400890886783599853515625" lon="-3.0092200823128223419189453125">
        <ele>7</ele>
        <time>2018-05-27T10:17:51.000Z</time>
        <extensions>
          <ns3:TrackPointExtension>
            <ns3:hr>197</ns3:hr>
            <ns3:cad>96</ns3:cad>
          </ns3:TrackPointExtension>
        </extensions>
      </trkpt>
      <trkpt lat="55.95224034972488880157470703125" lon="-3.008928559720516204833984375">
        <ele>6.599999904632568359375</ele>
        <time>2018-05-27T10:17:57.000Z</time>
        <extensions>
          <ns3:TrackPointExtension>
            <ns3:hr>197</ns3:hr>
            <ns3:cad>95</ns3:cad>
          </ns3:TrackPointExtension>
        </extensions>
      </trkpt>
      <trkpt lat="55.95234076492488384246826171875" lon="-3.00862639211118221282958984375">
        <ele>6</ele>
        <time>2018-05-27T10:18:03.000Z</time>
        <extensions>
          <ns3:TrackPointExtension>
            <ns3:hr>197</ns3:hr>
            <ns3:cad>96</ns3:cad>
          </ns3:TrackPointExtension>
        </extensions>
      </trkpt>
      <trkpt lat="55.95244704745709896087646484375" lon="-3.00831475295126438140869140625">
        <ele>5.599999904632568359375</ele>
        <time>2018-05-27T10:18:09.000Z</time>
        <extensions>
          <ns3:TrackPointExtension>
            <ns3:hr>198</ns3:hr>
            <ns3:cad>96</ns3:cad>
          </ns3:TrackPointExtension>
        </extensions>
      </trkpt>
      <trkpt lat="55.95254662446677684783935546875" lon="-3.00800554454326629638671875">
        <ele>5.19999980926513671875</ele>
        <time>2018-05-27T10:18:15.000Z</time>
        <extensions>
          <ns3:TrackPointExtension>
            <ns3:hr>196</ns3:hr>
            <ns3:cad>96</ns3:cad>
          </ns3:TrackPointExtension>
        </extensions>
      </trkpt>
      <trkpt lat="55.95264293253421783447265625" lon="-3.00769885070621967315673828125">
        <ele>5</ele>
        <time>2018-05-27T10:18:21.000Z</time>
        <extensions>
          <ns3:TrackPointExtension>
            <ns3:hr>196</ns3:hr>
            <ns3:cad>96</ns3:cad>
          </ns3:TrackPointExtension>
        </extensions>
      </trkpt>
      <trkpt lat="55.952729098498821258544921875" lon="-3.0073958449065685272216796875">
        <ele>4.599999904632568359375</ele>
        <time>2018-05-27T10:18:27.000Z</time>
        <extensions>
          <ns3:TrackPointExtension>
            <ns3:hr>196</ns3:hr>
            <ns3:cad>96</ns3:cad>
          </ns3:TrackPointExtension>
        </extensions>
      </trkpt>
      <trkpt lat="55.95282155089080333709716796875" lon="-3.0070934258401393890380859375">
        <ele>4.19999980926513671875</ele>
        <time>2018-05-27T10:18:33.000Z</time>
        <extensions>
          <ns3:TrackPointExtension>
            <ns3:hr>195</ns3:hr>
            <ns3:cad>95</ns3:cad>
          </ns3:TrackPointExtension>
        </extensions>
      </trkpt>
      <trkpt lat="55.95291073434054851531982421875" lon="-3.00679243169724941253662109375">
        <ele>5</ele>
        <time>2018-05-27T10:18:39.000Z</time>
        <extensions>
          <ns3:TrackPointExtension>
            <ns3:hr>195</ns3:hr>
            <ns3:cad>96</ns3:cad>
          </ns3:TrackPointExtension>
        </extensions>
      </trkpt>
      <trkpt lat="55.9529978223145008087158203125" lon="-3.0064872466027736663818359375">
        <ele>4.80000019073486328125</ele>
        <time>2018-05-27T10:18:45.000Z</time>
        <extensions>
          <ns3:TrackPointExtension>
            <ns3:hr>195</ns3:hr>
            <ns3:cad>94</ns3:cad>
          </ns3:TrackPointExtension>
        </extensions>
      </trkpt>
      <trkpt lat="55.95307904295623302459716796875" lon="-3.00615322776138782501220703125">
        <ele>5.400000095367431640625</ele>
        <time>2018-05-27T10:18:51.000Z</time>
        <extensions>
          <ns3:TrackPointExtension>
            <ns3:hr>196</ns3:hr>
            <ns3:cad>95</ns3:cad>
          </ns3:TrackPointExtension>
        </extensions>
      </trkpt>
      <trkpt lat="55.95315582118928432464599609375" lon="-3.00581007264554500579833984375">
        <ele>5.599999904632568359375</ele>
        <time>2018-05-27T10:18:57.000Z</time>
        <extensions>
          <ns3:TrackPointExtension>
            <ns3:hr>195</ns3:hr>
            <ns3:cad>95</ns3:cad>
          </ns3:TrackPointExtension>
        </extensions>
      </trkpt>
      <trkpt lat="55.9532160870730876922607421875" lon="-3.0054807476699352264404296875">
        <ele>6.599999904632568359375</ele>
        <time>2018-05-27T10:19:03.000Z</time>
        <extensions>
          <ns3:TrackPointExtension>
            <ns3:hr>195</ns3:hr>
            <ns3:cad>95</ns3:cad>
          </ns3:TrackPointExtension>
        </extensions>
      </trkpt>
      <trkpt lat="55.9532794542610645294189453125" lon="-3.005130551755428314208984375">
        <ele>6.599999904632568359375</ele>
        <time>2018-05-27T10:19:09.000Z</time>
        <extensions>
          <ns3:TrackPointExtension>
            <ns3:hr>196</ns3:hr>
            <ns3:cad>96</ns3:cad>
          </ns3:TrackPointExtension>
        </extensions>
      </trkpt>
      <trkpt lat="55.95331792719662189483642578125" lon="-3.004833161830902099609375">
        <ele>7.599999904632568359375</ele>
        <time>2018-05-27T10:19:14.000Z</time>
        <extensions>
          <ns3:TrackPointExtension>
            <ns3:hr>199</ns3:hr>
            <ns3:cad>96</ns3:cad>
          </ns3:TrackPointExtension>
        </extensions>
      </trkpt>
      <trkpt lat="55.95333251170814037322998046875" lon="-3.004653453826904296875">
        <ele>8.19999980926513671875</ele>
        <time>2018-05-27T10:19:17.000Z</time>
        <extensions>
          <ns3:TrackPointExtension>
            <ns3:hr>199</ns3:hr>
            <ns3:cad>95</ns3:cad>
          </ns3:TrackPointExtension>
        </extensions>
      </trkpt>
      <trkpt lat="55.9533548913896083831787109375" lon="-3.00440912134945392608642578125">
        <ele>8.3999996185302734375</ele>
        <time>2018-05-27T10:19:21.000Z</time>
        <extensions>
          <ns3:TrackPointExtension>
            <ns3:hr>196</ns3:hr>
            <ns3:cad>96</ns3:cad>
          </ns3:TrackPointExtension>
        </extensions>
      </trkpt>
      <trkpt lat="55.9533919394016265869140625" lon="-3.00405004061758518218994140625">
        <ele>9.19999980926513671875</ele>
        <time>2018-05-27T10:19:27.000Z</time>
        <extensions>
          <ns3:TrackPointExtension>
            <ns3:hr>198</ns3:hr>
            <ns3:cad>95</ns3:cad>
          </ns3:TrackPointExtension>
        </extensions>
      </trkpt>
      <trkpt lat="55.9534306637942790985107421875" lon="-3.0036910437047481536865234375">
        <ele>9.19999980926513671875</ele>
        <time>2018-05-27T10:19:33.000Z</time>
        <extensions>
          <ns3:TrackPointExtension>
            <ns3:hr>196</ns3:hr>
            <ns3:cad>96</ns3:cad>
          </ns3:TrackPointExtension>
        </extensions>
      </trkpt>
      <trkpt lat="55.9534697234630584716796875" lon="-3.00333154387772083282470703125">
        <ele>9.3999996185302734375</ele>
        <time>2018-05-27T10:19:39.000Z</time>
        <extensions>
          <ns3:TrackPointExtension>
            <ns3:hr>197</ns3:hr>
            <ns3:cad>96</ns3:cad>
          </ns3:TrackPointExtension>
        </extensions>
      </trkpt>
      <trkpt lat="55.95349319279193878173828125" lon="-3.003145046532154083251953125">
        <ele>9.80000019073486328125</ele>
        <time>2018-05-27T10:19:42.000Z</time>
        <extensions>
          <ns3:TrackPointExtension>
            <ns3:hr>200</ns3:hr>
            <ns3:cad>96</ns3:cad>
          </ns3:TrackPointExtension>
        </extensions>
      </trkpt>
      <trkpt lat="55.95353987999260425567626953125" lon="-3.00277565605938434600830078125">
        <ele>9.3999996185302734375</ele>
        <time>2018-05-27T10:19:48.000Z</time>
        <extensions>
          <ns3:TrackPointExtension>
            <ns3:hr>200</ns3:hr>
            <ns3:cad>97</ns3:cad>
          </ns3:TrackPointExtension>
        </extensions>
      </trkpt>
      <trkpt lat="55.953593440353870391845703125" lon="-3.002465777099132537841796875">
        <ele>9</ele>
        <time>2018-05-27T10:19:53.000Z</time>
        <extensions>
          <ns3:TrackPointExtension>
            <ns3:hr>200</ns3:hr>
            <ns3:cad>97</ns3:cad>
          </ns3:TrackPointExtension>
        </extensions>
      </trkpt>
      <trkpt lat="55.953663177788257598876953125" lon="-3.00210627727210521697998046875">
        <ele>9.6000003814697265625</ele>
        <time>2018-05-27T10:19:59.000Z</time>
        <extensions>
          <ns3:TrackPointExtension>
            <ns3:hr>199</ns3:hr>
            <ns3:cad>96</ns3:cad>
          </ns3:TrackPointExtension>
        </extensions>
      </trkpt>
      <trkpt lat="55.9537428058683872222900390625" lon="-3.001754321157932281494140625">
        <ele>9.19999980926513671875</ele>
        <time>2018-05-27T10:20:05.000Z</time>
        <extensions>
          <ns3:TrackPointExtension>
            <ns3:hr>197</ns3:hr>
            <ns3:cad>96</ns3:cad>
          </ns3:TrackPointExtension>
        </extensions>
      </trkpt>
      <trkpt lat="55.9538157284259796142578125" lon="-3.0014587752521038055419921875">
        <ele>9.19999980926513671875</ele>
        <time>2018-05-27T10:20:10.000Z</time>
        <extensions>
          <ns3:TrackPointExtension>
            <ns3:hr>198</ns3:hr>
            <ns3:cad>96</ns3:cad>
          </ns3:TrackPointExtension>
        </extensions>
      </trkpt>
      <trkpt lat="55.95388219691812992095947265625" lon="-3.001170940697193145751953125">
        <ele>8.3999996185302734375</ele>
        <time>2018-05-27T10:20:15.000Z</time>
        <extensions>
          <ns3:TrackPointExtension>
            <ns3:hr>195</ns3:hr>
            <ns3:cad>97</ns3:cad>
          </ns3:TrackPointExtension>
        </extensions>
      </trkpt>
      <trkpt lat="55.9539751522243022918701171875" lon="-3.00084429793059825897216796875">
        <ele>7.80000019073486328125</ele>
        <time>2018-05-27T10:20:21.000Z</time>
        <extensions>
          <ns3:TrackPointExtension>
            <ns3:hr>195</ns3:hr>
            <ns3:cad>96</ns3:cad>
          </ns3:TrackPointExtension>
        </extensions>
      </trkpt>
      <trkpt lat="55.95405268482863903045654296875" lon="-3.00051790662109851837158203125">
        <ele>8.6000003814697265625</ele>
        <time>2018-05-27T10:20:27.000Z</time>
        <extensions>
          <ns3:TrackPointExtension>
            <ns3:hr>194</ns3:hr>
            <ns3:cad>95</ns3:cad>
          </ns3:TrackPointExtension>
        </extensions>
      </trkpt>
      <trkpt lat="55.954129882156848907470703125" lon="-3.00018313340842723846435546875">
        <ele>8.6000003814697265625</ele>
        <time>2018-05-27T10:20:33.000Z</time>
        <extensions>
          <ns3:TrackPointExtension>
            <ns3:hr>194</ns3:hr>
            <ns3:cad>96</ns3:cad>
          </ns3:TrackPointExtension>
        </extensions>
      </trkpt>
      <trkpt lat="55.9541836939752101898193359375" lon="-2.99983729608356952667236328125">
        <ele>7.80000019073486328125</ele>
        <time>2018-05-27T10:20:39.000Z</time>
        <extensions>
          <ns3:TrackPointExtension>
            <ns3:hr>196</ns3:hr>
            <ns3:cad>96</ns3:cad>
          </ns3:TrackPointExtension>
        </extensions>
      </trkpt>
      <trkpt lat="55.954270698130130767822265625" lon="-2.99951492808759212493896484375">
        <ele>6.19999980926513671875</ele>
        <time>2018-05-27T10:20:45.000Z</time>
        <extensions>
          <ns3:TrackPointExtension>
            <ns3:hr>195</ns3:hr>
            <ns3:cad>95</ns3:cad>
          </ns3:TrackPointExtension>
        </extensions>
      </trkpt>
      <trkpt lat="55.95438377000391483306884765625" lon="-2.9991980083286762237548828125">
        <ele>6</ele>
        <time>2018-05-27T10:20:51.000Z</time>
        <extensions>
          <ns3:TrackPointExtension>
            <ns3:hr>195</ns3:hr>
            <ns3:cad>96</ns3:cad>
          </ns3:TrackPointExtension>
        </extensions>
      </trkpt>
      <trkpt lat="55.954488627612590789794921875" lon="-2.99889885820448398590087890625">
        <ele>6</ele>
        <time>2018-05-27T10:20:57.000Z</time>
        <extensions>
          <ns3:TrackPointExtension>
            <ns3:hr>197</ns3:hr>
            <ns3:cad>97</ns3:cad>
          </ns3:TrackPointExtension>
        </extensions>
      </trkpt>
      <trkpt lat="55.9545908868312835693359375" lon="-2.99860976636409759521484375">
        <ele>5.80000019073486328125</ele>
        <time>2018-05-27T10:21:03.000Z</time>
        <extensions>
          <ns3:TrackPointExtension>
            <ns3:hr>197</ns3:hr>
            <ns3:cad>95</ns3:cad>
          </ns3:TrackPointExtension>
        </extensions>
      </trkpt>
      <trkpt lat="55.95469943247735500335693359375" lon="-2.99831329844892024993896484375">
        <ele>5</ele>
        <time>2018-05-27T10:21:09.000Z</time>
        <extensions>
          <ns3:TrackPointExtension>
            <ns3:hr>196</ns3:hr>
            <ns3:cad>96</ns3:cad>
          </ns3:TrackPointExtension>
        </extensions>
      </trkpt>
      <trkpt lat="55.95480973832309246063232421875" lon="-2.9980285651981830596923828125">
        <ele>4.19999980926513671875</ele>
        <time>2018-05-27T10:21:15.000Z</time>
        <extensions>
          <ns3:TrackPointExtension>
            <ns3:hr>198</ns3:hr>
            <ns3:cad>95</ns3:cad>
          </ns3:TrackPointExtension>
        </extensions>
      </trkpt>
      <trkpt lat="55.95492004416882991790771484375" lon="-2.99774399958550930023193359375">
        <ele>4</ele>
        <time>2018-05-27T10:21:21.000Z</time>
        <extensions>
          <ns3:TrackPointExtension>
            <ns3:hr>197</ns3:hr>
            <ns3:cad>95</ns3:cad>
          </ns3:TrackPointExtension>
        </extensions>
      </trkpt>
      <trkpt lat="55.9550399892032146453857421875" lon="-2.99745909869670867919921875">
        <ele>4.599999904632568359375</ele>
        <time>2018-05-27T10:21:27.000Z</time>
        <extensions>
          <ns3:TrackPointExtension>
            <ns3:hr>196</ns3:hr>
            <ns3:cad>96</ns3:cad>
          </ns3:TrackPointExtension>
        </extensions>
      </trkpt>
      <trkpt lat="55.95514836721122264862060546875" lon="-2.99724795855581760406494140625">
        <ele>5</ele>
        <time>2018-05-27T10:21:32.000Z</time>
        <extensions>
          <ns3:TrackPointExtension>
            <ns3:hr>199</ns3:hr>
            <ns3:cad>95</ns3:cad>
          </ns3:TrackPointExtension>
        </extensions>
      </trkpt>
      <trkpt lat="55.95529002137482166290283203125" lon="-2.99699599854648113250732421875">
        <ele>5</ele>
        <time>2018-05-27T10:21:38.000Z</time>
        <extensions>
          <ns3:TrackPointExtension>
            <ns3:hr>197</ns3:hr>
            <ns3:cad>96</ns3:cad>
          </ns3:TrackPointExtension>
        </extensions>
      </trkpt>
      <trkpt lat="55.9554393030703067779541015625" lon="-2.99672610126435756683349609375">
        <ele>5.19999980926513671875</ele>
        <time>2018-05-27T10:21:44.000Z</time>
        <extensions>
          <ns3:TrackPointExtension>
            <ns3:hr>198</ns3:hr>
            <ns3:cad>96</ns3:cad>
          </ns3:TrackPointExtension>
        </extensions>
      </trkpt>
      <trkpt lat="55.95556779764592647552490234375" lon="-2.99651504494249820709228515625">
        <ele>6</ele>
        <time>2018-05-27T10:21:49.000Z</time>
        <extensions>
          <ns3:TrackPointExtension>
            <ns3:hr>201</ns3:hr>
            <ns3:cad>95</ns3:cad>
          </ns3:TrackPointExtension>
        </extensions>
      </trkpt>
      <trkpt lat="55.95573325641453266143798828125" lon="-2.99629560671746730804443359375">
        <ele>5.80000019073486328125</ele>
        <time>2018-05-27T10:21:55.000Z</time>
        <extensions>
          <ns3:TrackPointExtension>
            <ns3:hr>198</ns3:hr>
            <ns3:cad>96</ns3:cad>
          </ns3:TrackPointExtension>
        </extensions>
      </trkpt>
      <trkpt lat="55.95586786977946758270263671875" lon="-2.99602570943534374237060546875">
        <ele>6.19999980926513671875</ele>
        <time>2018-05-27T10:22:01.000Z</time>
        <extensions>
          <ns3:TrackPointExtension>
            <ns3:hr>197</ns3:hr>
            <ns3:cad>96</ns3:cad>
          </ns3:TrackPointExtension>
        </extensions>
      </trkpt>
      <trkpt lat="55.95597968436777591705322265625" lon="-2.99573242664337158203125">
        <ele>6</ele>
        <time>2018-05-27T10:22:07.000Z</time>
        <extensions>
          <ns3:TrackPointExtension>
            <ns3:hr>197</ns3:hr>
            <ns3:cad>95</ns3:cad>
          </ns3:TrackPointExtension>
        </extensions>
      </trkpt>
      <trkpt lat="55.95606953836977481842041015625" lon="-2.9954036884009838104248046875">
        <ele>7</ele>
        <time>2018-05-27T10:22:13.000Z</time>
        <extensions>
          <ns3:TrackPointExtension>
            <ns3:hr>198</ns3:hr>
            <ns3:cad>95</ns3:cad>
          </ns3:TrackPointExtension>
        </extensions>
      </trkpt>
      <trkpt lat="55.95616375096142292022705078125" lon="-2.99508400261402130126953125">
        <ele>7</ele>
        <time>2018-05-27T10:22:19.000Z</time>
        <extensions>
          <ns3:TrackPointExtension>
            <ns3:hr>196</ns3:hr>
            <ns3:cad>95</ns3:cad>
          </ns3:TrackPointExtension>
        </extensions>
      </trkpt>
      <trkpt lat="55.95625310204923152923583984375" lon="-2.9947653226554393768310546875">
        <ele>7.19999980926513671875</ele>
        <time>2018-05-27T10:22:25.000Z</time>
        <extensions>
          <ns3:TrackPointExtension>
            <ns3:hr>199</ns3:hr>
            <ns3:cad>96</ns3:cad>
          </ns3:TrackPointExtension>
        </extensions>
      </trkpt>
      <trkpt lat="55.956346057355403900146484375" lon="-2.99445712007582187652587890625">
        <ele>8</ele>
        <time>2018-05-27T10:22:31.000Z</time>
        <extensions>
          <ns3:TrackPointExtension>
            <ns3:hr>200</ns3:hr>
            <ns3:cad>95</ns3:cad>
          </ns3:TrackPointExtension>
        </extensions>
      </trkpt>
      <trkpt lat="55.9564387612044811248779296875" lon="-2.99413994885981082916259765625">
        <ele>8</ele>
        <time>2018-05-27T10:22:37.000Z</time>
        <extensions>
          <ns3:TrackPointExtension>
            <ns3:hr>201</ns3:hr>
            <ns3:cad>95</ns3:cad>
          </ns3:TrackPointExtension>
        </extensions>
      </trkpt>
      <trkpt lat="55.95652651973068714141845703125" lon="-2.993820346891880035400390625">
        <ele>8.80000019073486328125</ele>
        <time>2018-05-27T10:22:43.000Z</time>
        <extensions>
          <ns3:TrackPointExtension>
            <ns3:hr>202</ns3:hr>
            <ns3:cad>96</ns3:cad>
          </ns3:TrackPointExtension>
        </extensions>
      </trkpt>
      <trkpt lat="55.956572033464908599853515625" lon="-2.993662096560001373291015625">
        <ele>8.80000019073486328125</ele>
        <time>2018-05-27T10:22:46.000Z</time>
        <extensions>
          <ns3:TrackPointExtension>
            <ns3:hr>199</ns3:hr>
            <ns3:cad>96</ns3:cad>
          </ns3:TrackPointExtension>
        </extensions>
      </trkpt>
      <trkpt lat="55.95663196407258510589599609375" lon="-2.99346587620675563812255859375">
        <ele>8.6000003814697265625</ele>
        <time>2018-05-27T10:22:50.000Z</time>
        <extensions>
          <ns3:TrackPointExtension>
            <ns3:hr>200</ns3:hr>
            <ns3:cad>96</ns3:cad>
          </ns3:TrackPointExtension>
        </extensions>
      </trkpt>
      <trkpt lat="55.95673204399645328521728515625" lon="-2.9931798018515110015869140625">
        <ele>8.19999980926513671875</ele>
        <time>2018-05-27T10:22:56.000Z</time>
        <extensions>
          <ns3:TrackPointExtension>
            <ns3:hr>199</ns3:hr>
            <ns3:cad>96</ns3:cad>
          </ns3:TrackPointExtension>
        </extensions>
      </trkpt>
      <trkpt lat="55.9568119235336780548095703125" lon="-2.9929280094802379608154296875">
        <ele>8.80000019073486328125</ele>
        <time>2018-05-27T10:23:01.000Z</time>
        <extensions>
          <ns3:TrackPointExtension>
            <ns3:hr>202</ns3:hr>
            <ns3:cad>95</ns3:cad>
          </ns3:TrackPointExtension>
        </extensions>
      </trkpt>
      <trkpt lat="55.95690496265888214111328125" lon="-2.99263891763985157012939453125">
        <ele>9</ele>
        <time>2018-05-27T10:23:07.000Z</time>
        <extensions>
          <ns3:TrackPointExtension>
            <ns3:hr>202</ns3:hr>
            <ns3:cad>97</ns3:cad>
          </ns3:TrackPointExtension>
        </extensions>
      </trkpt>
      <trkpt lat="55.9570110775530338287353515625" lon="-2.99234705977141857147216796875">
        <ele>9.19999980926513671875</ele>
        <time>2018-05-27T10:23:13.000Z</time>
        <extensions>
          <ns3:TrackPointExtension>
            <ns3:hr>200</ns3:hr>
            <ns3:cad>95</ns3:cad>
          </ns3:TrackPointExtension>
        </extensions>
      </trkpt>
      <trkpt lat="55.957137979567050933837890625" lon="-2.992049418389797210693359375">
        <ele>9.80000019073486328125</ele>
        <time>2018-05-27T10:23:19.000Z</time>
        <extensions>
          <ns3:TrackPointExtension>
            <ns3:hr>198</ns3:hr>
            <ns3:cad>95</ns3:cad>
          </ns3:TrackPointExtension>
        </extensions>
      </trkpt>
      <trkpt lat="55.9572709165513515472412109375" lon="-2.99176937900483608245849609375">
        <ele>9.3999996185302734375</ele>
        <time>2018-05-27T10:23:25.000Z</time>
        <extensions>
          <ns3:TrackPointExtension>
            <ns3:hr>198</ns3:hr>
            <ns3:cad>96</ns3:cad>
          </ns3:TrackPointExtension>
        </extensions>
      </trkpt>
      <trkpt lat="55.95739656127989292144775390625" lon="-2.99148942343890666961669921875">
        <ele>9.6000003814697265625</ele>
        <time>2018-05-27T10:23:31.000Z</time>
        <extensions>
          <ns3:TrackPointExtension>
            <ns3:hr>199</ns3:hr>
            <ns3:cad>97</ns3:cad>
          </ns3:TrackPointExtension>
        </extensions>
      </trkpt>
      <trkpt lat="55.95750401727855205535888671875" lon="-2.99117065966129302978515625">
        <ele>8.6000003814697265625</ele>
        <time>2018-05-27T10:23:37.000Z</time>
        <extensions>
          <ns3:TrackPointExtension>
            <ns3:hr>198</ns3:hr>
            <ns3:cad>97</ns3:cad>
          </ns3:TrackPointExtension>
        </extensions>
      </trkpt>
      <trkpt lat="55.9576078690588474273681640625" lon="-2.990899421274662017822265625">
        <ele>8.19999980926513671875</ele>
        <time>2018-05-27T10:23:42.000Z</time>
        <extensions>
          <ns3:TrackPointExtension>
            <ns3:hr>199</ns3:hr>
            <ns3:cad>96</ns3:cad>
          </ns3:TrackPointExtension>
        </extensions>
      </trkpt>
      <trkpt lat="55.95771121792495250701904296875" lon="-2.990628518164157867431640625">
        <ele>7.599999904632568359375</ele>
        <time>2018-05-27T10:23:47.000Z</time>
        <extensions>
          <ns3:TrackPointExtension>
            <ns3:hr>201</ns3:hr>
            <ns3:cad>97</ns3:cad>
          </ns3:TrackPointExtension>
        </extensions>
      </trkpt>
      <trkpt lat="55.95783476717770099639892578125" lon="-2.99032266251742839813232421875">
        <ele>8.19999980926513671875</ele>
        <time>2018-05-27T10:23:53.000Z</time>
        <extensions>
          <ns3:TrackPointExtension>
            <ns3:hr>201</ns3:hr>
            <ns3:cad>97</ns3:cad>
          </ns3:TrackPointExtension>
        </extensions>
      </trkpt>
      <trkpt lat="55.95794406719505786895751953125" lon="-2.99000884406268596649169921875">
        <ele>8.80000019073486328125</ele>
        <time>2018-05-27T10:23:59.000Z</time>
        <extensions>
          <ns3:TrackPointExtension>
            <ns3:hr>200</ns3:hr>
            <ns3:cad>97</ns3:cad>
          </ns3:TrackPointExtension>
        </extensions>
      </trkpt>
      <trkpt lat="55.95802210271358489990234375" lon="-2.9896932654082775115966796875">
        <ele>9.19999980926513671875</ele>
        <time>2018-05-27T10:24:05.000Z</time>
        <extensions>
          <ns3:TrackPointExtension>
            <ns3:hr>197</ns3:hr>
            <ns3:cad>97</ns3:cad>
          </ns3:TrackPointExtension>
        </extensions>
      </trkpt>
      <trkpt lat="55.9580903314054012298583984375" lon="-2.98938053660094738006591796875">
        <ele>9.3999996185302734375</ele>
        <time>2018-05-27T10:24:11.000Z</time>
        <extensions>
          <ns3:TrackPointExtension>
            <ns3:hr>198</ns3:hr>
            <ns3:cad>96</ns3:cad>
          </ns3:TrackPointExtension>
        </extensions>
      </trkpt>
      <trkpt lat="55.958163253962993621826171875" lon="-2.98906914889812469482421875">
        <ele>9.19999980926513671875</ele>
        <time>2018-05-27T10:24:17.000Z</time>
        <extensions>
          <ns3:TrackPointExtension>
            <ns3:hr>200</ns3:hr>
            <ns3:cad>95</ns3:cad>
          </ns3:TrackPointExtension>
        </extensions>
      </trkpt>
      <trkpt lat="55.95819653011858463287353515625" lon="-2.9889093898236751556396484375">
        <ele>9</ele>
        <time>2018-05-27T10:24:20.000Z</time>
        <extensions>
          <ns3:TrackPointExtension>
            <ns3:hr>197</ns3:hr>
            <ns3:cad>95</ns3:cad>
          </ns3:TrackPointExtension>
        </extensions>
      </trkpt>
      <trkpt lat="55.95827481709420680999755859375" lon="-2.9886016063392162322998046875">
        <ele>8.6000003814697265625</ele>
        <time>2018-05-27T10:24:26.000Z</time>
        <extensions>
          <ns3:TrackPointExtension>
            <ns3:hr>198</ns3:hr>
            <ns3:cad>95</ns3:cad>
          </ns3:TrackPointExtension>
        </extensions>
      </trkpt>
      <trkpt lat="55.95836366526782512664794921875" lon="-2.98830061219632625579833984375">
        <ele>8.3999996185302734375</ele>
        <time>2018-05-27T10:24:32.000Z</time>
        <extensions>
          <ns3:TrackPointExtension>
            <ns3:hr>196</ns3:hr>
            <ns3:cad>96</ns3:cad>
          </ns3:TrackPointExtension>
        </extensions>
      </trkpt>
      <trkpt lat="55.9584303013980388641357421875" lon="-2.98796902410686016082763671875">
        <ele>9</ele>
        <time>2018-05-27T10:24:38.000Z</time>
        <extensions>
          <ns3:TrackPointExtension>
            <ns3:hr>197</ns3:hr>
            <ns3:cad>95</ns3:cad>
          </ns3:TrackPointExtension>
        </extensions>
      </trkpt>
      <trkpt lat="55.95850330777466297149658203125" lon="-2.9876386933028697967529296875">
        <ele>9.80000019073486328125</ele>
        <time>2018-05-27T10:24:44.000Z</time>
        <extensions>
          <ns3:TrackPointExtension>
            <ns3:hr>197</ns3:hr>
            <ns3:cad>95</ns3:cad>
          </ns3:TrackPointExtension>
        </extensions>
      </trkpt>
      <trkpt lat="55.95859399996697902679443359375" lon="-2.98731925897300243377685546875">
        <ele>10.6000003814697265625</ele>
        <time>2018-05-27T10:24:50.000Z</time>
        <extensions>
          <ns3:TrackPointExtension>
            <ns3:hr>197</ns3:hr>
            <ns3:cad>95</ns3:cad>
          </ns3:TrackPointExtension>
        </extensions>
      </trkpt>
      <trkpt lat="55.95866440795361995697021484375" lon="-2.986995466053485870361328125">
        <ele>11.19999980926513671875</ele>
        <time>2018-05-27T10:24:56.000Z</time>
        <extensions>
          <ns3:TrackPointExtension>
            <ns3:hr>195</ns3:hr>
            <ns3:cad>95</ns3:cad>
          </ns3:TrackPointExtension>
        </extensions>
      </trkpt>
      <trkpt lat="55.9587424434721469879150390625" lon="-2.98668609000742435455322265625">
        <ele>11.3999996185302734375</ele>
        <time>2018-05-27T10:25:02.000Z</time>
        <extensions>
          <ns3:TrackPointExtension>
            <ns3:hr>195</ns3:hr>
            <ns3:cad>96</ns3:cad>
          </ns3:TrackPointExtension>
        </extensions>
      </trkpt>
      <trkpt lat="55.958849899470806121826171875" lon="-2.98639540560543537139892578125">
        <ele>11.6000003814697265625</ele>
        <time>2018-05-27T10:25:08.000Z</time>
        <extensions>
          <ns3:TrackPointExtension>
            <ns3:hr>197</ns3:hr>
            <ns3:cad>96</ns3:cad>
          </ns3:TrackPointExtension>
        </extensions>
      </trkpt>
      <trkpt lat="55.95893044956028461456298828125" lon="-2.98619491048157215118408203125">
        <ele>11.3999996185302734375</ele>
        <time>2018-05-27T10:25:12.000Z</time>
        <extensions>
          <ns3:TrackPointExtension>
            <ns3:hr>194</ns3:hr>
            <ns3:cad>95</ns3:cad>
          </ns3:TrackPointExtension>
        </extensions>
      </trkpt>
      <trkpt lat="55.95904402434825897216796875" lon="-2.9858915694057941436767578125">
        <ele>10.80000019073486328125</ele>
        <time>2018-05-27T10:25:18.000Z</time>
        <extensions>
          <ns3:TrackPointExtension>
            <ns3:hr>197</ns3:hr>
            <ns3:cad>97</ns3:cad>
          </ns3:TrackPointExtension>
        </extensions>
      </trkpt>
      <trkpt lat="55.95914284698665142059326171875" lon="-2.98558898270130157470703125">
        <ele>10.3999996185302734375</ele>
        <time>2018-05-27T10:25:24.000Z</time>
        <extensions>
          <ns3:TrackPointExtension>
            <ns3:hr>198</ns3:hr>
            <ns3:cad>96</ns3:cad>
          </ns3:TrackPointExtension>
        </extensions>
      </trkpt>
      <trkpt lat="55.9592440165579319000244140625" lon="-2.9852850548923015594482421875">
        <ele>10.3999996185302734375</ele>
        <time>2018-05-27T10:25:30.000Z</time>
        <extensions>
          <ns3:TrackPointExtension>
            <ns3:hr>200</ns3:hr>
            <ns3:cad>97</ns3:cad>
          </ns3:TrackPointExtension>
        </extensions>
      </trkpt>
      <trkpt lat="55.95935440622270107269287109375" lon="-2.9849732480943202972412109375">
        <ele>9.6000003814697265625</ele>
        <time>2018-05-27T10:25:36.000Z</time>
        <extensions>
          <ns3:TrackPointExtension>
            <ns3:hr>198</ns3:hr>
            <ns3:cad>97</ns3:cad>
          </ns3:TrackPointExtension>
        </extensions>
      </trkpt>
      <trkpt lat="55.9594646282494068145751953125" lon="-2.98466269858181476593017578125">
        <ele>8.80000019073486328125</ele>
        <time>2018-05-27T10:25:42.000Z</time>
        <extensions>
          <ns3:TrackPointExtension>
            <ns3:hr>198</ns3:hr>
            <ns3:cad>97</ns3:cad>
          </ns3:TrackPointExtension>
        </extensions>
      </trkpt>
      <trkpt lat="55.9595796279609203338623046875" lon="-2.98434980213642120361328125">
        <ele>8.80000019073486328125</ele>
        <time>2018-05-27T10:25:48.000Z</time>
        <extensions>
          <ns3:TrackPointExtension>
            <ns3:hr>198</ns3:hr>
            <ns3:cad>97</ns3:cad>
          </ns3:TrackPointExtension>
        </extensions>
      </trkpt>
      <trkpt lat="55.95969823189079761505126953125" lon="-2.98406003974378108978271484375">
        <ele>8.6000003814697265625</ele>
        <time>2018-05-27T10:25:54.000Z</time>
        <extensions>
          <ns3:TrackPointExtension>
            <ns3:hr>197</ns3:hr>
            <ns3:cad>96</ns3:cad>
          </ns3:TrackPointExtension>
        </extensions>
      </trkpt>
      <trkpt lat="55.959836952388286590576171875" lon="-2.98381662927567958831787109375">
        <ele>8</ele>
        <time>2018-05-27T10:26:00.000Z</time>
        <extensions>
          <ns3:TrackPointExtension>
            <ns3:hr>199</ns3:hr>
            <ns3:cad>96</ns3:cad>
          </ns3:TrackPointExtension>
        </extensions>
      </trkpt>
      <trkpt lat="55.95993275754153728485107421875" lon="-2.98368033953011035919189453125">
        <ele>8.19999980926513671875</ele>
        <time>2018-05-27T10:26:04.000Z</time>
        <extensions>
          <ns3:TrackPointExtension>
            <ns3:hr>196</ns3:hr>
            <ns3:cad>96</ns3:cad>
          </ns3:TrackPointExtension>
        </extensions>
      </trkpt>
      <trkpt lat="55.96007240004837512969970703125" lon="-2.98346064984798431396484375">
        <ele>9.19999980926513671875</ele>
        <time>2018-05-27T10:26:10.000Z</time>
        <extensions>
          <ns3:TrackPointExtension>
            <ns3:hr>196</ns3:hr>
            <ns3:cad>95</ns3:cad>
          </ns3:TrackPointExtension>
        </extensions>
      </trkpt>
      <trkpt lat="55.9602025710046291351318359375" lon="-2.983207516372203826904296875">
        <ele>9.19999980926513671875</ele>
        <time>2018-05-27T10:26:16.000Z</time>
        <extensions>
          <ns3:TrackPointExtension>
            <ns3:hr>196</ns3:hr>
            <ns3:cad>96</ns3:cad>
          </ns3:TrackPointExtension>
        </extensions>
      </trkpt>
      <trkpt lat="55.96032343804836273193359375" lon="-2.98293602652847766876220703125">
        <ele>8.80000019073486328125</ele>
        <time>2018-05-27T10:26:22.000Z</time>
        <extensions>
          <ns3:TrackPointExtension>
            <ns3:hr>195</ns3:hr>
            <ns3:cad>95</ns3:cad>
          </ns3:TrackPointExtension>
        </extensions>
      </trkpt>
      <trkpt lat="55.96044036559760570526123046875" lon="-2.98265464603900909423828125">
        <ele>8.6000003814697265625</ele>
        <time>2018-05-27T10:26:28.000Z</time>
        <extensions>
          <ns3:TrackPointExtension>
            <ns3:hr>195</ns3:hr>
            <ns3:cad>96</ns3:cad>
          </ns3:TrackPointExtension>
        </extensions>
      </trkpt>
      <trkpt lat="55.9604609012603759765625" lon="-2.9826065339148044586181640625">
        <ele>8.6000003814697265625</ele>
        <time>2018-05-27T10:26:29.000Z</time>
        <extensions>
          <ns3:TrackPointExtension>
            <ns3:hr>195</ns3:hr>
            <ns3:cad>96</ns3:cad>
          </ns3:TrackPointExtension>
        </extensions>
      </trkpt>
      <trkpt lat="55.9605753980576992034912109375" lon="-2.98229363746941089630126953125">
        <ele>9.6000003814697265625</ele>
        <time>2018-05-27T10:26:35.000Z</time>
        <extensions>
          <ns3:TrackPointExtension>
            <ns3:hr>197</ns3:hr>
            <ns3:cad>96</ns3:cad>
          </ns3:TrackPointExtension>
        </extensions>
      </trkpt>
      <trkpt lat="55.9606655873358249664306640625" lon="-2.98204402439296245574951171875">
        <ele>10.3999996185302734375</ele>
        <time>2018-05-27T10:26:40.000Z</time>
        <extensions>
          <ns3:TrackPointExtension>
            <ns3:hr>200</ns3:hr>
            <ns3:cad>96</ns3:cad>
          </ns3:TrackPointExtension>
        </extensions>
      </trkpt>
      <trkpt lat="55.9607728756964206695556640625" lon="-2.98175367526710033416748046875">
        <ele>10.19999980926513671875</ele>
        <time>2018-05-27T10:26:46.000Z</time>
        <extensions>
          <ns3:TrackPointExtension>
            <ns3:hr>198</ns3:hr>
            <ns3:cad>95</ns3:cad>
          </ns3:TrackPointExtension>
        </extensions>
      </trkpt>
      <trkpt lat="55.96089650876820087432861328125" lon="-2.98147380352020263671875">
        <ele>9.80000019073486328125</ele>
        <time>2018-05-27T10:26:52.000Z</time>
        <extensions>
          <ns3:TrackPointExtension>
            <ns3:hr>198</ns3:hr>
            <ns3:cad>95</ns3:cad>
          </ns3:TrackPointExtension>
        </extensions>
      </trkpt>
      <trkpt lat="55.9610082395374774932861328125" lon="-2.98118035309016704559326171875">
        <ele>8.80000019073486328125</ele>
        <time>2018-05-27T10:26:58.000Z</time>
        <extensions>
          <ns3:TrackPointExtension>
            <ns3:hr>201</ns3:hr>
            <ns3:cad>95</ns3:cad>
          </ns3:TrackPointExtension>
        </extensions>
      </trkpt>
      <trkpt lat="55.9611208923161029815673828125" lon="-2.9808957874774932861328125">
        <ele>9.19999980926513671875</ele>
        <time>2018-05-27T10:27:04.000Z</time>
        <extensions>
          <ns3:TrackPointExtension>
            <ns3:hr>201</ns3:hr>
            <ns3:cad>96</ns3:cad>
          </ns3:TrackPointExtension>
        </extensions>
      </trkpt>
      <trkpt lat="55.96118099056184291839599609375" lon="-2.98075874336063861846923828125">
        <ele>9.19999980926513671875</ele>
        <time>2018-05-27T10:27:07.000Z</time>
        <extensions>
          <ns3:TrackPointExtension>
            <ns3:hr>198</ns3:hr>
            <ns3:cad>96</ns3:cad>
          </ns3:TrackPointExtension>
        </extensions>
      </trkpt>
      <trkpt lat="55.96130873076617717742919921875" lon="-2.98048616386950016021728515625">
        <ele>9.19999980926513671875</ele>
        <time>2018-05-27T10:27:13.000Z</time>
        <extensions>
          <ns3:TrackPointExtension>
            <ns3:hr>199</ns3:hr>
            <ns3:cad>96</ns3:cad>
          </ns3:TrackPointExtension>
        </extensions>
      </trkpt>
      <trkpt lat="55.96141652204096317291259765625" lon="-2.980188690125942230224609375">
        <ele>9.6000003814697265625</ele>
        <time>2018-05-27T10:27:19.000Z</time>
        <extensions>
          <ns3:TrackPointExtension>
            <ns3:hr>198</ns3:hr>
            <ns3:cad>96</ns3:cad>
          </ns3:TrackPointExtension>
        </extensions>
      </trkpt>
      <trkpt lat="55.96151433885097503662109375" lon="-2.97995877452194690704345703125">
        <ele>9.6000003814697265625</ele>
        <time>2018-05-27T10:27:24.000Z</time>
        <extensions>
          <ns3:TrackPointExtension>
            <ns3:hr>195</ns3:hr>
            <ns3:cad>95</ns3:cad>
          </ns3:TrackPointExtension>
        </extensions>
      </trkpt>
      <trkpt lat="55.96161735244095325469970703125" lon="-2.9796752147376537322998046875">
        <ele>10</ele>
        <time>2018-05-27T10:27:30.000Z</time>
        <extensions>
          <ns3:TrackPointExtension>
            <ns3:hr>197</ns3:hr>
            <ns3:cad>95</ns3:cad>
          </ns3:TrackPointExtension>
        </extensions>
      </trkpt>
      <trkpt lat="55.96173159778118133544921875" lon="-2.979378998279571533203125">
        <ele>9.3999996185302734375</ele>
        <time>2018-05-27T10:27:36.000Z</time>
        <extensions>
          <ns3:TrackPointExtension>
            <ns3:hr>198</ns3:hr>
            <ns3:cad>95</ns3:cad>
          </ns3:TrackPointExtension>
        </extensions>
      </trkpt>
      <trkpt lat="55.96183360554277896881103515625" lon="-2.97909242101013660430908203125">
        <ele>9.3999996185302734375</ele>
        <time>2018-05-27T10:27:42.000Z</time>
        <extensions>
          <ns3:TrackPointExtension>
            <ns3:hr>198</ns3:hr>
            <ns3:cad>96</ns3:cad>
          </ns3:TrackPointExtension>
        </extensions>
      </trkpt>
      <trkpt lat="55.96196268685162067413330078125" lon="-2.97881347127258777618408203125">
        <ele>9.3999996185302734375</ele>
        <time>2018-05-27T10:27:48.000Z</time>
        <extensions>
          <ns3:TrackPointExtension>
            <ns3:hr>200</ns3:hr>
            <ns3:cad>96</ns3:cad>
          </ns3:TrackPointExtension>
        </extensions>
      </trkpt>
      <trkpt lat="55.962081290781497955322265625" lon="-2.9785084538161754608154296875">
        <ele>9</ele>
        <time>2018-05-27T10:27:54.000Z</time>
        <extensions>
          <ns3:TrackPointExtension>
            <ns3:hr>201</ns3:hr>
            <ns3:cad>96</ns3:cad>
          </ns3:TrackPointExtension>
        </extensions>
      </trkpt>
      <trkpt lat="55.96216636709868907928466796875" lon="-2.978305108845233917236328125">
        <ele>8.6000003814697265625</ele>
        <time>2018-05-27T10:27:58.000Z</time>
        <extensions>
          <ns3:TrackPointExtension>
            <ns3:hr>198</ns3:hr>
            <ns3:cad>96</ns3:cad>
          </ns3:TrackPointExtension>
        </extensions>
      </trkpt>
      <trkpt lat="55.96229662187397480010986328125" lon="-2.97800428234040737152099609375">
        <ele>8.80000019073486328125</ele>
        <time>2018-05-27T10:28:04.000Z</time>
        <extensions>
          <ns3:TrackPointExtension>
            <ns3:hr>199</ns3:hr>
            <ns3:cad>97</ns3:cad>
          </ns3:TrackPointExtension>
        </extensions>
      </trkpt>
      <trkpt lat="55.96241095103323459625244140625" lon="-2.97776036895811557769775390625">
        <ele>8.80000019073486328125</ele>
        <time>2018-05-27T10:28:09.000Z</time>
        <extensions>
          <ns3:TrackPointExtension>
            <ns3:hr>202</ns3:hr>
            <ns3:cad>97</ns3:cad>
          </ns3:TrackPointExtension>
        </extensions>
      </trkpt>
      <trkpt lat="55.96254405565559864044189453125" lon="-2.97746566124260425567626953125">
        <ele>8.3999996185302734375</ele>
        <time>2018-05-27T10:28:15.000Z</time>
        <extensions>
          <ns3:TrackPointExtension>
            <ns3:hr>202</ns3:hr>
            <ns3:cad>96</ns3:cad>
          </ns3:TrackPointExtension>
        </extensions>
      </trkpt>
      <trkpt lat="55.96262670122087001800537109375" lon="-2.977273128926753997802734375">
        <ele>8</ele>
        <time>2018-05-27T10:28:19.000Z</time>
        <extensions>
          <ns3:TrackPointExtension>
            <ns3:hr>199</ns3:hr>
            <ns3:cad>97</ns3:cad>
          </ns3:TrackPointExtension>
        </extensions>
      </trkpt>
      <trkpt lat="55.962743796408176422119140625" lon="-2.97701555304229259490966796875">
        <ele>7.19999980926513671875</ele>
        <time>2018-05-27T10:28:25.000Z</time>
        <extensions>
          <ns3:TrackPointExtension>
            <ns3:hr>200</ns3:hr>
            <ns3:cad>96</ns3:cad>
          </ns3:TrackPointExtension>
        </extensions>
      </trkpt>
      <trkpt lat="55.96287396736443042755126953125" lon="-2.97677365131676197052001953125">
        <ele>6.400000095367431640625</ele>
        <time>2018-05-27T10:28:31.000Z</time>
        <extensions>
          <ns3:TrackPointExtension>
            <ns3:hr>200</ns3:hr>
            <ns3:cad>96</ns3:cad>
          </ns3:TrackPointExtension>
        </extensions>
      </trkpt>
      <trkpt lat="55.963001288473606109619140625" lon="-2.97650970518589019775390625">
        <ele>6.400000095367431640625</ele>
        <time>2018-05-27T10:28:37.000Z</time>
        <extensions>
          <ns3:TrackPointExtension>
            <ns3:hr>197</ns3:hr>
            <ns3:cad>95</ns3:cad>
          </ns3:TrackPointExtension>
        </extensions>
      </trkpt>
      <trkpt lat="55.96313707530498504638671875" lon="-2.97625564970076084136962890625">
        <ele>6.19999980926513671875</ele>
        <time>2018-05-27T10:28:43.000Z</time>
        <extensions>
          <ns3:TrackPointExtension>
            <ns3:hr>198</ns3:hr>
            <ns3:cad>97</ns3:cad>
          </ns3:TrackPointExtension>
        </extensions>
      </trkpt>
      <trkpt lat="55.96326649188995361328125" lon="-2.97600436024367809295654296875">
        <ele>5.400000095367431640625</ele>
        <time>2018-05-27T10:28:49.000Z</time>
        <extensions>
          <ns3:TrackPointExtension>
            <ns3:hr>198</ns3:hr>
            <ns3:cad>96</ns3:cad>
          </ns3:TrackPointExtension>
        </extensions>
      </trkpt>
      <trkpt lat="55.96340236254036426544189453125" lon="-2.97576497308909893035888671875">
        <ele>5.19999980926513671875</ele>
        <time>2018-05-27T10:28:55.000Z</time>
        <extensions>
          <ns3:TrackPointExtension>
            <ns3:hr>200</ns3:hr>
            <ns3:cad>96</ns3:cad>
          </ns3:TrackPointExtension>
        </extensions>
      </trkpt>
      <trkpt lat="55.96353580243885517120361328125" lon="-2.97553338110446929931640625">
        <ele>5.19999980926513671875</ele>
        <time>2018-05-27T10:29:01.000Z</time>
        <extensions>
          <ns3:TrackPointExtension>
            <ns3:hr>200</ns3:hr>
            <ns3:cad>95</ns3:cad>
          </ns3:TrackPointExtension>
        </extensions>
      </trkpt>
      <trkpt lat="55.96366421319544315338134765625" lon="-2.97529273666441440582275390625">
        <ele>5.599999904632568359375</ele>
        <time>2018-05-27T10:29:07.000Z</time>
        <extensions>
          <ns3:TrackPointExtension>
            <ns3:hr>200</ns3:hr>
            <ns3:cad>96</ns3:cad>
          </ns3:TrackPointExtension>
        </extensions>
      </trkpt>
      <trkpt lat="55.963793881237506866455078125" lon="-2.97505586408078670501708984375">
        <ele>5.80000019073486328125</ele>
        <time>2018-05-27T10:29:13.000Z</time>
        <extensions>
          <ns3:TrackPointExtension>
            <ns3:hr>202</ns3:hr>
            <ns3:cad>95</ns3:cad>
          </ns3:TrackPointExtension>
        </extensions>
      </trkpt>
      <trkpt lat="55.9639261476695537567138671875" lon="-2.97481949441134929656982421875">
        <ele>5.599999904632568359375</ele>
        <time>2018-05-27T10:29:19.000Z</time>
        <extensions>
          <ns3:TrackPointExtension>
            <ns3:hr>201</ns3:hr>
            <ns3:cad>96</ns3:cad>
          </ns3:TrackPointExtension>
        </extensions>
      </trkpt>
      <trkpt lat="55.96405983902513980865478515625" lon="-2.9745860584080219268798828125">
        <ele>5</ele>
        <time>2018-05-27T10:29:25.000Z</time>
        <extensions>
          <ns3:TrackPointExtension>
            <ns3:hr>199</ns3:hr>
            <ns3:cad>95</ns3:cad>
          </ns3:TrackPointExtension>
        </extensions>
      </trkpt>
      <trkpt lat="55.96420015208423137664794921875" lon="-2.97435027547180652618408203125">
        <ele>5</ele>
        <time>2018-05-27T10:29:31.000Z</time>
        <extensions>
          <ns3:TrackPointExtension>
            <ns3:hr>197</ns3:hr>
            <ns3:cad>95</ns3:cad>
          </ns3:TrackPointExtension>
        </extensions>
      </trkpt>
      <trkpt lat="55.96433912403881549835205078125" lon="-2.9741092957556247711181640625">
        <ele>5</ele>
        <time>2018-05-27T10:29:37.000Z</time>
        <extensions>
          <ns3:TrackPointExtension>
            <ns3:hr>199</ns3:hr>
            <ns3:cad>96</ns3:cad>
          </ns3:TrackPointExtension>
        </extensions>
      </trkpt>
      <trkpt lat="55.9644729830324649810791015625" lon="-2.97387317754328250885009765625">
        <ele>5</ele>
        <time>2018-05-27T10:29:43.000Z</time>
        <extensions>
          <ns3:TrackPointExtension>
            <ns3:hr>199</ns3:hr>
            <ns3:cad>95</ns3:cad>
          </ns3:TrackPointExtension>
        </extensions>
      </trkpt>
      <trkpt lat="55.96456392668187618255615234375" lon="-2.97371710650622844696044921875">
        <ele>5.19999980926513671875</ele>
        <time>2018-05-27T10:29:47.000Z</time>
        <extensions>
          <ns3:TrackPointExtension>
            <ns3:hr>196</ns3:hr>
            <ns3:cad>95</ns3:cad>
          </ns3:TrackPointExtension>
        </extensions>
      </trkpt>
      <trkpt lat="55.964695103466510772705078125" lon="-2.97348610125482082366943359375">
        <ele>5.400000095367431640625</ele>
        <time>2018-05-27T10:29:53.000Z</time>
        <extensions>
          <ns3:TrackPointExtension>
            <ns3:hr>197</ns3:hr>
            <ns3:cad>96</ns3:cad>
          </ns3:TrackPointExtension>
        </extensions>
      </trkpt>
      <trkpt lat="55.96483550034463405609130859375" lon="-2.97325995750725269317626953125">
        <ele>5.80000019073486328125</ele>
        <time>2018-05-27T10:29:59.000Z</time>
        <extensions>
          <ns3:TrackPointExtension>
            <ns3:hr>199</ns3:hr>
            <ns3:cad>96</ns3:cad>
          </ns3:TrackPointExtension>
        </extensions>
      </trkpt>
      <trkpt lat="55.96497463993728160858154296875" lon="-2.9730344004929065704345703125">
        <ele>5.599999904632568359375</ele>
        <time>2018-05-27T10:30:05.000Z</time>
        <extensions>
          <ns3:TrackPointExtension>
            <ns3:hr>197</ns3:hr>
            <ns3:cad>96</ns3:cad>
          </ns3:TrackPointExtension>
        </extensions>
      </trkpt>
      <trkpt lat="55.96510137431323528289794921875" lon="-2.97285041771829128265380859375">
        <ele>5.19999980926513671875</ele>
        <time>2018-05-27T10:30:10.000Z</time>
        <extensions>
          <ns3:TrackPointExtension>
            <ns3:hr>196</ns3:hr>
            <ns3:cad>96</ns3:cad>
          </ns3:TrackPointExtension>
        </extensions>
      </trkpt>
      <trkpt lat="55.96525870263576507568359375" lon="-2.972594015300273895263671875">
        <ele>4.599999904632568359375</ele>
        <time>2018-05-27T10:30:16.000Z</time>
        <extensions>
          <ns3:TrackPointExtension>
            <ns3:hr>198</ns3:hr>
            <ns3:cad>95</ns3:cad>
          </ns3:TrackPointExtension>
        </extensions>
      </trkpt>
      <trkpt lat="55.96541418693959712982177734375" lon="-2.972362339496612548828125">
        <ele>5</ele>
        <time>2018-05-27T10:30:22.000Z</time>
        <extensions>
          <ns3:TrackPointExtension>
            <ns3:hr>197</ns3:hr>
            <ns3:cad>96</ns3:cad>
          </ns3:TrackPointExtension>
        </extensions>
      </trkpt>
      <trkpt lat="55.965566821396350860595703125" lon="-2.972127981483936309814453125">
        <ele>6.80000019073486328125</ele>
        <time>2018-05-27T10:30:28.000Z</time>
        <extensions>
          <ns3:TrackPointExtension>
            <ns3:hr>197</ns3:hr>
            <ns3:cad>96</ns3:cad>
          </ns3:TrackPointExtension>
        </extensions>
      </trkpt>
      <trkpt lat="55.9656400792300701141357421875" lon="-2.9720042645931243896484375">
        <ele>7.80000019073486328125</ele>
        <time>2018-05-27T10:30:31.000Z</time>
        <extensions>
          <ns3:TrackPointExtension>
            <ns3:hr>200</ns3:hr>
            <ns3:cad>95</ns3:cad>
          </ns3:TrackPointExtension>
        </extensions>
      </trkpt>
      <trkpt lat="55.96579371951520442962646484375" lon="-2.971765883266925811767578125">
        <ele>9.3999996185302734375</ele>
        <time>2018-05-27T10:30:37.000Z</time>
        <extensions>
          <ns3:TrackPointExtension>
            <ns3:hr>202</ns3:hr>
            <ns3:cad>96</ns3:cad>
          </ns3:TrackPointExtension>
        </extensions>
      </trkpt>
      <trkpt lat="55.965938307344913482666015625" lon="-2.9715375602245330810546875">
        <ele>10</ele>
        <time>2018-05-27T10:30:43.000Z</time>
        <extensions>
          <ns3:TrackPointExtension>
            <ns3:hr>203</ns3:hr>
            <ns3:cad>97</ns3:cad>
          </ns3:TrackPointExtension>
        </extensions>
      </trkpt>
      <trkpt lat="55.9660846553742885589599609375" lon="-2.9713140986859798431396484375">
        <ele>8.80000019073486328125</ele>
        <time>2018-05-27T10:30:49.000Z</time>
        <extensions>
          <ns3:TrackPointExtension>
            <ns3:hr>204</ns3:hr>
            <ns3:cad>95</ns3:cad>
          </ns3:TrackPointExtension>
        </extensions>
      </trkpt>
      <trkpt lat="55.96623175777494907379150390625" lon="-2.97108619473874568939208984375">
        <ele>8</ele>
        <time>2018-05-27T10:30:55.000Z</time>
        <extensions>
          <ns3:TrackPointExtension>
            <ns3:hr>201</ns3:hr>
            <ns3:cad>96</ns3:cad>
          </ns3:TrackPointExtension>
        </extensions>
      </trkpt>
      <trkpt lat="55.96637584269046783447265625" lon="-2.97085803933441638946533203125">
        <ele>7.599999904632568359375</ele>
        <time>2018-05-27T10:31:01.000Z</time>
        <extensions>
          <ns3:TrackPointExtension>
            <ns3:hr>200</ns3:hr>
            <ns3:cad>95</ns3:cad>
          </ns3:TrackPointExtension>
        </extensions>
      </trkpt>
      <trkpt lat="55.96652277745306491851806640625" lon="-2.97063491307199001312255859375">
        <ele>7</ele>
        <time>2018-05-27T10:31:07.000Z</time>
        <extensions>
          <ns3:TrackPointExtension>
            <ns3:hr>202</ns3:hr>
            <ns3:cad>96</ns3:cad>
          </ns3:TrackPointExtension>
        </extensions>
      </trkpt>
      <trkpt lat="55.96666493453085422515869140625" lon="-2.9703930951654911041259765625">
        <ele>7.599999904632568359375</ele>
        <time>2018-05-27T10:31:13.000Z</time>
        <extensions>
          <ns3:TrackPointExtension>
            <ns3:hr>200</ns3:hr>
            <ns3:cad>95</ns3:cad>
          </ns3:TrackPointExtension>
        </extensions>
      </trkpt>
      <trkpt lat="55.96680256538093090057373046875" lon="-2.97014591284096240997314453125">
        <ele>8</ele>
        <time>2018-05-27T10:31:19.000Z</time>
        <extensions>
          <ns3:TrackPointExtension>
            <ns3:hr>201</ns3:hr>
            <ns3:cad>96</ns3:cad>
          </ns3:TrackPointExtension>
        </extensions>
      </trkpt>
      <trkpt lat="55.96694271080195903778076171875" lon="-2.96990551985800266265869140625">
        <ele>8.6000003814697265625</ele>
        <time>2018-05-27T10:31:25.000Z</time>
        <extensions>
          <ns3:TrackPointExtension>
            <ns3:hr>198</ns3:hr>
            <ns3:cad>96</ns3:cad>
          </ns3:TrackPointExtension>
        </extensions>
      </trkpt>
      <trkpt lat="55.96708704717457294464111328125" lon="-2.96967082656919956207275390625">
        <ele>9.6000003814697265625</ele>
        <time>2018-05-27T10:31:31.000Z</time>
        <extensions>
          <ns3:TrackPointExtension>
            <ns3:hr>200</ns3:hr>
            <ns3:cad>96</ns3:cad>
          </ns3:TrackPointExtension>
        </extensions>
      </trkpt>
      <trkpt lat="55.96722601912915706634521484375" lon="-2.969438396394252777099609375">
        <ele>10</ele>
        <time>2018-05-27T10:31:37.000Z</time>
        <extensions>
          <ns3:TrackPointExtension>
            <ns3:hr>198</ns3:hr>
            <ns3:cad>96</ns3:cad>
          </ns3:TrackPointExtension>
        </extensions>
      </trkpt>
      <trkpt lat="55.9673181362450122833251953125" lon="-2.96926950104534626007080078125">
        <ele>10.19999980926513671875</ele>
        <time>2018-05-27T10:31:41.000Z</time>
        <extensions>
          <ns3:TrackPointExtension>
            <ns3:hr>195</ns3:hr>
            <ns3:cad>95</ns3:cad>
          </ns3:TrackPointExtension>
        </extensions>
      </trkpt>
      <trkpt lat="55.96745987422764301300048828125" lon="-2.96902793459594249725341796875">
        <ele>10.3999996185302734375</ele>
        <time>2018-05-27T10:31:47.000Z</time>
        <extensions>
          <ns3:TrackPointExtension>
            <ns3:hr>197</ns3:hr>
            <ns3:cad>96</ns3:cad>
          </ns3:TrackPointExtension>
        </extensions>
      </trkpt>
      <trkpt lat="55.967607982456684112548828125" lon="-2.968788631260395050048828125">
        <ele>9.19999980926513671875</ele>
        <time>2018-05-27T10:31:53.000Z</time>
        <extensions>
          <ns3:TrackPointExtension>
            <ns3:hr>199</ns3:hr>
            <ns3:cad>96</ns3:cad>
          </ns3:TrackPointExtension>
        </extensions>
      </trkpt>
      <trkpt lat="55.96775474958121776580810546875" lon="-2.96855284832417964935302734375">
        <ele>8.80000019073486328125</ele>
        <time>2018-05-27T10:31:59.000Z</time>
        <extensions>
          <ns3:TrackPointExtension>
            <ns3:hr>201</ns3:hr>
            <ns3:cad>96</ns3:cad>
          </ns3:TrackPointExtension>
        </extensions>
      </trkpt>
      <trkpt lat="55.96789757721126079559326171875" lon="-2.96831698156893253326416015625">
        <ele>7.80000019073486328125</ele>
        <time>2018-05-27T10:32:05.000Z</time>
        <extensions>
          <ns3:TrackPointExtension>
            <ns3:hr>201</ns3:hr>
            <ns3:cad>95</ns3:cad>
          </ns3:TrackPointExtension>
        </extensions>
      </trkpt>
      <trkpt lat="55.9680191986262798309326171875" lon="-2.96812403015792369842529296875">
        <ele>7.400000095367431640625</ele>
        <time>2018-05-27T10:32:10.000Z</time>
        <extensions>
          <ns3:TrackPointExtension>
            <ns3:hr>197</ns3:hr>
            <ns3:cad>95</ns3:cad>
          </ns3:TrackPointExtension>
        </extensions>
      </trkpt>
      <trkpt lat="55.968162529170513153076171875" lon="-2.96788766048848628997802734375">
        <ele>7.19999980926513671875</ele>
        <time>2018-05-27T10:32:16.000Z</time>
        <extensions>
          <ns3:TrackPointExtension>
            <ns3:hr>199</ns3:hr>
            <ns3:cad>95</ns3:cad>
          </ns3:TrackPointExtension>
        </extensions>
      </trkpt>
      <trkpt lat="55.9683132357895374298095703125" lon="-2.96765531413257122039794921875">
        <ele>6.599999904632568359375</ele>
        <time>2018-05-27T10:32:22.000Z</time>
        <extensions>
          <ns3:TrackPointExtension>
            <ns3:hr>200</ns3:hr>
            <ns3:cad>96</ns3:cad>
          </ns3:TrackPointExtension>
        </extensions>
      </trkpt>
      <trkpt lat="55.96845698542892932891845703125" lon="-2.96743034385144710540771484375">
        <ele>6</ele>
        <time>2018-05-27T10:32:28.000Z</time>
        <extensions>
          <ns3:TrackPointExtension>
            <ns3:hr>200</ns3:hr>
            <ns3:cad>95</ns3:cad>
          </ns3:TrackPointExtension>
        </extensions>
      </trkpt>
      <trkpt lat="55.9685794450342655181884765625" lon="-2.967163883149623870849609375">
        <ele>5.599999904632568359375</ele>
        <time>2018-05-27T10:32:34.000Z</time>
        <extensions>
          <ns3:TrackPointExtension>
            <ns3:hr>199</ns3:hr>
            <ns3:cad>96</ns3:cad>
          </ns3:TrackPointExtension>
        </extensions>
      </trkpt>
      <trkpt lat="55.9686967916786670684814453125" lon="-2.96688300557434558868408203125">
        <ele>5.19999980926513671875</ele>
        <time>2018-05-27T10:32:40.000Z</time>
        <extensions>
          <ns3:TrackPointExtension>
            <ns3:hr>198</ns3:hr>
            <ns3:cad>95</ns3:cad>
          </ns3:TrackPointExtension>
        </extensions>
      </trkpt>
      <trkpt lat="55.96879226155579090118408203125" lon="-2.96657891012728214263916015625">
        <ele>5.80000019073486328125</ele>
        <time>2018-05-27T10:32:46.000Z</time>
        <extensions>
          <ns3:TrackPointExtension>
            <ns3:hr>200</ns3:hr>
            <ns3:cad>95</ns3:cad>
          </ns3:TrackPointExtension>
        </extensions>
      </trkpt>
      <trkpt lat="55.96887809224426746368408203125" lon="-2.9662752337753772735595703125">
        <ele>6</ele>
        <time>2018-05-27T10:32:52.000Z</time>
        <extensions>
          <ns3:TrackPointExtension>
            <ns3:hr>198</ns3:hr>
            <ns3:cad>96</ns3:cad>
          </ns3:TrackPointExtension>
        </extensions>
      </trkpt>
      <trkpt lat="55.96892016939818859100341796875" lon="-2.9660690389573574066162109375">
        <ele>6.599999904632568359375</ele>
        <time>2018-05-27T10:32:56.000Z</time>
        <extensions>
          <ns3:TrackPointExtension>
            <ns3:hr>201</ns3:hr>
            <ns3:cad>96</ns3:cad>
          </ns3:TrackPointExtension>
        </extensions>
      </trkpt>
      <trkpt lat="55.96898219548165798187255859375" lon="-2.96574189327657222747802734375">
        <ele>7</ele>
        <time>2018-05-27T10:33:02.000Z</time>
        <extensions>
          <ns3:TrackPointExtension>
            <ns3:hr>200</ns3:hr>
            <ns3:cad>95</ns3:cad>
          </ns3:TrackPointExtension>
        </extensions>
      </trkpt>
      <trkpt lat="55.96904053352773189544677734375" lon="-2.965389601886272430419921875">
        <ele>8</ele>
        <time>2018-05-27T10:33:08.000Z</time>
        <extensions>
          <ns3:TrackPointExtension>
            <ns3:hr>200</ns3:hr>
            <ns3:cad>96</ns3:cad>
          </ns3:TrackPointExtension>
        </extensions>
      </trkpt>
      <trkpt lat="55.9691085107624530792236328125" lon="-2.9650424234569072723388671875">
        <ele>9</ele>
        <time>2018-05-27T10:33:14.000Z</time>
        <extensions>
          <ns3:TrackPointExtension>
            <ns3:hr>197</ns3:hr>
            <ns3:cad>96</ns3:cad>
          </ns3:TrackPointExtension>
        </extensions>
      </trkpt>
      <trkpt lat="55.96915972419083118438720703125" lon="-2.9647101648151874542236328125">
        <ele>9</ele>
        <time>2018-05-27T10:33:20.000Z</time>
        <extensions>
          <ns3:TrackPointExtension>
            <ns3:hr>198</ns3:hr>
            <ns3:cad>96</ns3:cad>
          </ns3:TrackPointExtension>
        </extensions>
      </trkpt>
      <trkpt lat="55.9692114405333995819091796875" lon="-2.96438955701887607574462890625">
        <ele>9</ele>
        <time>2018-05-27T10:33:26.000Z</time>
        <extensions>
          <ns3:TrackPointExtension>
            <ns3:hr>199</ns3:hr>
            <ns3:cad>95</ns3:cad>
          </ns3:TrackPointExtension>
        </extensions>
      </trkpt>
      <trkpt lat="55.96926013939082622528076171875" lon="-2.9640671052038669586181640625">
        <ele>9</ele>
        <time>2018-05-27T10:33:32.000Z</time>
        <extensions>
          <ns3:TrackPointExtension>
            <ns3:hr>197</ns3:hr>
            <ns3:cad>95</ns3:cad>
          </ns3:TrackPointExtension>
        </extensions>
      </trkpt>
      <trkpt lat="55.96931261010468006134033203125" lon="-2.96372420154511928558349609375">
        <ele>9</ele>
        <time>2018-05-27T10:33:38.000Z</time>
        <extensions>
          <ns3:TrackPointExtension>
            <ns3:hr>200</ns3:hr>
            <ns3:cad>94</ns3:cad>
          </ns3:TrackPointExtension>
        </extensions>
      </trkpt>
      <trkpt lat="55.9693752229213714599609375" lon="-2.96342798508703708648681640625">
        <ele>9.19999980926513671875</ele>
        <time>2018-05-27T10:33:44.000Z</time>
        <extensions>
          <ns3:TrackPointExtension>
            <ns3:hr>198</ns3:hr>
            <ns3:cad>96</ns3:cad>
          </ns3:TrackPointExtension>
        </extensions>
      </trkpt>
      <trkpt lat="55.9695483930408954620361328125" lon="-2.96352420933544635772705078125">
        <ele>9.80000019073486328125</ele>
        <time>2018-05-27T10:33:50.000Z</time>
        <extensions>
          <ns3:TrackPointExtension>
            <ns3:hr>197</ns3:hr>
            <ns3:cad>94</ns3:cad>
          </ns3:TrackPointExtension>
        </extensions>
      </trkpt>
      <trkpt lat="55.96960446797311305999755859375" lon="-2.963576428592205047607421875">
        <ele>9.6000003814697265625</ele>
        <time>2018-05-27T10:33:52.000Z</time>
        <extensions>
          <ns3:TrackPointExtension>
            <ns3:hr>197</ns3:hr>
            <ns3:cad>95</ns3:cad>
          </ns3:TrackPointExtension>
        </extensions>
      </trkpt>
      <trkpt lat="55.96974042244255542755126953125" lon="-2.96374934725463390350341796875">
        <ele>9.6000003814697265625</ele>
        <time>2018-05-27T10:33:57.000Z</time>
        <extensions>
          <ns3:TrackPointExtension>
            <ns3:hr>200</ns3:hr>
            <ns3:cad>96</ns3:cad>
          </ns3:TrackPointExtension>
        </extensions>
      </trkpt>
      <trkpt lat="55.96991560421884059906005859375" lon="-2.96392218209803104400634765625">
        <ele>9.3999996185302734375</ele>
        <time>2018-05-27T10:34:03.000Z</time>
        <extensions>
          <ns3:TrackPointExtension>
            <ns3:hr>202</ns3:hr>
            <ns3:cad>95</ns3:cad>
          </ns3:TrackPointExtension>
        </extensions>
      </trkpt>
      <trkpt lat="55.9700965695083141326904296875" lon="-2.963800393044948577880859375">
        <ele>9.80000019073486328125</ele>
        <time>2018-05-27T10:34:09.000Z</time>
        <extensions>
          <ns3:TrackPointExtension>
            <ns3:hr>200</ns3:hr>
            <ns3:cad>96</ns3:cad>
          </ns3:TrackPointExtension>
        </extensions>
      </trkpt>
      <trkpt lat="55.9702377207577228546142578125" lon="-2.96353988349437713623046875">
        <ele>10.3999996185302734375</ele>
        <time>2018-05-27T10:34:15.000Z</time>
        <extensions>
          <ns3:TrackPointExtension>
            <ns3:hr>198</ns3:hr>
            <ns3:cad>97</ns3:cad>
          </ns3:TrackPointExtension>
        </extensions>
      </trkpt>
      <trkpt lat="55.9704003296792507171630859375" lon="-2.96332086436450481414794921875">
        <ele>10.6000003814697265625</ele>
        <time>2018-05-27T10:34:21.000Z</time>
        <extensions>
          <ns3:TrackPointExtension>
            <ns3:hr>198</ns3:hr>
            <ns3:cad>97</ns3:cad>
          </ns3:TrackPointExtension>
        </extensions>
      </trkpt>
      <trkpt lat="55.9705431573092937469482421875" lon="-2.9630676470696926116943359375">
        <ele>10</ele>
        <time>2018-05-27T10:34:27.000Z</time>
        <extensions>
          <ns3:TrackPointExtension>
            <ns3:hr>200</ns3:hr>
            <ns3:cad>96</ns3:cad>
          </ns3:TrackPointExtension>
        </extensions>
      </trkpt>
      <trkpt lat="55.97064726054668426513671875" lon="-2.9627679102122783660888671875">
        <ele>9.80000019073486328125</ele>
        <time>2018-05-27T10:34:33.000Z</time>
        <extensions>
          <ns3:TrackPointExtension>
            <ns3:hr>199</ns3:hr>
            <ns3:cad>96</ns3:cad>
          </ns3:TrackPointExtension>
        </extensions>
      </trkpt>
      <trkpt lat="55.97074407152831554412841796875" lon="-2.9624795727431774139404296875">
        <ele>9.80000019073486328125</ele>
        <time>2018-05-27T10:34:39.000Z</time>
        <extensions>
          <ns3:TrackPointExtension>
            <ns3:hr>198</ns3:hr>
            <ns3:cad>96</ns3:cad>
          </ns3:TrackPointExtension>
        </extensions>
      </trkpt>
      <trkpt lat="55.97085244953632354736328125" lon="-2.962200455367565155029296875">
        <ele>10</ele>
        <time>2018-05-27T10:34:45.000Z</time>
        <extensions>
          <ns3:TrackPointExtension>
            <ns3:hr>198</ns3:hr>
            <ns3:cad>94</ns3:cad>
          </ns3:TrackPointExtension>
        </extensions>
      </trkpt>
      <trkpt lat="55.97095076926052570343017578125" lon="-2.961894012987613677978515625">
        <ele>10</ele>
        <time>2018-05-27T10:34:51.000Z</time>
        <extensions>
          <ns3:TrackPointExtension>
            <ns3:hr>197</ns3:hr>
            <ns3:cad>96</ns3:cad>
          </ns3:TrackPointExtension>
        </extensions>
      </trkpt>
      <trkpt lat="55.97101581282913684844970703125" lon="-2.96161414124071598052978515625">
        <ele>9.6000003814697265625</ele>
        <time>2018-05-27T10:34:56.000Z</time>
        <extensions>
          <ns3:TrackPointExtension>
            <ns3:hr>200</ns3:hr>
            <ns3:cad>95</ns3:cad>
          </ns3:TrackPointExtension>
        </extensions>
      </trkpt>
      <trkpt lat="55.97109342925250530242919921875" lon="-2.9612584970891475677490234375">
        <ele>9</ele>
        <time>2018-05-27T10:35:02.000Z</time>
        <extensions>
          <ns3:TrackPointExtension>
            <ns3:hr>198</ns3:hr>
            <ns3:cad>96</ns3:cad>
          </ns3:TrackPointExtension>
        </extensions>
      </trkpt>
      <trkpt lat="55.9711587242782115936279296875" lon="-2.960955239832401275634765625">
        <ele>8.6000003814697265625</ele>
        <time>2018-05-27T10:35:07.000Z</time>
        <extensions>
          <ns3:TrackPointExtension>
            <ns3:hr>200</ns3:hr>
            <ns3:cad>97</ns3:cad>
          </ns3:TrackPointExtension>
        </extensions>
      </trkpt>
      <trkpt lat="55.971221588551998138427734375" lon="-2.9605990089476108551025390625">
        <ele>8.3999996185302734375</ele>
        <time>2018-05-27T10:35:13.000Z</time>
        <extensions>
          <ns3:TrackPointExtension>
            <ns3:hr>201</ns3:hr>
            <ns3:cad>97</ns3:cad>
          </ns3:TrackPointExtension>
        </extensions>
      </trkpt>
      <trkpt lat="55.97128084860742092132568359375" lon="-2.96025208197534084320068359375">
        <ele>8.80000019073486328125</ele>
        <time>2018-05-27T10:35:19.000Z</time>
        <extensions>
          <ns3:TrackPointExtension>
            <ns3:hr>203</ns3:hr>
            <ns3:cad>97</ns3:cad>
          </ns3:TrackPointExtension>
        </extensions>
      </trkpt>
      <trkpt lat="55.9713605605065822601318359375" lon="-2.959908507764339447021484375">
        <ele>8.6000003814697265625</ele>
        <time>2018-05-27T10:35:25.000Z</time>
        <extensions>
          <ns3:TrackPointExtension>
            <ns3:hr>202</ns3:hr>
            <ns3:cad>97</ns3:cad>
          </ns3:TrackPointExtension>
        </extensions>
      </trkpt>
      <trkpt lat="55.97143373452126979827880859375" lon="-2.95955479145050048828125">
        <ele>8.3999996185302734375</ele>
        <time>2018-05-27T10:35:31.000Z</time>
        <extensions>
          <ns3:TrackPointExtension>
            <ns3:hr>200</ns3:hr>
            <ns3:cad>97</ns3:cad>
          </ns3:TrackPointExtension>
        </extensions>
      </trkpt>
      <trkpt lat="55.97147463820874691009521484375" lon="-2.95937047339975833892822265625">
        <ele>8.19999980926513671875</ele>
        <time>2018-05-27T10:35:34.000Z</time>
        <extensions>
          <ns3:TrackPointExtension>
            <ns3:hr>197</ns3:hr>
            <ns3:cad>97</ns3:cad>
          </ns3:TrackPointExtension>
        </extensions>
      </trkpt>
      <trkpt lat="55.97154714167118072509765625" lon="-2.95904642902314662933349609375">
        <ele>8.6000003814697265625</ele>
        <time>2018-05-27T10:35:40.000Z</time>
        <extensions>
          <ns3:TrackPointExtension>
            <ns3:hr>198</ns3:hr>
            <ns3:cad>96</ns3:cad>
          </ns3:TrackPointExtension>
        </extensions>
      </trkpt>
      <trkpt lat="55.9716069884598255157470703125" lon="-2.95870863832533359527587890625">
        <ele>8.3999996185302734375</ele>
        <time>2018-05-27T10:35:46.000Z</time>
        <extensions>
          <ns3:TrackPointExtension>
            <ns3:hr>198</ns3:hr>
            <ns3:cad>95</ns3:cad>
          </ns3:TrackPointExtension>
        </extensions>
      </trkpt>
      <trkpt lat="55.97165015526115894317626953125" lon="-2.9583831690251827239990234375">
        <ele>8</ele>
        <time>2018-05-27T10:35:52.000Z</time>
        <extensions>
          <ns3:TrackPointExtension>
            <ns3:hr>199</ns3:hr>
            <ns3:cad>96</ns3:cad>
          </ns3:TrackPointExtension>
        </extensions>
      </trkpt>
      <trkpt lat="55.971693657338619232177734375" lon="-2.958107404410839080810546875">
        <ele>7.80000019073486328125</ele>
        <time>2018-05-27T10:35:57.000Z</time>
        <extensions>
          <ns3:TrackPointExtension>
            <ns3:hr>202</ns3:hr>
            <ns3:cad>96</ns3:cad>
          </ns3:TrackPointExtension>
        </extensions>
      </trkpt>
      <trkpt lat="55.9717353992164134979248046875" lon="-2.957784868776798248291015625">
        <ele>7.400000095367431640625</ele>
        <time>2018-05-27T10:36:03.000Z</time>
        <extensions>
          <ns3:TrackPointExtension>
            <ns3:hr>203</ns3:hr>
            <ns3:cad>97</ns3:cad>
          </ns3:TrackPointExtension>
        </extensions>
      </trkpt>
      <trkpt lat="55.971762724220752716064453125" lon="-2.95756652019917964935302734375">
        <ele>7.19999980926513671875</ele>
        <time>2018-05-27T10:36:07.000Z</time>
        <extensions>
          <ns3:TrackPointExtension>
            <ns3:hr>200</ns3:hr>
            <ns3:cad>96</ns3:cad>
          </ns3:TrackPointExtension>
        </extensions>
      </trkpt>
      <trkpt lat="55.97179650329053401947021484375" lon="-2.9573406279087066650390625">
        <ele>7</ele>
        <time>2018-05-27T10:36:11.000Z</time>
        <extensions>
          <ns3:TrackPointExtension>
            <ns3:hr>197</ns3:hr>
            <ns3:cad>95</ns3:cad>
          </ns3:TrackPointExtension>
        </extensions>
      </trkpt>
      <trkpt lat="55.9718359820544719696044921875" lon="-2.95698992908000946044921875">
        <ele>6.80000019073486328125</ele>
        <time>2018-05-27T10:36:17.000Z</time>
        <extensions>
          <ns3:TrackPointExtension>
            <ns3:hr>198</ns3:hr>
            <ns3:cad>95</ns3:cad>
          </ns3:TrackPointExtension>
        </extensions>
      </trkpt>
      <trkpt lat="55.9718748740851879119873046875" lon="-2.9567041061818599700927734375">
        <ele>6.80000019073486328125</ele>
        <time>2018-05-27T10:36:22.000Z</time>
        <extensions>
          <ns3:TrackPointExtension>
            <ns3:hr>201</ns3:hr>
            <ns3:cad>96</ns3:cad>
          </ns3:TrackPointExtension>
        </extensions>
      </trkpt>
      <trkpt lat="55.97191334702074527740478515625" lon="-2.95646488666534423828125">
        <ele>6.599999904632568359375</ele>
        <time>2018-05-27T10:36:26.000Z</time>
        <extensions>
          <ns3:TrackPointExtension>
            <ns3:hr>198</ns3:hr>
            <ns3:cad>96</ns3:cad>
          </ns3:TrackPointExtension>
        </extensions>
      </trkpt>
      <trkpt lat="55.97194117493927478790283203125" lon="-2.9562923870980739593505859375">
        <ele>6.400000095367431640625</ele>
        <time>2018-05-27T10:36:29.000Z</time>
        <extensions>
          <ns3:TrackPointExtension>
            <ns3:hr>195</ns3:hr>
            <ns3:cad>97</ns3:cad>
          </ns3:TrackPointExtension>
        </extensions>
      </trkpt>
      <trkpt lat="55.97199297510087490081787109375" lon="-2.9559326358139514923095703125">
        <ele>5.80000019073486328125</ele>
        <time>2018-05-27T10:36:35.000Z</time>
        <extensions>
          <ns3:TrackPointExtension>
            <ns3:hr>196</ns3:hr>
            <ns3:cad>97</ns3:cad>
          </ns3:TrackPointExtension>
        </extensions>
      </trkpt>
      <trkpt lat="55.9720465354621410369873046875" lon="-2.9555802606046199798583984375">
        <ele>5.599999904632568359375</ele>
        <time>2018-05-27T10:36:41.000Z</time>
        <extensions>
          <ns3:TrackPointExtension>
            <ns3:hr>197</ns3:hr>
            <ns3:cad>96</ns3:cad>
          </ns3:TrackPointExtension>
        </extensions>
      </trkpt>
      <trkpt lat="55.972102023661136627197265625" lon="-2.95523132197558879852294921875">
        <ele>6.19999980926513671875</ele>
        <time>2018-05-27T10:36:47.000Z</time>
        <extensions>
          <ns3:TrackPointExtension>
            <ns3:hr>198</ns3:hr>
            <ns3:cad>96</ns3:cad>
          </ns3:TrackPointExtension>
        </extensions>
      </trkpt>
      <trkpt lat="55.972147285938262939453125" lon="-2.954878024756908416748046875">
        <ele>6.19999980926513671875</ele>
        <time>2018-05-27T10:36:53.000Z</time>
        <extensions>
          <ns3:TrackPointExtension>
            <ns3:hr>199</ns3:hr>
            <ns3:cad>97</ns3:cad>
          </ns3:TrackPointExtension>
        </extensions>
      </trkpt>
      <trkpt lat="55.97219288349151611328125" lon="-2.9545430839061737060546875">
        <ele>6.80000019073486328125</ele>
        <time>2018-05-27T10:36:59.000Z</time>
        <extensions>
          <ns3:TrackPointExtension>
            <ns3:hr>202</ns3:hr>
            <ns3:cad>96</ns3:cad>
          </ns3:TrackPointExtension>
        </extensions>
      </trkpt>
      <trkpt lat="55.972239486873149871826171875" lon="-2.9542083106935024261474609375">
        <ele>7</ele>
        <time>2018-05-27T10:37:05.000Z</time>
        <extensions>
          <ns3:TrackPointExtension>
            <ns3:hr>201</ns3:hr>
            <ns3:cad>96</ns3:cad>
          </ns3:TrackPointExtension>
        </extensions>
      </trkpt>
      <trkpt lat="55.972254574298858642578125" lon="-2.9538552649319171905517578125">
        <ele>7.599999904632568359375</ele>
        <time>2018-05-27T10:37:11.000Z</time>
        <extensions>
          <ns3:TrackPointExtension>
            <ns3:hr>199</ns3:hr>
            <ns3:cad>96</ns3:cad>
          </ns3:TrackPointExtension>
        </extensions>
      </trkpt>
      <trkpt lat="55.97219732590019702911376953125" lon="-2.95351906679570674896240234375">
        <ele>8</ele>
        <time>2018-05-27T10:37:17.000Z</time>
        <extensions>
          <ns3:TrackPointExtension>
            <ns3:hr>199</ns3:hr>
            <ns3:cad>95</ns3:cad>
          </ns3:TrackPointExtension>
        </extensions>
      </trkpt>
      <trkpt lat="55.9721377305686473846435546875" lon="-2.9531894065439701080322265625">
        <ele>8.80000019073486328125</ele>
        <time>2018-05-27T10:37:23.000Z</time>
        <extensions>
          <ns3:TrackPointExtension>
            <ns3:hr>199</ns3:hr>
            <ns3:cad>96</ns3:cad>
          </ns3:TrackPointExtension>
        </extensions>
      </trkpt>
      <trkpt lat="55.97217201255261898040771484375" lon="-2.95305806212127208709716796875">
        <ele>8.6000003814697265625</ele>
        <time>2018-05-27T10:37:26.000Z</time>
        <extensions>
          <ns3:TrackPointExtension>
            <ns3:hr>197</ns3:hr>
            <ns3:cad>96</ns3:cad>
          </ns3:TrackPointExtension>
        </extensions>
      </trkpt>
      <trkpt lat="55.97226999700069427490234375" lon="-2.95305135659873485565185546875">
        <ele>8.3999996185302734375</ele>
        <time>2018-05-27T10:37:29.000Z</time>
        <extensions>
          <ns3:TrackPointExtension>
            <ns3:hr>196</ns3:hr>
            <ns3:cad>96</ns3:cad>
          </ns3:TrackPointExtension>
        </extensions>
      </trkpt>
      <trkpt lat="55.97242330200970172882080078125" lon="-2.953044064342975616455078125">
        <ele>7.400000095367431640625</ele>
        <time>2018-05-27T10:37:33.000Z</time>
        <extensions>
          <ns3:TrackPointExtension>
            <ns3:hr>199</ns3:hr>
            <ns3:cad>97</ns3:cad>
          </ns3:TrackPointExtension>
        </extensions>
      </trkpt>
      <trkpt lat="55.97255288623273372650146484375" lon="-2.95279520563781261444091796875">
        <ele>6.599999904632568359375</ele>
        <time>2018-05-27T10:37:38.000Z</time>
        <extensions>
          <ns3:TrackPointExtension>
            <ns3:hr>200</ns3:hr>
            <ns3:cad>98</ns3:cad>
          </ns3:TrackPointExtension>
        </extensions>
      </trkpt>
      <trkpt lat="55.972635783255100250244140625" lon="-2.95246026478707790374755859375">
        <ele>6.599999904632568359375</ele>
        <time>2018-05-27T10:37:44.000Z</time>
        <extensions>
          <ns3:TrackPointExtension>
            <ns3:hr>199</ns3:hr>
            <ns3:cad>96</ns3:cad>
          </ns3:TrackPointExtension>
        </extensions>
      </trkpt>
      <trkpt lat="55.97268247045576572418212890625" lon="-2.952144853770732879638671875">
        <ele>6.599999904632568359375</ele>
        <time>2018-05-27T10:37:49.000Z</time>
        <extensions>
          <ns3:TrackPointExtension>
            <ns3:hr>198</ns3:hr>
            <ns3:cad>96</ns3:cad>
          </ns3:TrackPointExtension>
        </extensions>
      </trkpt>
      <trkpt lat="55.9727422334253787994384765625" lon="-2.95183815993368625640869140625">
        <ele>6.19999980926513671875</ele>
        <time>2018-05-27T10:37:54.000Z</time>
        <extensions>
          <ns3:TrackPointExtension>
            <ns3:hr>195</ns3:hr>
            <ns3:cad>97</ns3:cad>
          </ns3:TrackPointExtension>
        </extensions>
      </trkpt>
      <trkpt lat="55.9728297404944896697998046875" lon="-2.95150271616876125335693359375">
        <ele>5.599999904632568359375</ele>
        <time>2018-05-27T10:38:00.000Z</time>
        <extensions>
          <ns3:TrackPointExtension>
            <ns3:hr>195</ns3:hr>
            <ns3:cad>97</ns3:cad>
          </ns3:TrackPointExtension>
        </extensions>
      </trkpt>
      <trkpt lat="55.97292219288647174835205078125" lon="-2.95117557048797607421875">
        <ele>5.19999980926513671875</ele>
        <time>2018-05-27T10:38:06.000Z</time>
        <extensions>
          <ns3:TrackPointExtension>
            <ns3:hr>196</ns3:hr>
            <ns3:cad>97</ns3:cad>
          </ns3:TrackPointExtension>
        </extensions>
      </trkpt>
      <trkpt lat="55.97296711988747119903564453125" lon="-2.95101371593773365020751953125">
        <ele>5.400000095367431640625</ele>
        <time>2018-05-27T10:38:09.000Z</time>
        <extensions>
          <ns3:TrackPointExtension>
            <ns3:hr>199</ns3:hr>
            <ns3:cad>96</ns3:cad>
          </ns3:TrackPointExtension>
        </extensions>
      </trkpt>
      <trkpt lat="55.97304021008312702178955078125" lon="-2.95069134794175624847412109375">
        <ele>5</ele>
        <time>2018-05-27T10:38:15.000Z</time>
        <extensions>
          <ns3:TrackPointExtension>
            <ns3:hr>197</ns3:hr>
            <ns3:cad>96</ns3:cad>
          </ns3:TrackPointExtension>
        </extensions>
      </trkpt>
      <trkpt lat="55.97308698110282421112060546875" lon="-2.9503566585481166839599609375">
        <ele>5</ele>
        <time>2018-05-27T10:38:21.000Z</time>
        <extensions>
          <ns3:TrackPointExtension>
            <ns3:hr>195</ns3:hr>
            <ns3:cad>95</ns3:cad>
          </ns3:TrackPointExtension>
        </extensions>
      </trkpt>
      <trkpt lat="55.973098464310169219970703125" lon="-2.9500130005180835723876953125">
        <ele>6</ele>
        <time>2018-05-27T10:38:27.000Z</time>
        <extensions>
          <ns3:TrackPointExtension>
            <ns3:hr>194</ns3:hr>
            <ns3:cad>97</ns3:cad>
          </ns3:TrackPointExtension>
        </extensions>
      </trkpt>
      <trkpt lat="55.973085723817348480224609375" lon="-2.9496656544506549835205078125">
        <ele>2.2000000476837158203125</ele>
        <time>2018-05-27T10:38:33.000Z</time>
        <extensions>
          <ns3:TrackPointExtension>
            <ns3:hr>197</ns3:hr>
            <ns3:cad>95</ns3:cad>
          </ns3:TrackPointExtension>
        </extensions>
      </trkpt>
      <trkpt lat="55.97304557450115680694580078125" lon="-2.94931956566870212554931640625">
        <ele>2.599999904632568359375</ele>
        <time>2018-05-27T10:38:39.000Z</time>
        <extensions>
          <ns3:TrackPointExtension>
            <ns3:hr>198</ns3:hr>
            <ns3:cad>96</ns3:cad>
          </ns3:TrackPointExtension>
        </extensions>
      </trkpt>
      <trkpt lat="55.97299142740666866302490234375" lon="-2.948962412774562835693359375">
        <ele>3.599999904632568359375</ele>
        <time>2018-05-27T10:38:45.000Z</time>
        <extensions>
          <ns3:TrackPointExtension>
            <ns3:hr>196</ns3:hr>
            <ns3:cad>97</ns3:cad>
          </ns3:TrackPointExtension>
        </extensions>
      </trkpt>
      <trkpt lat="55.97294163890182971954345703125" lon="-2.9485998116433620452880859375">
        <ele>3.599999904632568359375</ele>
        <time>2018-05-27T10:38:51.000Z</time>
        <extensions>
          <ns3:TrackPointExtension>
            <ns3:hr>194</ns3:hr>
            <ns3:cad>97</ns3:cad>
          </ns3:TrackPointExtension>
        </extensions>
      </trkpt>
      <trkpt lat="55.9728951193392276763916015625" lon="-2.948239557445049285888671875">
        <ele>4.19999980926513671875</ele>
        <time>2018-05-27T10:38:57.000Z</time>
        <extensions>
          <ns3:TrackPointExtension>
            <ns3:hr>193</ns3:hr>
            <ns3:cad>96</ns3:cad>
          </ns3:TrackPointExtension>
        </extensions>
      </trkpt>
      <trkpt lat="55.97284306772053241729736328125" lon="-2.94787217862904071807861328125">
        <ele>5.19999980926513671875</ele>
        <time>2018-05-27T10:39:03.000Z</time>
        <extensions>
          <ns3:TrackPointExtension>
            <ns3:hr>193</ns3:hr>
            <ns3:cad>96</ns3:cad>
          </ns3:TrackPointExtension>
        </extensions>
      </trkpt>
      <trkpt lat="55.972800739109516143798828125" lon="-2.9475145228207111358642578125">
        <ele>3.2000000476837158203125</ele>
        <time>2018-05-27T10:39:09.000Z</time>
        <extensions>
          <ns3:TrackPointExtension>
            <ns3:hr>193</ns3:hr>
            <ns3:cad>97</ns3:cad>
          </ns3:TrackPointExtension>
        </extensions>
      </trkpt>
      <trkpt lat="55.972769893705844879150390625" lon="-2.94727287255227565765380859375">
        <ele>3</ele>
        <time>2018-05-27T10:39:13.000Z</time>
        <extensions>
          <ns3:TrackPointExtension>
            <ns3:hr>196</ns3:hr>
            <ns3:cad>97</ns3:cad>
          </ns3:TrackPointExtension>
        </extensions>
      </trkpt>
      <trkpt lat="55.97273527644574642181396484375" lon="-2.94691555202007293701171875">
        <ele>2.2000000476837158203125</ele>
        <time>2018-05-27T10:39:19.000Z</time>
        <extensions>
          <ns3:TrackPointExtension>
            <ns3:hr>198</ns3:hr>
            <ns3:cad>97</ns3:cad>
          </ns3:TrackPointExtension>
        </extensions>
      </trkpt>
      <trkpt lat="55.9726996533572673797607421875" lon="-2.9465653561055660247802734375">
        <ele>0</ele>
        <time>2018-05-27T10:39:25.000Z</time>
        <extensions>
          <ns3:TrackPointExtension>
            <ns3:hr>196</ns3:hr>
            <ns3:cad>97</ns3:cad>
          </ns3:TrackPointExtension>
        </extensions>
      </trkpt>
      <trkpt lat="55.97267341800034046173095703125" lon="-2.94621725566685199737548828125">
        <ele>0</ele>
        <time>2018-05-27T10:39:31.000Z</time>
        <extensions>
          <ns3:TrackPointExtension>
            <ns3:hr>194</ns3:hr>
            <ns3:cad>97</ns3:cad>
          </ns3:TrackPointExtension>
        </extensions>
      </trkpt>
      <trkpt lat="55.972655899822711944580078125" lon="-2.945984490215778350830078125">
        <ele>0</ele>
        <time>2018-05-27T10:39:35.000Z</time>
        <extensions>
          <ns3:TrackPointExtension>
            <ns3:hr>197</ns3:hr>
            <ns3:cad>96</ns3:cad>
          </ns3:TrackPointExtension>
        </extensions>
      </trkpt>
      <trkpt lat="55.97262346185743808746337890625" lon="-2.945626080036163330078125">
        <ele>0.20000000298023223876953125</ele>
        <time>2018-05-27T10:39:41.000Z</time>
        <extensions>
          <ns3:TrackPointExtension>
            <ns3:hr>197</ns3:hr>
            <ns3:cad>96</ns3:cad>
          </ns3:TrackPointExtension>
        </extensions>
      </trkpt>
      <trkpt lat="55.9726081229746341705322265625" lon="-2.94528719969093799591064453125">
        <ele>0.4000000059604644775390625</ele>
        <time>2018-05-27T10:39:47.000Z</time>
        <extensions>
          <ns3:TrackPointExtension>
            <ns3:hr>194</ns3:hr>
            <ns3:cad>96</ns3:cad>
          </ns3:TrackPointExtension>
        </extensions>
      </trkpt>
      <trkpt lat="55.97259320318698883056640625" lon="-2.94494655914604663848876953125">
        <ele>0</ele>
        <time>2018-05-27T10:39:53.000Z</time>
        <extensions>
          <ns3:TrackPointExtension>
            <ns3:hr>193</ns3:hr>
            <ns3:cad>96</ns3:cad>
          </ns3:TrackPointExtension>
        </extensions>
      </trkpt>
      <trkpt lat="55.97258674912154674530029296875" lon="-2.944773472845554351806640625">
        <ele>0</ele>
        <time>2018-05-27T10:39:56.000Z</time>
        <extensions>
          <ns3:TrackPointExtension>
            <ns3:hr>196</ns3:hr>
            <ns3:cad>96</ns3:cad>
          </ns3:TrackPointExtension>
        </extensions>
      </trkpt>
      <trkpt lat="55.97257887013256549835205078125" lon="-2.944658808410167694091796875">
        <ele>0</ele>
        <time>2018-05-27T10:39:58.000Z</time>
        <extensions>
          <ns3:TrackPointExtension>
            <ns3:hr>199</ns3:hr>
            <ns3:cad>96</ns3:cad>
          </ns3:TrackPointExtension>
        </extensions>
      </trkpt>
      <trkpt lat="55.9725484438240528106689453125" lon="-2.94431238435208797454833984375">
        <ele>0</ele>
        <time>2018-05-27T10:40:04.000Z</time>
        <extensions>
          <ns3:TrackPointExtension>
            <ns3:hr>199</ns3:hr>
            <ns3:cad>95</ns3:cad>
          </ns3:TrackPointExtension>
        </extensions>
      </trkpt>
      <trkpt lat="55.9725214540958404541015625" lon="-2.94393419288098812103271484375">
        <ele>0</ele>
        <time>2018-05-27T10:40:10.000Z</time>
        <extensions>
          <ns3:TrackPointExtension>
            <ns3:hr>199</ns3:hr>
            <ns3:cad>95</ns3:cad>
          </ns3:TrackPointExtension>
        </extensions>
      </trkpt>
      <trkpt lat="55.972506701946258544921875" lon="-2.9436095617711544036865234375">
        <ele>0</ele>
        <time>2018-05-27T10:40:15.000Z</time>
        <extensions>
          <ns3:TrackPointExtension>
            <ns3:hr>200</ns3:hr>
            <ns3:cad>97</ns3:cad>
          </ns3:TrackPointExtension>
        </extensions>
      </trkpt>
      <trkpt lat="55.97248214296996593475341796875" lon="-2.94324989430606365203857421875">
        <ele>0</ele>
        <time>2018-05-27T10:40:21.000Z</time>
        <extensions>
          <ns3:TrackPointExtension>
            <ns3:hr>198</ns3:hr>
            <ns3:cad>97</ns3:cad>
          </ns3:TrackPointExtension>
        </extensions>
      </trkpt>
      <trkpt lat="55.972461439669132232666015625" lon="-2.94288679026067256927490234375">
        <ele>0</ele>
        <time>2018-05-27T10:40:27.000Z</time>
        <extensions>
          <ns3:TrackPointExtension>
            <ns3:hr>195</ns3:hr>
            <ns3:cad>97</ns3:cad>
          </ns3:TrackPointExtension>
        </extensions>
      </trkpt>
      <trkpt lat="55.9724557399749755859375" lon="-2.94252754189074039459228515625">
        <ele>0</ele>
        <time>2018-05-27T10:40:33.000Z</time>
        <extensions>
          <ns3:TrackPointExtension>
            <ns3:hr>194</ns3:hr>
            <ns3:cad>96</ns3:cad>
          </ns3:TrackPointExtension>
        </extensions>
      </trkpt>
      <trkpt lat="55.9724525548517704010009765625" lon="-2.94222512282431125640869140625">
        <ele>0</ele>
        <time>2018-05-27T10:40:38.000Z</time>
        <extensions>
          <ns3:TrackPointExtension>
            <ns3:hr>197</ns3:hr>
            <ns3:cad>95</ns3:cad>
          </ns3:TrackPointExtension>
        </extensions>
      </trkpt>
      <trkpt lat="55.9724543988704681396484375" lon="-2.94185212813317775726318359375">
        <ele>0</ele>
        <time>2018-05-27T10:40:44.000Z</time>
        <extensions>
          <ns3:TrackPointExtension>
            <ns3:hr>195</ns3:hr>
            <ns3:cad>96</ns3:cad>
          </ns3:TrackPointExtension>
        </extensions>
      </trkpt>
      <trkpt lat="55.972459428012371063232421875" lon="-2.94148885644972324371337890625">
        <ele>0</ele>
        <time>2018-05-27T10:40:50.000Z</time>
        <extensions>
          <ns3:TrackPointExtension>
            <ns3:hr>195</ns3:hr>
            <ns3:cad>96</ns3:cad>
          </ns3:TrackPointExtension>
        </extensions>
      </trkpt>
      <trkpt lat="55.97246521152555942535400390625" lon="-2.94120102189481258392333984375">
        <ele>0</ele>
        <time>2018-05-27T10:40:55.000Z</time>
        <extensions>
          <ns3:TrackPointExtension>
            <ns3:hr>198</ns3:hr>
            <ns3:cad>95</ns3:cad>
          </ns3:TrackPointExtension>
        </extensions>
      </trkpt>
      <trkpt lat="55.97240435890853404998779296875" lon="-2.94088452123105525970458984375">
        <ele>0</ele>
        <time>2018-05-27T10:41:01.000Z</time>
        <extensions>
          <ns3:TrackPointExtension>
            <ns3:hr>198</ns3:hr>
            <ns3:cad>95</ns3:cad>
          </ns3:TrackPointExtension>
        </extensions>
      </trkpt>
      <trkpt lat="55.9723741002380847930908203125" lon="-2.94085082598030567169189453125">
        <ele>0</ele>
        <time>2018-05-27T10:41:02.000Z</time>
        <extensions>
          <ns3:TrackPointExtension>
            <ns3:hr>197</ns3:hr>
            <ns3:cad>95</ns3:cad>
          </ns3:TrackPointExtension>
        </extensions>
      </trkpt>
      <trkpt lat="55.9722299315035343170166015625" lon="-2.94070514850318431854248046875">
        <ele>2.599999904632568359375</ele>
        <time>2018-05-27T10:41:07.000Z</time>
        <extensions>
          <ns3:TrackPointExtension>
            <ns3:hr>194</ns3:hr>
            <ns3:cad>96</ns3:cad>
          </ns3:TrackPointExtension>
        </extensions>
      </trkpt>
      <trkpt lat="55.97212649881839752197265625" lon="-2.94058981351554393768310546875">
        <ele>4.80000019073486328125</ele>
        <time>2018-05-27T10:41:11.000Z</time>
        <extensions>
          <ns3:TrackPointExtension>
            <ns3:hr>197</ns3:hr>
            <ns3:cad>96</ns3:cad>
          </ns3:TrackPointExtension>
        </extensions>
      </trkpt>
      <trkpt lat="55.97209908999502658843994140625" lon="-2.94024464674293994903564453125">
        <ele>5.400000095367431640625</ele>
        <time>2018-05-27T10:41:17.000Z</time>
        <extensions>
          <ns3:TrackPointExtension>
            <ns3:hr>198</ns3:hr>
            <ns3:cad>95</ns3:cad>
          </ns3:TrackPointExtension>
        </extensions>
      </trkpt>
      <trkpt lat="55.97208903171122074127197265625" lon="-2.9398714005947113037109375">
        <ele>5.80000019073486328125</ele>
        <time>2018-05-27T10:41:23.000Z</time>
        <extensions>
          <ns3:TrackPointExtension>
            <ns3:hr>199</ns3:hr>
            <ns3:cad>97</ns3:cad>
          </ns3:TrackPointExtension>
        </extensions>
      </trkpt>
      <trkpt lat="55.9720847569406032562255859375" lon="-2.93951760046184062957763671875">
        <ele>5.80000019073486328125</ele>
        <time>2018-05-27T10:41:29.000Z</time>
        <extensions>
          <ns3:TrackPointExtension>
            <ns3:hr>198</ns3:hr>
            <ns3:cad>97</ns3:cad>
          </ns3:TrackPointExtension>
        </extensions>
      </trkpt>
      <trkpt lat="55.97206740640103816986083984375" lon="-2.939155586063861846923828125">
        <ele>6</ele>
        <time>2018-05-27T10:41:35.000Z</time>
        <extensions>
          <ns3:TrackPointExtension>
            <ns3:hr>200</ns3:hr>
            <ns3:cad>96</ns3:cad>
          </ns3:TrackPointExtension>
        </extensions>
      </trkpt>
      <trkpt lat="55.97206556238234043121337890625" lon="-2.93878703378140926361083984375">
        <ele>6</ele>
        <time>2018-05-27T10:41:41.000Z</time>
        <extensions>
          <ns3:TrackPointExtension>
            <ns3:hr>201</ns3:hr>
            <ns3:cad>96</ns3:cad>
          </ns3:TrackPointExtension>
        </extensions>
      </trkpt>
      <trkpt lat="55.9720653109252452850341796875" lon="-2.9385529272258281707763671875">
        <ele>6</ele>
        <time>2018-05-27T10:41:45.000Z</time>
        <extensions>
          <ns3:TrackPointExtension>
            <ns3:hr>198</ns3:hr>
            <ns3:cad>96</ns3:cad>
          </ns3:TrackPointExtension>
        </extensions>
      </trkpt>
      <trkpt lat="55.972079895436763763427734375" lon="-2.93819543905556201934814453125">
        <ele>6</ele>
        <time>2018-05-27T10:41:51.000Z</time>
        <extensions>
          <ns3:TrackPointExtension>
            <ns3:hr>199</ns3:hr>
            <ns3:cad>97</ns3:cad>
          </ns3:TrackPointExtension>
        </extensions>
      </trkpt>
      <trkpt lat="55.97211350686848163604736328125" lon="-2.9378314130008220672607421875">
        <ele>4.400000095367431640625</ele>
        <time>2018-05-27T10:41:57.000Z</time>
        <extensions>
          <ns3:TrackPointExtension>
            <ns3:hr>200</ns3:hr>
            <ns3:cad>97</ns3:cad>
          </ns3:TrackPointExtension>
        </extensions>
      </trkpt>
      <trkpt lat="55.97213312052190303802490234375" lon="-2.9375199414789676666259765625">
        <ele>4</ele>
        <time>2018-05-27T10:42:02.000Z</time>
        <extensions>
          <ns3:TrackPointExtension>
            <ns3:hr>197</ns3:hr>
            <ns3:cad>97</ns3:cad>
          </ns3:TrackPointExtension>
        </extensions>
      </trkpt>
      <trkpt lat="55.97215206362307071685791015625" lon="-2.93715809471905231475830078125">
        <ele>3.599999904632568359375</ele>
        <time>2018-05-27T10:42:08.000Z</time>
        <extensions>
          <ns3:TrackPointExtension>
            <ns3:hr>196</ns3:hr>
            <ns3:cad>97</ns3:cad>
          </ns3:TrackPointExtension>
        </extensions>
      </trkpt>
      <trkpt lat="55.97217603586614131927490234375" lon="-2.936790883541107177734375">
        <ele>3.7999999523162841796875</ele>
        <time>2018-05-27T10:42:14.000Z</time>
        <extensions>
          <ns3:TrackPointExtension>
            <ns3:hr>198</ns3:hr>
            <ns3:cad>96</ns3:cad>
          </ns3:TrackPointExtension>
        </extensions>
      </trkpt>
      <trkpt lat="55.9722078032791614532470703125" lon="-2.9364292882382869720458984375">
        <ele>3.2000000476837158203125</ele>
        <time>2018-05-27T10:42:20.000Z</time>
        <extensions>
          <ns3:TrackPointExtension>
            <ns3:hr>196</ns3:hr>
            <ns3:cad>97</ns3:cad>
          </ns3:TrackPointExtension>
        </extensions>
      </trkpt>
      <trkpt lat="55.97222934477031230926513671875" lon="-2.93606308288872241973876953125">
        <ele>2.599999904632568359375</ele>
        <time>2018-05-27T10:42:26.000Z</time>
        <extensions>
          <ns3:TrackPointExtension>
            <ns3:hr>194</ns3:hr>
            <ns3:cad>96</ns3:cad>
          </ns3:TrackPointExtension>
        </extensions>
      </trkpt>
      <trkpt lat="55.97225968725979328155517578125" lon="-2.9357114620506763458251953125">
        <ele>2</ele>
        <time>2018-05-27T10:42:32.000Z</time>
        <extensions>
          <ns3:TrackPointExtension>
            <ns3:hr>196</ns3:hr>
            <ns3:cad>96</ns3:cad>
          </ns3:TrackPointExtension>
        </extensions>
      </trkpt>
      <trkpt lat="55.9722778759896755218505859375" lon="-2.93536034412682056427001953125">
        <ele>1.60000002384185791015625</ele>
        <time>2018-05-27T10:42:38.000Z</time>
        <extensions>
          <ns3:TrackPointExtension>
            <ns3:hr>196</ns3:hr>
            <ns3:cad>96</ns3:cad>
          </ns3:TrackPointExtension>
        </extensions>
      </trkpt>
      <trkpt lat="55.97230981104075908660888671875" lon="-2.935019619762897491455078125">
        <ele>2.7999999523162841796875</ele>
        <time>2018-05-27T10:42:44.000Z</time>
        <extensions>
          <ns3:TrackPointExtension>
            <ns3:hr>196</ns3:hr>
            <ns3:cad>96</ns3:cad>
          </ns3:TrackPointExtension>
        </extensions>
      </trkpt>
      <trkpt lat="55.9723285026848316192626953125" lon="-2.934668250381946563720703125">
        <ele>5.80000019073486328125</ele>
        <time>2018-05-27T10:42:50.000Z</time>
        <extensions>
          <ns3:TrackPointExtension>
            <ns3:hr>198</ns3:hr>
            <ns3:cad>97</ns3:cad>
          </ns3:TrackPointExtension>
        </extensions>
      </trkpt>
      <trkpt lat="55.9723496250808238983154296875" lon="-2.93430523015558719635009765625">
        <ele>4.19999980926513671875</ele>
        <time>2018-05-27T10:42:56.000Z</time>
        <extensions>
          <ns3:TrackPointExtension>
            <ns3:hr>200</ns3:hr>
            <ns3:cad>97</ns3:cad>
          </ns3:TrackPointExtension>
        </extensions>
      </trkpt>
      <trkpt lat="55.9723754413425922393798828125" lon="-2.93396173976361751556396484375">
        <ele>3.599999904632568359375</ele>
        <time>2018-05-27T10:43:02.000Z</time>
        <extensions>
          <ns3:TrackPointExtension>
            <ns3:hr>203</ns3:hr>
            <ns3:cad>96</ns3:cad>
          </ns3:TrackPointExtension>
        </extensions>
      </trkpt>
      <trkpt lat="55.9723955579102039337158203125" lon="-2.93362478725612163543701171875">
        <ele>3.599999904632568359375</ele>
        <time>2018-05-27T10:43:08.000Z</time>
        <extensions>
          <ns3:TrackPointExtension>
            <ns3:hr>204</ns3:hr>
            <ns3:cad>96</ns3:cad>
          </ns3:TrackPointExtension>
        </extensions>
      </trkpt>
      <trkpt lat="55.97242154181003570556640625" lon="-2.9332760162651538848876953125">
        <ele>3.7999999523162841796875</ele>
        <time>2018-05-27T10:43:14.000Z</time>
        <extensions>
          <ns3:TrackPointExtension>
            <ns3:hr>203</ns3:hr>
            <ns3:cad>96</ns3:cad>
          </ns3:TrackPointExtension>
        </extensions>
      </trkpt>
      <trkpt lat="55.9724451787769794464111328125" lon="-2.93292514979839324951171875">
        <ele>3.400000095367431640625</ele>
        <time>2018-05-27T10:43:20.000Z</time>
        <extensions>
          <ns3:TrackPointExtension>
            <ns3:hr>202</ns3:hr>
            <ns3:cad>97</ns3:cad>
          </ns3:TrackPointExtension>
        </extensions>
      </trkpt>
      <trkpt lat="55.97245951183140277862548828125" lon="-2.932566739618778228759765625">
        <ele>3</ele>
        <time>2018-05-27T10:43:26.000Z</time>
        <extensions>
          <ns3:TrackPointExtension>
            <ns3:hr>204</ns3:hr>
            <ns3:cad>98</ns3:cad>
          </ns3:TrackPointExtension>
        </extensions>
      </trkpt>
      <trkpt lat="55.97246303223073482513427734375" lon="-2.93220237828791141510009765625">
        <ele>3</ele>
        <time>2018-05-27T10:43:32.000Z</time>
        <extensions>
          <ns3:TrackPointExtension>
            <ns3:hr>203</ns3:hr>
            <ns3:cad>96</ns3:cad>
          </ns3:TrackPointExtension>
        </extensions>
      </trkpt>
      <trkpt lat="55.9724736772477626800537109375" lon="-2.9318544454872608184814453125">
        <ele>2.2000000476837158203125</ele>
        <time>2018-05-27T10:43:38.000Z</time>
        <extensions>
          <ns3:TrackPointExtension>
            <ns3:hr>201</ns3:hr>
            <ns3:cad>97</ns3:cad>
          </ns3:TrackPointExtension>
        </extensions>
      </trkpt>
      <trkpt lat="55.97248650155961513519287109375" lon="-2.93149595148861408233642578125">
        <ele>2.599999904632568359375</ele>
        <time>2018-05-27T10:43:44.000Z</time>
        <extensions>
          <ns3:TrackPointExtension>
            <ns3:hr>199</ns3:hr>
            <ns3:cad>97</ns3:cad>
          </ns3:TrackPointExtension>
        </extensions>
      </trkpt>
      <trkpt lat="55.972515083849430084228515625" lon="-2.93113720603287220001220703125">
        <ele>4.19999980926513671875</ele>
        <time>2018-05-27T10:43:50.000Z</time>
        <extensions>
          <ns3:TrackPointExtension>
            <ns3:hr>201</ns3:hr>
            <ns3:cad>96</ns3:cad>
          </ns3:TrackPointExtension>
        </extensions>
      </trkpt>
      <trkpt lat="55.97253075800836086273193359375" lon="-2.9309200309216976165771484375">
        <ele>4.400000095367431640625</ele>
        <time>2018-05-27T10:43:54.000Z</time>
        <extensions>
          <ns3:TrackPointExtension>
            <ns3:hr>204</ns3:hr>
            <ns3:cad>97</ns3:cad>
          </ns3:TrackPointExtension>
        </extensions>
      </trkpt>
      <trkpt lat="55.9725414030253887176513671875" lon="-2.930572517216205596923828125">
        <ele>4.599999904632568359375</ele>
        <time>2018-05-27T10:44:00.000Z</time>
        <extensions>
          <ns3:TrackPointExtension>
            <ns3:hr>204</ns3:hr>
            <ns3:cad>96</ns3:cad>
          </ns3:TrackPointExtension>
        </extensions>
      </trkpt>
      <trkpt lat="55.97255640663206577301025390625" lon="-2.93023078702390193939208984375">
        <ele>4.599999904632568359375</ele>
        <time>2018-05-27T10:44:06.000Z</time>
        <extensions>
          <ns3:TrackPointExtension>
            <ns3:hr>202</ns3:hr>
            <ns3:cad>97</ns3:cad>
          </ns3:TrackPointExtension>
        </extensions>
      </trkpt>
      <trkpt lat="55.972573421895503997802734375" lon="-2.92988888919353485107421875">
        <ele>4.400000095367431640625</ele>
        <time>2018-05-27T10:44:12.000Z</time>
        <extensions>
          <ns3:TrackPointExtension>
            <ns3:hr>202</ns3:hr>
            <ns3:cad>97</ns3:cad>
          </ns3:TrackPointExtension>
        </extensions>
      </trkpt>
      <trkpt lat="55.97259311936795711517333984375" lon="-2.92953123338520526885986328125">
        <ele>4.19999980926513671875</ele>
        <time>2018-05-27T10:44:18.000Z</time>
        <extensions>
          <ns3:TrackPointExtension>
            <ns3:hr>201</ns3:hr>
            <ns3:cad>96</ns3:cad>
          </ns3:TrackPointExtension>
        </extensions>
      </trkpt>
      <trkpt lat="55.9726051054894924163818359375" lon="-2.92917533777654170989990234375">
        <ele>4.19999980926513671875</ele>
        <time>2018-05-27T10:44:24.000Z</time>
        <extensions>
          <ns3:TrackPointExtension>
            <ns3:hr>202</ns3:hr>
            <ns3:cad>97</ns3:cad>
          </ns3:TrackPointExtension>
        </extensions>
      </trkpt>
      <trkpt lat="55.97262580879032611846923828125" lon="-2.92881667613983154296875">
        <ele>4</ele>
        <time>2018-05-27T10:44:30.000Z</time>
        <extensions>
          <ns3:TrackPointExtension>
            <ns3:hr>201</ns3:hr>
            <ns3:cad>96</ns3:cad>
          </ns3:TrackPointExtension>
        </extensions>
      </trkpt>
      <trkpt lat="55.97264089621603488922119140625" lon="-2.928460948169231414794921875">
        <ele>4</ele>
        <time>2018-05-27T10:44:36.000Z</time>
        <extensions>
          <ns3:TrackPointExtension>
            <ns3:hr>203</ns3:hr>
            <ns3:cad>96</ns3:cad>
          </ns3:TrackPointExtension>
        </extensions>
      </trkpt>
      <trkpt lat="55.972649194300174713134765625" lon="-2.9282842576503753662109375">
        <ele>4</ele>
        <time>2018-05-27T10:44:39.000Z</time>
        <extensions>
          <ns3:TrackPointExtension>
            <ns3:hr>201</ns3:hr>
            <ns3:cad>96</ns3:cad>
          </ns3:TrackPointExtension>
        </extensions>
      </trkpt>
      <trkpt lat="55.9726604260504245758056640625" lon="-2.92810396291315555572509765625">
        <ele>3.7999999523162841796875</ele>
        <time>2018-05-27T10:44:42.000Z</time>
        <extensions>
          <ns3:TrackPointExtension>
            <ns3:hr>198</ns3:hr>
            <ns3:cad>96</ns3:cad>
          </ns3:TrackPointExtension>
        </extensions>
      </trkpt>
      <trkpt lat="55.97268280573189258575439453125" lon="-2.92775812558829784393310546875">
        <ele>4.400000095367431640625</ele>
        <time>2018-05-27T10:44:48.000Z</time>
        <extensions>
          <ns3:TrackPointExtension>
            <ns3:hr>201</ns3:hr>
            <ns3:cad>97</ns3:cad>
          </ns3:TrackPointExtension>
        </extensions>
      </trkpt>
      <trkpt lat="55.9726984798908233642578125" lon="-2.92739351280033588409423828125">
        <ele>4.80000019073486328125</ele>
        <time>2018-05-27T10:44:54.000Z</time>
        <extensions>
          <ns3:TrackPointExtension>
            <ns3:hr>202</ns3:hr>
            <ns3:cad>97</ns3:cad>
          </ns3:TrackPointExtension>
        </extensions>
      </trkpt>
      <trkpt lat="55.972714908421039581298828125" lon="-2.9270343482494354248046875">
        <ele>5.599999904632568359375</ele>
        <time>2018-05-27T10:45:00.000Z</time>
        <extensions>
          <ns3:TrackPointExtension>
            <ns3:hr>203</ns3:hr>
            <ns3:cad>96</ns3:cad>
          </ns3:TrackPointExtension>
        </extensions>
      </trkpt>
      <trkpt lat="55.9727348573505878448486328125" lon="-2.92667199857532978057861328125">
        <ele>5.599999904632568359375</ele>
        <time>2018-05-27T10:45:06.000Z</time>
        <extensions>
          <ns3:TrackPointExtension>
            <ns3:hr>203</ns3:hr>
            <ns3:cad>96</ns3:cad>
          </ns3:TrackPointExtension>
        </extensions>
      </trkpt>
      <trkpt lat="55.9727596677839756011962890625" lon="-2.92630705051124095916748046875">
        <ele>6</ele>
        <time>2018-05-27T10:45:12.000Z</time>
        <extensions>
          <ns3:TrackPointExtension>
            <ns3:hr>201</ns3:hr>
            <ns3:cad>96</ns3:cad>
          </ns3:TrackPointExtension>
        </extensions>
      </trkpt>
      <trkpt lat="55.9727942012250423431396484375" lon="-2.92594227008521556854248046875">
        <ele>5.80000019073486328125</ele>
        <time>2018-05-27T10:45:18.000Z</time>
        <extensions>
          <ns3:TrackPointExtension>
            <ns3:hr>203</ns3:hr>
            <ns3:cad>97</ns3:cad>
          </ns3:TrackPointExtension>
        </extensions>
      </trkpt>
      <trkpt lat="55.97281775437295436859130859375" lon="-2.92556357569992542266845703125">
        <ele>6.400000095367431640625</ele>
        <time>2018-05-27T10:45:24.000Z</time>
        <extensions>
          <ns3:TrackPointExtension>
            <ns3:hr>203</ns3:hr>
            <ns3:cad>97</ns3:cad>
          </ns3:TrackPointExtension>
        </extensions>
      </trkpt>
      <trkpt lat="55.97282479517161846160888671875" lon="-2.92521287687122821807861328125">
        <ele>6.599999904632568359375</ele>
        <time>2018-05-27T10:45:30.000Z</time>
        <extensions>
          <ns3:TrackPointExtension>
            <ns3:hr>200</ns3:hr>
            <ns3:cad>97</ns3:cad>
          </ns3:TrackPointExtension>
        </extensions>
      </trkpt>
      <trkpt lat="55.97284072078764438629150390625" lon="-2.9248579032719135284423828125">
        <ele>6.400000095367431640625</ele>
        <time>2018-05-27T10:45:36.000Z</time>
        <extensions>
          <ns3:TrackPointExtension>
            <ns3:hr>202</ns3:hr>
            <ns3:cad>97</ns3:cad>
          </ns3:TrackPointExtension>
        </extensions>
      </trkpt>
      <trkpt lat="55.97285781987011432647705078125" lon="-2.9244750179350376129150390625">
        <ele>6.400000095367431640625</ele>
        <time>2018-05-27T10:45:42.000Z</time>
        <extensions>
          <ns3:TrackPointExtension>
            <ns3:hr>205</ns3:hr>
            <ns3:cad>97</ns3:cad>
          </ns3:TrackPointExtension>
        </extensions>
      </trkpt>
      <trkpt lat="55.972869135439395904541015625" lon="-2.924103699624538421630859375">
        <ele>6.19999980926513671875</ele>
        <time>2018-05-27T10:45:48.000Z</time>
        <extensions>
          <ns3:TrackPointExtension>
            <ns3:hr>206</ns3:hr>
            <ns3:cad>97</ns3:cad>
          </ns3:TrackPointExtension>
        </extensions>
      </trkpt>
      <trkpt lat="55.97287592478096485137939453125" lon="-2.92373816482722759246826171875">
        <ele>7.19999980926513671875</ele>
        <time>2018-05-27T10:45:54.000Z</time>
        <extensions>
          <ns3:TrackPointExtension>
            <ns3:hr>206</ns3:hr>
            <ns3:cad>97</ns3:cad>
          </ns3:TrackPointExtension>
        </extensions>
      </trkpt>
      <trkpt lat="55.97287751734256744384765625" lon="-2.9233704507350921630859375">
        <ele>8.19999980926513671875</ele>
        <time>2018-05-27T10:46:00.000Z</time>
        <extensions>
          <ns3:TrackPointExtension>
            <ns3:hr>203</ns3:hr>
            <ns3:cad>97</ns3:cad>
          </ns3:TrackPointExtension>
        </extensions>
      </trkpt>
      <trkpt lat="55.97290073521435260772705078125" lon="-2.9230306483805179595947265625">
        <ele>8.6000003814697265625</ele>
        <time>2018-05-27T10:46:06.000Z</time>
        <extensions>
          <ns3:TrackPointExtension>
            <ns3:hr>203</ns3:hr>
            <ns3:cad>96</ns3:cad>
          </ns3:TrackPointExtension>
        </extensions>
      </trkpt>
      <trkpt lat="55.972922109067440032958984375" lon="-2.922680117189884185791015625">
        <ele>8.80000019073486328125</ele>
        <time>2018-05-27T10:46:12.000Z</time>
        <extensions>
          <ns3:TrackPointExtension>
            <ns3:hr>203</ns3:hr>
            <ns3:cad>96</ns3:cad>
          </ns3:TrackPointExtension>
        </extensions>
      </trkpt>
      <trkpt lat="55.972961001098155975341796875" lon="-2.92232413776218891143798828125">
        <ele>7.599999904632568359375</ele>
        <time>2018-05-27T10:46:18.000Z</time>
        <extensions>
          <ns3:TrackPointExtension>
            <ns3:hr>201</ns3:hr>
            <ns3:cad>96</ns3:cad>
          </ns3:TrackPointExtension>
        </extensions>
      </trkpt>
      <trkpt lat="55.97304255701601505279541015625" lon="-2.9219730198383331298828125">
        <ele>6.599999904632568359375</ele>
        <time>2018-05-27T10:46:24.000Z</time>
        <extensions>
          <ns3:TrackPointExtension>
            <ns3:hr>201</ns3:hr>
            <ns3:cad>96</ns3:cad>
          </ns3:TrackPointExtension>
        </extensions>
      </trkpt>
      <trkpt lat="55.973134003579616546630859375" lon="-2.9216442815959453582763671875">
        <ele>6.599999904632568359375</ele>
        <time>2018-05-27T10:46:30.000Z</time>
        <extensions>
          <ns3:TrackPointExtension>
            <ns3:hr>201</ns3:hr>
            <ns3:cad>96</ns3:cad>
          </ns3:TrackPointExtension>
        </extensions>
      </trkpt>
      <trkpt lat="55.9732243604958057403564453125" lon="-2.921325266361236572265625">
        <ele>6.80000019073486328125</ele>
        <time>2018-05-27T10:46:36.000Z</time>
        <extensions>
          <ns3:TrackPointExtension>
            <ns3:hr>199</ns3:hr>
            <ns3:cad>96</ns3:cad>
          </ns3:TrackPointExtension>
        </extensions>
      </trkpt>
      <trkpt lat="55.9733162261545658111572265625" lon="-2.921015806496143341064453125">
        <ele>7.19999980926513671875</ele>
        <time>2018-05-27T10:46:42.000Z</time>
        <extensions>
          <ns3:TrackPointExtension>
            <ns3:hr>199</ns3:hr>
            <ns3:cad>96</ns3:cad>
          </ns3:TrackPointExtension>
        </extensions>
      </trkpt>
      <trkpt lat="55.97339308820664882659912109375" lon="-2.9206944443285465240478515625">
        <ele>7.400000095367431640625</ele>
        <time>2018-05-27T10:46:48.000Z</time>
        <extensions>
          <ns3:TrackPointExtension>
            <ns3:hr>201</ns3:hr>
            <ns3:cad>95</ns3:cad>
          </ns3:TrackPointExtension>
        </extensions>
      </trkpt>
      <trkpt lat="55.9734587185084819793701171875" lon="-2.92038003914058208465576171875">
        <ele>8</ele>
        <time>2018-05-27T10:46:54.000Z</time>
        <extensions>
          <ns3:TrackPointExtension>
            <ns3:hr>202</ns3:hr>
            <ns3:cad>95</ns3:cad>
          </ns3:TrackPointExtension>
        </extensions>
      </trkpt>
      <trkpt lat="55.97352351061999797821044921875" lon="-2.9200527258217334747314453125">
        <ele>7.599999904632568359375</ele>
        <time>2018-05-27T10:47:00.000Z</time>
        <extensions>
          <ns3:TrackPointExtension>
            <ns3:hr>200</ns3:hr>
            <ns3:cad>95</ns3:cad>
          </ns3:TrackPointExtension>
        </extensions>
      </trkpt>
      <trkpt lat="55.97357916645705699920654296875" lon="-2.919798083603382110595703125">
        <ele>6.599999904632568359375</ele>
        <time>2018-05-27T10:47:05.000Z</time>
        <extensions>
          <ns3:TrackPointExtension>
            <ns3:hr>203</ns3:hr>
            <ns3:cad>96</ns3:cad>
          </ns3:TrackPointExtension>
        </extensions>
      </trkpt>
      <trkpt lat="55.97365644760429859161376953125" lon="-2.91947462595999240875244140625">
        <ele>6.599999904632568359375</ele>
        <time>2018-05-27T10:47:11.000Z</time>
        <extensions>
          <ns3:TrackPointExtension>
            <ns3:hr>201</ns3:hr>
            <ns3:cad>95</ns3:cad>
          </ns3:TrackPointExtension>
        </extensions>
      </trkpt>
      <trkpt lat="55.9737230837345123291015625" lon="-2.919122166931629180908203125">
        <ele>7</ele>
        <time>2018-05-27T10:47:17.000Z</time>
        <extensions>
          <ns3:TrackPointExtension>
            <ns3:hr>200</ns3:hr>
            <ns3:cad>96</ns3:cad>
          </ns3:TrackPointExtension>
        </extensions>
      </trkpt>
      <trkpt lat="55.9737847745418548583984375" lon="-2.91876333765685558319091796875">
        <ele>7.80000019073486328125</ele>
        <time>2018-05-27T10:47:23.000Z</time>
        <extensions>
          <ns3:TrackPointExtension>
            <ns3:hr>201</ns3:hr>
            <ns3:cad>96</ns3:cad>
          </ns3:TrackPointExtension>
        </extensions>
      </trkpt>
      <trkpt lat="55.97384981811046600341796875" lon="-2.9184038378298282623291015625">
        <ele>7.599999904632568359375</ele>
        <time>2018-05-27T10:47:29.000Z</time>
        <extensions>
          <ns3:TrackPointExtension>
            <ns3:hr>198</ns3:hr>
            <ns3:cad>96</ns3:cad>
          </ns3:TrackPointExtension>
        </extensions>
      </trkpt>
      <trkpt lat="55.97390555776655673980712890625" lon="-2.9180548153817653656005859375">
        <ele>7.80000019073486328125</ele>
        <time>2018-05-27T10:47:35.000Z</time>
        <extensions>
          <ns3:TrackPointExtension>
            <ns3:hr>197</ns3:hr>
            <ns3:cad>97</ns3:cad>
          </ns3:TrackPointExtension>
        </extensions>
      </trkpt>
      <trkpt lat="55.973939001560211181640625" lon="-2.91775784455239772796630859375">
        <ele>8.19999980926513671875</ele>
        <time>2018-05-27T10:47:40.000Z</time>
        <extensions>
          <ns3:TrackPointExtension>
            <ns3:hr>200</ns3:hr>
            <ns3:cad>96</ns3:cad>
          </ns3:TrackPointExtension>
        </extensions>
      </trkpt>
      <trkpt lat="55.973988957703113555908203125" lon="-2.9175160266458988189697265625">
        <ele>8.3999996185302734375</ele>
        <time>2018-05-27T10:47:44.000Z</time>
        <extensions>
          <ns3:TrackPointExtension>
            <ns3:hr>203</ns3:hr>
            <ns3:cad>97</ns3:cad>
          </ns3:TrackPointExtension>
        </extensions>
      </trkpt>
      <trkpt lat="55.97405643202364444732666015625" lon="-2.91720631532371044158935546875">
        <ele>8.80000019073486328125</ele>
        <time>2018-05-27T10:47:49.000Z</time>
        <extensions>
          <ns3:TrackPointExtension>
            <ns3:hr>201</ns3:hr>
            <ns3:cad>96</ns3:cad>
          </ns3:TrackPointExtension>
        </extensions>
      </trkpt>
      <trkpt lat="55.9741227328777313232421875" lon="-2.9168526828289031982421875">
        <ele>8.6000003814697265625</ele>
        <time>2018-05-27T10:47:55.000Z</time>
        <extensions>
          <ns3:TrackPointExtension>
            <ns3:hr>201</ns3:hr>
            <ns3:cad>96</ns3:cad>
          </ns3:TrackPointExtension>
        </extensions>
      </trkpt>
      <trkpt lat="55.97418383695185184478759765625" lon="-2.91649955324828624725341796875">
        <ele>8.3999996185302734375</ele>
        <time>2018-05-27T10:48:01.000Z</time>
        <extensions>
          <ns3:TrackPointExtension>
            <ns3:hr>200</ns3:hr>
            <ns3:cad>96</ns3:cad>
          </ns3:TrackPointExtension>
        </extensions>
      </trkpt>
      <trkpt lat="55.97422775812447071075439453125" lon="-2.916146256029605865478515625">
        <ele>8.19999980926513671875</ele>
        <time>2018-05-27T10:48:07.000Z</time>
        <extensions>
          <ns3:TrackPointExtension>
            <ns3:hr>200</ns3:hr>
            <ns3:cad>95</ns3:cad>
          </ns3:TrackPointExtension>
        </extensions>
      </trkpt>
      <trkpt lat="55.9742516465485095977783203125" lon="-2.91583478450775146484375">
        <ele>8.80000019073486328125</ele>
        <time>2018-05-27T10:48:12.000Z</time>
        <extensions>
          <ns3:TrackPointExtension>
            <ns3:hr>199</ns3:hr>
            <ns3:cad>95</ns3:cad>
          </ns3:TrackPointExtension>
        </extensions>
      </trkpt>
      <trkpt lat="55.97427536733448505401611328125" lon="-2.91551627218723297119140625">
        <ele>9</ele>
        <time>2018-05-27T10:48:17.000Z</time>
        <extensions>
          <ns3:TrackPointExtension>
            <ns3:hr>198</ns3:hr>
            <ns3:cad>96</ns3:cad>
          </ns3:TrackPointExtension>
        </extensions>
      </trkpt>
      <trkpt lat="55.9742925502359867095947265625" lon="-2.91514704935252666473388671875">
        <ele>9</ele>
        <time>2018-05-27T10:48:23.000Z</time>
        <extensions>
          <ns3:TrackPointExtension>
            <ns3:hr>197</ns3:hr>
            <ns3:cad>97</ns3:cad>
          </ns3:TrackPointExtension>
        </extensions>
      </trkpt>
      <trkpt lat="55.9743133373558521270751953125" lon="-2.91478293947875499725341796875">
        <ele>7.80000019073486328125</ele>
        <time>2018-05-27T10:48:29.000Z</time>
        <extensions>
          <ns3:TrackPointExtension>
            <ns3:hr>199</ns3:hr>
            <ns3:cad>96</ns3:cad>
          </ns3:TrackPointExtension>
        </extensions>
      </trkpt>
      <trkpt lat="55.9743528999388217926025390625" lon="-2.91446358896791934967041015625">
        <ele>7.599999904632568359375</ele>
        <time>2018-05-27T10:48:35.000Z</time>
        <extensions>
          <ns3:TrackPointExtension>
            <ns3:hr>199</ns3:hr>
            <ns3:cad>97</ns3:cad>
          </ns3:TrackPointExtension>
        </extensions>
      </trkpt>
      <trkpt lat="55.9743887744843959808349609375" lon="-2.91429477743804454803466796875">
        <ele>7.400000095367431640625</ele>
        <time>2018-05-27T10:48:38.000Z</time>
        <extensions>
          <ns3:TrackPointExtension>
            <ns3:hr>195</ns3:hr>
            <ns3:cad>96</ns3:cad>
          </ns3:TrackPointExtension>
        </extensions>
      </trkpt>
      <trkpt lat="55.97445021383464336395263671875" lon="-2.914068214595317840576171875">
        <ele>7.19999980926513671875</ele>
        <time>2018-05-27T10:48:42.000Z</time>
        <extensions>
          <ns3:TrackPointExtension>
            <ns3:hr>198</ns3:hr>
            <ns3:cad>96</ns3:cad>
          </ns3:TrackPointExtension>
        </extensions>
      </trkpt>
      <trkpt lat="55.974499918520450592041015625" lon="-2.91392195038497447967529296875">
        <ele>7.19999980926513671875</ele>
        <time>2018-05-27T10:48:45.000Z</time>
        <extensions>
          <ns3:TrackPointExtension>
            <ns3:hr>201</ns3:hr>
            <ns3:cad>97</ns3:cad>
          </ns3:TrackPointExtension>
        </extensions>
      </trkpt>
      <trkpt lat="55.974620617926120758056640625" lon="-2.9136784560978412628173828125">
        <ele>7</ele>
        <time>2018-05-27T10:48:51.000Z</time>
        <extensions>
          <ns3:TrackPointExtension>
            <ns3:hr>202</ns3:hr>
            <ns3:cad>95</ns3:cad>
          </ns3:TrackPointExtension>
        </extensions>
      </trkpt>
      <trkpt lat="55.97476847469806671142578125" lon="-2.91345608420670032501220703125">
        <ele>7.19999980926513671875</ele>
        <time>2018-05-27T10:48:57.000Z</time>
        <extensions>
          <ns3:TrackPointExtension>
            <ns3:hr>200</ns3:hr>
            <ns3:cad>95</ns3:cad>
          </ns3:TrackPointExtension>
        </extensions>
      </trkpt>
      <trkpt lat="55.9749268926680088043212890625" lon="-2.9132285155355930328369140625">
        <ele>7</ele>
        <time>2018-05-27T10:49:03.000Z</time>
        <extensions>
          <ns3:TrackPointExtension>
            <ns3:hr>200</ns3:hr>
            <ns3:cad>96</ns3:cad>
          </ns3:TrackPointExtension>
        </extensions>
      </trkpt>
      <trkpt lat="55.9750883281230926513671875" lon="-2.91298015974462032318115234375">
        <ele>7</ele>
        <time>2018-05-27T10:49:09.000Z</time>
        <extensions>
          <ns3:TrackPointExtension>
            <ns3:hr>200</ns3:hr>
            <ns3:cad>96</ns3:cad>
          </ns3:TrackPointExtension>
        </extensions>
      </trkpt>
      <trkpt lat="55.9752470813691616058349609375" lon="-2.91274110786616802215576171875">
        <ele>7.599999904632568359375</ele>
        <time>2018-05-27T10:49:15.000Z</time>
        <extensions>
          <ns3:TrackPointExtension>
            <ns3:hr>202</ns3:hr>
            <ns3:cad>96</ns3:cad>
          </ns3:TrackPointExtension>
        </extensions>
      </trkpt>
      <trkpt lat="55.97542000003159046173095703125" lon="-2.91252938099205493927001953125">
        <ele>8</ele>
        <time>2018-05-27T10:49:22.000Z</time>
        <extensions>
          <ns3:TrackPointExtension>
            <ns3:hr>203</ns3:hr>
            <ns3:cad>95</ns3:cad>
          </ns3:TrackPointExtension>
        </extensions>
      </trkpt>
      <trkpt lat="55.975607670843601226806640625" lon="-2.91235989890992641448974609375">
        <ele>8</ele>
        <time>2018-05-27T10:49:28.000Z</time>
        <extensions>
          <ns3:TrackPointExtension>
            <ns3:hr>201</ns3:hr>
            <ns3:cad>94</ns3:cad>
          </ns3:TrackPointExtension>
        </extensions>
      </trkpt>
      <trkpt lat="55.9757986105978488922119140625" lon="-2.91219712235033512115478515625">
        <ele>8</ele>
        <time>2018-05-27T10:49:34.000Z</time>
        <extensions>
          <ns3:TrackPointExtension>
            <ns3:hr>200</ns3:hr>
            <ns3:cad>96</ns3:cad>
          </ns3:TrackPointExtension>
        </extensions>
      </trkpt>
      <trkpt lat="55.97596515901386737823486328125" lon="-2.9119777679443359375">
        <ele>7.80000019073486328125</ele>
        <time>2018-05-27T10:49:40.000Z</time>
        <extensions>
          <ns3:TrackPointExtension>
            <ns3:hr>201</ns3:hr>
            <ns3:cad>96</ns3:cad>
          </ns3:TrackPointExtension>
        </extensions>
      </trkpt>
      <trkpt lat="55.97612508572638034820556640625" lon="-2.911752127110958099365234375">
        <ele>7.400000095367431640625</ele>
        <time>2018-05-27T10:49:46.000Z</time>
        <extensions>
          <ns3:TrackPointExtension>
            <ns3:hr>201</ns3:hr>
            <ns3:cad>96</ns3:cad>
          </ns3:TrackPointExtension>
        </extensions>
      </trkpt>
      <trkpt lat="55.97627587616443634033203125" lon="-2.91151584126055240631103515625">
        <ele>7.19999980926513671875</ele>
        <time>2018-05-27T10:49:52.000Z</time>
        <extensions>
          <ns3:TrackPointExtension>
            <ns3:hr>200</ns3:hr>
            <ns3:cad>96</ns3:cad>
          </ns3:TrackPointExtension>
        </extensions>
      </trkpt>
      <trkpt lat="55.9764309413731098175048828125" lon="-2.91126136668026447296142578125">
        <ele>7.599999904632568359375</ele>
        <time>2018-05-27T10:49:58.000Z</time>
        <extensions>
          <ns3:TrackPointExtension>
            <ns3:hr>198</ns3:hr>
            <ns3:cad>96</ns3:cad>
          </ns3:TrackPointExtension>
        </extensions>
      </trkpt>
      <trkpt lat="55.9765895269811153411865234375" lon="-2.91102088987827301025390625">
        <ele>8</ele>
        <time>2018-05-27T10:50:04.000Z</time>
        <extensions>
          <ns3:TrackPointExtension>
            <ns3:hr>198</ns3:hr>
            <ns3:cad>97</ns3:cad>
          </ns3:TrackPointExtension>
        </extensions>
      </trkpt>
      <trkpt lat="55.97674082033336162567138671875" lon="-2.91074956767261028289794921875">
        <ele>8.80000019073486328125</ele>
        <time>2018-05-27T10:50:10.000Z</time>
        <extensions>
          <ns3:TrackPointExtension>
            <ns3:hr>200</ns3:hr>
            <ns3:cad>97</ns3:cad>
          </ns3:TrackPointExtension>
        </extensions>
      </trkpt>
      <trkpt lat="55.97687534987926483154296875" lon="-2.91046709753572940826416015625">
        <ele>9.3999996185302734375</ele>
        <time>2018-05-27T10:50:16.000Z</time>
        <extensions>
          <ns3:TrackPointExtension>
            <ns3:hr>200</ns3:hr>
            <ns3:cad>97</ns3:cad>
          </ns3:TrackPointExtension>
        </extensions>
      </trkpt>
      <trkpt lat="55.97699873149394989013671875" lon="-2.910233996808528900146484375">
        <ele>9.19999980926513671875</ele>
        <time>2018-05-27T10:50:21.000Z</time>
        <extensions>
          <ns3:TrackPointExtension>
            <ns3:hr>199</ns3:hr>
            <ns3:cad>97</ns3:cad>
          </ns3:TrackPointExtension>
        </extensions>
      </trkpt>
      <trkpt lat="55.97711616195738315582275390625" lon="-2.91000877507030963897705078125">
        <ele>9</ele>
        <time>2018-05-27T10:50:26.000Z</time>
        <extensions>
          <ns3:TrackPointExtension>
            <ns3:hr>202</ns3:hr>
            <ns3:cad>96</ns3:cad>
          </ns3:TrackPointExtension>
        </extensions>
      </trkpt>
      <trkpt lat="55.97723568789660930633544921875" lon="-2.90970937348902225494384765625">
        <ele>9</ele>
        <time>2018-05-27T10:50:32.000Z</time>
        <extensions>
          <ns3:TrackPointExtension>
            <ns3:hr>200</ns3:hr>
            <ns3:cad>96</ns3:cad>
          </ns3:TrackPointExtension>
        </extensions>
      </trkpt>
      <trkpt lat="55.977366529405117034912109375" lon="-2.90943260304629802703857421875">
        <ele>9.3999996185302734375</ele>
        <time>2018-05-27T10:50:38.000Z</time>
        <extensions>
          <ns3:TrackPointExtension>
            <ns3:hr>199</ns3:hr>
            <ns3:cad>96</ns3:cad>
          </ns3:TrackPointExtension>
        </extensions>
      </trkpt>
      <trkpt lat="55.97747306339442729949951171875" lon="-2.90911442600190639495849609375">
        <ele>9.3999996185302734375</ele>
        <time>2018-05-27T10:50:44.000Z</time>
        <extensions>
          <ns3:TrackPointExtension>
            <ns3:hr>197</ns3:hr>
            <ns3:cad>95</ns3:cad>
          </ns3:TrackPointExtension>
        </extensions>
      </trkpt>
      <trkpt lat="55.977572388947010040283203125" lon="-2.90878686122596263885498046875">
        <ele>8.19999980926513671875</ele>
        <time>2018-05-27T10:50:50.000Z</time>
        <extensions>
          <ns3:TrackPointExtension>
            <ns3:hr>195</ns3:hr>
            <ns3:cad>96</ns3:cad>
          </ns3:TrackPointExtension>
        </extensions>
      </trkpt>
      <trkpt lat="55.97767624072730541229248046875" lon="-2.9084863699972629547119140625">
        <ele>8</ele>
        <time>2018-05-27T10:50:56.000Z</time>
        <extensions>
          <ns3:TrackPointExtension>
            <ns3:hr>196</ns3:hr>
            <ns3:cad>95</ns3:cad>
          </ns3:TrackPointExtension>
        </extensions>
      </trkpt>
      <trkpt lat="55.9777529351413249969482421875" lon="-2.90831060148775577545166015625">
        <ele>7.599999904632568359375</ele>
        <time>2018-05-27T10:51:00.000Z</time>
        <extensions>
          <ns3:TrackPointExtension>
            <ns3:hr>199</ns3:hr>
            <ns3:cad>97</ns3:cad>
          </ns3:TrackPointExtension>
        </extensions>
      </trkpt>
      <trkpt lat="55.977847985923290252685546875" lon="-2.908155620098114013671875">
        <ele>7.19999980926513671875</ele>
        <time>2018-05-27T10:51:04.000Z</time>
        <extensions>
          <ns3:TrackPointExtension>
            <ns3:hr>196</ns3:hr>
            <ns3:cad>96</ns3:cad>
          </ns3:TrackPointExtension>
        </extensions>
      </trkpt>
      <trkpt lat="55.9780100919306278228759765625" lon="-2.90795001201331615447998046875">
        <ele>7.400000095367431640625</ele>
        <time>2018-05-27T10:51:10.000Z</time>
        <extensions>
          <ns3:TrackPointExtension>
            <ns3:hr>197</ns3:hr>
            <ns3:cad>95</ns3:cad>
          </ns3:TrackPointExtension>
        </extensions>
      </trkpt>
      <trkpt lat="55.97820262424647808074951171875" lon="-2.90779226459562778472900390625">
        <ele>7</ele>
        <time>2018-05-27T10:51:16.000Z</time>
        <extensions>
          <ns3:TrackPointExtension>
            <ns3:hr>198</ns3:hr>
            <ns3:cad>96</ns3:cad>
          </ns3:TrackPointExtension>
        </extensions>
      </trkpt>
      <trkpt lat="55.97837864421308040618896484375" lon="-2.9076884128153324127197265625">
        <ele>7</ele>
        <time>2018-05-27T10:51:21.000Z</time>
        <extensions>
          <ns3:TrackPointExtension>
            <ns3:hr>198</ns3:hr>
            <ns3:cad>96</ns3:cad>
          </ns3:TrackPointExtension>
        </extensions>
      </trkpt>
      <trkpt lat="55.97857260145246982574462890625" lon="-2.9075402207672595977783203125">
        <ele>7.400000095367431640625</ele>
        <time>2018-05-27T10:51:27.000Z</time>
        <extensions>
          <ns3:TrackPointExtension>
            <ns3:hr>198</ns3:hr>
            <ns3:cad>98</ns3:cad>
          </ns3:TrackPointExtension>
        </extensions>
      </trkpt>
      <trkpt lat="55.97871341742575168609619140625" lon="-2.90733545087277889251708984375">
        <ele>7.80000019073486328125</ele>
        <time>2018-05-27T10:51:32.000Z</time>
        <extensions>
          <ns3:TrackPointExtension>
            <ns3:hr>198</ns3:hr>
            <ns3:cad>97</ns3:cad>
          </ns3:TrackPointExtension>
        </extensions>
      </trkpt>
      <trkpt lat="55.9788194485008716583251953125" lon="-2.90716127492487430572509765625">
        <ele>8.19999980926513671875</ele>
        <time>2018-05-27T10:51:36.000Z</time>
        <extensions>
          <ns3:TrackPointExtension>
            <ns3:hr>201</ns3:hr>
            <ns3:cad>96</ns3:cad>
          </ns3:TrackPointExtension>
        </extensions>
      </trkpt>
      <trkpt lat="55.97896638326346874237060546875" lon="-2.90689389221370220184326171875">
        <ele>8.19999980926513671875</ele>
        <time>2018-05-27T10:51:42.000Z</time>
        <extensions>
          <ns3:TrackPointExtension>
            <ns3:hr>200</ns3:hr>
            <ns3:cad>97</ns3:cad>
          </ns3:TrackPointExtension>
        </extensions>
      </trkpt>
      <trkpt lat="55.97901449538767337799072265625" lon="-2.906806133687496185302734375">
        <ele>8</ele>
        <time>2018-05-27T10:51:44.000Z</time>
        <extensions>
          <ns3:TrackPointExtension>
            <ns3:hr>200</ns3:hr>
            <ns3:cad>97</ns3:cad>
          </ns3:TrackPointExtension>
        </extensions>
      </trkpt>
      <trkpt lat="55.9791346080601215362548828125" lon="-2.90659532882273197174072265625">
        <ele>7.19999980926513671875</ele>
        <time>2018-05-27T10:51:49.000Z</time>
        <extensions>
          <ns3:TrackPointExtension>
            <ns3:hr>197</ns3:hr>
            <ns3:cad>96</ns3:cad>
          </ns3:TrackPointExtension>
        </extensions>
      </trkpt>
      <trkpt lat="55.979272909462451934814453125" lon="-2.90633280761539936065673828125">
        <ele>6.19999980926513671875</ele>
        <time>2018-05-27T10:51:55.000Z</time>
        <extensions>
          <ns3:TrackPointExtension>
            <ns3:hr>197</ns3:hr>
            <ns3:cad>96</ns3:cad>
          </ns3:TrackPointExtension>
        </extensions>
      </trkpt>
      <trkpt lat="55.9793766774237155914306640625" lon="-2.906024940311908721923828125">
        <ele>6</ele>
        <time>2018-05-27T10:52:01.000Z</time>
        <extensions>
          <ns3:TrackPointExtension>
            <ns3:hr>196</ns3:hr>
            <ns3:cad>96</ns3:cad>
          </ns3:TrackPointExtension>
        </extensions>
      </trkpt>
      <trkpt lat="55.979464016854763031005859375" lon="-2.9056780971586704254150390625">
        <ele>6.400000095367431640625</ele>
        <time>2018-05-27T10:52:07.000Z</time>
        <extensions>
          <ns3:TrackPointExtension>
            <ns3:hr>195</ns3:hr>
            <ns3:cad>97</ns3:cad>
          </ns3:TrackPointExtension>
        </extensions>
      </trkpt>
      <trkpt lat="55.9795302338898181915283203125" lon="-2.90532211773097515106201171875">
        <ele>6.19999980926513671875</ele>
        <time>2018-05-27T10:52:13.000Z</time>
        <extensions>
          <ns3:TrackPointExtension>
            <ns3:hr>195</ns3:hr>
            <ns3:cad>97</ns3:cad>
          </ns3:TrackPointExtension>
        </extensions>
      </trkpt>
      <trkpt lat="55.97956116311252117156982421875" lon="-2.90499991737306118011474609375">
        <ele>6.19999980926513671875</ele>
        <time>2018-05-27T10:52:18.000Z</time>
        <extensions>
          <ns3:TrackPointExtension>
            <ns3:hr>195</ns3:hr>
            <ns3:cad>96</ns3:cad>
          </ns3:TrackPointExtension>
        </extensions>
      </trkpt>
      <trkpt lat="55.97958446480333805084228515625" lon="-2.9048117436468601226806640625">
        <ele>6</ele>
        <time>2018-05-27T10:52:21.000Z</time>
        <extensions>
          <ns3:TrackPointExtension>
            <ns3:hr>198</ns3:hr>
            <ns3:cad>97</ns3:cad>
          </ns3:TrackPointExtension>
        </extensions>
      </trkpt>
      <trkpt lat="55.9796086885035037994384765625" lon="-2.90443732403218746185302734375">
        <ele>6.400000095367431640625</ele>
        <time>2018-05-27T10:52:27.000Z</time>
        <extensions>
          <ns3:TrackPointExtension>
            <ns3:hr>198</ns3:hr>
            <ns3:cad>98</ns3:cad>
          </ns3:TrackPointExtension>
        </extensions>
      </trkpt>
      <trkpt lat="55.97960340790450572967529296875" lon="-2.9040784947574138641357421875">
        <ele>7</ele>
        <time>2018-05-27T10:52:33.000Z</time>
        <extensions>
          <ns3:TrackPointExtension>
            <ns3:hr>197</ns3:hr>
            <ns3:cad>96</ns3:cad>
          </ns3:TrackPointExtension>
        </extensions>
      </trkpt>
      <trkpt lat="55.97962168045341968536376953125" lon="-2.90371681563556194305419921875">
        <ele>6.80000019073486328125</ele>
        <time>2018-05-27T10:52:39.000Z</time>
        <extensions>
          <ns3:TrackPointExtension>
            <ns3:hr>196</ns3:hr>
            <ns3:cad>97</ns3:cad>
          </ns3:TrackPointExtension>
        </extensions>
      </trkpt>
      <trkpt lat="55.97966493107378482818603515625" lon="-2.9033727385103702545166015625">
        <ele>6</ele>
        <time>2018-05-27T10:52:45.000Z</time>
        <extensions>
          <ns3:TrackPointExtension>
            <ns3:hr>197</ns3:hr>
            <ns3:cad>96</ns3:cad>
          </ns3:TrackPointExtension>
        </extensions>
      </trkpt>
      <trkpt lat="55.9797508455812931060791015625" lon="-2.90303553454577922821044921875">
        <ele>6</ele>
        <time>2018-05-27T10:52:51.000Z</time>
        <extensions>
          <ns3:TrackPointExtension>
            <ns3:hr>199</ns3:hr>
            <ns3:cad>96</ns3:cad>
          </ns3:TrackPointExtension>
        </extensions>
      </trkpt>
      <trkpt lat="55.97987498156726360321044921875" lon="-2.90275323204696178436279296875">
        <ele>6</ele>
        <time>2018-05-27T10:52:57.000Z</time>
        <extensions>
          <ns3:TrackPointExtension>
            <ns3:hr>201</ns3:hr>
            <ns3:cad>97</ns3:cad>
          </ns3:TrackPointExtension>
        </extensions>
      </trkpt>
      <trkpt lat="55.98001663573086261749267578125" lon="-2.90253815241158008575439453125">
        <ele>6</ele>
        <time>2018-05-27T10:53:03.000Z</time>
        <extensions>
          <ns3:TrackPointExtension>
            <ns3:hr>201</ns3:hr>
            <ns3:cad>97</ns3:cad>
          </ns3:TrackPointExtension>
        </extensions>
      </trkpt>
      <trkpt lat="55.98016952164471149444580078125" lon="-2.90234235115349292755126953125">
        <ele>6</ele>
        <time>2018-05-27T10:53:09.000Z</time>
        <extensions>
          <ns3:TrackPointExtension>
            <ns3:hr>200</ns3:hr>
            <ns3:cad>96</ns3:cad>
          </ns3:TrackPointExtension>
        </extensions>
      </trkpt>
      <trkpt lat="55.9803439490497112274169921875" lon="-2.902141101658344268798828125">
        <ele>6.599999904632568359375</ele>
        <time>2018-05-27T10:53:16.000Z</time>
        <extensions>
          <ns3:TrackPointExtension>
            <ns3:hr>199</ns3:hr>
            <ns3:cad>95</ns3:cad>
          </ns3:TrackPointExtension>
        </extensions>
      </trkpt>
      <trkpt lat="55.98049893043935298919677734375" lon="-2.90194655768573284149169921875">
        <ele>7</ele>
        <time>2018-05-27T10:53:22.000Z</time>
        <extensions>
          <ns3:TrackPointExtension>
            <ns3:hr>198</ns3:hr>
            <ns3:cad>94</ns3:cad>
          </ns3:TrackPointExtension>
        </extensions>
      </trkpt>
      <trkpt lat="55.98063488490879535675048828125" lon="-2.9017111100256443023681640625">
        <ele>7.19999980926513671875</ele>
        <time>2018-05-27T10:53:28.000Z</time>
        <extensions>
          <ns3:TrackPointExtension>
            <ns3:hr>197</ns3:hr>
            <ns3:cad>95</ns3:cad>
          </ns3:TrackPointExtension>
        </extensions>
      </trkpt>
      <trkpt lat="55.980751812458038330078125" lon="-2.90142721496522426605224609375">
        <ele>7.400000095367431640625</ele>
        <time>2018-05-27T10:53:34.000Z</time>
        <extensions>
          <ns3:TrackPointExtension>
            <ns3:hr>199</ns3:hr>
            <ns3:cad>96</ns3:cad>
          </ns3:TrackPointExtension>
        </extensions>
      </trkpt>
      <trkpt lat="55.9808067977428436279296875" lon="-2.9012822918593883514404296875">
        <ele>6.80000019073486328125</ele>
        <time>2018-05-27T10:53:37.000Z</time>
        <extensions>
          <ns3:TrackPointExtension>
            <ns3:hr>196</ns3:hr>
            <ns3:cad>95</ns3:cad>
          </ns3:TrackPointExtension>
        </extensions>
      </trkpt>
      <trkpt lat="55.98092791624367237091064453125" lon="-2.9009751789271831512451171875">
        <ele>6.19999980926513671875</ele>
        <time>2018-05-27T10:53:43.000Z</time>
        <extensions>
          <ns3:TrackPointExtension>
            <ns3:hr>194</ns3:hr>
            <ns3:cad>94</ns3:cad>
          </ns3:TrackPointExtension>
        </extensions>
      </trkpt>
      <trkpt lat="55.98103688098490238189697265625" lon="-2.90070888586342334747314453125">
        <ele>5.80000019073486328125</ele>
        <time>2018-05-27T10:53:48.000Z</time>
        <extensions>
          <ns3:TrackPointExtension>
            <ns3:hr>193</ns3:hr>
            <ns3:cad>96</ns3:cad>
          </ns3:TrackPointExtension>
        </extensions>
      </trkpt>
      <trkpt lat="55.981168560683727264404296875" lon="-2.9004134237766265869140625">
        <ele>5.400000095367431640625</ele>
        <time>2018-05-27T10:53:54.000Z</time>
        <extensions>
          <ns3:TrackPointExtension>
            <ns3:hr>195</ns3:hr>
            <ns3:cad>98</ns3:cad>
          </ns3:TrackPointExtension>
        </extensions>
      </trkpt>
      <trkpt lat="55.98129789344966411590576171875" lon="-2.900137491524219512939453125">
        <ele>5.599999904632568359375</ele>
        <time>2018-05-27T10:54:00.000Z</time>
        <extensions>
          <ns3:TrackPointExtension>
            <ns3:hr>197</ns3:hr>
            <ns3:cad>96</ns3:cad>
          </ns3:TrackPointExtension>
        </extensions>
      </trkpt>
      <trkpt lat="55.981436111032962799072265625" lon="-2.899887375533580780029296875">
        <ele>5.400000095367431640625</ele>
        <time>2018-05-27T10:54:06.000Z</time>
        <extensions>
          <ns3:TrackPointExtension>
            <ns3:hr>199</ns3:hr>
            <ns3:cad>96</ns3:cad>
          </ns3:TrackPointExtension>
        </extensions>
      </trkpt>
      <trkpt lat="55.98151247017085552215576171875" lon="-2.8997665084898471832275390625">
        <ele>5</ele>
        <time>2018-05-27T10:54:09.000Z</time>
        <extensions>
          <ns3:TrackPointExtension>
            <ns3:hr>196</ns3:hr>
            <ns3:cad>96</ns3:cad>
          </ns3:TrackPointExtension>
        </extensions>
      </trkpt>
      <trkpt lat="55.98166870884597301483154296875" lon="-2.899554111063480377197265625">
        <ele>5</ele>
        <time>2018-05-27T10:54:15.000Z</time>
        <extensions>
          <ns3:TrackPointExtension>
            <ns3:hr>196</ns3:hr>
            <ns3:cad>96</ns3:cad>
          </ns3:TrackPointExtension>
        </extensions>
      </trkpt>
      <trkpt lat="55.98183165304362773895263671875" lon="-2.89935688488185405731201171875">
        <ele>5.80000019073486328125</ele>
        <time>2018-05-27T10:54:21.000Z</time>
        <extensions>
          <ns3:TrackPointExtension>
            <ns3:hr>195</ns3:hr>
            <ns3:cad>96</ns3:cad>
          </ns3:TrackPointExtension>
        </extensions>
      </trkpt>
      <trkpt lat="55.98193843849003314971923828125" lon="-2.89921891875565052032470703125">
        <ele>6</ele>
        <time>2018-05-27T10:54:25.000Z</time>
        <extensions>
          <ns3:TrackPointExtension>
            <ns3:hr>198</ns3:hr>
            <ns3:cad>95</ns3:cad>
          </ns3:TrackPointExtension>
        </extensions>
      </trkpt>
      <trkpt lat="55.98209786228835582733154296875" lon="-2.89899277500808238983154296875">
        <ele>6</ele>
        <time>2018-05-27T10:54:31.000Z</time>
        <extensions>
          <ns3:TrackPointExtension>
            <ns3:hr>198</ns3:hr>
            <ns3:cad>96</ns3:cad>
          </ns3:TrackPointExtension>
        </extensions>
      </trkpt>
      <trkpt lat="55.98224647343158721923828125" lon="-2.89874701760709285736083984375">
        <ele>6.400000095367431640625</ele>
        <time>2018-05-27T10:54:37.000Z</time>
        <extensions>
          <ns3:TrackPointExtension>
            <ns3:hr>200</ns3:hr>
            <ns3:cad>96</ns3:cad>
          </ns3:TrackPointExtension>
        </extensions>
      </trkpt>
      <trkpt lat="55.9823790751397609710693359375" lon="-2.898472510278224945068359375">
        <ele>6.80000019073486328125</ele>
        <time>2018-05-27T10:54:43.000Z</time>
        <extensions>
          <ns3:TrackPointExtension>
            <ns3:hr>200</ns3:hr>
            <ns3:cad>97</ns3:cad>
          </ns3:TrackPointExtension>
        </extensions>
      </trkpt>
      <trkpt lat="55.98250572569668292999267578125" lon="-2.89819599129259586334228515625">
        <ele>6.400000095367431640625</ele>
        <time>2018-05-27T10:54:49.000Z</time>
        <extensions>
          <ns3:TrackPointExtension>
            <ns3:hr>200</ns3:hr>
            <ns3:cad>96</ns3:cad>
          </ns3:TrackPointExtension>
        </extensions>
      </trkpt>
      <trkpt lat="55.98264251835644245147705078125" lon="-2.8979328833520412445068359375">
        <ele>6.80000019073486328125</ele>
        <time>2018-05-27T10:54:55.000Z</time>
        <extensions>
          <ns3:TrackPointExtension>
            <ns3:hr>198</ns3:hr>
            <ns3:cad>97</ns3:cad>
          </ns3:TrackPointExtension>
        </extensions>
      </trkpt>
      <trkpt lat="55.982790291309356689453125" lon="-2.89768972434103488922119140625">
        <ele>6.400000095367431640625</ele>
        <time>2018-05-27T10:55:01.000Z</time>
        <extensions>
          <ns3:TrackPointExtension>
            <ns3:hr>199</ns3:hr>
            <ns3:cad>97</ns3:cad>
          </ns3:TrackPointExtension>
        </extensions>
      </trkpt>
      <trkpt lat="55.98293957300484180450439453125" lon="-2.89744631387293338775634765625">
        <ele>6</ele>
        <time>2018-05-27T10:55:07.000Z</time>
        <extensions>
          <ns3:TrackPointExtension>
            <ns3:hr>198</ns3:hr>
            <ns3:cad>96</ns3:cad>
          </ns3:TrackPointExtension>
        </extensions>
      </trkpt>
      <trkpt lat="55.983099751174449920654296875" lon="-2.89724028669297695159912109375">
        <ele>6</ele>
        <time>2018-05-27T10:55:13.000Z</time>
        <extensions>
          <ns3:TrackPointExtension>
            <ns3:hr>198</ns3:hr>
            <ns3:cad>96</ns3:cad>
          </ns3:TrackPointExtension>
        </extensions>
      </trkpt>
      <trkpt lat="55.9832766093313694000244140625" lon="-2.89706409908831119537353515625">
        <ele>5.599999904632568359375</ele>
        <time>2018-05-27T10:55:19.000Z</time>
        <extensions>
          <ns3:TrackPointExtension>
            <ns3:hr>196</ns3:hr>
            <ns3:cad>97</ns3:cad>
          </ns3:TrackPointExtension>
        </extensions>
      </trkpt>
      <trkpt lat="55.98345883190631866455078125" lon="-2.896920852363109588623046875">
        <ele>5</ele>
        <time>2018-05-27T10:55:25.000Z</time>
        <extensions>
          <ns3:TrackPointExtension>
            <ns3:hr>196</ns3:hr>
            <ns3:cad>96</ns3:cad>
          </ns3:TrackPointExtension>
        </extensions>
      </trkpt>
      <trkpt lat="55.9836551360785961151123046875" lon="-2.896812222898006439208984375">
        <ele>5</ele>
        <time>2018-05-27T10:55:31.000Z</time>
        <extensions>
          <ns3:TrackPointExtension>
            <ns3:hr>198</ns3:hr>
            <ns3:cad>96</ns3:cad>
          </ns3:TrackPointExtension>
        </extensions>
      </trkpt>
      <trkpt lat="55.9838261269032955169677734375" lon="-2.89673871360719203948974609375">
        <ele>4.80000019073486328125</ele>
        <time>2018-05-27T10:55:36.000Z</time>
        <extensions>
          <ns3:TrackPointExtension>
            <ns3:hr>195</ns3:hr>
            <ns3:cad>97</ns3:cad>
          </ns3:TrackPointExtension>
        </extensions>
      </trkpt>
      <trkpt lat="55.98402150906622409820556640625" lon="-2.8966799564659595489501953125">
        <ele>4.400000095367431640625</ele>
        <time>2018-05-27T10:55:42.000Z</time>
        <extensions>
          <ns3:TrackPointExtension>
            <ns3:hr>197</ns3:hr>
            <ns3:cad>96</ns3:cad>
          </ns3:TrackPointExtension>
        </extensions>
      </trkpt>
      <trkpt lat="55.98421747796237468719482421875" lon="-2.89662145078182220458984375">
        <ele>5.19999980926513671875</ele>
        <time>2018-05-27T10:55:48.000Z</time>
        <extensions>
          <ns3:TrackPointExtension>
            <ns3:hr>197</ns3:hr>
            <ns3:cad>97</ns3:cad>
          </ns3:TrackPointExtension>
        </extensions>
      </trkpt>
      <trkpt lat="55.98442199639976024627685546875" lon="-2.8965810500085353851318359375">
        <ele>6.19999980926513671875</ele>
        <time>2018-05-27T10:55:54.000Z</time>
        <extensions>
          <ns3:TrackPointExtension>
            <ns3:hr>196</ns3:hr>
            <ns3:cad>95</ns3:cad>
          </ns3:TrackPointExtension>
        </extensions>
      </trkpt>
      <trkpt lat="55.98462299443781375885009765625" lon="-2.8965207003057003021240234375">
        <ele>6.599999904632568359375</ele>
        <time>2018-05-27T10:56:00.000Z</time>
        <extensions>
          <ns3:TrackPointExtension>
            <ns3:hr>194</ns3:hr>
            <ns3:cad>97</ns3:cad>
          </ns3:TrackPointExtension>
        </extensions>
      </trkpt>
      <trkpt lat="55.98482131026685237884521484375" lon="-2.896448783576488494873046875">
        <ele>6.400000095367431640625</ele>
        <time>2018-05-27T10:56:06.000Z</time>
        <extensions>
          <ns3:TrackPointExtension>
            <ns3:hr>193</ns3:hr>
            <ns3:cad>96</ns3:cad>
          </ns3:TrackPointExtension>
        </extensions>
      </trkpt>
      <trkpt lat="55.984953157603740692138671875" lon="-2.89641760289669036865234375">
        <ele>6</ele>
        <time>2018-05-27T10:56:10.000Z</time>
        <extensions>
          <ns3:TrackPointExtension>
            <ns3:hr>196</ns3:hr>
            <ns3:cad>97</ns3:cad>
          </ns3:TrackPointExtension>
        </extensions>
      </trkpt>
      <trkpt lat="55.98515306599438190460205078125" lon="-2.89640528149902820587158203125">
        <ele>6</ele>
        <time>2018-05-27T10:56:16.000Z</time>
        <extensions>
          <ns3:TrackPointExtension>
            <ns3:hr>197</ns3:hr>
            <ns3:cad>97</ns3:cad>
          </ns3:TrackPointExtension>
        </extensions>
      </trkpt>
      <trkpt lat="55.98535917699337005615234375" lon="-2.8963886015117168426513671875">
        <ele>6</ele>
        <time>2018-05-27T10:56:22.000Z</time>
        <extensions>
          <ns3:TrackPointExtension>
            <ns3:hr>198</ns3:hr>
            <ns3:cad>98</ns3:cad>
          </ns3:TrackPointExtension>
        </extensions>
      </trkpt>
      <trkpt lat="55.985574088990688323974609375" lon="-2.8963802196085453033447265625">
        <ele>6</ele>
        <time>2018-05-27T10:56:28.000Z</time>
        <extensions>
          <ns3:TrackPointExtension>
            <ns3:hr>196</ns3:hr>
            <ns3:cad>98</ns3:cad>
          </ns3:TrackPointExtension>
        </extensions>
      </trkpt>
      <trkpt lat="55.98577952943742275238037109375" lon="-2.89640796370804309844970703125">
        <ele>6.400000095367431640625</ele>
        <time>2018-05-27T10:56:34.000Z</time>
        <extensions>
          <ns3:TrackPointExtension>
            <ns3:hr>198</ns3:hr>
            <ns3:cad>97</ns3:cad>
          </ns3:TrackPointExtension>
        </extensions>
      </trkpt>
      <trkpt lat="55.98599217832088470458984375" lon="-2.8964556567370891571044921875">
        <ele>5.400000095367431640625</ele>
        <time>2018-05-27T10:56:40.000Z</time>
        <extensions>
          <ns3:TrackPointExtension>
            <ns3:hr>198</ns3:hr>
            <ns3:cad>97</ns3:cad>
          </ns3:TrackPointExtension>
        </extensions>
      </trkpt>
      <trkpt lat="55.98619560711085796356201171875" lon="-2.89646898396313190460205078125">
        <ele>5.19999980926513671875</ele>
        <time>2018-05-27T10:56:46.000Z</time>
        <extensions>
          <ns3:TrackPointExtension>
            <ns3:hr>196</ns3:hr>
            <ns3:cad>97</ns3:cad>
          </ns3:TrackPointExtension>
        </extensions>
      </trkpt>
      <trkpt lat="55.98640565760433673858642578125" lon="-2.89647929370403289794921875">
        <ele>5.599999904632568359375</ele>
        <time>2018-05-27T10:56:52.000Z</time>
        <extensions>
          <ns3:TrackPointExtension>
            <ns3:hr>197</ns3:hr>
            <ns3:cad>97</ns3:cad>
          </ns3:TrackPointExtension>
        </extensions>
      </trkpt>
      <trkpt lat="55.9866156242787837982177734375" lon="-2.896495722234249114990234375">
        <ele>6</ele>
        <time>2018-05-27T10:56:58.000Z</time>
        <extensions>
          <ns3:TrackPointExtension>
            <ns3:hr>198</ns3:hr>
            <ns3:cad>97</ns3:cad>
          </ns3:TrackPointExtension>
        </extensions>
      </trkpt>
      <trkpt lat="55.9868283569812774658203125" lon="-2.89651541970670223236083984375">
        <ele>6</ele>
        <time>2018-05-27T10:57:04.000Z</time>
        <extensions>
          <ns3:TrackPointExtension>
            <ns3:hr>198</ns3:hr>
            <ns3:cad>97</ns3:cad>
          </ns3:TrackPointExtension>
        </extensions>
      </trkpt>
      <trkpt lat="55.9870377369225025177001953125" lon="-2.896528579294681549072265625">
        <ele>6.80000019073486328125</ele>
        <time>2018-05-27T10:57:10.000Z</time>
        <extensions>
          <ns3:TrackPointExtension>
            <ns3:hr>198</ns3:hr>
            <ns3:cad>97</ns3:cad>
          </ns3:TrackPointExtension>
        </extensions>
      </trkpt>
      <trkpt lat="55.98722440190613269805908203125" lon="-2.8965357877314090728759765625">
        <ele>6.80000019073486328125</ele>
        <time>2018-05-27T10:57:15.000Z</time>
        <extensions>
          <ns3:TrackPointExtension>
            <ns3:hr>198</ns3:hr>
            <ns3:cad>97</ns3:cad>
          </ns3:TrackPointExtension>
        </extensions>
      </trkpt>
      <trkpt lat="55.9874353744089603424072265625" lon="-2.8965602628886699676513671875">
        <ele>7</ele>
        <time>2018-05-27T10:57:21.000Z</time>
        <extensions>
          <ns3:TrackPointExtension>
            <ns3:hr>200</ns3:hr>
            <ns3:cad>96</ns3:cad>
          </ns3:TrackPointExtension>
        </extensions>
      </trkpt>
      <trkpt lat="55.9876321814954280853271484375" lon="-2.89657962508499622344970703125">
        <ele>7.400000095367431640625</ele>
        <time>2018-05-27T10:57:27.000Z</time>
        <extensions>
          <ns3:TrackPointExtension>
            <ns3:hr>197</ns3:hr>
            <ns3:cad>98</ns3:cad>
          </ns3:TrackPointExtension>
        </extensions>
      </trkpt>
      <trkpt lat="55.9878253005445003509521484375" lon="-2.8966162540018558502197265625">
        <ele>7.19999980926513671875</ele>
        <time>2018-05-27T10:57:33.000Z</time>
        <extensions>
          <ns3:TrackPointExtension>
            <ns3:hr>197</ns3:hr>
            <ns3:cad>96</ns3:cad>
          </ns3:TrackPointExtension>
        </extensions>
      </trkpt>
      <trkpt lat="55.98803577013313770294189453125" lon="-2.8966502845287322998046875">
        <ele>7.80000019073486328125</ele>
        <time>2018-05-27T10:57:39.000Z</time>
        <extensions>
          <ns3:TrackPointExtension>
            <ns3:hr>198</ns3:hr>
            <ns3:cad>97</ns3:cad>
          </ns3:TrackPointExtension>
        </extensions>
      </trkpt>
      <trkpt lat="55.9882286377251148223876953125" lon="-2.89664416573941707611083984375">
        <ele>8.6000003814697265625</ele>
        <time>2018-05-27T10:57:45.000Z</time>
        <extensions>
          <ns3:TrackPointExtension>
            <ns3:hr>197</ns3:hr>
            <ns3:cad>94</ns3:cad>
          </ns3:TrackPointExtension>
        </extensions>
      </trkpt>
      <trkpt lat="55.98841614089906215667724609375" lon="-2.89657962508499622344970703125">
        <ele>9.6000003814697265625</ele>
        <time>2018-05-27T10:57:51.000Z</time>
        <extensions>
          <ns3:TrackPointExtension>
            <ns3:hr>200</ns3:hr>
            <ns3:cad>95</ns3:cad>
          </ns3:TrackPointExtension>
        </extensions>
      </trkpt>
      <trkpt lat="55.988595597445964813232421875" lon="-2.8964784555137157440185546875">
        <ele>10</ele>
        <time>2018-05-27T10:57:57.000Z</time>
        <extensions>
          <ns3:TrackPointExtension>
            <ns3:hr>203</ns3:hr>
            <ns3:cad>96</ns3:cad>
          </ns3:TrackPointExtension>
        </extensions>
      </trkpt>
      <trkpt lat="55.98877136595547199249267578125" lon="-2.89631006307899951934814453125">
        <ele>10.6000003814697265625</ele>
        <time>2018-05-27T10:58:03.000Z</time>
        <extensions>
          <ns3:TrackPointExtension>
            <ns3:hr>203</ns3:hr>
            <ns3:cad>96</ns3:cad>
          </ns3:TrackPointExtension>
        </extensions>
      </trkpt>
      <trkpt lat="55.9889159537851810455322265625" lon="-2.89606732316315174102783203125">
        <ele>10.3999996185302734375</ele>
        <time>2018-05-27T10:58:09.000Z</time>
        <extensions>
          <ns3:TrackPointExtension>
            <ns3:hr>204</ns3:hr>
            <ns3:cad>96</ns3:cad>
          </ns3:TrackPointExtension>
        </extensions>
      </trkpt>
      <trkpt lat="55.98901997320353984832763671875" lon="-2.8958394192159175872802734375">
        <ele>10.3999996185302734375</ele>
        <time>2018-05-27T10:58:14.000Z</time>
        <extensions>
          <ns3:TrackPointExtension>
            <ns3:hr>201</ns3:hr>
            <ns3:cad>96</ns3:cad>
          </ns3:TrackPointExtension>
        </extensions>
      </trkpt>
      <trkpt lat="55.9891258366405963897705078125" lon="-2.8955074958503246307373046875">
        <ele>10.3999996185302734375</ele>
        <time>2018-05-27T10:58:20.000Z</time>
        <extensions>
          <ns3:TrackPointExtension>
            <ns3:hr>203</ns3:hr>
            <ns3:cad>95</ns3:cad>
          </ns3:TrackPointExtension>
        </extensions>
      </trkpt>
      <trkpt lat="55.98919934593141078948974609375" lon="-2.89521060883998870849609375">
        <ele>10.80000019073486328125</ele>
        <time>2018-05-27T10:58:25.000Z</time>
        <extensions>
          <ns3:TrackPointExtension>
            <ns3:hr>204</ns3:hr>
            <ns3:cad>96</ns3:cad>
          </ns3:TrackPointExtension>
        </extensions>
      </trkpt>
      <trkpt lat="55.98927796818315982818603515625" lon="-2.89485848508775234222412109375">
        <ele>12.19999980926513671875</ele>
        <time>2018-05-27T10:58:31.000Z</time>
        <extensions>
          <ns3:TrackPointExtension>
            <ns3:hr>201</ns3:hr>
            <ns3:cad>97</ns3:cad>
          </ns3:TrackPointExtension>
        </extensions>
      </trkpt>
      <trkpt lat="55.9893514774739742279052734375" lon="-2.89457567967474460601806640625">
        <ele>12.19999980926513671875</ele>
        <time>2018-05-27T10:58:36.000Z</time>
        <extensions>
          <ns3:TrackPointExtension>
            <ns3:hr>198</ns3:hr>
            <ns3:cad>96</ns3:cad>
          </ns3:TrackPointExtension>
        </extensions>
      </trkpt>
      <trkpt lat="55.98943479359149932861328125" lon="-2.89423688314855098724365234375">
        <ele>12</ele>
        <time>2018-05-27T10:58:42.000Z</time>
        <extensions>
          <ns3:TrackPointExtension>
            <ns3:hr>198</ns3:hr>
            <ns3:cad>97</ns3:cad>
          </ns3:TrackPointExtension>
        </extensions>
      </trkpt>
      <trkpt lat="55.9895063750445842742919921875" lon="-2.89394033141434192657470703125">
        <ele>11.6000003814697265625</ele>
        <time>2018-05-27T10:58:47.000Z</time>
        <extensions>
          <ns3:TrackPointExtension>
            <ns3:hr>198</ns3:hr>
            <ns3:cad>97</ns3:cad>
          </ns3:TrackPointExtension>
        </extensions>
      </trkpt>
      <trkpt lat="55.9895539842545986175537109375" lon="-2.893762886524200439453125">
        <ele>11.3999996185302734375</ele>
        <time>2018-05-27T10:58:50.000Z</time>
        <extensions>
          <ns3:TrackPointExtension>
            <ns3:hr>196</ns3:hr>
            <ns3:cad>97</ns3:cad>
          </ns3:TrackPointExtension>
        </extensions>
      </trkpt>
      <trkpt lat="55.989610143005847930908203125" lon="-2.89353833533823490142822265625">
        <ele>11.19999980926513671875</ele>
        <time>2018-05-27T10:58:54.000Z</time>
        <extensions>
          <ns3:TrackPointExtension>
            <ns3:hr>199</ns3:hr>
            <ns3:cad>97</ns3:cad>
          </ns3:TrackPointExtension>
        </extensions>
      </trkpt>
      <trkpt lat="55.989682562649250030517578125" lon="-2.89320875890552997589111328125">
        <ele>10.19999980926513671875</ele>
        <time>2018-05-27T10:59:00.000Z</time>
        <extensions>
          <ns3:TrackPointExtension>
            <ns3:hr>199</ns3:hr>
            <ns3:cad>96</ns3:cad>
          </ns3:TrackPointExtension>
        </extensions>
      </trkpt>
      <trkpt lat="55.98975171335041522979736328125" lon="-2.8928978741168975830078125">
        <ele>9.19999980926513671875</ele>
        <time>2018-05-27T10:59:06.000Z</time>
        <extensions>
          <ns3:TrackPointExtension>
            <ns3:hr>201</ns3:hr>
            <ns3:cad>97</ns3:cad>
          </ns3:TrackPointExtension>
        </extensions>
      </trkpt>
      <trkpt lat="55.98984525538980960845947265625" lon="-2.8925607539713382720947265625">
        <ele>7.400000095367431640625</ele>
        <time>2018-05-27T10:59:12.000Z</time>
        <extensions>
          <ns3:TrackPointExtension>
            <ns3:hr>203</ns3:hr>
            <ns3:cad>97</ns3:cad>
          </ns3:TrackPointExtension>
        </extensions>
      </trkpt>
      <trkpt lat="55.98993100225925445556640625" lon="-2.89227115921676158905029296875">
        <ele>7.400000095367431640625</ele>
        <time>2018-05-27T10:59:17.000Z</time>
        <extensions>
          <ns3:TrackPointExtension>
            <ns3:hr>203</ns3:hr>
            <ns3:cad>96</ns3:cad>
          </ns3:TrackPointExtension>
        </extensions>
      </trkpt>
      <trkpt lat="55.9900351054966449737548828125" lon="-2.89200293831527233123779296875">
        <ele>7.400000095367431640625</ele>
        <time>2018-05-27T10:59:22.000Z</time>
        <extensions>
          <ns3:TrackPointExtension>
            <ns3:hr>203</ns3:hr>
            <ns3:cad>97</ns3:cad>
          </ns3:TrackPointExtension>
        </extensions>
      </trkpt>
      <trkpt lat="55.990173406898975372314453125" lon="-2.8917158581316471099853515625">
        <ele>7.80000019073486328125</ele>
        <time>2018-05-27T10:59:28.000Z</time>
        <extensions>
          <ns3:TrackPointExtension>
            <ns3:hr>201</ns3:hr>
            <ns3:cad>96</ns3:cad>
          </ns3:TrackPointExtension>
        </extensions>
      </trkpt>
      <trkpt lat="55.9903130494058132171630859375" lon="-2.8914503194391727447509765625">
        <ele>7.599999904632568359375</ele>
        <time>2018-05-27T10:59:34.000Z</time>
        <extensions>
          <ns3:TrackPointExtension>
            <ns3:hr>199</ns3:hr>
            <ns3:cad>96</ns3:cad>
          </ns3:TrackPointExtension>
        </extensions>
      </trkpt>
      <trkpt lat="55.99039946682751178741455078125" lon="-2.89127673022449016571044921875">
        <ele>7</ele>
        <time>2018-05-27T10:59:38.000Z</time>
        <extensions>
          <ns3:TrackPointExtension>
            <ns3:hr>196</ns3:hr>
            <ns3:cad>95</ns3:cad>
          </ns3:TrackPointExtension>
        </extensions>
      </trkpt>
      <trkpt lat="55.99052770994603633880615234375" lon="-2.890992499887943267822265625">
        <ele>6.599999904632568359375</ele>
        <time>2018-05-27T10:59:44.000Z</time>
        <extensions>
          <ns3:TrackPointExtension>
            <ns3:hr>196</ns3:hr>
            <ns3:cad>96</ns3:cad>
          </ns3:TrackPointExtension>
        </extensions>
      </trkpt>
      <trkpt lat="55.99063868634402751922607421875" lon="-2.8906627558171749114990234375">
        <ele>6.599999904632568359375</ele>
        <time>2018-05-27T10:59:50.000Z</time>
        <extensions>
          <ns3:TrackPointExtension>
            <ns3:hr>197</ns3:hr>
            <ns3:cad>96</ns3:cad>
          </ns3:TrackPointExtension>
        </extensions>
      </trkpt>
      <trkpt lat="55.9907237626612186431884765625" lon="-2.89035757072269916534423828125">
        <ele>6.80000019073486328125</ele>
        <time>2018-05-27T10:59:55.000Z</time>
        <extensions>
          <ns3:TrackPointExtension>
            <ns3:hr>199</ns3:hr>
            <ns3:cad>97</ns3:cad>
          </ns3:TrackPointExtension>
        </extensions>
      </trkpt>
      <trkpt lat="55.990807749330997467041015625" lon="-2.890062443912029266357421875">
        <ele>7</ele>
        <time>2018-05-27T11:00:00.000Z</time>
        <extensions>
          <ns3:TrackPointExtension>
            <ns3:hr>197</ns3:hr>
            <ns3:cad>98</ns3:cad>
          </ns3:TrackPointExtension>
        </extensions>
      </trkpt>
      <trkpt lat="55.990906991064548492431640625" lon="-2.88972741924226284027099609375">
        <ele>7</ele>
        <time>2018-05-27T11:00:06.000Z</time>
        <extensions>
          <ns3:TrackPointExtension>
            <ns3:hr>199</ns3:hr>
            <ns3:cad>97</ns3:cad>
          </ns3:TrackPointExtension>
        </extensions>
      </trkpt>
      <trkpt lat="55.99100396968424320220947265625" lon="-2.889473699033260345458984375">
        <ele>7</ele>
        <time>2018-05-27T11:00:11.000Z</time>
        <extensions>
          <ns3:TrackPointExtension>
            <ns3:hr>196</ns3:hr>
            <ns3:cad>97</ns3:cad>
          </ns3:TrackPointExtension>
        </extensions>
      </trkpt>
      <trkpt lat="55.99111947230994701385498046875" lon="-2.88917572237551212310791015625">
        <ele>7.599999904632568359375</ele>
        <time>2018-05-27T11:00:17.000Z</time>
        <extensions>
          <ns3:TrackPointExtension>
            <ns3:hr>196</ns3:hr>
            <ns3:cad>97</ns3:cad>
          </ns3:TrackPointExtension>
        </extensions>
      </trkpt>
      <trkpt lat="55.99125458858907222747802734375" lon="-2.88892216980457305908203125">
        <ele>8.19999980926513671875</ele>
        <time>2018-05-27T11:00:23.000Z</time>
        <extensions>
          <ns3:TrackPointExtension>
            <ns3:hr>197</ns3:hr>
            <ns3:cad>97</ns3:cad>
          </ns3:TrackPointExtension>
        </extensions>
      </trkpt>
      <trkpt lat="55.99140864796936511993408203125" lon="-2.88872544653713703155517578125">
        <ele>7.80000019073486328125</ele>
        <time>2018-05-27T11:00:29.000Z</time>
        <extensions>
          <ns3:TrackPointExtension>
            <ns3:hr>197</ns3:hr>
            <ns3:cad>96</ns3:cad>
          </ns3:TrackPointExtension>
        </extensions>
      </trkpt>
      <trkpt lat="55.99157393909990787506103515625" lon="-2.88854473270475864410400390625">
        <ele>7.19999980926513671875</ele>
        <time>2018-05-27T11:00:35.000Z</time>
        <extensions>
          <ns3:TrackPointExtension>
            <ns3:hr>197</ns3:hr>
            <ns3:cad>96</ns3:cad>
          </ns3:TrackPointExtension>
        </extensions>
      </trkpt>
      <trkpt lat="55.991750545799732208251953125" lon="-2.88837634027004241943359375">
        <ele>6.599999904632568359375</ele>
        <time>2018-05-27T11:00:41.000Z</time>
        <extensions>
          <ns3:TrackPointExtension>
            <ns3:hr>197</ns3:hr>
            <ns3:cad>96</ns3:cad>
          </ns3:TrackPointExtension>
        </extensions>
      </trkpt>
      <trkpt lat="55.99191240034997463226318359375" lon="-2.888217084109783172607421875">
        <ele>6.400000095367431640625</ele>
        <time>2018-05-27T11:00:47.000Z</time>
        <extensions>
          <ns3:TrackPointExtension>
            <ns3:hr>199</ns3:hr>
            <ns3:cad>97</ns3:cad>
          </ns3:TrackPointExtension>
        </extensions>
      </trkpt>
      <trkpt lat="55.9920772723853588104248046875" lon="-2.88804919458925724029541015625">
        <ele>6.400000095367431640625</ele>
        <time>2018-05-27T11:00:53.000Z</time>
        <extensions>
          <ns3:TrackPointExtension>
            <ns3:hr>201</ns3:hr>
            <ns3:cad>97</ns3:cad>
          </ns3:TrackPointExtension>
        </extensions>
      </trkpt>
      <trkpt lat="55.9922496043145656585693359375" lon="-2.887853644788265228271484375">
        <ele>7.19999980926513671875</ele>
        <time>2018-05-27T11:00:59.000Z</time>
        <extensions>
          <ns3:TrackPointExtension>
            <ns3:hr>200</ns3:hr>
            <ns3:cad>97</ns3:cad>
          </ns3:TrackPointExtension>
        </extensions>
      </trkpt>
      <trkpt lat="55.992348678410053253173828125" lon="-2.88775700144469738006591796875">
        <ele>7.400000095367431640625</ele>
        <time>2018-05-27T11:01:02.000Z</time>
        <extensions>
          <ns3:TrackPointExtension>
            <ns3:hr>197</ns3:hr>
            <ns3:cad>97</ns3:cad>
          </ns3:TrackPointExtension>
        </extensions>
      </trkpt>
      <trkpt lat="55.99253634922206401824951171875" lon="-2.88759372197091579437255859375">
        <ele>7.400000095367431640625</ele>
        <time>2018-05-27T11:01:08.000Z</time>
        <extensions>
          <ns3:TrackPointExtension>
            <ns3:hr>196</ns3:hr>
            <ns3:cad>97</ns3:cad>
          </ns3:TrackPointExtension>
        </extensions>
      </trkpt>
      <trkpt lat="55.992710776627063751220703125" lon="-2.88742960430681705474853515625">
        <ele>7.400000095367431640625</ele>
        <time>2018-05-27T11:01:14.000Z</time>
        <extensions>
          <ns3:TrackPointExtension>
            <ns3:hr>198</ns3:hr>
            <ns3:cad>95</ns3:cad>
          </ns3:TrackPointExtension>
        </extensions>
      </trkpt>
      <trkpt lat="55.99286173470318317413330078125" lon="-2.8872949071228504180908203125">
        <ele>7.19999980926513671875</ele>
        <time>2018-05-27T11:01:19.000Z</time>
        <extensions>
          <ns3:TrackPointExtension>
            <ns3:hr>201</ns3:hr>
            <ns3:cad>95</ns3:cad>
          </ns3:TrackPointExtension>
        </extensions>
      </trkpt>
      <trkpt lat="55.9930519200861454010009765625" lon="-2.88715048693120479583740234375">
        <ele>7</ele>
        <time>2018-05-27T11:01:25.000Z</time>
        <extensions>
          <ns3:TrackPointExtension>
            <ns3:hr>198</ns3:hr>
            <ns3:cad>96</ns3:cad>
          </ns3:TrackPointExtension>
        </extensions>
      </trkpt>
      <trkpt lat="55.99325451068580150604248046875" lon="-2.887046299874782562255859375">
        <ele>6.80000019073486328125</ele>
        <time>2018-05-27T11:01:31.000Z</time>
        <extensions>
          <ns3:TrackPointExtension>
            <ns3:hr>198</ns3:hr>
            <ns3:cad>97</ns3:cad>
          </ns3:TrackPointExtension>
        </extensions>
      </trkpt>
      <trkpt lat="55.99345433525741100311279296875" lon="-2.88695636205375194549560546875">
        <ele>6.80000019073486328125</ele>
        <time>2018-05-27T11:01:37.000Z</time>
        <extensions>
          <ns3:TrackPointExtension>
            <ns3:hr>198</ns3:hr>
            <ns3:cad>97</ns3:cad>
          </ns3:TrackPointExtension>
        </extensions>
      </trkpt>
      <trkpt lat="55.993645191192626953125" lon="-2.88688109256327152252197265625">
        <ele>6.599999904632568359375</ele>
        <time>2018-05-27T11:01:43.000Z</time>
        <extensions>
          <ns3:TrackPointExtension>
            <ns3:hr>199</ns3:hr>
            <ns3:cad>97</ns3:cad>
          </ns3:TrackPointExtension>
        </extensions>
      </trkpt>
      <trkpt lat="55.99383705295622348785400390625" lon="-2.8867866285145282745361328125">
        <ele>6.599999904632568359375</ele>
        <time>2018-05-27T11:01:49.000Z</time>
        <extensions>
          <ns3:TrackPointExtension>
            <ns3:hr>199</ns3:hr>
            <ns3:cad>97</ns3:cad>
          </ns3:TrackPointExtension>
        </extensions>
      </trkpt>
      <trkpt lat="55.994029082357883453369140625" lon="-2.88664489053189754486083984375">
        <ele>6.400000095367431640625</ele>
        <time>2018-05-27T11:01:55.000Z</time>
        <extensions>
          <ns3:TrackPointExtension>
            <ns3:hr>201</ns3:hr>
            <ns3:cad>95</ns3:cad>
          </ns3:TrackPointExtension>
        </extensions>
      </trkpt>
      <trkpt lat="55.9941995702683925628662109375" lon="-2.88647155277431011199951171875">
        <ele>6.400000095367431640625</ele>
        <time>2018-05-27T11:02:01.000Z</time>
        <extensions>
          <ns3:TrackPointExtension>
            <ns3:hr>201</ns3:hr>
            <ns3:cad>96</ns3:cad>
          </ns3:TrackPointExtension>
        </extensions>
      </trkpt>
      <trkpt lat="55.994381122291088104248046875" lon="-2.8863212652504444122314453125">
        <ele>6.599999904632568359375</ele>
        <time>2018-05-27T11:02:07.000Z</time>
        <extensions>
          <ns3:TrackPointExtension>
            <ns3:hr>200</ns3:hr>
            <ns3:cad>95</ns3:cad>
          </ns3:TrackPointExtension>
        </extensions>
      </trkpt>
      <trkpt lat="55.9945599921047687530517578125" lon="-2.88616460748016834259033203125">
        <ele>7.19999980926513671875</ele>
        <time>2018-05-27T11:02:13.000Z</time>
        <extensions>
          <ns3:TrackPointExtension>
            <ns3:hr>200</ns3:hr>
            <ns3:cad>96</ns3:cad>
          </ns3:TrackPointExtension>
        </extensions>
      </trkpt>
      <trkpt lat="55.9947507642209529876708984375" lon="-2.8860366158187389373779296875">
        <ele>7.599999904632568359375</ele>
        <time>2018-05-27T11:02:19.000Z</time>
        <extensions>
          <ns3:TrackPointExtension>
            <ns3:hr>199</ns3:hr>
            <ns3:cad>96</ns3:cad>
          </ns3:TrackPointExtension>
        </extensions>
      </trkpt>
      <trkpt lat="55.99488512612879276275634765625" lon="-2.88595606572926044464111328125">
        <ele>7.80000019073486328125</ele>
        <time>2018-05-27T11:02:23.000Z</time>
        <extensions>
          <ns3:TrackPointExtension>
            <ns3:hr>198</ns3:hr>
            <ns3:cad>97</ns3:cad>
          </ns3:TrackPointExtension>
        </extensions>
      </trkpt>
      <trkpt lat="55.99508218467235565185546875" lon="-2.885871827602386474609375">
        <ele>7.400000095367431640625</ele>
        <time>2018-05-27T11:02:29.000Z</time>
        <extensions>
          <ns3:TrackPointExtension>
            <ns3:hr>199</ns3:hr>
            <ns3:cad>97</ns3:cad>
          </ns3:TrackPointExtension>
        </extensions>
      </trkpt>
      <trkpt lat="55.99527991376817226409912109375" lon="-2.885791696608066558837890625">
        <ele>7.599999904632568359375</ele>
        <time>2018-05-27T11:02:35.000Z</time>
        <extensions>
          <ns3:TrackPointExtension>
            <ns3:hr>198</ns3:hr>
            <ns3:cad>95</ns3:cad>
          </ns3:TrackPointExtension>
        </extensions>
      </trkpt>
      <trkpt lat="55.995482169091701507568359375" lon="-2.88572707213461399078369140625">
        <ele>7.19999980926513671875</ele>
        <time>2018-05-27T11:02:41.000Z</time>
        <extensions>
          <ns3:TrackPointExtension>
            <ns3:hr>197</ns3:hr>
            <ns3:cad>96</ns3:cad>
          </ns3:TrackPointExtension>
        </extensions>
      </trkpt>
      <trkpt lat="55.99568626843392848968505859375" lon="-2.8856708295643329620361328125">
        <ele>7</ele>
        <time>2018-05-27T11:02:47.000Z</time>
        <extensions>
          <ns3:TrackPointExtension>
            <ns3:hr>198</ns3:hr>
            <ns3:cad>95</ns3:cad>
          </ns3:TrackPointExtension>
        </extensions>
      </trkpt>
      <trkpt lat="55.9958575107157230377197265625" lon="-2.88562363944947719573974609375">
        <ele>6</ele>
        <time>2018-05-27T11:02:52.000Z</time>
        <extensions>
          <ns3:TrackPointExtension>
            <ns3:hr>201</ns3:hr>
            <ns3:cad>97</ns3:cad>
          </ns3:TrackPointExtension>
        </extensions>
      </trkpt>
      <trkpt lat="55.996058173477649688720703125" lon="-2.8855682350695133209228515625">
        <ele>5.400000095367431640625</ele>
        <time>2018-05-27T11:02:58.000Z</time>
        <extensions>
          <ns3:TrackPointExtension>
            <ns3:hr>199</ns3:hr>
            <ns3:cad>95</ns3:cad>
          </ns3:TrackPointExtension>
        </extensions>
      </trkpt>
      <trkpt lat="55.9962571598589420318603515625" lon="-2.88552238605916500091552734375">
        <ele>5.599999904632568359375</ele>
        <time>2018-05-27T11:03:04.000Z</time>
        <extensions>
          <ns3:TrackPointExtension>
            <ns3:hr>198</ns3:hr>
            <ns3:cad>96</ns3:cad>
          </ns3:TrackPointExtension>
        </extensions>
      </trkpt>
      <trkpt lat="55.996463857591152191162109375" lon="-2.8854609467089176177978515625">
        <ele>5.80000019073486328125</ele>
        <time>2018-05-27T11:03:10.000Z</time>
        <extensions>
          <ns3:TrackPointExtension>
            <ns3:hr>199</ns3:hr>
            <ns3:cad>96</ns3:cad>
          </ns3:TrackPointExtension>
        </extensions>
      </trkpt>
      <trkpt lat="55.99667063914239406585693359375" lon="-2.8853808157145977020263671875">
        <ele>5</ele>
        <time>2018-05-27T11:03:16.000Z</time>
        <extensions>
          <ns3:TrackPointExtension>
            <ns3:hr>198</ns3:hr>
            <ns3:cad>96</ns3:cad>
          </ns3:TrackPointExtension>
        </extensions>
      </trkpt>
      <trkpt lat="55.9968676976859569549560546875" lon="-2.88528886623680591583251953125">
        <ele>4.400000095367431640625</ele>
        <time>2018-05-27T11:03:22.000Z</time>
        <extensions>
          <ns3:TrackPointExtension>
            <ns3:hr>200</ns3:hr>
            <ns3:cad>97</ns3:cad>
          </ns3:TrackPointExtension>
        </extensions>
      </trkpt>
      <trkpt lat="55.99705670960247516632080078125" lon="-2.8851987607777118682861328125">
        <ele>4.599999904632568359375</ele>
        <time>2018-05-27T11:03:28.000Z</time>
        <extensions>
          <ns3:TrackPointExtension>
            <ns3:hr>200</ns3:hr>
            <ns3:cad>96</ns3:cad>
          </ns3:TrackPointExtension>
        </extensions>
      </trkpt>
      <trkpt lat="55.997236333787441253662109375" lon="-2.88510940968990325927734375">
        <ele>5</ele>
        <time>2018-05-27T11:03:34.000Z</time>
        <extensions>
          <ns3:TrackPointExtension>
            <ns3:hr>199</ns3:hr>
            <ns3:cad>96</ns3:cad>
          </ns3:TrackPointExtension>
        </extensions>
      </trkpt>
      <trkpt lat="55.997422747313976287841796875" lon="-2.8850234113633632659912109375">
        <ele>5.400000095367431640625</ele>
        <time>2018-05-27T11:03:40.000Z</time>
        <extensions>
          <ns3:TrackPointExtension>
            <ns3:hr>198</ns3:hr>
            <ns3:cad>95</ns3:cad>
          </ns3:TrackPointExtension>
        </extensions>
      </trkpt>
      <trkpt lat="55.9976188838481903076171875" lon="-2.8849385865032672882080078125">
        <ele>5.19999980926513671875</ele>
        <time>2018-05-27T11:03:46.000Z</time>
        <extensions>
          <ns3:TrackPointExtension>
            <ns3:hr>196</ns3:hr>
            <ns3:cad>96</ns3:cad>
          </ns3:TrackPointExtension>
        </extensions>
      </trkpt>
      <trkpt lat="55.99781443364918231964111328125" lon="-2.88487547077238559722900390625">
        <ele>5</ele>
        <time>2018-05-27T11:03:52.000Z</time>
        <extensions>
          <ns3:TrackPointExtension>
            <ns3:hr>194</ns3:hr>
            <ns3:cad>95</ns3:cad>
          </ns3:TrackPointExtension>
        </extensions>
      </trkpt>
      <trkpt lat="55.99800487048923969268798828125" lon="-2.88480288349092006683349609375">
        <ele>4.80000019073486328125</ele>
        <time>2018-05-27T11:03:58.000Z</time>
        <extensions>
          <ns3:TrackPointExtension>
            <ns3:hr>196</ns3:hr>
            <ns3:cad>96</ns3:cad>
          </ns3:TrackPointExtension>
        </extensions>
      </trkpt>
      <trkpt lat="55.99819061346352100372314453125" lon="-2.88474689237773418426513671875">
        <ele>4.400000095367431640625</ele>
        <time>2018-05-27T11:04:04.000Z</time>
        <extensions>
          <ns3:TrackPointExtension>
            <ns3:hr>198</ns3:hr>
            <ns3:cad>95</ns3:cad>
          </ns3:TrackPointExtension>
        </extensions>
      </trkpt>
      <trkpt lat="55.99838976748287677764892578125" lon="-2.88470163010060787200927734375">
        <ele>4.400000095367431640625</ele>
        <time>2018-05-27T11:04:10.000Z</time>
        <extensions>
          <ns3:TrackPointExtension>
            <ns3:hr>200</ns3:hr>
            <ns3:cad>95</ns3:cad>
          </ns3:TrackPointExtension>
        </extensions>
      </trkpt>
      <trkpt lat="55.9985232912003993988037109375" lon="-2.88468436338007450103759765625">
        <ele>4.599999904632568359375</ele>
        <time>2018-05-27T11:04:14.000Z</time>
        <extensions>
          <ns3:TrackPointExtension>
            <ns3:hr>197</ns3:hr>
            <ns3:cad>96</ns3:cad>
          </ns3:TrackPointExtension>
        </extensions>
      </trkpt>
      <trkpt lat="55.99872529506683349609375" lon="-2.88464480079710483551025390625">
        <ele>4.599999904632568359375</ele>
        <time>2018-05-27T11:04:20.000Z</time>
        <extensions>
          <ns3:TrackPointExtension>
            <ns3:hr>195</ns3:hr>
            <ns3:cad>96</ns3:cad>
          </ns3:TrackPointExtension>
        </extensions>
      </trkpt>
      <trkpt lat="55.99892620928585529327392578125" lon="-2.88459786213934421539306640625">
        <ele>5.400000095367431640625</ele>
        <time>2018-05-27T11:04:26.000Z</time>
        <extensions>
          <ns3:TrackPointExtension>
            <ns3:hr>195</ns3:hr>
            <ns3:cad>96</ns3:cad>
          </ns3:TrackPointExtension>
        </extensions>
      </trkpt>
      <trkpt lat="55.99902905523777008056640625" lon="-2.88458277471363544464111328125">
        <ele>5.80000019073486328125</ele>
        <time>2018-05-27T11:04:29.000Z</time>
        <extensions>
          <ns3:TrackPointExtension>
            <ns3:hr>198</ns3:hr>
            <ns3:cad>96</ns3:cad>
          </ns3:TrackPointExtension>
        </extensions>
      </trkpt>
      <trkpt lat="55.9992350824177265167236328125" lon="-2.88453566841781139373779296875">
        <ele>5.400000095367431640625</ele>
        <time>2018-05-27T11:04:35.000Z</time>
        <extensions>
          <ns3:TrackPointExtension>
            <ns3:hr>199</ns3:hr>
            <ns3:cad>97</ns3:cad>
          </ns3:TrackPointExtension>
        </extensions>
      </trkpt>
      <trkpt lat="55.99943800829350948333740234375" lon="-2.8844811022281646728515625">
        <ele>5</ele>
        <time>2018-05-27T11:04:41.000Z</time>
        <extensions>
          <ns3:TrackPointExtension>
            <ns3:hr>199</ns3:hr>
            <ns3:cad>95</ns3:cad>
          </ns3:TrackPointExtension>
        </extensions>
      </trkpt>
      <trkpt lat="55.9996367432177066802978515625" lon="-2.88443508557975292205810546875">
        <ele>4.599999904632568359375</ele>
        <time>2018-05-27T11:04:47.000Z</time>
        <extensions>
          <ns3:TrackPointExtension>
            <ns3:hr>199</ns3:hr>
            <ns3:cad>96</ns3:cad>
          </ns3:TrackPointExtension>
        </extensions>
      </trkpt>
      <trkpt lat="55.9998057223856449127197265625" lon="-2.88436618633568286895751953125">
        <ele>4.599999904632568359375</ele>
        <time>2018-05-27T11:04:52.000Z</time>
        <extensions>
          <ns3:TrackPointExtension>
            <ns3:hr>196</ns3:hr>
            <ns3:cad>96</ns3:cad>
          </ns3:TrackPointExtension>
        </extensions>
      </trkpt>
      <trkpt lat="55.99999867379665374755859375" lon="-2.88429996930062770843505859375">
        <ele>5.400000095367431640625</ele>
        <time>2018-05-27T11:04:58.000Z</time>
        <extensions>
          <ns3:TrackPointExtension>
            <ns3:hr>196</ns3:hr>
            <ns3:cad>95</ns3:cad>
          </ns3:TrackPointExtension>
        </extensions>
      </trkpt>
      <trkpt lat="56.0001979954540729522705078125" lon="-2.88420709781348705291748046875">
        <ele>6.400000095367431640625</ele>
        <time>2018-05-27T11:05:04.000Z</time>
        <extensions>
          <ns3:TrackPointExtension>
            <ns3:hr>198</ns3:hr>
            <ns3:cad>96</ns3:cad>
          </ns3:TrackPointExtension>
        </extensions>
      </trkpt>
      <trkpt lat="56.0003773681819438934326171875" lon="-2.8841047547757625579833984375">
        <ele>7.19999980926513671875</ele>
        <time>2018-05-27T11:05:10.000Z</time>
        <extensions>
          <ns3:TrackPointExtension>
            <ns3:hr>198</ns3:hr>
            <ns3:cad>96</ns3:cad>
          </ns3:TrackPointExtension>
        </extensions>
      </trkpt>
      <trkpt lat="56.00055363960564136505126953125" lon="-2.88397290743887424468994140625">
        <ele>8</ele>
        <time>2018-05-27T11:05:16.000Z</time>
        <extensions>
          <ns3:TrackPointExtension>
            <ns3:hr>197</ns3:hr>
            <ns3:cad>96</ns3:cad>
          </ns3:TrackPointExtension>
        </extensions>
      </trkpt>
      <trkpt lat="56.00070409476757049560546875" lon="-2.88374148309230804443359375">
        <ele>9</ele>
        <time>2018-05-27T11:05:22.000Z</time>
        <extensions>
          <ns3:TrackPointExtension>
            <ns3:hr>194</ns3:hr>
            <ns3:cad>95</ns3:cad>
          </ns3:TrackPointExtension>
        </extensions>
      </trkpt>
      <trkpt lat="56.00083108060061931610107421875" lon="-2.88343780674040317535400390625">
        <ele>10.3999996185302734375</ele>
        <time>2018-05-27T11:05:28.000Z</time>
        <extensions>
          <ns3:TrackPointExtension>
            <ns3:hr>197</ns3:hr>
            <ns3:cad>95</ns3:cad>
          </ns3:TrackPointExtension>
        </extensions>
      </trkpt>
      <trkpt lat="56.0009490139782428741455078125" lon="-2.88315265439450740814208984375">
        <ele>11</ele>
        <time>2018-05-27T11:05:34.000Z</time>
        <extensions>
          <ns3:TrackPointExtension>
            <ns3:hr>200</ns3:hr>
            <ns3:cad>96</ns3:cad>
          </ns3:TrackPointExtension>
        </extensions>
      </trkpt>
      <trkpt lat="56.00102419964969158172607421875" lon="-2.88289080373942852020263671875">
        <ele>11.19999980926513671875</ele>
        <time>2018-05-27T11:05:41.000Z</time>
        <extensions>
          <ns3:TrackPointExtension>
            <ns3:hr>200</ns3:hr>
            <ns3:cad>95</ns3:cad>
          </ns3:TrackPointExtension>
        </extensions>
      </trkpt>
      <trkpt lat="56.0008933581411838531494140625" lon="-2.8831844218075275421142578125">
        <ele>10.80000019073486328125</ele>
        <time>2018-05-27T11:05:47.000Z</time>
        <extensions>
          <ns3:TrackPointExtension>
            <ns3:hr>200</ns3:hr>
            <ns3:cad>95</ns3:cad>
          </ns3:TrackPointExtension>
        </extensions>
      </trkpt>
      <trkpt lat="56.00078095681965351104736328125" lon="-2.88344644010066986083984375">
        <ele>10.19999980926513671875</ele>
        <time>2018-05-27T11:05:52.000Z</time>
        <extensions>
          <ns3:TrackPointExtension>
            <ns3:hr>200</ns3:hr>
            <ns3:cad>97</ns3:cad>
          </ns3:TrackPointExtension>
        </extensions>
      </trkpt>
      <trkpt lat="56.0006402246654033660888671875" lon="-2.883717678487300872802734375">
        <ele>8.80000019073486328125</ele>
        <time>2018-05-27T11:05:58.000Z</time>
        <extensions>
          <ns3:TrackPointExtension>
            <ns3:hr>200</ns3:hr>
            <ns3:cad>98</ns3:cad>
          </ns3:TrackPointExtension>
        </extensions>
      </trkpt>
      <trkpt lat="56.00060007534921169281005859375" lon="-2.883752882480621337890625">
        <ele>8.6000003814697265625</ele>
        <time>2018-05-27T11:05:59.000Z</time>
        <extensions>
          <ns3:TrackPointExtension>
            <ns3:hr>200</ns3:hr>
            <ns3:cad>98</ns3:cad>
          </ns3:TrackPointExtension>
        </extensions>
      </trkpt>
      <trkpt lat="56.0004370473325252532958984375" lon="-2.88392429240047931671142578125">
        <ele>8</ele>
        <time>2018-05-27T11:06:04.000Z</time>
        <extensions>
          <ns3:TrackPointExtension>
            <ns3:hr>197</ns3:hr>
            <ns3:cad>98</ns3:cad>
          </ns3:TrackPointExtension>
        </extensions>
      </trkpt>
      <trkpt lat="56.000243090093135833740234375" lon="-2.8840283118188381195068359375">
        <ele>7.19999980926513671875</ele>
        <time>2018-05-27T11:06:09.000Z</time>
        <extensions>
          <ns3:TrackPointExtension>
            <ns3:hr>196</ns3:hr>
            <ns3:cad>98</ns3:cad>
          </ns3:TrackPointExtension>
        </extensions>
      </trkpt>
      <trkpt lat="56.00005500018596649169921875" lon="-2.8841017372906208038330078125">
        <ele>6.599999904632568359375</ele>
        <time>2018-05-27T11:06:14.000Z</time>
        <extensions>
          <ns3:TrackPointExtension>
            <ns3:hr>198</ns3:hr>
            <ns3:cad>97</ns3:cad>
          </ns3:TrackPointExtension>
        </extensions>
      </trkpt>
      <trkpt lat="55.9998721070587635040283203125" lon="-2.8841560520231723785400390625">
        <ele>6</ele>
        <time>2018-05-27T11:06:19.000Z</time>
        <extensions>
          <ns3:TrackPointExtension>
            <ns3:hr>196</ns3:hr>
            <ns3:cad>98</ns3:cad>
          </ns3:TrackPointExtension>
        </extensions>
      </trkpt>
      <trkpt lat="55.99968393333256244659423828125" lon="-2.88420424796640872955322265625">
        <ele>5.80000019073486328125</ele>
        <time>2018-05-27T11:06:24.000Z</time>
        <extensions>
          <ns3:TrackPointExtension>
            <ns3:hr>194</ns3:hr>
            <ns3:cad>97</ns3:cad>
          </ns3:TrackPointExtension>
        </extensions>
      </trkpt>
      <trkpt lat="55.99947455339133739471435546875" lon="-2.88427432067692279815673828125">
        <ele>6</ele>
        <time>2018-05-27T11:06:30.000Z</time>
        <extensions>
          <ns3:TrackPointExtension>
            <ns3:hr>195</ns3:hr>
            <ns3:cad>97</ns3:cad>
          </ns3:TrackPointExtension>
        </extensions>
      </trkpt>
      <trkpt lat="55.99926550872623920440673828125" lon="-2.88433617912232875823974609375">
        <ele>6</ele>
        <time>2018-05-27T11:06:36.000Z</time>
        <extensions>
          <ns3:TrackPointExtension>
            <ns3:hr>196</ns3:hr>
            <ns3:cad>97</ns3:cad>
          </ns3:TrackPointExtension>
        </extensions>
      </trkpt>
      <trkpt lat="55.99907197058200836181640625" lon="-2.88438194431364536285400390625">
        <ele>6.400000095367431640625</ele>
        <time>2018-05-27T11:06:42.000Z</time>
        <extensions>
          <ns3:TrackPointExtension>
            <ns3:hr>197</ns3:hr>
            <ns3:cad>96</ns3:cad>
          </ns3:TrackPointExtension>
        </extensions>
      </trkpt>
      <trkpt lat="55.99889301694929599761962890625" lon="-2.88443173281848430633544921875">
        <ele>6</ele>
        <time>2018-05-27T11:06:48.000Z</time>
        <extensions>
          <ns3:TrackPointExtension>
            <ns3:hr>195</ns3:hr>
            <ns3:cad>96</ns3:cad>
          </ns3:TrackPointExtension>
        </extensions>
      </trkpt>
      <trkpt lat="55.99870542995631694793701171875" lon="-2.88445687852799892425537109375">
        <ele>5.599999904632568359375</ele>
        <time>2018-05-27T11:06:54.000Z</time>
        <extensions>
          <ns3:TrackPointExtension>
            <ns3:hr>197</ns3:hr>
            <ns3:cad>96</ns3:cad>
          </ns3:TrackPointExtension>
        </extensions>
      </trkpt>
      <trkpt lat="55.99850879050791263580322265625" lon="-2.88448621518909931182861328125">
        <ele>5.400000095367431640625</ele>
        <time>2018-05-27T11:07:00.000Z</time>
        <extensions>
          <ns3:TrackPointExtension>
            <ns3:hr>196</ns3:hr>
            <ns3:cad>96</ns3:cad>
          </ns3:TrackPointExtension>
        </extensions>
      </trkpt>
      <trkpt lat="55.99830997176468372344970703125" lon="-2.88444296456873416900634765625">
        <ele>5.400000095367431640625</ele>
        <time>2018-05-27T11:07:06.000Z</time>
        <extensions>
          <ns3:TrackPointExtension>
            <ns3:hr>195</ns3:hr>
            <ns3:cad>96</ns3:cad>
          </ns3:TrackPointExtension>
        </extensions>
      </trkpt>
      <trkpt lat="55.998255573213100433349609375" lon="-2.88410685025155544281005859375">
        <ele>6</ele>
        <time>2018-05-27T11:07:12.000Z</time>
        <extensions>
          <ns3:TrackPointExtension>
            <ns3:hr>197</ns3:hr>
            <ns3:cad>96</ns3:cad>
          </ns3:TrackPointExtension>
        </extensions>
      </trkpt>
      <trkpt lat="55.99827761761844158172607421875" lon="-2.88378464989364147186279296875">
        <ele>6.400000095367431640625</ele>
        <time>2018-05-27T11:07:17.000Z</time>
        <extensions>
          <ns3:TrackPointExtension>
            <ns3:hr>198</ns3:hr>
            <ns3:cad>97</ns3:cad>
          </ns3:TrackPointExtension>
        </extensions>
      </trkpt>
      <trkpt lat="55.99833310581743717193603515625" lon="-2.88341634906828403472900390625">
        <ele>7</ele>
        <time>2018-05-27T11:07:23.000Z</time>
        <extensions>
          <ns3:TrackPointExtension>
            <ns3:hr>200</ns3:hr>
            <ns3:cad>97</ns3:cad>
          </ns3:TrackPointExtension>
        </extensions>
      </trkpt>
      <trkpt lat="55.99841860122978687286376953125" lon="-2.88307788781821727752685546875">
        <ele>8</ele>
        <time>2018-05-27T11:07:29.000Z</time>
        <extensions>
          <ns3:TrackPointExtension>
            <ns3:hr>201</ns3:hr>
            <ns3:cad>97</ns3:cad>
          </ns3:TrackPointExtension>
        </extensions>
      </trkpt>
      <trkpt lat="55.99848859012126922607421875" lon="-2.8828799910843372344970703125">
        <ele>9</ele>
        <time>2018-05-27T11:07:33.000Z</time>
        <extensions>
          <ns3:TrackPointExtension>
            <ns3:hr>198</ns3:hr>
            <ns3:cad>97</ns3:cad>
          </ns3:TrackPointExtension>
        </extensions>
      </trkpt>
      <trkpt lat="55.9986113011837005615234375" lon="-2.88259215652942657470703125">
        <ele>10.6000003814697265625</ele>
        <time>2018-05-27T11:07:40.000Z</time>
        <extensions>
          <ns3:TrackPointExtension>
            <ns3:hr>196</ns3:hr>
            <ns3:cad>97</ns3:cad>
          </ns3:TrackPointExtension>
        </extensions>
      </trkpt>
      <trkpt lat="55.9987415559589862823486328125" lon="-2.88232116959989070892333984375">
        <ele>12</ele>
        <time>2018-05-27T11:07:47.000Z</time>
        <extensions>
          <ns3:TrackPointExtension>
            <ns3:hr>197</ns3:hr>
            <ns3:cad>98</ns3:cad>
          </ns3:TrackPointExtension>
        </extensions>
      </trkpt>
      <trkpt lat="55.99886569194495677947998046875" lon="-2.88208656013011932373046875">
        <ele>13.19999980926513671875</ele>
        <time>2018-05-27T11:07:53.000Z</time>
        <extensions>
          <ns3:TrackPointExtension>
            <ns3:hr>196</ns3:hr>
            <ns3:cad>98</ns3:cad>
          </ns3:TrackPointExtension>
        </extensions>
      </trkpt>
      <trkpt lat="55.9989678673446178436279296875" lon="-2.881814651191234588623046875">
        <ele>13.80000019073486328125</ele>
        <time>2018-05-27T11:07:59.000Z</time>
        <extensions>
          <ns3:TrackPointExtension>
            <ns3:hr>198</ns3:hr>
            <ns3:cad>96</ns3:cad>
          </ns3:TrackPointExtension>
        </extensions>
      </trkpt>
      <trkpt lat="55.99900315515697002410888671875" lon="-2.88149454630911350250244140625">
        <ele>15</ele>
        <time>2018-05-27T11:08:04.000Z</time>
        <extensions>
          <ns3:TrackPointExtension>
            <ns3:hr>196</ns3:hr>
            <ns3:cad>96</ns3:cad>
          </ns3:TrackPointExtension>
        </extensions>
      </trkpt>
      <trkpt lat="55.99901455454528331756591796875" lon="-2.881113253533840179443359375">
        <ele>15</ele>
        <time>2018-05-27T11:08:10.000Z</time>
        <extensions>
          <ns3:TrackPointExtension>
            <ns3:hr>197</ns3:hr>
            <ns3:cad>97</ns3:cad>
          </ns3:TrackPointExtension>
        </extensions>
      </trkpt>
      <trkpt lat="55.9990332461893558502197265625" lon="-2.8807754628360271453857421875">
        <ele>15</ele>
        <time>2018-05-27T11:08:16.000Z</time>
        <extensions>
          <ns3:TrackPointExtension>
            <ns3:hr>195</ns3:hr>
            <ns3:cad>97</ns3:cad>
          </ns3:TrackPointExtension>
        </extensions>
      </trkpt>
      <trkpt lat="55.999014638364315032958984375" lon="-2.880413532257080078125">
        <ele>14</ele>
        <time>2018-05-27T11:08:23.000Z</time>
        <extensions>
          <ns3:TrackPointExtension>
            <ns3:hr>198</ns3:hr>
            <ns3:cad>97</ns3:cad>
          </ns3:TrackPointExtension>
        </extensions>
      </trkpt>
      <trkpt lat="55.99893693812191486358642578125" lon="-2.88010264746844768524169921875">
        <ele>13.6000003814697265625</ele>
        <time>2018-05-27T11:08:29.000Z</time>
        <extensions>
          <ns3:TrackPointExtension>
            <ns3:hr>196</ns3:hr>
            <ns3:cad>95</ns3:cad>
          </ns3:TrackPointExtension>
        </extensions>
      </trkpt>
      <trkpt lat="55.9987613372504711151123046875" lon="-2.880011536180973052978515625">
        <ele>13.3999996185302734375</ele>
        <time>2018-05-27T11:08:36.000Z</time>
        <extensions>
          <ns3:TrackPointExtension>
            <ns3:hr>195</ns3:hr>
            <ns3:cad>96</ns3:cad>
          </ns3:TrackPointExtension>
        </extensions>
      </trkpt>
      <trkpt lat="55.9985802881419658660888671875" lon="-2.88012318313121795654296875">
        <ele>13</ele>
        <time>2018-05-27T11:08:42.000Z</time>
        <extensions>
          <ns3:TrackPointExtension>
            <ns3:hr>197</ns3:hr>
            <ns3:cad>97</ns3:cad>
          </ns3:TrackPointExtension>
        </extensions>
      </trkpt>
      <trkpt lat="55.99839529953896999359130859375" lon="-2.8802534379065036773681640625">
        <ele>12.3999996185302734375</ele>
        <time>2018-05-27T11:08:48.000Z</time>
        <extensions>
          <ns3:TrackPointExtension>
            <ns3:hr>197</ns3:hr>
            <ns3:cad>97</ns3:cad>
          </ns3:TrackPointExtension>
        </extensions>
      </trkpt>
      <trkpt lat="55.99822347052395343780517578125" lon="-2.88035477511584758758544921875">
        <ele>12.19999980926513671875</ele>
        <time>2018-05-27T11:08:53.000Z</time>
        <extensions>
          <ns3:TrackPointExtension>
            <ns3:hr>199</ns3:hr>
            <ns3:cad>97</ns3:cad>
          </ns3:TrackPointExtension>
        </extensions>
      </trkpt>
      <trkpt lat="55.99804510362446308135986328125" lon="-2.8804291225969791412353515625">
        <ele>11.19999980926513671875</ele>
        <time>2018-05-27T11:08:58.000Z</time>
        <extensions>
          <ns3:TrackPointExtension>
            <ns3:hr>196</ns3:hr>
            <ns3:cad>97</ns3:cad>
          </ns3:TrackPointExtension>
        </extensions>
      </trkpt>
      <trkpt lat="55.99785299040377140045166015625" lon="-2.88049391470849514007568359375">
        <ele>10.19999980926513671875</ele>
        <time>2018-05-27T11:09:03.000Z</time>
        <extensions>
          <ns3:TrackPointExtension>
            <ns3:hr>194</ns3:hr>
            <ns3:cad>97</ns3:cad>
          </ns3:TrackPointExtension>
        </extensions>
      </trkpt>
      <trkpt lat="55.99767529405653476715087890625" lon="-2.88056465797126293182373046875">
        <ele>8.6000003814697265625</ele>
        <time>2018-05-27T11:09:08.000Z</time>
        <extensions>
          <ns3:TrackPointExtension>
            <ns3:hr>196</ns3:hr>
            <ns3:cad>97</ns3:cad>
          </ns3:TrackPointExtension>
        </extensions>
      </trkpt>
      <trkpt lat="55.99747798405587673187255859375" lon="-2.880629114806652069091796875">
        <ele>7</ele>
        <time>2018-05-27T11:09:13.000Z</time>
        <extensions>
          <ns3:TrackPointExtension>
            <ns3:hr>196</ns3:hr>
            <ns3:cad>97</ns3:cad>
          </ns3:TrackPointExtension>
        </extensions>
      </trkpt>
      <trkpt lat="55.99728218279778957366943359375" lon="-2.88071637041866779327392578125">
        <ele>6</ele>
        <time>2018-05-27T11:09:18.000Z</time>
        <extensions>
          <ns3:TrackPointExtension>
            <ns3:hr>196</ns3:hr>
            <ns3:cad>98</ns3:cad>
          </ns3:TrackPointExtension>
        </extensions>
      </trkpt>
      <trkpt lat="55.99709895439445972442626953125" lon="-2.88076825439929962158203125">
        <ele>6.599999904632568359375</ele>
        <time>2018-05-27T11:09:23.000Z</time>
        <extensions>
          <ns3:TrackPointExtension>
            <ns3:hr>197</ns3:hr>
            <ns3:cad>97</ns3:cad>
          </ns3:TrackPointExtension>
        </extensions>
      </trkpt>
      <trkpt lat="55.99688856862485408782958984375" lon="-2.88076967932283878326416015625">
        <ele>7.400000095367431640625</ele>
        <time>2018-05-27T11:09:29.000Z</time>
        <extensions>
          <ns3:TrackPointExtension>
            <ns3:hr>197</ns3:hr>
            <ns3:cad>97</ns3:cad>
          </ns3:TrackPointExtension>
        </extensions>
      </trkpt>
      <trkpt lat="55.99685420282185077667236328125" lon="-2.88076288998126983642578125">
        <ele>7.400000095367431640625</ele>
        <time>2018-05-27T11:09:30.000Z</time>
        <extensions>
          <ns3:TrackPointExtension>
            <ns3:hr>197</ns3:hr>
            <ns3:cad>97</ns3:cad>
          </ns3:TrackPointExtension>
        </extensions>
      </trkpt>
      <trkpt lat="55.99669863469898700714111328125" lon="-2.88067731074988842010498046875">
        <ele>7.599999904632568359375</ele>
        <time>2018-05-27T11:09:35.000Z</time>
        <extensions>
          <ns3:TrackPointExtension>
            <ns3:hr>200</ns3:hr>
            <ns3:cad>96</ns3:cad>
          </ns3:TrackPointExtension>
        </extensions>
      </trkpt>
      <trkpt lat="55.9965176694095134735107421875" lon="-2.8805186413228511810302734375">
        <ele>7</ele>
        <time>2018-05-27T11:09:41.000Z</time>
        <extensions>
          <ns3:TrackPointExtension>
            <ns3:hr>199</ns3:hr>
            <ns3:cad>96</ns3:cad>
          </ns3:TrackPointExtension>
        </extensions>
      </trkpt>
      <trkpt lat="55.9963621012866497039794921875" lon="-2.8802765719592571258544921875">
        <ele>7.400000095367431640625</ele>
        <time>2018-05-27T11:09:47.000Z</time>
        <extensions>
          <ns3:TrackPointExtension>
            <ns3:hr>200</ns3:hr>
            <ns3:cad>96</ns3:cad>
          </ns3:TrackPointExtension>
        </extensions>
      </trkpt>
      <trkpt lat="55.9962380491197109222412109375" lon="-2.87998781539499759674072265625">
        <ele>8.6000003814697265625</ele>
        <time>2018-05-27T11:09:53.000Z</time>
        <extensions>
          <ns3:TrackPointExtension>
            <ns3:hr>199</ns3:hr>
            <ns3:cad>96</ns3:cad>
          </ns3:TrackPointExtension>
        </extensions>
      </trkpt>
      <trkpt lat="55.996131263673305511474609375" lon="-2.87967215292155742645263671875">
        <ele>10.3999996185302734375</ele>
        <time>2018-05-27T11:09:59.000Z</time>
        <extensions>
          <ns3:TrackPointExtension>
            <ns3:hr>199</ns3:hr>
            <ns3:cad>97</ns3:cad>
          </ns3:TrackPointExtension>
        </extensions>
      </trkpt>
      <trkpt lat="55.996054820716381072998046875" lon="-2.87934861145913600921630859375">
        <ele>12.3999996185302734375</ele>
        <time>2018-05-27T11:10:05.000Z</time>
        <extensions>
          <ns3:TrackPointExtension>
            <ns3:hr>198</ns3:hr>
            <ns3:cad>96</ns3:cad>
          </ns3:TrackPointExtension>
        </extensions>
      </trkpt>
      <trkpt lat="55.996005870401859283447265625" lon="-2.87902423180639743804931640625">
        <ele>13.80000019073486328125</ele>
        <time>2018-05-27T11:10:11.000Z</time>
        <extensions>
          <ns3:TrackPointExtension>
            <ns3:hr>196</ns3:hr>
            <ns3:cad>96</ns3:cad>
          </ns3:TrackPointExtension>
        </extensions>
      </trkpt>
      <trkpt lat="55.99598013795912265777587890625" lon="-2.87879423238337039947509765625">
        <ele>14.80000019073486328125</ele>
        <time>2018-05-27T11:10:15.000Z</time>
        <extensions>
          <ns3:TrackPointExtension>
            <ns3:hr>199</ns3:hr>
            <ns3:cad>95</ns3:cad>
          </ns3:TrackPointExtension>
        </extensions>
      </trkpt>
      <trkpt lat="55.9959567524492740631103515625" lon="-2.87842391990125179290771484375">
        <ele>15</ele>
        <time>2018-05-27T11:10:22.000Z</time>
        <extensions>
          <ns3:TrackPointExtension>
            <ns3:hr>200</ns3:hr>
            <ns3:cad>95</ns3:cad>
          </ns3:TrackPointExtension>
        </extensions>
      </trkpt>
      <trkpt lat="55.99585223011672496795654296875" lon="-2.87815385498106479644775390625">
        <ele>16</ele>
        <time>2018-05-27T11:10:29.000Z</time>
        <extensions>
          <ns3:TrackPointExtension>
            <ns3:hr>198</ns3:hr>
            <ns3:cad>96</ns3:cad>
          </ns3:TrackPointExtension>
        </extensions>
      </trkpt>
      <trkpt lat="55.99571392871439456939697265625" lon="-2.8780684433877468109130859375">
        <ele>16</ele>
        <time>2018-05-27T11:10:34.000Z</time>
        <extensions>
          <ns3:TrackPointExtension>
            <ns3:hr>195</ns3:hr>
            <ns3:cad>96</ns3:cad>
          </ns3:TrackPointExtension>
        </extensions>
      </trkpt>
      <trkpt lat="55.99550521932542324066162109375" lon="-2.878042794764041900634765625">
        <ele>16</ele>
        <time>2018-05-27T11:10:42.000Z</time>
        <extensions>
          <ns3:TrackPointExtension>
            <ns3:hr>197</ns3:hr>
            <ns3:cad>96</ns3:cad>
          </ns3:TrackPointExtension>
        </extensions>
      </trkpt>
      <trkpt lat="55.99531629122793674468994140625" lon="-2.87801362574100494384765625">
        <ele>16.3999996185302734375</ele>
        <time>2018-05-27T11:10:49.000Z</time>
        <extensions>
          <ns3:TrackPointExtension>
            <ns3:hr>197</ns3:hr>
            <ns3:cad>96</ns3:cad>
          </ns3:TrackPointExtension>
        </extensions>
      </trkpt>
      <trkpt lat="55.99512753076851367950439453125" lon="-2.8780050761997699737548828125">
        <ele>17</ele>
        <time>2018-05-27T11:10:56.000Z</time>
        <extensions>
          <ns3:TrackPointExtension>
            <ns3:hr>195</ns3:hr>
            <ns3:cad>97</ns3:cad>
          </ns3:TrackPointExtension>
        </extensions>
      </trkpt>
      <trkpt lat="55.99494497291743755340576171875" lon="-2.87802829407155513763427734375">
        <ele>16.3999996185302734375</ele>
        <time>2018-05-27T11:11:03.000Z</time>
        <extensions>
          <ns3:TrackPointExtension>
            <ns3:hr>193</ns3:hr>
            <ns3:cad>96</ns3:cad>
          </ns3:TrackPointExtension>
        </extensions>
      </trkpt>
      <trkpt lat="55.994757972657680511474609375" lon="-2.87805411033332347869873046875">
        <ele>16</ele>
        <time>2018-05-27T11:11:09.000Z</time>
        <extensions>
          <ns3:TrackPointExtension>
            <ns3:hr>195</ns3:hr>
            <ns3:cad>97</ns3:cad>
          </ns3:TrackPointExtension>
        </extensions>
      </trkpt>
      <trkpt lat="55.9945987164974212646484375" lon="-2.87803499959409236907958984375">
        <ele>15.6000003814697265625</ele>
        <time>2018-05-27T11:11:14.000Z</time>
        <extensions>
          <ns3:TrackPointExtension>
            <ns3:hr>192</ns3:hr>
            <ns3:cad>97</ns3:cad>
          </ns3:TrackPointExtension>
        </extensions>
      </trkpt>
      <trkpt lat="55.9944081120193004608154296875" lon="-2.8780694492161273956298828125">
        <ele>14.80000019073486328125</ele>
        <time>2018-05-27T11:11:19.000Z</time>
        <extensions>
          <ns3:TrackPointExtension>
            <ns3:hr>194</ns3:hr>
            <ns3:cad>97</ns3:cad>
          </ns3:TrackPointExtension>
        </extensions>
      </trkpt>
      <trkpt lat="55.99419948644936084747314453125" lon="-2.87812166847288608551025390625">
        <ele>13.6000003814697265625</ele>
        <time>2018-05-27T11:11:24.000Z</time>
        <extensions>
          <ns3:TrackPointExtension>
            <ns3:hr>195</ns3:hr>
            <ns3:cad>96</ns3:cad>
          </ns3:TrackPointExtension>
        </extensions>
      </trkpt>
      <trkpt lat="55.9940222091972827911376953125" lon="-2.87818931043148040771484375">
        <ele>13</ele>
        <time>2018-05-27T11:11:28.000Z</time>
        <extensions>
          <ns3:TrackPointExtension>
            <ns3:hr>194</ns3:hr>
            <ns3:cad>96</ns3:cad>
          </ns3:TrackPointExtension>
        </extensions>
      </trkpt>
      <trkpt lat="55.99384258501231670379638671875" lon="-2.8783004544675350189208984375">
        <ele>12.80000019073486328125</ele>
        <time>2018-05-27T11:11:33.000Z</time>
        <extensions>
          <ns3:TrackPointExtension>
            <ns3:hr>196</ns3:hr>
            <ns3:cad>97</ns3:cad>
          </ns3:TrackPointExtension>
        </extensions>
      </trkpt>
      <trkpt lat="55.99367679096758365631103515625" lon="-2.878433726727962493896484375">
        <ele>12.80000019073486328125</ele>
        <time>2018-05-27T11:11:38.000Z</time>
        <extensions>
          <ns3:TrackPointExtension>
            <ns3:hr>196</ns3:hr>
            <ns3:cad>97</ns3:cad>
          </ns3:TrackPointExtension>
        </extensions>
      </trkpt>
      <trkpt lat="55.99348383955657482147216796875" lon="-2.87859759293496608734130859375">
        <ele>12.6000003814697265625</ele>
        <time>2018-05-27T11:11:44.000Z</time>
        <extensions>
          <ns3:TrackPointExtension>
            <ns3:hr>195</ns3:hr>
            <ns3:cad>97</ns3:cad>
          </ns3:TrackPointExtension>
        </extensions>
      </trkpt>
      <trkpt lat="55.99335945211350917816162109375" lon="-2.87871393375098705291748046875">
        <ele>12.6000003814697265625</ele>
        <time>2018-05-27T11:11:48.000Z</time>
        <extensions>
          <ns3:TrackPointExtension>
            <ns3:hr>198</ns3:hr>
            <ns3:cad>97</ns3:cad>
          </ns3:TrackPointExtension>
        </extensions>
      </trkpt>
      <trkpt lat="55.99317806772887706756591796875" lon="-2.87891962565481662750244140625">
        <ele>12.6000003814697265625</ele>
        <time>2018-05-27T11:11:54.000Z</time>
        <extensions>
          <ns3:TrackPointExtension>
            <ns3:hr>200</ns3:hr>
            <ns3:cad>97</ns3:cad>
          </ns3:TrackPointExtension>
        </extensions>
      </trkpt>
      <trkpt lat="55.99300942383706569671630859375" lon="-2.87914778105914592742919921875">
        <ele>12.19999980926513671875</ele>
        <time>2018-05-27T11:12:00.000Z</time>
        <extensions>
          <ns3:TrackPointExtension>
            <ns3:hr>200</ns3:hr>
            <ns3:cad>97</ns3:cad>
          </ns3:TrackPointExtension>
        </extensions>
      </trkpt>
      <trkpt lat="55.992862991988658905029296875" lon="-2.8793719969689846038818359375">
        <ele>12.3999996185302734375</ele>
        <time>2018-05-27T11:12:06.000Z</time>
        <extensions>
          <ns3:TrackPointExtension>
            <ns3:hr>198</ns3:hr>
            <ns3:cad>97</ns3:cad>
          </ns3:TrackPointExtension>
        </extensions>
      </trkpt>
      <trkpt lat="55.9926978684961795806884765625" lon="-2.8796040080487728118896484375">
        <ele>13.19999980926513671875</ele>
        <time>2018-05-27T11:12:12.000Z</time>
        <extensions>
          <ns3:TrackPointExtension>
            <ns3:hr>198</ns3:hr>
            <ns3:cad>97</ns3:cad>
          </ns3:TrackPointExtension>
        </extensions>
      </trkpt>
      <trkpt lat="55.99256166256964206695556640625" lon="-2.879817076027393341064453125">
        <ele>14</ele>
        <time>2018-05-27T11:12:17.000Z</time>
        <extensions>
          <ns3:TrackPointExtension>
            <ns3:hr>199</ns3:hr>
            <ns3:cad>97</ns3:cad>
          </ns3:TrackPointExtension>
        </extensions>
      </trkpt>
      <trkpt lat="55.9924068488180637359619140625" lon="-2.8800630010664463043212890625">
        <ele>14</ele>
        <time>2018-05-27T11:12:23.000Z</time>
        <extensions>
          <ns3:TrackPointExtension>
            <ns3:hr>199</ns3:hr>
            <ns3:cad>98</ns3:cad>
          </ns3:TrackPointExtension>
        </extensions>
      </trkpt>
      <trkpt lat="55.99226209335029125213623046875" lon="-2.8802574612200260162353515625">
        <ele>14.6000003814697265625</ele>
        <time>2018-05-27T11:12:28.000Z</time>
        <extensions>
          <ns3:TrackPointExtension>
            <ns3:hr>198</ns3:hr>
            <ns3:cad>98</ns3:cad>
          </ns3:TrackPointExtension>
        </extensions>
      </trkpt>
      <trkpt lat="55.99211138673126697540283203125" lon="-2.880435995757579803466796875">
        <ele>15</ele>
        <time>2018-05-27T11:12:33.000Z</time>
        <extensions>
          <ns3:TrackPointExtension>
            <ns3:hr>200</ns3:hr>
            <ns3:cad>98</ns3:cad>
          </ns3:TrackPointExtension>
        </extensions>
      </trkpt>
      <trkpt lat="55.9919647872447967529296875" lon="-2.880625426769256591796875">
        <ele>14.6000003814697265625</ele>
        <time>2018-05-27T11:12:38.000Z</time>
        <extensions>
          <ns3:TrackPointExtension>
            <ns3:hr>198</ns3:hr>
            <ns3:cad>98</ns3:cad>
          </ns3:TrackPointExtension>
        </extensions>
      </trkpt>
      <trkpt lat="55.9917899407446384429931640625" lon="-2.8808327950537204742431640625">
        <ele>13.3999996185302734375</ele>
        <time>2018-05-27T11:12:44.000Z</time>
        <extensions>
          <ns3:TrackPointExtension>
            <ns3:hr>197</ns3:hr>
            <ns3:cad>98</ns3:cad>
          </ns3:TrackPointExtension>
        </extensions>
      </trkpt>
      <trkpt lat="55.9916273318231105804443359375" lon="-2.88105114363133907318115234375">
        <ele>12.80000019073486328125</ele>
        <time>2018-05-27T11:12:50.000Z</time>
        <extensions>
          <ns3:TrackPointExtension>
            <ns3:hr>197</ns3:hr>
            <ns3:cad>98</ns3:cad>
          </ns3:TrackPointExtension>
        </extensions>
      </trkpt>
      <trkpt lat="55.99147285334765911102294921875" lon="-2.88127209059894084930419921875">
        <ele>12.80000019073486328125</ele>
        <time>2018-05-27T11:12:56.000Z</time>
        <extensions>
          <ns3:TrackPointExtension>
            <ns3:hr>196</ns3:hr>
            <ns3:cad>97</ns3:cad>
          </ns3:TrackPointExtension>
        </extensions>
      </trkpt>
      <trkpt lat="55.9913118369877338409423828125" lon="-2.88151600398123264312744140625">
        <ele>12.19999980926513671875</ele>
        <time>2018-05-27T11:13:02.000Z</time>
        <extensions>
          <ns3:TrackPointExtension>
            <ns3:hr>194</ns3:hr>
            <ns3:cad>97</ns3:cad>
          </ns3:TrackPointExtension>
        </extensions>
      </trkpt>
      <trkpt lat="55.991169512271881103515625" lon="-2.88173041306436061859130859375">
        <ele>11.80000019073486328125</ele>
        <time>2018-05-27T11:13:07.000Z</time>
        <extensions>
          <ns3:TrackPointExtension>
            <ns3:hr>195</ns3:hr>
            <ns3:cad>97</ns3:cad>
          </ns3:TrackPointExtension>
        </extensions>
      </trkpt>
      <trkpt lat="55.99100866355001926422119140625" lon="-2.88197482936084270477294921875">
        <ele>11.19999980926513671875</ele>
        <time>2018-05-27T11:13:13.000Z</time>
        <extensions>
          <ns3:TrackPointExtension>
            <ns3:hr>196</ns3:hr>
            <ns3:cad>97</ns3:cad>
          </ns3:TrackPointExtension>
        </extensions>
      </trkpt>
      <trkpt lat="55.9908565320074558258056640625" lon="-2.88222544826567173004150390625">
        <ele>11.19999980926513671875</ele>
        <time>2018-05-27T11:13:19.000Z</time>
        <extensions>
          <ns3:TrackPointExtension>
            <ns3:hr>196</ns3:hr>
            <ns3:cad>97</ns3:cad>
          </ns3:TrackPointExtension>
        </extensions>
      </trkpt>
      <trkpt lat="55.99072225391864776611328125" lon="-2.8824434615671634674072265625">
        <ele>11.6000003814697265625</ele>
        <time>2018-05-27T11:13:24.000Z</time>
        <extensions>
          <ns3:TrackPointExtension>
            <ns3:hr>197</ns3:hr>
            <ns3:cad>98</ns3:cad>
          </ns3:TrackPointExtension>
        </extensions>
      </trkpt>
      <trkpt lat="55.99065142683684825897216796875" lon="-2.88258721120655536651611328125">
        <ele>11.80000019073486328125</ele>
        <time>2018-05-27T11:13:27.000Z</time>
        <extensions>
          <ns3:TrackPointExtension>
            <ns3:hr>194</ns3:hr>
            <ns3:cad>96</ns3:cad>
          </ns3:TrackPointExtension>
        </extensions>
      </trkpt>
      <trkpt lat="55.9905075095593929290771484375" lon="-2.882850654423236846923828125">
        <ele>12</ele>
        <time>2018-05-27T11:13:33.000Z</time>
        <extensions>
          <ns3:TrackPointExtension>
            <ns3:hr>195</ns3:hr>
            <ns3:cad>97</ns3:cad>
          </ns3:TrackPointExtension>
        </extensions>
      </trkpt>
      <trkpt lat="55.99037197418510913848876953125" lon="-2.88311543874442577362060546875">
        <ele>11.80000019073486328125</ele>
        <time>2018-05-27T11:13:39.000Z</time>
        <extensions>
          <ns3:TrackPointExtension>
            <ns3:hr>197</ns3:hr>
            <ns3:cad>97</ns3:cad>
          </ns3:TrackPointExtension>
        </extensions>
      </trkpt>
      <trkpt lat="55.99022780545055866241455078125" lon="-2.88338231854140758514404296875">
        <ele>11.3999996185302734375</ele>
        <time>2018-05-27T11:13:45.000Z</time>
        <extensions>
          <ns3:TrackPointExtension>
            <ns3:hr>198</ns3:hr>
            <ns3:cad>96</ns3:cad>
          </ns3:TrackPointExtension>
        </extensions>
      </trkpt>
      <trkpt lat="55.9900991432368755340576171875" lon="-2.88365389220416545867919921875">
        <ele>11</ele>
        <time>2018-05-27T11:13:51.000Z</time>
        <extensions>
          <ns3:TrackPointExtension>
            <ns3:hr>198</ns3:hr>
            <ns3:cad>96</ns3:cad>
          </ns3:TrackPointExtension>
        </extensions>
      </trkpt>
      <trkpt lat="55.98996184766292572021484375" lon="-2.883940301835536956787109375">
        <ele>11</ele>
        <time>2018-05-27T11:13:57.000Z</time>
        <extensions>
          <ns3:TrackPointExtension>
            <ns3:hr>198</ns3:hr>
            <ns3:cad>96</ns3:cad>
          </ns3:TrackPointExtension>
        </extensions>
      </trkpt>
      <trkpt lat="55.98990057595074176788330078125" lon="-2.88408723659813404083251953125">
        <ele>11</ele>
        <time>2018-05-27T11:14:00.000Z</time>
        <extensions>
          <ns3:TrackPointExtension>
            <ns3:hr>195</ns3:hr>
            <ns3:cad>97</ns3:cad>
          </ns3:TrackPointExtension>
        </extensions>
      </trkpt>
      <trkpt lat="55.9898017533123493194580078125" lon="-2.884423770010471343994140625">
        <ele>11.19999980926513671875</ele>
        <time>2018-05-27T11:14:06.000Z</time>
        <extensions>
          <ns3:TrackPointExtension>
            <ns3:hr>197</ns3:hr>
            <ns3:cad>97</ns3:cad>
          </ns3:TrackPointExtension>
        </extensions>
      </trkpt>
      <trkpt lat="55.98970779217779636383056640625" lon="-2.88475426845252513885498046875">
        <ele>11.6000003814697265625</ele>
        <time>2018-05-27T11:14:12.000Z</time>
        <extensions>
          <ns3:TrackPointExtension>
            <ns3:hr>198</ns3:hr>
            <ns3:cad>97</ns3:cad>
          </ns3:TrackPointExtension>
        </extensions>
      </trkpt>
      <trkpt lat="55.98962782882153987884521484375" lon="-2.8851022012531757354736328125">
        <ele>12</ele>
        <time>2018-05-27T11:14:18.000Z</time>
        <extensions>
          <ns3:TrackPointExtension>
            <ns3:hr>199</ns3:hr>
            <ns3:cad>98</ns3:cad>
          </ns3:TrackPointExtension>
        </extensions>
      </trkpt>
      <trkpt lat="55.9895489551126956939697265625" lon="-2.88544309325516223907470703125">
        <ele>12</ele>
        <time>2018-05-27T11:14:24.000Z</time>
        <extensions>
          <ns3:TrackPointExtension>
            <ns3:hr>197</ns3:hr>
            <ns3:cad>97</ns3:cad>
          </ns3:TrackPointExtension>
        </extensions>
      </trkpt>
      <trkpt lat="55.98949111998081207275390625" lon="-2.88573076017200946807861328125">
        <ele>12.19999980926513671875</ele>
        <time>2018-05-27T11:14:29.000Z</time>
        <extensions>
          <ns3:TrackPointExtension>
            <ns3:hr>200</ns3:hr>
            <ns3:cad>96</ns3:cad>
          </ns3:TrackPointExtension>
        </extensions>
      </trkpt>
      <trkpt lat="55.9894299320876598358154296875" lon="-2.88608296774327754974365234375">
        <ele>12</ele>
        <time>2018-05-27T11:14:35.000Z</time>
        <extensions>
          <ns3:TrackPointExtension>
            <ns3:hr>202</ns3:hr>
            <ns3:cad>96</ns3:cad>
          </ns3:TrackPointExtension>
        </extensions>
      </trkpt>
      <trkpt lat="55.989417023956775665283203125" lon="-2.8864560462534427642822265625">
        <ele>11.80000019073486328125</ele>
        <time>2018-05-27T11:14:41.000Z</time>
        <extensions>
          <ns3:TrackPointExtension>
            <ns3:hr>203</ns3:hr>
            <ns3:cad>96</ns3:cad>
          </ns3:TrackPointExtension>
        </extensions>
      </trkpt>
      <trkpt lat="55.989438481628894805908203125" lon="-2.88677698932588100433349609375">
        <ele>11</ele>
        <time>2018-05-27T11:14:46.000Z</time>
        <extensions>
          <ns3:TrackPointExtension>
            <ns3:hr>201</ns3:hr>
            <ns3:cad>97</ns3:cad>
          </ns3:TrackPointExtension>
        </extensions>
      </trkpt>
      <trkpt lat="55.98949648439884185791015625" lon="-2.88713539950549602508544921875">
        <ele>10.3999996185302734375</ele>
        <time>2018-05-27T11:14:52.000Z</time>
        <extensions>
          <ns3:TrackPointExtension>
            <ns3:hr>199</ns3:hr>
            <ns3:cad>98</ns3:cad>
          </ns3:TrackPointExtension>
        </extensions>
      </trkpt>
      <trkpt lat="55.98960586823523044586181640625" lon="-2.88746598176658153533935546875">
        <ele>10</ele>
        <time>2018-05-27T11:14:58.000Z</time>
        <extensions>
          <ns3:TrackPointExtension>
            <ns3:hr>199</ns3:hr>
            <ns3:cad>98</ns3:cad>
          </ns3:TrackPointExtension>
        </extensions>
      </trkpt>
      <trkpt lat="55.98972178995609283447265625" lon="-2.88771576248109340667724609375">
        <ele>10.6000003814697265625</ele>
        <time>2018-05-27T11:15:03.000Z</time>
        <extensions>
          <ns3:TrackPointExtension>
            <ns3:hr>199</ns3:hr>
            <ns3:cad>98</ns3:cad>
          </ns3:TrackPointExtension>
        </extensions>
      </trkpt>
      <trkpt lat="55.98986134864389896392822265625" lon="-2.887955568730831146240234375">
        <ele>11.19999980926513671875</ele>
        <time>2018-05-27T11:15:08.000Z</time>
        <extensions>
          <ns3:TrackPointExtension>
            <ns3:hr>201</ns3:hr>
            <ns3:cad>98</ns3:cad>
          </ns3:TrackPointExtension>
        </extensions>
      </trkpt>
      <trkpt lat="55.9900045953691005706787109375" lon="-2.888184227049350738525390625">
        <ele>12</ele>
        <time>2018-05-27T11:15:13.000Z</time>
        <extensions>
          <ns3:TrackPointExtension>
            <ns3:hr>203</ns3:hr>
            <ns3:cad>98</ns3:cad>
          </ns3:TrackPointExtension>
        </extensions>
      </trkpt>
      <trkpt lat="55.9901212714612483978271484375" lon="-2.8883604146540164947509765625">
        <ele>12</ele>
        <time>2018-05-27T11:15:17.000Z</time>
        <extensions>
          <ns3:TrackPointExtension>
            <ns3:hr>200</ns3:hr>
            <ns3:cad>98</ns3:cad>
          </ns3:TrackPointExtension>
        </extensions>
      </trkpt>
      <trkpt lat="55.99026887677609920501708984375" lon="-2.8885781764984130859375">
        <ele>11</ele>
        <time>2018-05-27T11:15:22.000Z</time>
        <extensions>
          <ns3:TrackPointExtension>
            <ns3:hr>202</ns3:hr>
            <ns3:cad>98</ns3:cad>
          </ns3:TrackPointExtension>
        </extensions>
      </trkpt>
      <trkpt lat="55.99041170440614223480224609375" lon="-2.8887996263802051544189453125">
        <ele>10</ele>
        <time>2018-05-27T11:15:27.000Z</time>
        <extensions>
          <ns3:TrackPointExtension>
            <ns3:hr>201</ns3:hr>
            <ns3:cad>99</ns3:cad>
          </ns3:TrackPointExtension>
        </extensions>
      </trkpt>
      <trkpt lat="55.99055972881615161895751953125" lon="-2.88902317173779010772705078125">
        <ele>10</ele>
        <time>2018-05-27T11:15:32.000Z</time>
        <extensions>
          <ns3:TrackPointExtension>
            <ns3:hr>201</ns3:hr>
            <ns3:cad>100</ns3:cad>
          </ns3:TrackPointExtension>
        </extensions>
      </trkpt>
      <trkpt lat="55.99070657975971698760986328125" lon="-2.8892348147928714752197265625">
        <ele>10</ele>
        <time>2018-05-27T11:15:37.000Z</time>
        <extensions>
          <ns3:TrackPointExtension>
            <ns3:hr>202</ns3:hr>
            <ns3:cad>100</ns3:cad>
          </ns3:TrackPointExtension>
        </extensions>
      </trkpt>
      <trkpt lat="55.9908615611493587493896484375" lon="-2.88949205540120601654052734375">
        <ele>8.3999996185302734375</ele>
        <time>2018-05-27T11:15:43.000Z</time>
        <extensions>
          <ns3:TrackPointExtension>
            <ns3:hr>199</ns3:hr>
            <ns3:cad>99</ns3:cad>
          </ns3:TrackPointExtension>
        </extensions>
      </trkpt>
      <trkpt lat="55.990831218659877777099609375" lon="-2.88983101956546306610107421875">
        <ele>7.400000095367431640625</ele>
        <time>2018-05-27T11:15:49.000Z</time>
        <extensions>
          <ns3:TrackPointExtension>
            <ns3:hr>202</ns3:hr>
            <ns3:cad>98</ns3:cad>
          </ns3:TrackPointExtension>
        </extensions>
      </trkpt>
      <trkpt lat="55.99072015844285488128662109375" lon="-2.89015221409499645233154296875">
        <ele>7.599999904632568359375</ele>
        <time>2018-05-27T11:15:55.000Z</time>
        <extensions>
          <ns3:TrackPointExtension>
            <ns3:hr>204</ns3:hr>
            <ns3:cad>98</ns3:cad>
          </ns3:TrackPointExtension>
        </extensions>
      </trkpt>
      <trkpt lat="55.99060901440680027008056640625" lon="-2.89046519435942173004150390625">
        <ele>7.599999904632568359375</ele>
        <time>2018-05-27T11:16:01.000Z</time>
        <extensions>
          <ns3:TrackPointExtension>
            <ns3:hr>204</ns3:hr>
            <ns3:cad>97</ns3:cad>
          </ns3:TrackPointExtension>
        </extensions>
      </trkpt>
      <trkpt lat="55.99051161669194698333740234375" lon="-2.89076409302651882171630859375">
        <ele>7.599999904632568359375</ele>
        <time>2018-05-27T11:16:07.000Z</time>
        <extensions>
          <ns3:TrackPointExtension>
            <ns3:hr>202</ns3:hr>
            <ns3:cad>96</ns3:cad>
          </ns3:TrackPointExtension>
        </extensions>
      </trkpt>
      <trkpt lat="55.99041673354804515838623046875" lon="-2.89099283516407012939453125">
        <ele>7.80000019073486328125</ele>
        <time>2018-05-27T11:16:12.000Z</time>
        <extensions>
          <ns3:TrackPointExtension>
            <ns3:hr>199</ns3:hr>
            <ns3:cad>95</ns3:cad>
          </ns3:TrackPointExtension>
        </extensions>
      </trkpt>
      <trkpt lat="55.9902915917336940765380859375" lon="-2.891258709132671356201171875">
        <ele>8.3999996185302734375</ele>
        <time>2018-05-27T11:16:18.000Z</time>
        <extensions>
          <ns3:TrackPointExtension>
            <ns3:hr>197</ns3:hr>
            <ns3:cad>95</ns3:cad>
          </ns3:TrackPointExtension>
        </extensions>
      </trkpt>
      <trkpt lat="55.99015706218779087066650390625" lon="-2.8915317915380001068115234375">
        <ele>9.3999996185302734375</ele>
        <time>2018-05-27T11:16:24.000Z</time>
        <extensions>
          <ns3:TrackPointExtension>
            <ns3:hr>198</ns3:hr>
            <ns3:cad>97</ns3:cad>
          </ns3:TrackPointExtension>
        </extensions>
      </trkpt>
      <trkpt lat="55.990040302276611328125" lon="-2.891778387129306793212890625">
        <ele>8.6000003814697265625</ele>
        <time>2018-05-27T11:16:29.000Z</time>
        <extensions>
          <ns3:TrackPointExtension>
            <ns3:hr>199</ns3:hr>
            <ns3:cad>97</ns3:cad>
          </ns3:TrackPointExtension>
        </extensions>
      </trkpt>
      <trkpt lat="55.9899745881557464599609375" lon="-2.89194091223180294036865234375">
        <ele>8.6000003814697265625</ele>
        <time>2018-05-27T11:16:32.000Z</time>
        <extensions>
          <ns3:TrackPointExtension>
            <ns3:hr>200</ns3:hr>
            <ns3:cad>98</ns3:cad>
          </ns3:TrackPointExtension>
        </extensions>
      </trkpt>
      <trkpt lat="55.9898678027093410491943359375" lon="-2.89221952669322490692138671875">
        <ele>8.19999980926513671875</ele>
        <time>2018-05-27T11:16:37.000Z</time>
        <extensions>
          <ns3:TrackPointExtension>
            <ns3:hr>201</ns3:hr>
            <ns3:cad>99</ns3:cad>
          </ns3:TrackPointExtension>
        </extensions>
      </trkpt>
      <trkpt lat="55.98978121764957904815673828125" lon="-2.892560251057147979736328125">
        <ele>8.6000003814697265625</ele>
        <time>2018-05-27T11:16:43.000Z</time>
        <extensions>
          <ns3:TrackPointExtension>
            <ns3:hr>202</ns3:hr>
            <ns3:cad>98</ns3:cad>
          </ns3:TrackPointExtension>
        </extensions>
      </trkpt>
      <trkpt lat="55.98973251879215240478515625" lon="-2.89279527962207794189453125">
        <ele>9.80000019073486328125</ele>
        <time>2018-05-27T11:16:47.000Z</time>
        <extensions>
          <ns3:TrackPointExtension>
            <ns3:hr>199</ns3:hr>
            <ns3:cad>97</ns3:cad>
          </ns3:TrackPointExtension>
        </extensions>
      </trkpt>
      <trkpt lat="55.989654399454593658447265625" lon="-2.89306978695094585418701171875">
        <ele>10.80000019073486328125</ele>
        <time>2018-05-27T11:16:52.000Z</time>
        <extensions>
          <ns3:TrackPointExtension>
            <ns3:hr>202</ns3:hr>
            <ns3:cad>98</ns3:cad>
          </ns3:TrackPointExtension>
        </extensions>
      </trkpt>
      <trkpt lat="55.98956328816711902618408203125" lon="-2.89340757764875888824462890625">
        <ele>12.3999996185302734375</ele>
        <time>2018-05-27T11:16:58.000Z</time>
        <extensions>
          <ns3:TrackPointExtension>
            <ns3:hr>204</ns3:hr>
            <ns3:cad>98</ns3:cad>
          </ns3:TrackPointExtension>
        </extensions>
      </trkpt>
      <trkpt lat="55.98947108723223209381103515625" lon="-2.893743105232715606689453125">
        <ele>12.80000019073486328125</ele>
        <time>2018-05-27T11:17:04.000Z</time>
        <extensions>
          <ns3:TrackPointExtension>
            <ns3:hr>203</ns3:hr>
            <ns3:cad>97</ns3:cad>
          </ns3:TrackPointExtension>
        </extensions>
      </trkpt>
      <trkpt lat="55.98938978277146816253662109375" lon="-2.89407695643603801727294921875">
        <ele>13.19999980926513671875</ele>
        <time>2018-05-27T11:17:10.000Z</time>
        <extensions>
          <ns3:TrackPointExtension>
            <ns3:hr>203</ns3:hr>
            <ns3:cad>97</ns3:cad>
          </ns3:TrackPointExtension>
        </extensions>
      </trkpt>
      <trkpt lat="55.98931233398616313934326171875" lon="-2.89441809989511966705322265625">
        <ele>13.3999996185302734375</ele>
        <time>2018-05-27T11:17:16.000Z</time>
        <extensions>
          <ns3:TrackPointExtension>
            <ns3:hr>201</ns3:hr>
            <ns3:cad>97</ns3:cad>
          </ns3:TrackPointExtension>
        </extensions>
      </trkpt>
      <trkpt lat="55.98922382108867168426513671875" lon="-2.89473745040595531463623046875">
        <ele>13.19999980926513671875</ele>
        <time>2018-05-27T11:17:22.000Z</time>
        <extensions>
          <ns3:TrackPointExtension>
            <ns3:hr>201</ns3:hr>
            <ns3:cad>97</ns3:cad>
          </ns3:TrackPointExtension>
        </extensions>
      </trkpt>
      <trkpt lat="55.98914000205695629119873046875" lon="-2.8950686194002628326416015625">
        <ele>12.6000003814697265625</ele>
        <time>2018-05-27T11:17:28.000Z</time>
        <extensions>
          <ns3:TrackPointExtension>
            <ns3:hr>201</ns3:hr>
            <ns3:cad>96</ns3:cad>
          </ns3:TrackPointExtension>
        </extensions>
      </trkpt>
      <trkpt lat="55.9890651516616344451904296875" lon="-2.89540582336485385894775390625">
        <ele>11.3999996185302734375</ele>
        <time>2018-05-27T11:17:34.000Z</time>
        <extensions>
          <ns3:TrackPointExtension>
            <ns3:hr>200</ns3:hr>
            <ns3:cad>97</ns3:cad>
          </ns3:TrackPointExtension>
        </extensions>
      </trkpt>
      <trkpt lat="55.989022739231586456298828125" lon="-2.8955675102770328521728515625">
        <ele>11.3999996185302734375</ele>
        <time>2018-05-27T11:17:37.000Z</time>
        <extensions>
          <ns3:TrackPointExtension>
            <ns3:hr>197</ns3:hr>
            <ns3:cad>97</ns3:cad>
          </ns3:TrackPointExtension>
        </extensions>
      </trkpt>
      <trkpt lat="55.988905392587184906005859375" lon="-2.89586582221090793609619140625">
        <ele>11.19999980926513671875</ele>
        <time>2018-05-27T11:17:43.000Z</time>
        <extensions>
          <ns3:TrackPointExtension>
            <ns3:hr>196</ns3:hr>
            <ns3:cad>96</ns3:cad>
          </ns3:TrackPointExtension>
        </extensions>
      </trkpt>
      <trkpt lat="55.9887449629604816436767578125" lon="-2.89611292071640491485595703125">
        <ele>11.3999996185302734375</ele>
        <time>2018-05-27T11:17:49.000Z</time>
        <extensions>
          <ns3:TrackPointExtension>
            <ns3:hr>196</ns3:hr>
            <ns3:cad>96</ns3:cad>
          </ns3:TrackPointExtension>
        </extensions>
      </trkpt>
      <trkpt lat="55.98859257996082305908203125" lon="-2.89628491736948490142822265625">
        <ele>10.80000019073486328125</ele>
        <time>2018-05-27T11:17:54.000Z</time>
        <extensions>
          <ns3:TrackPointExtension>
            <ns3:hr>199</ns3:hr>
            <ns3:cad>97</ns3:cad>
          </ns3:TrackPointExtension>
        </extensions>
      </trkpt>
      <trkpt lat="55.9884215891361236572265625" lon="-2.89638650603592395782470703125">
        <ele>10.19999980926513671875</ele>
        <time>2018-05-27T11:17:59.000Z</time>
        <extensions>
          <ns3:TrackPointExtension>
            <ns3:hr>202</ns3:hr>
            <ns3:cad>97</ns3:cad>
          </ns3:TrackPointExtension>
        </extensions>
      </trkpt>
      <trkpt lat="55.98821899853646755218505859375" lon="-2.896451465785503387451171875">
        <ele>9.3999996185302734375</ele>
        <time>2018-05-27T11:18:05.000Z</time>
        <extensions>
          <ns3:TrackPointExtension>
            <ns3:hr>202</ns3:hr>
            <ns3:cad>98</ns3:cad>
          </ns3:TrackPointExtension>
        </extensions>
      </trkpt>
      <trkpt lat="55.9880244545638561248779296875" lon="-2.89646127261221408843994140625">
        <ele>8.6000003814697265625</ele>
        <time>2018-05-27T11:18:11.000Z</time>
        <extensions>
          <ns3:TrackPointExtension>
            <ns3:hr>202</ns3:hr>
            <ns3:cad>97</ns3:cad>
          </ns3:TrackPointExtension>
        </extensions>
      </trkpt>
      <trkpt lat="55.98784449510276317596435546875" lon="-2.896440736949443817138671875">
        <ele>8.3999996185302734375</ele>
        <time>2018-05-27T11:18:16.000Z</time>
        <extensions>
          <ns3:TrackPointExtension>
            <ns3:hr>200</ns3:hr>
            <ns3:cad>97</ns3:cad>
          </ns3:TrackPointExtension>
        </extensions>
      </trkpt>
      <trkpt lat="55.9876616857945919036865234375" lon="-2.89641886018216609954833984375">
        <ele>8.3999996185302734375</ele>
        <time>2018-05-27T11:18:21.000Z</time>
        <extensions>
          <ns3:TrackPointExtension>
            <ns3:hr>199</ns3:hr>
            <ns3:cad>98</ns3:cad>
          </ns3:TrackPointExtension>
        </extensions>
      </trkpt>
      <trkpt lat="55.98744685761630535125732421875" lon="-2.8963996656239032745361328125">
        <ele>7.80000019073486328125</ele>
        <time>2018-05-27T11:18:27.000Z</time>
        <extensions>
          <ns3:TrackPointExtension>
            <ns3:hr>200</ns3:hr>
            <ns3:cad>98</ns3:cad>
          </ns3:TrackPointExtension>
        </extensions>
      </trkpt>
      <trkpt lat="55.98723580129444599151611328125" lon="-2.896375693380832672119140625">
        <ele>7.80000019073486328125</ele>
        <time>2018-05-27T11:18:33.000Z</time>
        <extensions>
          <ns3:TrackPointExtension>
            <ns3:hr>202</ns3:hr>
            <ns3:cad>98</ns3:cad>
          </ns3:TrackPointExtension>
        </extensions>
      </trkpt>
      <trkpt lat="55.98712784238159656524658203125" lon="-2.8963728435337543487548828125">
        <ele>7.599999904632568359375</ele>
        <time>2018-05-27T11:18:36.000Z</time>
        <extensions>
          <ns3:TrackPointExtension>
            <ns3:hr>205</ns3:hr>
            <ns3:cad>98</ns3:cad>
          </ns3:TrackPointExtension>
        </extensions>
      </trkpt>
      <trkpt lat="55.98693673498928546905517578125" lon="-2.89635666646063327789306640625">
        <ele>7</ele>
        <time>2018-05-27T11:18:42.000Z</time>
        <extensions>
          <ns3:TrackPointExtension>
            <ns3:hr>205</ns3:hr>
            <ns3:cad>98</ns3:cad>
          </ns3:TrackPointExtension>
        </extensions>
      </trkpt>
      <trkpt lat="55.98680086433887481689453125" lon="-2.89632867090404033660888671875">
        <ele>7.19999980926513671875</ele>
        <time>2018-05-27T11:18:46.000Z</time>
        <extensions>
          <ns3:TrackPointExtension>
            <ns3:hr>202</ns3:hr>
            <ns3:cad>98</ns3:cad>
          </ns3:TrackPointExtension>
        </extensions>
      </trkpt>
      <trkpt lat="55.98659098148345947265625" lon="-2.8962962329387664794921875">
        <ele>7</ele>
        <time>2018-05-27T11:18:52.000Z</time>
        <extensions>
          <ns3:TrackPointExtension>
            <ns3:hr>201</ns3:hr>
            <ns3:cad>97</ns3:cad>
          </ns3:TrackPointExtension>
        </extensions>
      </trkpt>
      <trkpt lat="55.9863846190273761749267578125" lon="-2.89626597426831722259521484375">
        <ele>6.599999904632568359375</ele>
        <time>2018-05-27T11:18:58.000Z</time>
        <extensions>
          <ns3:TrackPointExtension>
            <ns3:hr>200</ns3:hr>
            <ns3:cad>97</ns3:cad>
          </ns3:TrackPointExtension>
        </extensions>
      </trkpt>
      <trkpt lat="55.986200384795665740966796875" lon="-2.89624686352908611297607421875">
        <ele>6.80000019073486328125</ele>
        <time>2018-05-27T11:19:03.000Z</time>
        <extensions>
          <ns3:TrackPointExtension>
            <ns3:hr>200</ns3:hr>
            <ns3:cad>97</ns3:cad>
          </ns3:TrackPointExtension>
        </extensions>
      </trkpt>
      <trkpt lat="55.985987484455108642578125" lon="-2.8962286747992038726806640625">
        <ele>7</ele>
        <time>2018-05-27T11:19:09.000Z</time>
        <extensions>
          <ns3:TrackPointExtension>
            <ns3:hr>201</ns3:hr>
            <ns3:cad>97</ns3:cad>
          </ns3:TrackPointExtension>
        </extensions>
      </trkpt>
      <trkpt lat="55.98580718971788883209228515625" lon="-2.89621517993509769439697265625">
        <ele>6.400000095367431640625</ele>
        <time>2018-05-27T11:19:14.000Z</time>
        <extensions>
          <ns3:TrackPointExtension>
            <ns3:hr>202</ns3:hr>
            <ns3:cad>96</ns3:cad>
          </ns3:TrackPointExtension>
        </extensions>
      </trkpt>
      <trkpt lat="55.98567643202841281890869140625" lon="-2.8962025232613086700439453125">
        <ele>6</ele>
        <time>2018-05-27T11:19:18.000Z</time>
        <extensions>
          <ns3:TrackPointExtension>
            <ns3:hr>199</ns3:hr>
            <ns3:cad>97</ns3:cad>
          </ns3:TrackPointExtension>
        </extensions>
      </trkpt>
      <trkpt lat="55.9854790382087230682373046875" lon="-2.8961978293955326080322265625">
        <ele>6</ele>
        <time>2018-05-27T11:19:24.000Z</time>
        <extensions>
          <ns3:TrackPointExtension>
            <ns3:hr>198</ns3:hr>
            <ns3:cad>96</ns3:cad>
          </ns3:TrackPointExtension>
        </extensions>
      </trkpt>
      <trkpt lat="55.985284745693206787109375" lon="-2.896214760839939117431640625">
        <ele>6</ele>
        <time>2018-05-27T11:19:30.000Z</time>
        <extensions>
          <ns3:TrackPointExtension>
            <ns3:hr>199</ns3:hr>
            <ns3:cad>97</ns3:cad>
          </ns3:TrackPointExtension>
        </extensions>
      </trkpt>
      <trkpt lat="55.9850728511810302734375" lon="-2.89625206030905246734619140625">
        <ele>6.19999980926513671875</ele>
        <time>2018-05-27T11:19:36.000Z</time>
        <extensions>
          <ns3:TrackPointExtension>
            <ns3:hr>199</ns3:hr>
            <ns3:cad>97</ns3:cad>
          </ns3:TrackPointExtension>
        </extensions>
      </trkpt>
      <trkpt lat="55.9848892875015735626220703125" lon="-2.8962749429047107696533203125">
        <ele>6.599999904632568359375</ele>
        <time>2018-05-27T11:19:41.000Z</time>
        <extensions>
          <ns3:TrackPointExtension>
            <ns3:hr>201</ns3:hr>
            <ns3:cad>96</ns3:cad>
          </ns3:TrackPointExtension>
        </extensions>
      </trkpt>
      <trkpt lat="55.9847025386989116668701171875" lon="-2.89632732979953289031982421875">
        <ele>7.19999980926513671875</ele>
        <time>2018-05-27T11:19:46.000Z</time>
        <extensions>
          <ns3:TrackPointExtension>
            <ns3:hr>202</ns3:hr>
            <ns3:cad>98</ns3:cad>
          </ns3:TrackPointExtension>
        </extensions>
      </trkpt>
      <trkpt lat="55.98451939411461353302001953125" lon="-2.8963735140860080718994140625">
        <ele>7.19999980926513671875</ele>
        <time>2018-05-27T11:19:51.000Z</time>
        <extensions>
          <ns3:TrackPointExtension>
            <ns3:hr>203</ns3:hr>
            <ns3:cad>97</ns3:cad>
          </ns3:TrackPointExtension>
        </extensions>
      </trkpt>
      <trkpt lat="55.9843097627162933349609375" lon="-2.89640243165194988250732421875">
        <ele>6.599999904632568359375</ele>
        <time>2018-05-27T11:19:57.000Z</time>
        <extensions>
          <ns3:TrackPointExtension>
            <ns3:hr>201</ns3:hr>
            <ns3:cad>96</ns3:cad>
          </ns3:TrackPointExtension>
        </extensions>
      </trkpt>
      <trkpt lat="55.98424430005252361297607421875" lon="-2.896417267620563507080078125">
        <ele>6.400000095367431640625</ele>
        <time>2018-05-27T11:19:59.000Z</time>
        <extensions>
          <ns3:TrackPointExtension>
            <ns3:hr>199</ns3:hr>
            <ns3:cad>97</ns3:cad>
          </ns3:TrackPointExtension>
        </extensions>
      </trkpt>
      <trkpt lat="55.98404028452932834625244140625" lon="-2.89646831341087818145751953125">
        <ele>5.19999980926513671875</ele>
        <time>2018-05-27T11:20:05.000Z</time>
        <extensions>
          <ns3:TrackPointExtension>
            <ns3:hr>199</ns3:hr>
            <ns3:cad>97</ns3:cad>
          </ns3:TrackPointExtension>
        </extensions>
      </trkpt>
      <trkpt lat="55.9838606603443622589111328125" lon="-2.89652447216212749481201171875">
        <ele>5</ele>
        <time>2018-05-27T11:20:10.000Z</time>
        <extensions>
          <ns3:TrackPointExtension>
            <ns3:hr>199</ns3:hr>
            <ns3:cad>99</ns3:cad>
          </ns3:TrackPointExtension>
        </extensions>
      </trkpt>
      <trkpt lat="55.983656980097293853759765625" lon="-2.8965954668819904327392578125">
        <ele>5</ele>
        <time>2018-05-27T11:20:16.000Z</time>
        <extensions>
          <ns3:TrackPointExtension>
            <ns3:hr>200</ns3:hr>
            <ns3:cad>97</ns3:cad>
          </ns3:TrackPointExtension>
        </extensions>
      </trkpt>
      <trkpt lat="55.98345137201249599456787109375" lon="-2.89670065976679325103759765625">
        <ele>5.400000095367431640625</ele>
        <time>2018-05-27T11:20:22.000Z</time>
        <extensions>
          <ns3:TrackPointExtension>
            <ns3:hr>198</ns3:hr>
            <ns3:cad>97</ns3:cad>
          </ns3:TrackPointExtension>
        </extensions>
      </trkpt>
      <trkpt lat="55.9832556545734405517578125" lon="-2.89684516377747058868408203125">
        <ele>6.19999980926513671875</ele>
        <time>2018-05-27T11:20:28.000Z</time>
        <extensions>
          <ns3:TrackPointExtension>
            <ns3:hr>200</ns3:hr>
            <ns3:cad>98</ns3:cad>
          </ns3:TrackPointExtension>
        </extensions>
      </trkpt>
      <trkpt lat="55.9830814786255359649658203125" lon="-2.8970262967050075531005859375">
        <ele>6.400000095367431640625</ele>
        <time>2018-05-27T11:20:34.000Z</time>
        <extensions>
          <ns3:TrackPointExtension>
            <ns3:hr>200</ns3:hr>
            <ns3:cad>97</ns3:cad>
          </ns3:TrackPointExtension>
        </extensions>
      </trkpt>
      <trkpt lat="55.98291576839983463287353515625" lon="-2.8972318209707736968994140625">
        <ele>6.400000095367431640625</ele>
        <time>2018-05-27T11:20:40.000Z</time>
        <extensions>
          <ns3:TrackPointExtension>
            <ns3:hr>202</ns3:hr>
            <ns3:cad>97</ns3:cad>
          </ns3:TrackPointExtension>
        </extensions>
      </trkpt>
      <trkpt lat="55.98275383003056049346923828125" lon="-2.89746827445924282073974609375">
        <ele>6.599999904632568359375</ele>
        <time>2018-05-27T11:20:46.000Z</time>
        <extensions>
          <ns3:TrackPointExtension>
            <ns3:hr>201</ns3:hr>
            <ns3:cad>97</ns3:cad>
          </ns3:TrackPointExtension>
        </extensions>
      </trkpt>
      <trkpt lat="55.98262927494943141937255859375" lon="-2.89767866022884845733642578125">
        <ele>7</ele>
        <time>2018-05-27T11:20:51.000Z</time>
        <extensions>
          <ns3:TrackPointExtension>
            <ns3:hr>198</ns3:hr>
            <ns3:cad>98</ns3:cad>
          </ns3:TrackPointExtension>
        </extensions>
      </trkpt>
      <trkpt lat="55.9824870340526103973388671875" lon="-2.8979496471583843231201171875">
        <ele>7</ele>
        <time>2018-05-27T11:20:57.000Z</time>
        <extensions>
          <ns3:TrackPointExtension>
            <ns3:hr>199</ns3:hr>
            <ns3:cad>97</ns3:cad>
          </ns3:TrackPointExtension>
        </extensions>
      </trkpt>
      <trkpt lat="55.98235183395445346832275390625" lon="-2.89824292995035648345947265625">
        <ele>7</ele>
        <time>2018-05-27T11:21:03.000Z</time>
        <extensions>
          <ns3:TrackPointExtension>
            <ns3:hr>200</ns3:hr>
            <ns3:cad>97</ns3:cad>
          </ns3:TrackPointExtension>
        </extensions>
      </trkpt>
      <trkpt lat="55.9822194837033748626708984375" lon="-2.89853260852396488189697265625">
        <ele>6.80000019073486328125</ele>
        <time>2018-05-27T11:21:09.000Z</time>
        <extensions>
          <ns3:TrackPointExtension>
            <ns3:hr>200</ns3:hr>
            <ns3:cad>98</ns3:cad>
          </ns3:TrackPointExtension>
        </extensions>
      </trkpt>
      <trkpt lat="55.98209098912775516510009765625" lon="-2.8988121449947357177734375">
        <ele>6.599999904632568359375</ele>
        <time>2018-05-27T11:21:15.000Z</time>
        <extensions>
          <ns3:TrackPointExtension>
            <ns3:hr>199</ns3:hr>
            <ns3:cad>98</ns3:cad>
          </ns3:TrackPointExtension>
        </extensions>
      </trkpt>
      <trkpt lat="55.9819452278316020965576171875" lon="-2.89905278943479061126708984375">
        <ele>6</ele>
        <time>2018-05-27T11:21:21.000Z</time>
        <extensions>
          <ns3:TrackPointExtension>
            <ns3:hr>201</ns3:hr>
            <ns3:cad>98</ns3:cad>
          </ns3:TrackPointExtension>
        </extensions>
      </trkpt>
      <trkpt lat="55.9818406216800212860107421875" lon="-2.89918840862810611724853515625">
        <ele>6</ele>
        <time>2018-05-27T11:21:25.000Z</time>
        <extensions>
          <ns3:TrackPointExtension>
            <ns3:hr>198</ns3:hr>
            <ns3:cad>97</ns3:cad>
          </ns3:TrackPointExtension>
        </extensions>
      </trkpt>
      <trkpt lat="55.98167507909238338470458984375" lon="-2.89939627982676029205322265625">
        <ele>5.599999904632568359375</ele>
        <time>2018-05-27T11:21:31.000Z</time>
        <extensions>
          <ns3:TrackPointExtension>
            <ns3:hr>197</ns3:hr>
            <ns3:cad>97</ns3:cad>
          </ns3:TrackPointExtension>
        </extensions>
      </trkpt>
      <trkpt lat="55.98150827921926975250244140625" lon="-2.8996183164417743682861328125">
        <ele>5</ele>
        <time>2018-05-27T11:21:37.000Z</time>
        <extensions>
          <ns3:TrackPointExtension>
            <ns3:hr>198</ns3:hr>
            <ns3:cad>99</ns3:cad>
          </ns3:TrackPointExtension>
        </extensions>
      </trkpt>
      <trkpt lat="55.98133997060358524322509765625" lon="-2.899856865406036376953125">
        <ele>5.599999904632568359375</ele>
        <time>2018-05-27T11:21:43.000Z</time>
        <extensions>
          <ns3:TrackPointExtension>
            <ns3:hr>200</ns3:hr>
            <ns3:cad>98</ns3:cad>
          </ns3:TrackPointExtension>
        </extensions>
      </trkpt>
      <trkpt lat="55.981208123266696929931640625" lon="-2.900077812373638153076171875">
        <ele>6.19999980926513671875</ele>
        <time>2018-05-27T11:21:48.000Z</time>
        <extensions>
          <ns3:TrackPointExtension>
            <ns3:hr>201</ns3:hr>
            <ns3:cad>98</ns3:cad>
          </ns3:TrackPointExtension>
        </extensions>
      </trkpt>
      <trkpt lat="55.981090106070041656494140625" lon="-2.90032197721302509307861328125">
        <ele>6.400000095367431640625</ele>
        <time>2018-05-27T11:21:53.000Z</time>
        <extensions>
          <ns3:TrackPointExtension>
            <ns3:hr>202</ns3:hr>
            <ns3:cad>98</ns3:cad>
          </ns3:TrackPointExtension>
        </extensions>
      </trkpt>
      <trkpt lat="55.98096412606537342071533203125" lon="-2.9006040282547473907470703125">
        <ele>6.19999980926513671875</ele>
        <time>2018-05-27T11:21:59.000Z</time>
        <extensions>
          <ns3:TrackPointExtension>
            <ns3:hr>199</ns3:hr>
            <ns3:cad>97</ns3:cad>
          </ns3:TrackPointExtension>
        </extensions>
      </trkpt>
      <trkpt lat="55.9808542393147945404052734375" lon="-2.900886498391628265380859375">
        <ele>6.80000019073486328125</ele>
        <time>2018-05-27T11:22:05.000Z</time>
        <extensions>
          <ns3:TrackPointExtension>
            <ns3:hr>201</ns3:hr>
            <ns3:cad>97</ns3:cad>
          </ns3:TrackPointExtension>
        </extensions>
      </trkpt>
      <trkpt lat="55.98074887879192829132080078125" lon="-2.90116301737725734710693359375">
        <ele>7.599999904632568359375</ele>
        <time>2018-05-27T11:22:11.000Z</time>
        <extensions>
          <ns3:TrackPointExtension>
            <ns3:hr>201</ns3:hr>
            <ns3:cad>96</ns3:cad>
          </ns3:TrackPointExtension>
        </extensions>
      </trkpt>
      <trkpt lat="55.9806403331458568572998046875" lon="-2.9014720581471920013427734375">
        <ele>7.80000019073486328125</ele>
        <time>2018-05-27T11:22:17.000Z</time>
        <extensions>
          <ns3:TrackPointExtension>
            <ns3:hr>200</ns3:hr>
            <ns3:cad>96</ns3:cad>
          </ns3:TrackPointExtension>
        </extensions>
      </trkpt>
      <trkpt lat="55.98052860237658023834228515625" lon="-2.90171840228140354156494140625">
        <ele>7.19999980926513671875</ele>
        <time>2018-05-27T11:22:22.000Z</time>
        <extensions>
          <ns3:TrackPointExtension>
            <ns3:hr>203</ns3:hr>
            <ns3:cad>96</ns3:cad>
          </ns3:TrackPointExtension>
        </extensions>
      </trkpt>
      <trkpt lat="55.9803677536547183990478515625" lon="-2.9019598849117755889892578125">
        <ele>6.80000019073486328125</ele>
        <time>2018-05-27T11:22:28.000Z</time>
        <extensions>
          <ns3:TrackPointExtension>
            <ns3:hr>202</ns3:hr>
            <ns3:cad>97</ns3:cad>
          </ns3:TrackPointExtension>
        </extensions>
      </trkpt>
      <trkpt lat="55.9801952540874481201171875" lon="-2.9021452926099300384521484375">
        <ele>6.19999980926513671875</ele>
        <time>2018-05-27T11:22:34.000Z</time>
        <extensions>
          <ns3:TrackPointExtension>
            <ns3:hr>201</ns3:hr>
            <ns3:cad>97</ns3:cad>
          </ns3:TrackPointExtension>
        </extensions>
      </trkpt>
      <trkpt lat="55.9800220839679241180419921875" lon="-2.90228988043963909149169921875">
        <ele>6</ele>
        <time>2018-05-27T11:22:39.000Z</time>
        <extensions>
          <ns3:TrackPointExtension>
            <ns3:hr>201</ns3:hr>
            <ns3:cad>97</ns3:cad>
          </ns3:TrackPointExtension>
        </extensions>
      </trkpt>
      <trkpt lat="55.97987271845340728759765625" lon="-2.90247939527034759521484375">
        <ele>6</ele>
        <time>2018-05-27T11:22:44.000Z</time>
        <extensions>
          <ns3:TrackPointExtension>
            <ns3:hr>202</ns3:hr>
            <ns3:cad>97</ns3:cad>
          </ns3:TrackPointExtension>
        </extensions>
      </trkpt>
      <trkpt lat="55.9797191619873046875" lon="-2.9027347080409526824951171875">
        <ele>6</ele>
        <time>2018-05-27T11:22:50.000Z</time>
        <extensions>
          <ns3:TrackPointExtension>
            <ns3:hr>203</ns3:hr>
            <ns3:cad>97</ns3:cad>
          </ns3:TrackPointExtension>
        </extensions>
      </trkpt>
      <trkpt lat="55.97965487278997898101806640625" lon="-2.90288164280354976654052734375">
        <ele>6</ele>
        <time>2018-05-27T11:22:53.000Z</time>
        <extensions>
          <ns3:TrackPointExtension>
            <ns3:hr>200</ns3:hr>
            <ns3:cad>97</ns3:cad>
          </ns3:TrackPointExtension>
        </extensions>
      </trkpt>
      <trkpt lat="55.979559235274791717529296875" lon="-2.9031948745250701904296875">
        <ele>6</ele>
        <time>2018-05-27T11:22:59.000Z</time>
        <extensions>
          <ns3:TrackPointExtension>
            <ns3:hr>200</ns3:hr>
            <ns3:cad>98</ns3:cad>
          </ns3:TrackPointExtension>
        </extensions>
      </trkpt>
      <trkpt lat="55.97952042706310749053955078125" lon="-2.90351900272071361541748046875">
        <ele>6.400000095367431640625</ele>
        <time>2018-05-27T11:23:04.000Z</time>
        <extensions>
          <ns3:TrackPointExtension>
            <ns3:hr>199</ns3:hr>
            <ns3:cad>97</ns3:cad>
          </ns3:TrackPointExtension>
        </extensions>
      </trkpt>
      <trkpt lat="55.97951288335025310516357421875" lon="-2.90386836044490337371826171875">
        <ele>7</ele>
        <time>2018-05-27T11:23:09.000Z</time>
        <extensions>
          <ns3:TrackPointExtension>
            <ns3:hr>200</ns3:hr>
            <ns3:cad>99</ns3:cad>
          </ns3:TrackPointExtension>
        </extensions>
      </trkpt>
      <trkpt lat="55.979494862258434295654296875" lon="-2.904195673763751983642578125">
        <ele>7</ele>
        <time>2018-05-27T11:23:14.000Z</time>
        <extensions>
          <ns3:TrackPointExtension>
            <ns3:hr>201</ns3:hr>
            <ns3:cad>99</ns3:cad>
          </ns3:TrackPointExtension>
        </extensions>
      </trkpt>
      <trkpt lat="55.97947600297629833221435546875" lon="-2.90451519191265106201171875">
        <ele>6.599999904632568359375</ele>
        <time>2018-05-27T11:23:19.000Z</time>
        <extensions>
          <ns3:TrackPointExtension>
            <ns3:hr>201</ns3:hr>
            <ns3:cad>97</ns3:cad>
          </ns3:TrackPointExtension>
        </extensions>
      </trkpt>
      <trkpt lat="55.9794618375599384307861328125" lon="-2.90476824156939983367919921875">
        <ele>6.400000095367431640625</ele>
        <time>2018-05-27T11:23:23.000Z</time>
        <extensions>
          <ns3:TrackPointExtension>
            <ns3:hr>204</ns3:hr>
            <ns3:cad>98</ns3:cad>
          </ns3:TrackPointExtension>
        </extensions>
      </trkpt>
      <trkpt lat="55.9794387035071849822998046875" lon="-2.9050108976662158966064453125">
        <ele>7</ele>
        <time>2018-05-27T11:23:27.000Z</time>
        <extensions>
          <ns3:TrackPointExtension>
            <ns3:hr>204</ns3:hr>
            <ns3:cad>96</ns3:cad>
          </ns3:TrackPointExtension>
        </extensions>
      </trkpt>
      <trkpt lat="55.979392938315868377685546875" lon="-2.90537123568356037139892578125">
        <ele>6.599999904632568359375</ele>
        <time>2018-05-27T11:23:33.000Z</time>
        <extensions>
          <ns3:TrackPointExtension>
            <ns3:hr>206</ns3:hr>
            <ns3:cad>98</ns3:cad>
          </ns3:TrackPointExtension>
        </extensions>
      </trkpt>
      <trkpt lat="55.97933359444141387939453125" lon="-2.9057411290705204010009765625">
        <ele>6.599999904632568359375</ele>
        <time>2018-05-27T11:23:39.000Z</time>
        <extensions>
          <ns3:TrackPointExtension>
            <ns3:hr>207</ns3:hr>
            <ns3:cad>98</ns3:cad>
          </ns3:TrackPointExtension>
        </extensions>
      </trkpt>
      <trkpt lat="55.979293026030063629150390625" lon="-2.9059181548655033111572265625">
        <ele>6.19999980926513671875</ele>
        <time>2018-05-27T11:23:42.000Z</time>
        <extensions>
          <ns3:TrackPointExtension>
            <ns3:hr>204</ns3:hr>
            <ns3:cad>98</ns3:cad>
          </ns3:TrackPointExtension>
        </extensions>
      </trkpt>
      <trkpt lat="55.97924239933490753173828125" lon="-2.9060782492160797119140625">
        <ele>6.19999980926513671875</ele>
        <time>2018-05-27T11:23:45.000Z</time>
        <extensions>
          <ns3:TrackPointExtension>
            <ns3:hr>201</ns3:hr>
            <ns3:cad>97</ns3:cad>
          </ns3:TrackPointExtension>
        </extensions>
      </trkpt>
      <trkpt lat="55.97917509265244007110595703125" lon="-2.9062772355973720550537109375">
        <ele>6.599999904632568359375</ele>
        <time>2018-05-27T11:23:49.000Z</time>
        <extensions>
          <ns3:TrackPointExtension>
            <ns3:hr>198</ns3:hr>
            <ns3:cad>97</ns3:cad>
          </ns3:TrackPointExtension>
        </extensions>
      </trkpt>
      <trkpt lat="55.979051627218723297119140625" lon="-2.9065464623272418975830078125">
        <ele>7.80000019073486328125</ele>
        <time>2018-05-27T11:23:55.000Z</time>
        <extensions>
          <ns3:TrackPointExtension>
            <ns3:hr>200</ns3:hr>
            <ns3:cad>96</ns3:cad>
          </ns3:TrackPointExtension>
        </extensions>
      </trkpt>
      <trkpt lat="55.97890418954193592071533203125" lon="-2.9067881964147090911865234375">
        <ele>8</ele>
        <time>2018-05-27T11:24:01.000Z</time>
        <extensions>
          <ns3:TrackPointExtension>
            <ns3:hr>201</ns3:hr>
            <ns3:cad>96</ns3:cad>
          </ns3:TrackPointExtension>
        </extensions>
      </trkpt>
      <trkpt lat="55.978745184838771820068359375" lon="-2.9070198722183704376220703125">
        <ele>8</ele>
        <time>2018-05-27T11:24:07.000Z</time>
        <extensions>
          <ns3:TrackPointExtension>
            <ns3:hr>201</ns3:hr>
            <ns3:cad>97</ns3:cad>
          </ns3:TrackPointExtension>
        </extensions>
      </trkpt>
      <trkpt lat="55.97860445268452167510986328125" lon="-2.90725884027779102325439453125">
        <ele>7.400000095367431640625</ele>
        <time>2018-05-27T11:24:13.000Z</time>
        <extensions>
          <ns3:TrackPointExtension>
            <ns3:hr>199</ns3:hr>
            <ns3:cad>97</ns3:cad>
          </ns3:TrackPointExtension>
        </extensions>
      </trkpt>
      <trkpt lat="55.97845290787518024444580078125" lon="-2.90746402926743030548095703125">
        <ele>7</ele>
        <time>2018-05-27T11:24:19.000Z</time>
        <extensions>
          <ns3:TrackPointExtension>
            <ns3:hr>200</ns3:hr>
            <ns3:cad>97</ns3:cad>
          </ns3:TrackPointExtension>
        </extensions>
      </trkpt>
      <trkpt lat="55.9782729484140872955322265625" lon="-2.90760870091617107391357421875">
        <ele>7</ele>
        <time>2018-05-27T11:24:25.000Z</time>
        <extensions>
          <ns3:TrackPointExtension>
            <ns3:hr>202</ns3:hr>
            <ns3:cad>96</ns3:cad>
          </ns3:TrackPointExtension>
        </extensions>
      </trkpt>
      <trkpt lat="55.97808309830725193023681640625" lon="-2.907722778618335723876953125">
        <ele>7.400000095367431640625</ele>
        <time>2018-05-27T11:24:31.000Z</time>
        <extensions>
          <ns3:TrackPointExtension>
            <ns3:hr>202</ns3:hr>
            <ns3:cad>97</ns3:cad>
          </ns3:TrackPointExtension>
        </extensions>
      </trkpt>
      <trkpt lat="55.97789970226585865020751953125" lon="-2.90785714052617549896240234375">
        <ele>8</ele>
        <time>2018-05-27T11:24:37.000Z</time>
        <extensions>
          <ns3:TrackPointExtension>
            <ns3:hr>202</ns3:hr>
            <ns3:cad>96</ns3:cad>
          </ns3:TrackPointExtension>
        </extensions>
      </trkpt>
      <trkpt lat="55.97773692570626735687255859375" lon="-2.90807892568409442901611328125">
        <ele>8</ele>
        <time>2018-05-27T11:24:43.000Z</time>
        <extensions>
          <ns3:TrackPointExtension>
            <ns3:hr>199</ns3:hr>
            <ns3:cad>96</ns3:cad>
          </ns3:TrackPointExtension>
        </extensions>
      </trkpt>
      <trkpt lat="55.9775988757610321044921875" lon="-2.90836282074451446533203125">
        <ele>8.19999980926513671875</ele>
        <time>2018-05-27T11:24:49.000Z</time>
        <extensions>
          <ns3:TrackPointExtension>
            <ns3:hr>198</ns3:hr>
            <ns3:cad>97</ns3:cad>
          </ns3:TrackPointExtension>
        </extensions>
      </trkpt>
      <trkpt lat="55.97749418579041957855224609375" lon="-2.90865677408874034881591796875">
        <ele>8.3999996185302734375</ele>
        <time>2018-05-27T11:24:54.000Z</time>
        <extensions>
          <ns3:TrackPointExtension>
            <ns3:hr>201</ns3:hr>
            <ns3:cad>97</ns3:cad>
          </ns3:TrackPointExtension>
        </extensions>
      </trkpt>
      <trkpt lat="55.9773992188274860382080078125" lon="-2.9089363105595111846923828125">
        <ele>8.80000019073486328125</ele>
        <time>2018-05-27T11:24:59.000Z</time>
        <extensions>
          <ns3:TrackPointExtension>
            <ns3:hr>202</ns3:hr>
            <ns3:cad>98</ns3:cad>
          </ns3:TrackPointExtension>
        </extensions>
      </trkpt>
      <trkpt lat="55.97728212364017963409423828125" lon="-2.90925691835582256317138671875">
        <ele>10</ele>
        <time>2018-05-27T11:25:05.000Z</time>
        <extensions>
          <ns3:TrackPointExtension>
            <ns3:hr>202</ns3:hr>
            <ns3:cad>99</ns3:cad>
          </ns3:TrackPointExtension>
        </extensions>
      </trkpt>
      <trkpt lat="55.97716025076806545257568359375" lon="-2.9095726646482944488525390625">
        <ele>9</ele>
        <time>2018-05-27T11:25:11.000Z</time>
        <extensions>
          <ns3:TrackPointExtension>
            <ns3:hr>201</ns3:hr>
            <ns3:cad>99</ns3:cad>
          </ns3:TrackPointExtension>
        </extensions>
      </trkpt>
      <trkpt lat="55.97702999599277973175048828125" lon="-2.9098720662295818328857421875">
        <ele>9.19999980926513671875</ele>
        <time>2018-05-27T11:25:17.000Z</time>
        <extensions>
          <ns3:TrackPointExtension>
            <ns3:hr>201</ns3:hr>
            <ns3:cad>98</ns3:cad>
          </ns3:TrackPointExtension>
        </extensions>
      </trkpt>
      <trkpt lat="55.97689068876206874847412109375" lon="-2.91015981696546077728271484375">
        <ele>9.6000003814697265625</ele>
        <time>2018-05-27T11:25:23.000Z</time>
        <extensions>
          <ns3:TrackPointExtension>
            <ns3:hr>200</ns3:hr>
            <ns3:cad>98</ns3:cad>
          </ns3:TrackPointExtension>
        </extensions>
      </trkpt>
      <trkpt lat="55.9767645411193370819091796875" lon="-2.9104504175484180450439453125">
        <ele>9.6000003814697265625</ele>
        <time>2018-05-27T11:25:29.000Z</time>
        <extensions>
          <ns3:TrackPointExtension>
            <ns3:hr>198</ns3:hr>
            <ns3:cad>98</ns3:cad>
          </ns3:TrackPointExtension>
        </extensions>
      </trkpt>
      <trkpt lat="55.9766290895640850067138671875" lon="-2.910736910998821258544921875">
        <ele>8.3999996185302734375</ele>
        <time>2018-05-27T11:25:35.000Z</time>
        <extensions>
          <ns3:TrackPointExtension>
            <ns3:hr>199</ns3:hr>
            <ns3:cad>98</ns3:cad>
          </ns3:TrackPointExtension>
        </extensions>
      </trkpt>
      <trkpt lat="55.97648500464856624603271484375" lon="-2.9110014438629150390625">
        <ele>7.80000019073486328125</ele>
        <time>2018-05-27T11:25:41.000Z</time>
        <extensions>
          <ns3:TrackPointExtension>
            <ns3:hr>198</ns3:hr>
            <ns3:cad>98</ns3:cad>
          </ns3:TrackPointExtension>
        </extensions>
      </trkpt>
      <trkpt lat="55.97633781842887401580810546875" lon="-2.91124879382550716400146484375">
        <ele>7.400000095367431640625</ele>
        <time>2018-05-27T11:25:47.000Z</time>
        <extensions>
          <ns3:TrackPointExtension>
            <ns3:hr>200</ns3:hr>
            <ns3:cad>97</ns3:cad>
          </ns3:TrackPointExtension>
        </extensions>
      </trkpt>
      <trkpt lat="55.976177640259265899658203125" lon="-2.91147510521113872528076171875">
        <ele>7</ele>
        <time>2018-05-27T11:25:53.000Z</time>
        <extensions>
          <ns3:TrackPointExtension>
            <ns3:hr>200</ns3:hr>
            <ns3:cad>97</ns3:cad>
          </ns3:TrackPointExtension>
        </extensions>
      </trkpt>
      <trkpt lat="55.976020395755767822265625" lon="-2.91171315126121044158935546875">
        <ele>7</ele>
        <time>2018-05-27T11:25:59.000Z</time>
        <extensions>
          <ns3:TrackPointExtension>
            <ns3:hr>200</ns3:hr>
            <ns3:cad>97</ns3:cad>
          </ns3:TrackPointExtension>
        </extensions>
      </trkpt>
      <trkpt lat="55.9758500754833221435546875" lon="-2.91194767691195011138916015625">
        <ele>7.599999904632568359375</ele>
        <time>2018-05-27T11:26:05.000Z</time>
        <extensions>
          <ns3:TrackPointExtension>
            <ns3:hr>201</ns3:hr>
            <ns3:cad>97</ns3:cad>
          </ns3:TrackPointExtension>
        </extensions>
      </trkpt>
      <trkpt lat="55.975700877606868743896484375" lon="-2.912124283611774444580078125">
        <ele>8</ele>
        <time>2018-05-27T11:26:10.000Z</time>
        <extensions>
          <ns3:TrackPointExtension>
            <ns3:hr>204</ns3:hr>
            <ns3:cad>98</ns3:cad>
          </ns3:TrackPointExtension>
        </extensions>
      </trkpt>
      <trkpt lat="55.9755153022706508636474609375" lon="-2.9122580587863922119140625">
        <ele>8</ele>
        <time>2018-05-27T11:26:16.000Z</time>
        <extensions>
          <ns3:TrackPointExtension>
            <ns3:hr>203</ns3:hr>
            <ns3:cad>98</ns3:cad>
          </ns3:TrackPointExtension>
        </extensions>
      </trkpt>
      <trkpt lat="55.9753272123634815216064453125" lon="-2.91243198327720165252685546875">
        <ele>8</ele>
        <time>2018-05-27T11:26:22.000Z</time>
        <extensions>
          <ns3:TrackPointExtension>
            <ns3:hr>204</ns3:hr>
            <ns3:cad>98</ns3:cad>
          </ns3:TrackPointExtension>
        </extensions>
      </trkpt>
      <trkpt lat="55.97517642192542552947998046875" lon="-2.91262811981141567230224609375">
        <ele>8</ele>
        <time>2018-05-27T11:26:27.000Z</time>
        <extensions>
          <ns3:TrackPointExtension>
            <ns3:hr>204</ns3:hr>
            <ns3:cad>99</ns3:cad>
          </ns3:TrackPointExtension>
        </extensions>
      </trkpt>
      <trkpt lat="55.9751193411648273468017578125" lon="-2.91271327994763851165771484375">
        <ele>7.599999904632568359375</ele>
        <time>2018-05-27T11:26:29.000Z</time>
        <extensions>
          <ns3:TrackPointExtension>
            <ns3:hr>201</ns3:hr>
            <ns3:cad>99</ns3:cad>
          </ns3:TrackPointExtension>
        </extensions>
      </trkpt>
      <trkpt lat="55.974954552948474884033203125" lon="-2.91294260881841182708740234375">
        <ele>7.400000095367431640625</ele>
        <time>2018-05-27T11:26:35.000Z</time>
        <extensions>
          <ns3:TrackPointExtension>
            <ns3:hr>201</ns3:hr>
            <ns3:cad>99</ns3:cad>
          </ns3:TrackPointExtension>
        </extensions>
      </trkpt>
      <trkpt lat="55.97479571588337421417236328125" lon="-2.91316539980471134185791015625">
        <ele>7.19999980926513671875</ele>
        <time>2018-05-27T11:26:41.000Z</time>
        <extensions>
          <ns3:TrackPointExtension>
            <ns3:hr>200</ns3:hr>
            <ns3:cad>96</ns3:cad>
          </ns3:TrackPointExtension>
        </extensions>
      </trkpt>
      <trkpt lat="55.9746350347995758056640625" lon="-2.91338299401104450225830078125">
        <ele>7.80000019073486328125</ele>
        <time>2018-05-27T11:26:47.000Z</time>
        <extensions>
          <ns3:TrackPointExtension>
            <ns3:hr>198</ns3:hr>
            <ns3:cad>97</ns3:cad>
          </ns3:TrackPointExtension>
        </extensions>
      </trkpt>
      <trkpt lat="55.9744799695909023284912109375" lon="-2.91362221352756023406982421875">
        <ele>8.3999996185302734375</ele>
        <time>2018-05-27T11:26:53.000Z</time>
        <extensions>
          <ns3:TrackPointExtension>
            <ns3:hr>199</ns3:hr>
            <ns3:cad>98</ns3:cad>
          </ns3:TrackPointExtension>
        </extensions>
      </trkpt>
      <trkpt lat="55.97441232763230800628662109375" lon="-2.91377015411853790283203125">
        <ele>8.6000003814697265625</ele>
        <time>2018-05-27T11:26:56.000Z</time>
        <extensions>
          <ns3:TrackPointExtension>
            <ns3:hr>198</ns3:hr>
            <ns3:cad>97</ns3:cad>
          </ns3:TrackPointExtension>
        </extensions>
      </trkpt>
      <trkpt lat="55.97432347945868968963623046875" lon="-2.91406787931919097900390625">
        <ele>8.3999996185302734375</ele>
        <time>2018-05-27T11:27:01.000Z</time>
        <extensions>
          <ns3:TrackPointExtension>
            <ns3:hr>196</ns3:hr>
            <ns3:cad>97</ns3:cad>
          </ns3:TrackPointExtension>
        </extensions>
      </trkpt>
      <trkpt lat="55.974276624619960784912109375" lon="-2.914313971996307373046875">
        <ele>8.19999980926513671875</ele>
        <time>2018-05-27T11:27:05.000Z</time>
        <extensions>
          <ns3:TrackPointExtension>
            <ns3:hr>199</ns3:hr>
            <ns3:cad>98</ns3:cad>
          </ns3:TrackPointExtension>
        </extensions>
      </trkpt>
      <trkpt lat="55.97423873841762542724609375" lon="-2.914555706083774566650390625">
        <ele>8.6000003814697265625</ele>
        <time>2018-05-27T11:27:09.000Z</time>
        <extensions>
          <ns3:TrackPointExtension>
            <ns3:hr>203</ns3:hr>
            <ns3:cad>97</ns3:cad>
          </ns3:TrackPointExtension>
        </extensions>
      </trkpt>
      <trkpt lat="55.97417696379125118255615234375" lon="-2.91490095667541027069091796875">
        <ele>9.19999980926513671875</ele>
        <time>2018-05-27T11:27:15.000Z</time>
        <extensions>
          <ns3:TrackPointExtension>
            <ns3:hr>203</ns3:hr>
            <ns3:cad>97</ns3:cad>
          </ns3:TrackPointExtension>
        </extensions>
      </trkpt>
      <trkpt lat="55.97415852360427379608154296875" lon="-2.91524863801896572113037109375">
        <ele>10</ele>
        <time>2018-05-27T11:27:21.000Z</time>
        <extensions>
          <ns3:TrackPointExtension>
            <ns3:hr>201</ns3:hr>
            <ns3:cad>97</ns3:cad>
          </ns3:TrackPointExtension>
        </extensions>
      </trkpt>
      <trkpt lat="55.9741493873298168182373046875" lon="-2.9154232330620288848876953125">
        <ele>10</ele>
        <time>2018-05-27T11:27:24.000Z</time>
        <extensions>
          <ns3:TrackPointExtension>
            <ns3:hr>198</ns3:hr>
            <ns3:cad>97</ns3:cad>
          </ns3:TrackPointExtension>
        </extensions>
      </trkpt>
      <trkpt lat="55.974130444228649139404296875" lon="-2.91572037152945995330810546875">
        <ele>9.6000003814697265625</ele>
        <time>2018-05-27T11:27:29.000Z</time>
        <extensions>
          <ns3:TrackPointExtension>
            <ns3:hr>195</ns3:hr>
            <ns3:cad>96</ns3:cad>
          </ns3:TrackPointExtension>
        </extensions>
      </trkpt>
      <trkpt lat="55.97411510534584522247314453125" lon="-2.91603125631809234619140625">
        <ele>9</ele>
        <time>2018-05-27T11:27:34.000Z</time>
        <extensions>
          <ns3:TrackPointExtension>
            <ns3:hr>198</ns3:hr>
            <ns3:cad>96</ns3:cad>
          </ns3:TrackPointExtension>
        </extensions>
      </trkpt>
      <trkpt lat="55.974076129496097564697265625" lon="-2.91637097485363483428955078125">
        <ele>8.80000019073486328125</ele>
        <time>2018-05-27T11:27:40.000Z</time>
        <extensions>
          <ns3:TrackPointExtension>
            <ns3:hr>198</ns3:hr>
            <ns3:cad>97</ns3:cad>
          </ns3:TrackPointExtension>
        </extensions>
      </trkpt>
      <trkpt lat="55.9740109182894229888916015625" lon="-2.9167244397103786468505859375">
        <ele>9</ele>
        <time>2018-05-27T11:27:46.000Z</time>
        <extensions>
          <ns3:TrackPointExtension>
            <ns3:hr>199</ns3:hr>
            <ns3:cad>98</ns3:cad>
          </ns3:TrackPointExtension>
        </extensions>
      </trkpt>
      <trkpt lat="55.973940677940845489501953125" lon="-2.91706985794007778167724609375">
        <ele>9</ele>
        <time>2018-05-27T11:27:52.000Z</time>
        <extensions>
          <ns3:TrackPointExtension>
            <ns3:hr>200</ns3:hr>
            <ns3:cad>97</ns3:cad>
          </ns3:TrackPointExtension>
        </extensions>
      </trkpt>
      <trkpt lat="55.97388292662799358367919921875" lon="-2.917382083833217620849609375">
        <ele>8.80000019073486328125</ele>
        <time>2018-05-27T11:27:57.000Z</time>
        <extensions>
          <ns3:TrackPointExtension>
            <ns3:hr>201</ns3:hr>
            <ns3:cad>97</ns3:cad>
          </ns3:TrackPointExtension>
        </extensions>
      </trkpt>
      <trkpt lat="55.97380380146205425262451171875" lon="-2.91772448457777500152587890625">
        <ele>8.3999996185302734375</ele>
        <time>2018-05-27T11:28:03.000Z</time>
        <extensions>
          <ns3:TrackPointExtension>
            <ns3:hr>199</ns3:hr>
            <ns3:cad>96</ns3:cad>
          </ns3:TrackPointExtension>
        </extensions>
      </trkpt>
      <trkpt lat="55.97374831326305866241455078125" lon="-2.91803075931966304779052734375">
        <ele>8.3999996185302734375</ele>
        <time>2018-05-27T11:28:08.000Z</time>
        <extensions>
          <ns3:TrackPointExtension>
            <ns3:hr>200</ns3:hr>
            <ns3:cad>97</ns3:cad>
          </ns3:TrackPointExtension>
        </extensions>
      </trkpt>
      <trkpt lat="55.97368863411247730255126953125" lon="-2.91833661496639251708984375">
        <ele>7.80000019073486328125</ele>
        <time>2018-05-27T11:28:13.000Z</time>
        <extensions>
          <ns3:TrackPointExtension>
            <ns3:hr>201</ns3:hr>
            <ns3:cad>98</ns3:cad>
          </ns3:TrackPointExtension>
        </extensions>
      </trkpt>
      <trkpt lat="55.973643958568572998046875" lon="-2.91858044452965259552001953125">
        <ele>7.599999904632568359375</ele>
        <time>2018-05-27T11:28:17.000Z</time>
        <extensions>
          <ns3:TrackPointExtension>
            <ns3:hr>204</ns3:hr>
            <ns3:cad>98</ns3:cad>
          </ns3:TrackPointExtension>
        </extensions>
      </trkpt>
      <trkpt lat="55.9735800884664058685302734375" lon="-2.9189432971179485321044921875">
        <ele>7.19999980926513671875</ele>
        <time>2018-05-27T11:28:23.000Z</time>
        <extensions>
          <ns3:TrackPointExtension>
            <ns3:hr>203</ns3:hr>
            <ns3:cad>98</ns3:cad>
          </ns3:TrackPointExtension>
        </extensions>
      </trkpt>
      <trkpt lat="55.97352786920964717864990234375" lon="-2.91929550468921661376953125">
        <ele>7</ele>
        <time>2018-05-27T11:28:29.000Z</time>
        <extensions>
          <ns3:TrackPointExtension>
            <ns3:hr>205</ns3:hr>
            <ns3:cad>97</ns3:cad>
          </ns3:TrackPointExtension>
        </extensions>
      </trkpt>
      <trkpt lat="55.973472632467746734619140625" lon="-2.9196420125663280487060546875">
        <ele>7</ele>
        <time>2018-05-27T11:28:35.000Z</time>
        <extensions>
          <ns3:TrackPointExtension>
            <ns3:hr>204</ns3:hr>
            <ns3:cad>97</ns3:cad>
          </ns3:TrackPointExtension>
        </extensions>
      </trkpt>
      <trkpt lat="55.97342326305806636810302734375" lon="-2.9199544899165630340576171875">
        <ele>7.599999904632568359375</ele>
        <time>2018-05-27T11:28:40.000Z</time>
        <extensions>
          <ns3:TrackPointExtension>
            <ns3:hr>202</ns3:hr>
            <ns3:cad>97</ns3:cad>
          </ns3:TrackPointExtension>
        </extensions>
      </trkpt>
      <trkpt lat="55.973353944718837738037109375" lon="-2.92025933973491191864013671875">
        <ele>8.3999996185302734375</ele>
        <time>2018-05-27T11:28:45.000Z</time>
        <extensions>
          <ns3:TrackPointExtension>
            <ns3:hr>200</ns3:hr>
            <ns3:cad>97</ns3:cad>
          </ns3:TrackPointExtension>
        </extensions>
      </trkpt>
      <trkpt lat="55.9732790105044841766357421875" lon="-2.9206106252968311309814453125">
        <ele>8.6000003814697265625</ele>
        <time>2018-05-27T11:28:51.000Z</time>
        <extensions>
          <ns3:TrackPointExtension>
            <ns3:hr>203</ns3:hr>
            <ns3:cad>97</ns3:cad>
          </ns3:TrackPointExtension>
        </extensions>
      </trkpt>
      <trkpt lat="55.97319846041500568389892578125" lon="-2.92095051147043704986572265625">
        <ele>8</ele>
        <time>2018-05-27T11:28:57.000Z</time>
        <extensions>
          <ns3:TrackPointExtension>
            <ns3:hr>200</ns3:hr>
            <ns3:cad>97</ns3:cad>
          </ns3:TrackPointExtension>
        </extensions>
      </trkpt>
      <trkpt lat="55.9731169044971466064453125" lon="-2.9212825186550617218017578125">
        <ele>7</ele>
        <time>2018-05-27T11:29:03.000Z</time>
        <extensions>
          <ns3:TrackPointExtension>
            <ns3:hr>200</ns3:hr>
            <ns3:cad>97</ns3:cad>
          </ns3:TrackPointExtension>
        </extensions>
      </trkpt>
      <trkpt lat="55.97303040325641632080078125" lon="-2.92161695659160614013671875">
        <ele>7</ele>
        <time>2018-05-27T11:29:09.000Z</time>
        <extensions>
          <ns3:TrackPointExtension>
            <ns3:hr>200</ns3:hr>
            <ns3:cad>98</ns3:cad>
          </ns3:TrackPointExtension>
        </extensions>
      </trkpt>
      <trkpt lat="55.97294566221535205841064453125" lon="-2.92194955050945281982421875">
        <ele>6.80000019073486328125</ele>
        <time>2018-05-27T11:29:15.000Z</time>
        <extensions>
          <ns3:TrackPointExtension>
            <ns3:hr>199</ns3:hr>
            <ns3:cad>97</ns3:cad>
          </ns3:TrackPointExtension>
        </extensions>
      </trkpt>
      <trkpt lat="55.97285849042236804962158203125" lon="-2.922290526330471038818359375">
        <ele>7.80000019073486328125</ele>
        <time>2018-05-27T11:29:21.000Z</time>
        <extensions>
          <ns3:TrackPointExtension>
            <ns3:hr>200</ns3:hr>
            <ns3:cad>98</ns3:cad>
          </ns3:TrackPointExtension>
        </extensions>
      </trkpt>
      <trkpt lat="55.972800739109516143798828125" lon="-2.92265103198587894439697265625">
        <ele>9.19999980926513671875</ele>
        <time>2018-05-27T11:29:27.000Z</time>
        <extensions>
          <ns3:TrackPointExtension>
            <ns3:hr>202</ns3:hr>
            <ns3:cad>97</ns3:cad>
          </ns3:TrackPointExtension>
        </extensions>
      </trkpt>
      <trkpt lat="55.9727707318961620330810546875" lon="-2.92301011271774768829345703125">
        <ele>9.3999996185302734375</ele>
        <time>2018-05-27T11:29:33.000Z</time>
        <extensions>
          <ns3:TrackPointExtension>
            <ns3:hr>200</ns3:hr>
            <ns3:cad>96</ns3:cad>
          </ns3:TrackPointExtension>
        </extensions>
      </trkpt>
      <trkpt lat="55.97276411019265651702880859375" lon="-2.923379503190517425537109375">
        <ele>9</ele>
        <time>2018-05-27T11:29:39.000Z</time>
        <extensions>
          <ns3:TrackPointExtension>
            <ns3:hr>200</ns3:hr>
            <ns3:cad>97</ns3:cad>
          </ns3:TrackPointExtension>
        </extensions>
      </trkpt>
      <trkpt lat="55.9727576561272144317626953125" lon="-2.92376272380352020263671875">
        <ele>8</ele>
        <time>2018-05-27T11:29:45.000Z</time>
        <extensions>
          <ns3:TrackPointExtension>
            <ns3:hr>201</ns3:hr>
            <ns3:cad>97</ns3:cad>
          </ns3:TrackPointExtension>
        </extensions>
      </trkpt>
      <trkpt lat="55.972741730511188507080078125" lon="-2.92413982562720775604248046875">
        <ele>7.19999980926513671875</ele>
        <time>2018-05-27T11:29:51.000Z</time>
        <extensions>
          <ns3:TrackPointExtension>
            <ns3:hr>202</ns3:hr>
            <ns3:cad>96</ns3:cad>
          </ns3:TrackPointExtension>
        </extensions>
      </trkpt>
      <trkpt lat="55.9727360308170318603515625" lon="-2.92452405206859111785888671875">
        <ele>7.19999980926513671875</ele>
        <time>2018-05-27T11:29:57.000Z</time>
        <extensions>
          <ns3:TrackPointExtension>
            <ns3:hr>203</ns3:hr>
            <ns3:cad>96</ns3:cad>
          </ns3:TrackPointExtension>
        </extensions>
      </trkpt>
      <trkpt lat="55.97270510159432888031005859375" lon="-2.92487810365855693817138671875">
        <ele>6.80000019073486328125</ele>
        <time>2018-05-27T11:30:03.000Z</time>
        <extensions>
          <ns3:TrackPointExtension>
            <ns3:hr>205</ns3:hr>
            <ns3:cad>96</ns3:cad>
          </ns3:TrackPointExtension>
        </extensions>
      </trkpt>
      <trkpt lat="55.972685404121875762939453125" lon="-2.925228886306285858154296875">
        <ele>7.599999904632568359375</ele>
        <time>2018-05-27T11:30:09.000Z</time>
        <extensions>
          <ns3:TrackPointExtension>
            <ns3:hr>204</ns3:hr>
            <ns3:cad>95</ns3:cad>
          </ns3:TrackPointExtension>
        </extensions>
      </trkpt>
      <trkpt lat="55.97266972996294498443603515625" lon="-2.9254033975303173065185546875">
        <ele>7.599999904632568359375</ele>
        <time>2018-05-27T11:30:12.000Z</time>
        <extensions>
          <ns3:TrackPointExtension>
            <ns3:hr>201</ns3:hr>
            <ns3:cad>95</ns3:cad>
          </ns3:TrackPointExtension>
        </extensions>
      </trkpt>
      <trkpt lat="55.9726614318788051605224609375" lon="-2.9255774058401584625244140625">
        <ele>7.19999980926513671875</ele>
        <time>2018-05-27T11:30:15.000Z</time>
        <extensions>
          <ns3:TrackPointExtension>
            <ns3:hr>198</ns3:hr>
            <ns3:cad>96</ns3:cad>
          </ns3:TrackPointExtension>
        </extensions>
      </trkpt>
      <trkpt lat="55.97263636998832225799560546875" lon="-2.925942353904247283935546875">
        <ele>7</ele>
        <time>2018-05-27T11:30:21.000Z</time>
        <extensions>
          <ns3:TrackPointExtension>
            <ns3:hr>196</ns3:hr>
            <ns3:cad>97</ns3:cad>
          </ns3:TrackPointExtension>
        </extensions>
      </trkpt>
      <trkpt lat="55.97261826507747173309326171875" lon="-2.92613186873495578765869140625">
        <ele>7</ele>
        <time>2018-05-27T11:30:24.000Z</time>
        <extensions>
          <ns3:TrackPointExtension>
            <ns3:hr>195</ns3:hr>
            <ns3:cad>96</ns3:cad>
          </ns3:TrackPointExtension>
        </extensions>
      </trkpt>
      <trkpt lat="55.97259831614792346954345703125" lon="-2.92650033719837665557861328125">
        <ele>7</ele>
        <time>2018-05-27T11:30:30.000Z</time>
        <extensions>
          <ns3:TrackPointExtension>
            <ns3:hr>199</ns3:hr>
            <ns3:cad>97</ns3:cad>
          </ns3:TrackPointExtension>
        </extensions>
      </trkpt>
      <trkpt lat="55.97258515655994415283203125" lon="-2.9268695600330829620361328125">
        <ele>6</ele>
        <time>2018-05-27T11:30:36.000Z</time>
        <extensions>
          <ns3:TrackPointExtension>
            <ns3:hr>199</ns3:hr>
            <ns3:cad>96</ns3:cad>
          </ns3:TrackPointExtension>
        </extensions>
      </trkpt>
      <trkpt lat="55.9725675545632839202880859375" lon="-2.9272467456758022308349609375">
        <ele>5.599999904632568359375</ele>
        <time>2018-05-27T11:30:42.000Z</time>
        <extensions>
          <ns3:TrackPointExtension>
            <ns3:hr>201</ns3:hr>
            <ns3:cad>96</ns3:cad>
          </ns3:TrackPointExtension>
        </extensions>
      </trkpt>
      <trkpt lat="55.9725471027195453643798828125" lon="-2.92760540731251239776611328125">
        <ele>5.400000095367431640625</ele>
        <time>2018-05-27T11:30:48.000Z</time>
        <extensions>
          <ns3:TrackPointExtension>
            <ns3:hr>201</ns3:hr>
            <ns3:cad>97</ns3:cad>
          </ns3:TrackPointExtension>
        </extensions>
      </trkpt>
      <trkpt lat="55.9725219570100307464599609375" lon="-2.92795878835022449493408203125">
        <ele>4.400000095367431640625</ele>
        <time>2018-05-27T11:30:54.000Z</time>
        <extensions>
          <ns3:TrackPointExtension>
            <ns3:hr>203</ns3:hr>
            <ns3:cad>97</ns3:cad>
          </ns3:TrackPointExtension>
        </extensions>
      </trkpt>
      <trkpt lat="55.9725080430507659912109375" lon="-2.92832993902266025543212890625">
        <ele>4.400000095367431640625</ele>
        <time>2018-05-27T11:31:00.000Z</time>
        <extensions>
          <ns3:TrackPointExtension>
            <ns3:hr>201</ns3:hr>
            <ns3:cad>97</ns3:cad>
          </ns3:TrackPointExtension>
        </extensions>
      </trkpt>
      <trkpt lat="55.972480885684490203857421875" lon="-2.92869807220995426177978515625">
        <ele>4.599999904632568359375</ele>
        <time>2018-05-27T11:31:06.000Z</time>
        <extensions>
          <ns3:TrackPointExtension>
            <ns3:hr>202</ns3:hr>
            <ns3:cad>97</ns3:cad>
          </ns3:TrackPointExtension>
        </extensions>
      </trkpt>
      <trkpt lat="55.9724703244864940643310546875" lon="-2.9290699772536754608154296875">
        <ele>4.80000019073486328125</ele>
        <time>2018-05-27T11:31:12.000Z</time>
        <extensions>
          <ns3:TrackPointExtension>
            <ns3:hr>202</ns3:hr>
            <ns3:cad>96</ns3:cad>
          </ns3:TrackPointExtension>
        </extensions>
      </trkpt>
      <trkpt lat="55.97245498560369014739990234375" lon="-2.92943266220390796661376953125">
        <ele>5.19999980926513671875</ele>
        <time>2018-05-27T11:31:18.000Z</time>
        <extensions>
          <ns3:TrackPointExtension>
            <ns3:hr>202</ns3:hr>
            <ns3:cad>97</ns3:cad>
          </ns3:TrackPointExtension>
        </extensions>
      </trkpt>
      <trkpt lat="55.97243838943541049957275390625" lon="-2.92979844845831394195556640625">
        <ele>5.400000095367431640625</ele>
        <time>2018-05-27T11:31:24.000Z</time>
        <extensions>
          <ns3:TrackPointExtension>
            <ns3:hr>200</ns3:hr>
            <ns3:cad>96</ns3:cad>
          </ns3:TrackPointExtension>
        </extensions>
      </trkpt>
      <trkpt lat="55.9724280796945095062255859375" lon="-2.93017923831939697265625">
        <ele>5.400000095367431640625</ele>
        <time>2018-05-27T11:31:30.000Z</time>
        <extensions>
          <ns3:TrackPointExtension>
            <ns3:hr>199</ns3:hr>
            <ns3:cad>97</ns3:cad>
          </ns3:TrackPointExtension>
        </extensions>
      </trkpt>
      <trkpt lat="55.97241274081170558929443359375" lon="-2.930543683469295501708984375">
        <ele>5.599999904632568359375</ele>
        <time>2018-05-27T11:31:36.000Z</time>
        <extensions>
          <ns3:TrackPointExtension>
            <ns3:hr>198</ns3:hr>
            <ns3:cad>97</ns3:cad>
          </ns3:TrackPointExtension>
        </extensions>
      </trkpt>
      <trkpt lat="55.97241726703941822052001953125" lon="-2.93091676197946071624755859375">
        <ele>4.80000019073486328125</ele>
        <time>2018-05-27T11:31:42.000Z</time>
        <extensions>
          <ns3:TrackPointExtension>
            <ns3:hr>196</ns3:hr>
            <ns3:cad>97</ns3:cad>
          </ns3:TrackPointExtension>
        </extensions>
      </trkpt>
      <trkpt lat="55.97241290844976902008056640625" lon="-2.93129025958478450775146484375">
        <ele>4.400000095367431640625</ele>
        <time>2018-05-27T11:31:48.000Z</time>
        <extensions>
          <ns3:TrackPointExtension>
            <ns3:hr>196</ns3:hr>
            <ns3:cad>98</ns3:cad>
          </ns3:TrackPointExtension>
        </extensions>
      </trkpt>
      <trkpt lat="55.9724046103656291961669921875" lon="-2.93161178939044475555419921875">
        <ele>3.400000095367431640625</ele>
        <time>2018-05-27T11:31:53.000Z</time>
        <extensions>
          <ns3:TrackPointExtension>
            <ns3:hr>196</ns3:hr>
            <ns3:cad>98</ns3:cad>
          </ns3:TrackPointExtension>
        </extensions>
      </trkpt>
      <trkpt lat="55.9723787941038608551025390625" lon="-2.93198931030929088592529296875">
        <ele>3.599999904632568359375</ele>
        <time>2018-05-27T11:31:59.000Z</time>
        <extensions>
          <ns3:TrackPointExtension>
            <ns3:hr>197</ns3:hr>
            <ns3:cad>99</ns3:cad>
          </ns3:TrackPointExtension>
        </extensions>
      </trkpt>
      <trkpt lat="55.972356833517551422119140625" lon="-2.93236666359007358551025390625">
        <ele>5</ele>
        <time>2018-05-27T11:32:05.000Z</time>
        <extensions>
          <ns3:TrackPointExtension>
            <ns3:hr>200</ns3:hr>
            <ns3:cad>98</ns3:cad>
          </ns3:TrackPointExtension>
        </extensions>
      </trkpt>
      <trkpt lat="55.972334705293178558349609375" lon="-2.93274686671793460845947265625">
        <ele>5</ele>
        <time>2018-05-27T11:32:11.000Z</time>
        <extensions>
          <ns3:TrackPointExtension>
            <ns3:hr>197</ns3:hr>
            <ns3:cad>97</ns3:cad>
          </ns3:TrackPointExtension>
        </extensions>
      </trkpt>
      <trkpt lat="55.97231333144009113311767578125" lon="-2.9331191070377826690673828125">
        <ele>5</ele>
        <time>2018-05-27T11:32:17.000Z</time>
        <extensions>
          <ns3:TrackPointExtension>
            <ns3:hr>195</ns3:hr>
            <ns3:cad>98</ns3:cad>
          </ns3:TrackPointExtension>
        </extensions>
      </trkpt>
      <trkpt lat="55.97229908220469951629638671875" lon="-2.9333695583045482635498046875">
        <ele>5</ele>
        <time>2018-05-27T11:32:21.000Z</time>
        <extensions>
          <ns3:TrackPointExtension>
            <ns3:hr>198</ns3:hr>
            <ns3:cad>98</ns3:cad>
          </ns3:TrackPointExtension>
        </extensions>
      </trkpt>
      <trkpt lat="55.972277037799358367919921875" lon="-2.9337346740067005157470703125">
        <ele>4.19999980926513671875</ele>
        <time>2018-05-27T11:32:27.000Z</time>
        <extensions>
          <ns3:TrackPointExtension>
            <ns3:hr>201</ns3:hr>
            <ns3:cad>97</ns3:cad>
          </ns3:TrackPointExtension>
        </extensions>
      </trkpt>
      <trkpt lat="55.9722554124891757965087890625" lon="-2.93409861624240875244140625">
        <ele>4.400000095367431640625</ele>
        <time>2018-05-27T11:32:33.000Z</time>
        <extensions>
          <ns3:TrackPointExtension>
            <ns3:hr>202</ns3:hr>
            <ns3:cad>97</ns3:cad>
          </ns3:TrackPointExtension>
        </extensions>
      </trkpt>
      <trkpt lat="55.97222716547548770904541015625" lon="-2.93445677496492862701416015625">
        <ele>5.19999980926513671875</ele>
        <time>2018-05-27T11:32:39.000Z</time>
        <extensions>
          <ns3:TrackPointExtension>
            <ns3:hr>200</ns3:hr>
            <ns3:cad>96</ns3:cad>
          </ns3:TrackPointExtension>
        </extensions>
      </trkpt>
      <trkpt lat="55.9722067974507808685302734375" lon="-2.93482482433319091796875">
        <ele>5.599999904632568359375</ele>
        <time>2018-05-27T11:32:45.000Z</time>
        <extensions>
          <ns3:TrackPointExtension>
            <ns3:hr>201</ns3:hr>
            <ns3:cad>97</ns3:cad>
          </ns3:TrackPointExtension>
        </extensions>
      </trkpt>
      <trkpt lat="55.97218953073024749755859375" lon="-2.9351941309869289398193359375">
        <ele>3.599999904632568359375</ele>
        <time>2018-05-27T11:32:51.000Z</time>
        <extensions>
          <ns3:TrackPointExtension>
            <ns3:hr>199</ns3:hr>
            <ns3:cad>97</ns3:cad>
          </ns3:TrackPointExtension>
        </extensions>
      </trkpt>
      <trkpt lat="55.97216329537332057952880859375" lon="-2.93556452728807926177978515625">
        <ele>4.19999980926513671875</ele>
        <time>2018-05-27T11:32:57.000Z</time>
        <extensions>
          <ns3:TrackPointExtension>
            <ns3:hr>200</ns3:hr>
            <ns3:cad>98</ns3:cad>
          </ns3:TrackPointExtension>
        </extensions>
      </trkpt>
      <trkpt lat="55.97214502282440662384033203125" lon="-2.9359424673020839691162109375">
        <ele>4.400000095367431640625</ele>
        <time>2018-05-27T11:33:03.000Z</time>
        <extensions>
          <ns3:TrackPointExtension>
            <ns3:hr>200</ns3:hr>
            <ns3:cad>97</ns3:cad>
          </ns3:TrackPointExtension>
        </extensions>
      </trkpt>
      <trkpt lat="55.97212892957031726837158203125" lon="-2.93631738983094692230224609375">
        <ele>4.80000019073486328125</ele>
        <time>2018-05-27T11:33:09.000Z</time>
        <extensions>
          <ns3:TrackPointExtension>
            <ns3:hr>200</ns3:hr>
            <ns3:cad>98</ns3:cad>
          </ns3:TrackPointExtension>
        </extensions>
      </trkpt>
      <trkpt lat="55.972106717526912689208984375" lon="-2.93668535538017749786376953125">
        <ele>5.400000095367431640625</ele>
        <time>2018-05-27T11:33:15.000Z</time>
        <extensions>
          <ns3:TrackPointExtension>
            <ns3:hr>201</ns3:hr>
            <ns3:cad>97</ns3:cad>
          </ns3:TrackPointExtension>
        </extensions>
      </trkpt>
      <trkpt lat="55.9720958210527896881103515625" lon="-2.936864309012889862060546875">
        <ele>5.19999980926513671875</ele>
        <time>2018-05-27T11:33:18.000Z</time>
        <extensions>
          <ns3:TrackPointExtension>
            <ns3:hr>198</ns3:hr>
            <ns3:cad>96</ns3:cad>
          </ns3:TrackPointExtension>
        </extensions>
      </trkpt>
      <trkpt lat="55.972073189914226531982421875" lon="-2.93721442110836505889892578125">
        <ele>5</ele>
        <time>2018-05-27T11:33:24.000Z</time>
        <extensions>
          <ns3:TrackPointExtension>
            <ns3:hr>196</ns3:hr>
            <ns3:cad>97</ns3:cad>
          </ns3:TrackPointExtension>
        </extensions>
      </trkpt>
      <trkpt lat="55.9720467031002044677734375" lon="-2.937575094401836395263671875">
        <ele>5.19999980926513671875</ele>
        <time>2018-05-27T11:33:30.000Z</time>
        <extensions>
          <ns3:TrackPointExtension>
            <ns3:hr>198</ns3:hr>
            <ns3:cad>97</ns3:cad>
          </ns3:TrackPointExtension>
        </extensions>
      </trkpt>
      <trkpt lat="55.97202398814260959625244140625" lon="-2.93795253150165081024169921875">
        <ele>5.19999980926513671875</ele>
        <time>2018-05-27T11:33:36.000Z</time>
        <extensions>
          <ns3:TrackPointExtension>
            <ns3:hr>199</ns3:hr>
            <ns3:cad>97</ns3:cad>
          </ns3:TrackPointExtension>
        </extensions>
      </trkpt>
      <trkpt lat="55.9720039553940296173095703125" lon="-2.9383235983550548553466796875">
        <ele>6.19999980926513671875</ele>
        <time>2018-05-27T11:33:42.000Z</time>
        <extensions>
          <ns3:TrackPointExtension>
            <ns3:hr>199</ns3:hr>
            <ns3:cad>98</ns3:cad>
          </ns3:TrackPointExtension>
        </extensions>
      </trkpt>
      <trkpt lat="55.971986353397369384765625" lon="-2.938688211143016815185546875">
        <ele>6.400000095367431640625</ele>
        <time>2018-05-27T11:33:48.000Z</time>
        <extensions>
          <ns3:TrackPointExtension>
            <ns3:hr>198</ns3:hr>
            <ns3:cad>97</ns3:cad>
          </ns3:TrackPointExtension>
        </extensions>
      </trkpt>
      <trkpt lat="55.971986018121242523193359375" lon="-2.93893187306821346282958984375">
        <ele>6</ele>
        <time>2018-05-27T11:33:52.000Z</time>
        <extensions>
          <ns3:TrackPointExtension>
            <ns3:hr>199</ns3:hr>
            <ns3:cad>96</ns3:cad>
          </ns3:TrackPointExtension>
        </extensions>
      </trkpt>
      <trkpt lat="55.9719965793192386627197265625" lon="-2.93930453248322010040283203125">
        <ele>6</ele>
        <time>2018-05-27T11:33:58.000Z</time>
        <extensions>
          <ns3:TrackPointExtension>
            <ns3:hr>199</ns3:hr>
            <ns3:cad>96</ns3:cad>
          </ns3:TrackPointExtension>
        </extensions>
      </trkpt>
      <trkpt lat="55.97200370393693447113037109375" lon="-2.93967518024146556854248046875">
        <ele>6</ele>
        <time>2018-05-27T11:34:04.000Z</time>
        <extensions>
          <ns3:TrackPointExtension>
            <ns3:hr>199</ns3:hr>
            <ns3:cad>97</ns3:cad>
          </ns3:TrackPointExtension>
        </extensions>
      </trkpt>
      <trkpt lat="55.97200990654528141021728515625" lon="-2.93990786187350749969482421875">
        <ele>6</ele>
        <time>2018-05-27T11:34:08.000Z</time>
        <extensions>
          <ns3:TrackPointExtension>
            <ns3:hr>202</ns3:hr>
            <ns3:cad>96</ns3:cad>
          </ns3:TrackPointExtension>
        </extensions>
      </trkpt>
      <trkpt lat="55.97200990654528141021728515625" lon="-2.9402564652264118194580078125">
        <ele>6</ele>
        <time>2018-05-27T11:34:14.000Z</time>
        <extensions>
          <ns3:TrackPointExtension>
            <ns3:hr>203</ns3:hr>
            <ns3:cad>96</ns3:cad>
          </ns3:TrackPointExtension>
        </extensions>
      </trkpt>
      <trkpt lat="55.97201812081038951873779296875" lon="-2.9405458085238933563232421875">
        <ele>6</ele>
        <time>2018-05-27T11:34:19.000Z</time>
        <extensions>
          <ns3:TrackPointExtension>
            <ns3:hr>199</ns3:hr>
            <ns3:cad>96</ns3:cad>
          </ns3:TrackPointExtension>
        </extensions>
      </trkpt>
      <trkpt lat="55.97203454934060573577880859375" lon="-2.94089491479098796844482421875">
        <ele>5.400000095367431640625</ele>
        <time>2018-05-27T11:34:25.000Z</time>
        <extensions>
          <ns3:TrackPointExtension>
            <ns3:hr>200</ns3:hr>
            <ns3:cad>96</ns3:cad>
          </ns3:TrackPointExtension>
        </extensions>
      </trkpt>
      <trkpt lat="55.97204980440437793731689453125" lon="-2.94125332497060298919677734375">
        <ele>5</ele>
        <time>2018-05-27T11:34:31.000Z</time>
        <extensions>
          <ns3:TrackPointExtension>
            <ns3:hr>201</ns3:hr>
            <ns3:cad>96</ns3:cad>
          </ns3:TrackPointExtension>
        </extensions>
      </trkpt>
      <trkpt lat="55.97206355072557926177978515625" lon="-2.94161760248243808746337890625">
        <ele>4</ele>
        <time>2018-05-27T11:34:37.000Z</time>
        <extensions>
          <ns3:TrackPointExtension>
            <ns3:hr>200</ns3:hr>
            <ns3:cad>96</ns3:cad>
          </ns3:TrackPointExtension>
        </extensions>
      </trkpt>
      <trkpt lat="55.9720800630748271942138671875" lon="-2.94197894632816314697265625">
        <ele>4</ele>
        <time>2018-05-27T11:34:43.000Z</time>
        <extensions>
          <ns3:TrackPointExtension>
            <ns3:hr>199</ns3:hr>
            <ns3:cad>97</ns3:cad>
          </ns3:TrackPointExtension>
        </extensions>
      </trkpt>
      <trkpt lat="55.9721085615456104278564453125" lon="-2.9423452354967594146728515625">
        <ele>3.599999904632568359375</ele>
        <time>2018-05-27T11:34:49.000Z</time>
        <extensions>
          <ns3:TrackPointExtension>
            <ns3:hr>200</ns3:hr>
            <ns3:cad>96</ns3:cad>
          </ns3:TrackPointExtension>
        </extensions>
      </trkpt>
      <trkpt lat="55.972127504646778106689453125" lon="-2.94266534037888050079345703125">
        <ele>3.2000000476837158203125</ele>
        <time>2018-05-27T11:34:54.000Z</time>
        <extensions>
          <ns3:TrackPointExtension>
            <ns3:hr>198</ns3:hr>
            <ns3:cad>97</ns3:cad>
          </ns3:TrackPointExtension>
        </extensions>
      </trkpt>
      <trkpt lat="55.9721400775015354156494140625" lon="-2.94304219074547290802001953125">
        <ele>3.599999904632568359375</ele>
        <time>2018-05-27T11:35:00.000Z</time>
        <extensions>
          <ns3:TrackPointExtension>
            <ns3:hr>198</ns3:hr>
            <ns3:cad>96</ns3:cad>
          </ns3:TrackPointExtension>
        </extensions>
      </trkpt>
      <trkpt lat="55.9721504710614681243896484375" lon="-2.94340789318084716796875">
        <ele>3.599999904632568359375</ele>
        <time>2018-05-27T11:35:06.000Z</time>
        <extensions>
          <ns3:TrackPointExtension>
            <ns3:hr>199</ns3:hr>
            <ns3:cad>97</ns3:cad>
          </ns3:TrackPointExtension>
        </extensions>
      </trkpt>
      <trkpt lat="55.97213865257799625396728515625" lon="-2.943773008882999420166015625">
        <ele>3.7999999523162841796875</ele>
        <time>2018-05-27T11:35:12.000Z</time>
        <extensions>
          <ns3:TrackPointExtension>
            <ns3:hr>197</ns3:hr>
            <ns3:cad>96</ns3:cad>
          </ns3:TrackPointExtension>
        </extensions>
      </trkpt>
      <trkpt lat="55.9721390716731548309326171875" lon="-2.9441413097083568572998046875">
        <ele>4.400000095367431640625</ele>
        <time>2018-05-27T11:35:18.000Z</time>
        <extensions>
          <ns3:TrackPointExtension>
            <ns3:hr>197</ns3:hr>
            <ns3:cad>97</ns3:cad>
          </ns3:TrackPointExtension>
        </extensions>
      </trkpt>
      <trkpt lat="55.9721491299569606781005859375" lon="-2.94446778483688831329345703125">
        <ele>4.400000095367431640625</ele>
        <time>2018-05-27T11:35:23.000Z</time>
        <extensions>
          <ns3:TrackPointExtension>
            <ns3:hr>198</ns3:hr>
            <ns3:cad>97</ns3:cad>
          </ns3:TrackPointExtension>
        </extensions>
      </trkpt>
      <trkpt lat="55.972167067229747772216796875" lon="-2.944833151996135711669921875">
        <ele>3.400000095367431640625</ele>
        <time>2018-05-27T11:35:29.000Z</time>
        <extensions>
          <ns3:TrackPointExtension>
            <ns3:hr>201</ns3:hr>
            <ns3:cad>96</ns3:cad>
          </ns3:TrackPointExtension>
        </extensions>
      </trkpt>
      <trkpt lat="55.97218425013124942779541015625" lon="-2.94520690105855464935302734375">
        <ele>3</ele>
        <time>2018-05-27T11:35:35.000Z</time>
        <extensions>
          <ns3:TrackPointExtension>
            <ns3:hr>201</ns3:hr>
            <ns3:cad>96</ns3:cad>
          </ns3:TrackPointExtension>
        </extensions>
      </trkpt>
      <trkpt lat="55.97220160067081451416015625" lon="-2.945574782788753509521484375">
        <ele>4.599999904632568359375</ele>
        <time>2018-05-27T11:35:41.000Z</time>
        <extensions>
          <ns3:TrackPointExtension>
            <ns3:hr>200</ns3:hr>
            <ns3:cad>97</ns3:cad>
          </ns3:TrackPointExtension>
        </extensions>
      </trkpt>
      <trkpt lat="55.97220922820270061492919921875" lon="-2.9459303431212902069091796875">
        <ele>5.599999904632568359375</ele>
        <time>2018-05-27T11:35:47.000Z</time>
        <extensions>
          <ns3:TrackPointExtension>
            <ns3:hr>198</ns3:hr>
            <ns3:cad>97</ns3:cad>
          </ns3:TrackPointExtension>
        </extensions>
      </trkpt>
      <trkpt lat="55.97221878357231616973876953125" lon="-2.94629822485148906707763671875">
        <ele>5.400000095367431640625</ele>
        <time>2018-05-27T11:35:53.000Z</time>
        <extensions>
          <ns3:TrackPointExtension>
            <ns3:hr>199</ns3:hr>
            <ns3:cad>96</ns3:cad>
          </ns3:TrackPointExtension>
        </extensions>
      </trkpt>
      <trkpt lat="55.97222708165645599365234375" lon="-2.94667121954262256622314453125">
        <ele>5.599999904632568359375</ele>
        <time>2018-05-27T11:35:59.000Z</time>
        <extensions>
          <ns3:TrackPointExtension>
            <ns3:hr>201</ns3:hr>
            <ns3:cad>95</ns3:cad>
          </ns3:TrackPointExtension>
        </extensions>
      </trkpt>
      <trkpt lat="55.97223705612123012542724609375" lon="-2.94703952036798000335693359375">
        <ele>6.400000095367431640625</ele>
        <time>2018-05-27T11:36:05.000Z</time>
        <extensions>
          <ns3:TrackPointExtension>
            <ns3:hr>203</ns3:hr>
            <ns3:cad>96</ns3:cad>
          </ns3:TrackPointExtension>
        </extensions>
      </trkpt>
      <trkpt lat="55.972243845462799072265625" lon="-2.94740446843206882476806640625">
        <ele>7</ele>
        <time>2018-05-27T11:36:11.000Z</time>
        <extensions>
          <ns3:TrackPointExtension>
            <ns3:hr>201</ns3:hr>
            <ns3:cad>97</ns3:cad>
          </ns3:TrackPointExtension>
        </extensions>
      </trkpt>
      <trkpt lat="55.97225097008049488067626953125" lon="-2.94770806096494197845458984375">
        <ele>7</ele>
        <time>2018-05-27T11:36:16.000Z</time>
        <extensions>
          <ns3:TrackPointExtension>
            <ns3:hr>198</ns3:hr>
            <ns3:cad>97</ns3:cad>
          </ns3:TrackPointExtension>
        </extensions>
      </trkpt>
      <trkpt lat="55.9722577594220638275146484375" lon="-2.94808172620832920074462890625">
        <ele>7</ele>
        <time>2018-05-27T11:36:22.000Z</time>
        <extensions>
          <ns3:TrackPointExtension>
            <ns3:hr>200</ns3:hr>
            <ns3:cad>97</ns3:cad>
          </ns3:TrackPointExtension>
        </extensions>
      </trkpt>
      <trkpt lat="55.97224694676697254180908203125" lon="-2.94843904674053192138671875">
        <ele>7</ele>
        <time>2018-05-27T11:36:28.000Z</time>
        <extensions>
          <ns3:TrackPointExtension>
            <ns3:hr>203</ns3:hr>
            <ns3:cad>96</ns3:cad>
          </ns3:TrackPointExtension>
        </extensions>
      </trkpt>
      <trkpt lat="55.9722272492945194244384765625" lon="-2.94880508445203304290771484375">
        <ele>7</ele>
        <time>2018-05-27T11:36:34.000Z</time>
        <extensions>
          <ns3:TrackPointExtension>
            <ns3:hr>203</ns3:hr>
            <ns3:cad>96</ns3:cad>
          </ns3:TrackPointExtension>
        </extensions>
      </trkpt>
      <trkpt lat="55.97219766117632389068603515625" lon="-2.949157543480396270751953125">
        <ele>6.599999904632568359375</ele>
        <time>2018-05-27T11:36:40.000Z</time>
        <extensions>
          <ns3:TrackPointExtension>
            <ns3:hr>204</ns3:hr>
            <ns3:cad>97</ns3:cad>
          </ns3:TrackPointExtension>
        </extensions>
      </trkpt>
      <trkpt lat="55.97217142581939697265625" lon="-2.949501536786556243896484375">
        <ele>6.80000019073486328125</ele>
        <time>2018-05-27T11:36:46.000Z</time>
        <extensions>
          <ns3:TrackPointExtension>
            <ns3:hr>203</ns3:hr>
            <ns3:cad>97</ns3:cad>
          </ns3:TrackPointExtension>
        </extensions>
      </trkpt>
      <trkpt lat="55.97213496454060077667236328125" lon="-2.94983069412410259246826171875">
        <ele>7</ele>
        <time>2018-05-27T11:36:52.000Z</time>
        <extensions>
          <ns3:TrackPointExtension>
            <ns3:hr>200</ns3:hr>
            <ns3:cad>95</ns3:cad>
          </ns3:TrackPointExtension>
        </extensions>
      </trkpt>
      <trkpt lat="55.972106046974658966064453125" lon="-2.950111739337444305419921875">
        <ele>8</ele>
        <time>2018-05-27T11:36:57.000Z</time>
        <extensions>
          <ns3:TrackPointExtension>
            <ns3:hr>197</ns3:hr>
            <ns3:cad>97</ns3:cad>
          </ns3:TrackPointExtension>
        </extensions>
      </trkpt>
      <trkpt lat="55.9720681607723236083984375" lon="-2.95044022612273693084716796875">
        <ele>9</ele>
        <time>2018-05-27T11:37:03.000Z</time>
        <extensions>
          <ns3:TrackPointExtension>
            <ns3:hr>197</ns3:hr>
            <ns3:cad>97</ns3:cad>
          </ns3:TrackPointExtension>
        </extensions>
      </trkpt>
      <trkpt lat="55.97202532924711704254150390625" lon="-2.950786650180816650390625">
        <ele>8.80000019073486328125</ele>
        <time>2018-05-27T11:37:09.000Z</time>
        <extensions>
          <ns3:TrackPointExtension>
            <ns3:hr>198</ns3:hr>
            <ns3:cad>95</ns3:cad>
          </ns3:TrackPointExtension>
        </extensions>
      </trkpt>
      <trkpt lat="55.97196263261139392852783203125" lon="-2.95112972147762775421142578125">
        <ele>9</ele>
        <time>2018-05-27T11:37:15.000Z</time>
        <extensions>
          <ns3:TrackPointExtension>
            <ns3:hr>199</ns3:hr>
            <ns3:cad>97</ns3:cad>
          </ns3:TrackPointExtension>
        </extensions>
      </trkpt>
      <trkpt lat="55.97189054824411869049072265625" lon="-2.9514585435390472412109375">
        <ele>9</ele>
        <time>2018-05-27T11:37:21.000Z</time>
        <extensions>
          <ns3:TrackPointExtension>
            <ns3:hr>198</ns3:hr>
            <ns3:cad>96</ns3:cad>
          </ns3:TrackPointExtension>
        </extensions>
      </trkpt>
      <trkpt lat="55.9718374907970428466796875" lon="-2.95173992402851581573486328125">
        <ele>9</ele>
        <time>2018-05-27T11:37:26.000Z</time>
        <extensions>
          <ns3:TrackPointExtension>
            <ns3:hr>201</ns3:hr>
            <ns3:cad>96</ns3:cad>
          </ns3:TrackPointExtension>
        </extensions>
      </trkpt>
      <trkpt lat="55.97176096402108669281005859375" lon="-2.9520727694034576416015625">
        <ele>9</ele>
        <time>2018-05-27T11:37:32.000Z</time>
        <extensions>
          <ns3:TrackPointExtension>
            <ns3:hr>201</ns3:hr>
            <ns3:cad>96</ns3:cad>
          </ns3:TrackPointExtension>
        </extensions>
      </trkpt>
      <trkpt lat="55.97170270979404449462890625" lon="-2.95242439024150371551513671875">
        <ele>9</ele>
        <time>2018-05-27T11:37:38.000Z</time>
        <extensions>
          <ns3:TrackPointExtension>
            <ns3:hr>199</ns3:hr>
            <ns3:cad>97</ns3:cad>
          </ns3:TrackPointExtension>
        </extensions>
      </trkpt>
      <trkpt lat="55.971650071442127227783203125" lon="-2.95273602940142154693603515625">
        <ele>9</ele>
        <time>2018-05-27T11:37:43.000Z</time>
        <extensions>
          <ns3:TrackPointExtension>
            <ns3:hr>200</ns3:hr>
            <ns3:cad>96</ns3:cad>
          </ns3:TrackPointExtension>
        </extensions>
      </trkpt>
      <trkpt lat="55.97157438285648822784423828125" lon="-2.95309309847652912139892578125">
        <ele>9.6000003814697265625</ele>
        <time>2018-05-27T11:37:49.000Z</time>
        <extensions>
          <ns3:TrackPointExtension>
            <ns3:hr>199</ns3:hr>
            <ns3:cad>98</ns3:cad>
          </ns3:TrackPointExtension>
        </extensions>
      </trkpt>
      <trkpt lat="55.971493162214756011962890625" lon="-2.95344362966716289520263671875">
        <ele>10</ele>
        <time>2018-05-27T11:37:55.000Z</time>
        <extensions>
          <ns3:TrackPointExtension>
            <ns3:hr>199</ns3:hr>
            <ns3:cad>97</ns3:cad>
          </ns3:TrackPointExtension>
        </extensions>
      </trkpt>
      <trkpt lat="55.9714373387396335601806640625" lon="-2.95375091023743152618408203125">
        <ele>10</ele>
        <time>2018-05-27T11:38:00.000Z</time>
        <extensions>
          <ns3:TrackPointExtension>
            <ns3:hr>199</ns3:hr>
            <ns3:cad>97</ns3:cad>
          </ns3:TrackPointExtension>
        </extensions>
      </trkpt>
      <trkpt lat="55.97136885859072208404541015625" lon="-2.95410093851387500762939453125">
        <ele>10</ele>
        <time>2018-05-27T11:38:06.000Z</time>
        <extensions>
          <ns3:TrackPointExtension>
            <ns3:hr>197</ns3:hr>
            <ns3:cad>97</ns3:cad>
          </ns3:TrackPointExtension>
        </extensions>
      </trkpt>
      <trkpt lat="55.971310436725616455078125" lon="-2.95443906448781490325927734375">
        <ele>10</ele>
        <time>2018-05-27T11:38:12.000Z</time>
        <extensions>
          <ns3:TrackPointExtension>
            <ns3:hr>198</ns3:hr>
            <ns3:cad>97</ns3:cad>
          </ns3:TrackPointExtension>
        </extensions>
      </trkpt>
      <trkpt lat="55.97125603817403316497802734375" lon="-2.9547898471355438232421875">
        <ele>10</ele>
        <time>2018-05-27T11:38:18.000Z</time>
        <extensions>
          <ns3:TrackPointExtension>
            <ns3:hr>200</ns3:hr>
            <ns3:cad>97</ns3:cad>
          </ns3:TrackPointExtension>
        </extensions>
      </trkpt>
      <trkpt lat="55.9711966104805469512939453125" lon="-2.9551356844604015350341796875">
        <ele>10</ele>
        <time>2018-05-27T11:38:24.000Z</time>
        <extensions>
          <ns3:TrackPointExtension>
            <ns3:hr>199</ns3:hr>
            <ns3:cad>97</ns3:cad>
          </ns3:TrackPointExtension>
        </extensions>
      </trkpt>
      <trkpt lat="55.9711298905313014984130859375" lon="-2.95548546127974987030029296875">
        <ele>10</ele>
        <time>2018-05-27T11:38:30.000Z</time>
        <extensions>
          <ns3:TrackPointExtension>
            <ns3:hr>199</ns3:hr>
            <ns3:cad>97</ns3:cad>
          </ns3:TrackPointExtension>
        </extensions>
      </trkpt>
      <trkpt lat="55.97104531712830066680908203125" lon="-2.955818474292755126953125">
        <ele>10.3999996185302734375</ele>
        <time>2018-05-27T11:38:36.000Z</time>
        <extensions>
          <ns3:TrackPointExtension>
            <ns3:hr>200</ns3:hr>
            <ns3:cad>98</ns3:cad>
          </ns3:TrackPointExtension>
        </extensions>
      </trkpt>
      <trkpt lat="55.970972813665866851806640625" lon="-2.956156097352504730224609375">
        <ele>11</ele>
        <time>2018-05-27T11:38:42.000Z</time>
        <extensions>
          <ns3:TrackPointExtension>
            <ns3:hr>200</ns3:hr>
            <ns3:cad>97</ns3:cad>
          </ns3:TrackPointExtension>
        </extensions>
      </trkpt>
      <trkpt lat="55.9708864800631999969482421875" lon="-2.9564938880503177642822265625">
        <ele>11</ele>
        <time>2018-05-27T11:38:48.000Z</time>
        <extensions>
          <ns3:TrackPointExtension>
            <ns3:hr>201</ns3:hr>
            <ns3:cad>97</ns3:cad>
          </ns3:TrackPointExtension>
        </extensions>
      </trkpt>
      <trkpt lat="55.970819257199764251708984375" lon="-2.9567044414579868316650390625">
        <ele>10.80000019073486328125</ele>
        <time>2018-05-27T11:38:52.000Z</time>
        <extensions>
          <ns3:TrackPointExtension>
            <ns3:hr>198</ns3:hr>
            <ns3:cad>96</ns3:cad>
          </ns3:TrackPointExtension>
        </extensions>
      </trkpt>
      <trkpt lat="55.97078128717839717864990234375" lon="-2.95686445198953151702880859375">
        <ele>10.6000003814697265625</ele>
        <time>2018-05-27T11:38:55.000Z</time>
        <extensions>
          <ns3:TrackPointExtension>
            <ns3:hr>195</ns3:hr>
            <ns3:cad>96</ns3:cad>
          </ns3:TrackPointExtension>
        </extensions>
      </trkpt>
      <trkpt lat="55.97070568241178989410400390625" lon="-2.9572053439915180206298828125">
        <ele>11</ele>
        <time>2018-05-27T11:39:01.000Z</time>
        <extensions>
          <ns3:TrackPointExtension>
            <ns3:hr>198</ns3:hr>
            <ns3:cad>96</ns3:cad>
          </ns3:TrackPointExtension>
        </extensions>
      </trkpt>
      <trkpt lat="55.9706209413707256317138671875" lon="-2.95754657126963138580322265625">
        <ele>11</ele>
        <time>2018-05-27T11:39:07.000Z</time>
        <extensions>
          <ns3:TrackPointExtension>
            <ns3:hr>200</ns3:hr>
            <ns3:cad>96</ns3:cad>
          </ns3:TrackPointExtension>
        </extensions>
      </trkpt>
      <trkpt lat="55.970516838133335113525390625" lon="-2.9578728787600994110107421875">
        <ele>10.80000019073486328125</ele>
        <time>2018-05-27T11:39:13.000Z</time>
        <extensions>
          <ns3:TrackPointExtension>
            <ns3:hr>198</ns3:hr>
            <ns3:cad>97</ns3:cad>
          </ns3:TrackPointExtension>
        </extensions>
      </trkpt>
      <trkpt lat="55.97042639739811420440673828125" lon="-2.958221733570098876953125">
        <ele>10.80000019073486328125</ele>
        <time>2018-05-27T11:39:19.000Z</time>
        <extensions>
          <ns3:TrackPointExtension>
            <ns3:hr>197</ns3:hr>
            <ns3:cad>97</ns3:cad>
          </ns3:TrackPointExtension>
        </extensions>
      </trkpt>
      <trkpt lat="55.97035112790763378143310546875" lon="-2.95851300470530986785888671875">
        <ele>10.19999980926513671875</ele>
        <time>2018-05-27T11:39:24.000Z</time>
        <extensions>
          <ns3:TrackPointExtension>
            <ns3:hr>199</ns3:hr>
            <ns3:cad>98</ns3:cad>
          </ns3:TrackPointExtension>
        </extensions>
      </trkpt>
      <trkpt lat="55.97026848234236240386962890625" lon="-2.95879581011831760406494140625">
        <ele>10.19999980926513671875</ele>
        <time>2018-05-27T11:39:29.000Z</time>
        <extensions>
          <ns3:TrackPointExtension>
            <ns3:hr>202</ns3:hr>
            <ns3:cad>97</ns3:cad>
          </ns3:TrackPointExtension>
        </extensions>
      </trkpt>
      <trkpt lat="55.97019623033702373504638671875" lon="-2.9590952955186367034912109375">
        <ele>9.80000019073486328125</ele>
        <time>2018-05-27T11:39:34.000Z</time>
        <extensions>
          <ns3:TrackPointExtension>
            <ns3:hr>201</ns3:hr>
            <ns3:cad>97</ns3:cad>
          </ns3:TrackPointExtension>
        </extensions>
      </trkpt>
      <trkpt lat="55.970104448497295379638671875" lon="-2.9594366066157817840576171875">
        <ele>10</ele>
        <time>2018-05-27T11:39:40.000Z</time>
        <extensions>
          <ns3:TrackPointExtension>
            <ns3:hr>202</ns3:hr>
            <ns3:cad>97</ns3:cad>
          </ns3:TrackPointExtension>
        </extensions>
      </trkpt>
      <trkpt lat="55.97002859227359294891357421875" lon="-2.959777414798736572265625">
        <ele>10</ele>
        <time>2018-05-27T11:39:46.000Z</time>
        <extensions>
          <ns3:TrackPointExtension>
            <ns3:hr>203</ns3:hr>
            <ns3:cad>97</ns3:cad>
          </ns3:TrackPointExtension>
        </extensions>
      </trkpt>
      <trkpt lat="55.9699497185647487640380859375" lon="-2.9601034708321094512939453125">
        <ele>10</ele>
        <time>2018-05-27T11:39:52.000Z</time>
        <extensions>
          <ns3:TrackPointExtension>
            <ns3:hr>203</ns3:hr>
            <ns3:cad>96</ns3:cad>
          </ns3:TrackPointExtension>
        </extensions>
      </trkpt>
      <trkpt lat="55.96988626755774021148681640625" lon="-2.96037948690354824066162109375">
        <ele>10</ele>
        <time>2018-05-27T11:39:57.000Z</time>
        <extensions>
          <ns3:TrackPointExtension>
            <ns3:hr>200</ns3:hr>
            <ns3:cad>96</ns3:cad>
          </ns3:TrackPointExtension>
        </extensions>
      </trkpt>
      <trkpt lat="55.969813428819179534912109375" lon="-2.960660196840763092041015625">
        <ele>10</ele>
        <time>2018-05-27T11:40:02.000Z</time>
        <extensions>
          <ns3:TrackPointExtension>
            <ns3:hr>197</ns3:hr>
            <ns3:cad>96</ns3:cad>
          </ns3:TrackPointExtension>
        </extensions>
      </trkpt>
      <trkpt lat="55.96972131170332431793212890625" lon="-2.9609953053295612335205078125">
        <ele>10</ele>
        <time>2018-05-27T11:40:08.000Z</time>
        <extensions>
          <ns3:TrackPointExtension>
            <ns3:hr>198</ns3:hr>
            <ns3:cad>97</ns3:cad>
          </ns3:TrackPointExtension>
        </extensions>
      </trkpt>
      <trkpt lat="55.9696878679096698760986328125" lon="-2.96110167168080806732177734375">
        <ele>10</ele>
        <time>2018-05-27T11:40:10.000Z</time>
        <extensions>
          <ns3:TrackPointExtension>
            <ns3:hr>198</ns3:hr>
            <ns3:cad>96</ns3:cad>
          </ns3:TrackPointExtension>
        </extensions>
      </trkpt>
      <trkpt lat="55.96961452625691890716552734375" lon="-2.96144315041601657867431640625">
        <ele>10</ele>
        <time>2018-05-27T11:40:16.000Z</time>
        <extensions>
          <ns3:TrackPointExtension>
            <ns3:hr>199</ns3:hr>
            <ns3:cad>97</ns3:cad>
          </ns3:TrackPointExtension>
        </extensions>
      </trkpt>
      <trkpt lat="55.96953255124390125274658203125" lon="-2.96178613789379596710205078125">
        <ele>9.80000019073486328125</ele>
        <time>2018-05-27T11:40:22.000Z</time>
        <extensions>
          <ns3:TrackPointExtension>
            <ns3:hr>196</ns3:hr>
            <ns3:cad>96</ns3:cad>
          </ns3:TrackPointExtension>
        </extensions>
      </trkpt>
      <trkpt lat="55.96945845521986484527587890625" lon="-2.96213214285671710968017578125">
        <ele>9.6000003814697265625</ele>
        <time>2018-05-27T11:40:28.000Z</time>
        <extensions>
          <ns3:TrackPointExtension>
            <ns3:hr>198</ns3:hr>
            <ns3:cad>97</ns3:cad>
          </ns3:TrackPointExtension>
        </extensions>
      </trkpt>
      <trkpt lat="55.96941101364791393280029296875" lon="-2.96243204735219478607177734375">
        <ele>9.3999996185302734375</ele>
        <time>2018-05-27T11:40:33.000Z</time>
        <extensions>
          <ns3:TrackPointExtension>
            <ns3:hr>201</ns3:hr>
            <ns3:cad>97</ns3:cad>
          </ns3:TrackPointExtension>
        </extensions>
      </trkpt>
      <trkpt lat="55.9693747200071811676025390625" lon="-2.9627989232540130615234375">
        <ele>9</ele>
        <time>2018-05-27T11:40:39.000Z</time>
        <extensions>
          <ns3:TrackPointExtension>
            <ns3:hr>201</ns3:hr>
            <ns3:cad>97</ns3:cad>
          </ns3:TrackPointExtension>
        </extensions>
      </trkpt>
      <trkpt lat="55.96933163702487945556640625" lon="-2.9631524719297885894775390625">
        <ele>9.19999980926513671875</ele>
        <time>2018-05-27T11:40:45.000Z</time>
        <extensions>
          <ns3:TrackPointExtension>
            <ns3:hr>201</ns3:hr>
            <ns3:cad>96</ns3:cad>
          </ns3:TrackPointExtension>
        </extensions>
      </trkpt>
      <trkpt lat="55.969280339777469635009765625" lon="-2.96346235089004039764404296875">
        <ele>9</ele>
        <time>2018-05-27T11:40:50.000Z</time>
        <extensions>
          <ns3:TrackPointExtension>
            <ns3:hr>199</ns3:hr>
            <ns3:cad>96</ns3:cad>
          </ns3:TrackPointExtension>
        </extensions>
      </trkpt>
      <trkpt lat="55.96924371086061000823974609375" lon="-2.96364591456949710845947265625">
        <ele>9</ele>
        <time>2018-05-27T11:40:53.000Z</time>
        <extensions>
          <ns3:TrackPointExtension>
            <ns3:hr>196</ns3:hr>
            <ns3:cad>96</ns3:cad>
          </ns3:TrackPointExtension>
        </extensions>
      </trkpt>
      <trkpt lat="55.96923348493874073028564453125" lon="-2.96370685100555419921875">
        <ele>9</ele>
        <time>2018-05-27T11:40:54.000Z</time>
        <extensions>
          <ns3:TrackPointExtension>
            <ns3:hr>195</ns3:hr>
            <ns3:cad>97</ns3:cad>
          </ns3:TrackPointExtension>
        </extensions>
      </trkpt>
      <trkpt lat="55.96917179413139820098876953125" lon="-2.96405562199652194976806640625">
        <ele>9</ele>
        <time>2018-05-27T11:41:00.000Z</time>
        <extensions>
          <ns3:TrackPointExtension>
            <ns3:hr>195</ns3:hr>
            <ns3:cad>97</ns3:cad>
          </ns3:TrackPointExtension>
        </extensions>
      </trkpt>
      <trkpt lat="55.96912133507430553436279296875" lon="-2.9643752239644527435302734375">
        <ele>9</ele>
        <time>2018-05-27T11:41:05.000Z</time>
        <extensions>
          <ns3:TrackPointExtension>
            <ns3:hr>198</ns3:hr>
            <ns3:cad>96</ns3:cad>
          </ns3:TrackPointExtension>
        </extensions>
      </trkpt>
      <trkpt lat="55.9690796770155429840087890625" lon="-2.96468577347695827484130859375">
        <ele>9</ele>
        <time>2018-05-27T11:41:10.000Z</time>
        <extensions>
          <ns3:TrackPointExtension>
            <ns3:hr>201</ns3:hr>
            <ns3:cad>97</ns3:cad>
          </ns3:TrackPointExtension>
        </extensions>
      </trkpt>
      <trkpt lat="55.96901672892272472381591796875" lon="-2.96504669822752475738525390625">
        <ele>9</ele>
        <time>2018-05-27T11:41:16.000Z</time>
        <extensions>
          <ns3:TrackPointExtension>
            <ns3:hr>201</ns3:hr>
            <ns3:cad>97</ns3:cad>
          </ns3:TrackPointExtension>
        </extensions>
      </trkpt>
      <trkpt lat="55.96895939670503139495849609375" lon="-2.9654060304164886474609375">
        <ele>8</ele>
        <time>2018-05-27T11:41:22.000Z</time>
        <extensions>
          <ns3:TrackPointExtension>
            <ns3:hr>200</ns3:hr>
            <ns3:cad>96</ns3:cad>
          </ns3:TrackPointExtension>
        </extensions>
      </trkpt>
      <trkpt lat="55.968910194933414459228515625" lon="-2.96576418913900852203369140625">
        <ele>7.19999980926513671875</ele>
        <time>2018-05-27T11:41:28.000Z</time>
        <extensions>
          <ns3:TrackPointExtension>
            <ns3:hr>198</ns3:hr>
            <ns3:cad>96</ns3:cad>
          </ns3:TrackPointExtension>
        </extensions>
      </trkpt>
      <trkpt lat="55.96886233426630496978759765625" lon="-2.96605403535068035125732421875">
        <ele>6.599999904632568359375</ele>
        <time>2018-05-27T11:41:33.000Z</time>
        <extensions>
          <ns3:TrackPointExtension>
            <ns3:hr>201</ns3:hr>
            <ns3:cad>96</ns3:cad>
          </ns3:TrackPointExtension>
        </extensions>
      </trkpt>
      <trkpt lat="55.9688087739050388336181640625" lon="-2.9664091765880584716796875">
        <ele>6</ele>
        <time>2018-05-27T11:41:39.000Z</time>
        <extensions>
          <ns3:TrackPointExtension>
            <ns3:hr>201</ns3:hr>
            <ns3:cad>97</ns3:cad>
          </ns3:TrackPointExtension>
        </extensions>
      </trkpt>
      <trkpt lat="55.9687370248138904571533203125" lon="-2.96670262701809406280517578125">
        <ele>5.400000095367431640625</ele>
        <time>2018-05-27T11:41:44.000Z</time>
        <extensions>
          <ns3:TrackPointExtension>
            <ns3:hr>199</ns3:hr>
            <ns3:cad>97</ns3:cad>
          </ns3:TrackPointExtension>
        </extensions>
      </trkpt>
      <trkpt lat="55.9686456620693206787109375" lon="-2.966984845697879791259765625">
        <ele>5.400000095367431640625</ele>
        <time>2018-05-27T11:41:49.000Z</time>
        <extensions>
          <ns3:TrackPointExtension>
            <ns3:hr>199</ns3:hr>
            <ns3:cad>98</ns3:cad>
          </ns3:TrackPointExtension>
        </extensions>
      </trkpt>
      <trkpt lat="55.96852119080722332000732421875" lon="-2.967265136539936065673828125">
        <ele>5.80000019073486328125</ele>
        <time>2018-05-27T11:41:55.000Z</time>
        <extensions>
          <ns3:TrackPointExtension>
            <ns3:hr>199</ns3:hr>
            <ns3:cad>97</ns3:cad>
          </ns3:TrackPointExtension>
        </extensions>
      </trkpt>
      <trkpt lat="55.96837048418819904327392578125" lon="-2.96749723143875598907470703125">
        <ele>6.400000095367431640625</ele>
        <time>2018-05-27T11:42:01.000Z</time>
        <extensions>
          <ns3:TrackPointExtension>
            <ns3:hr>200</ns3:hr>
            <ns3:cad>97</ns3:cad>
          </ns3:TrackPointExtension>
        </extensions>
      </trkpt>
      <trkpt lat="55.968214161694049835205078125" lon="-2.96772941015660762786865234375">
        <ele>6.80000019073486328125</ele>
        <time>2018-05-27T11:42:07.000Z</time>
        <extensions>
          <ns3:TrackPointExtension>
            <ns3:hr>201</ns3:hr>
            <ns3:cad>96</ns3:cad>
          </ns3:TrackPointExtension>
        </extensions>
      </trkpt>
      <trkpt lat="55.96808130852878093719482421875" lon="-2.96793342567980289459228515625">
        <ele>7.599999904632568359375</ele>
        <time>2018-05-27T11:42:12.000Z</time>
        <extensions>
          <ns3:TrackPointExtension>
            <ns3:hr>204</ns3:hr>
            <ns3:cad>97</ns3:cad>
          </ns3:TrackPointExtension>
        </extensions>
      </trkpt>
      <trkpt lat="55.96790478564798831939697265625" lon="-2.9681474156677722930908203125">
        <ele>8.19999980926513671875</ele>
        <time>2018-05-27T11:42:18.000Z</time>
        <extensions>
          <ns3:TrackPointExtension>
            <ns3:hr>203</ns3:hr>
            <ns3:cad>97</ns3:cad>
          </ns3:TrackPointExtension>
        </extensions>
      </trkpt>
      <trkpt lat="55.96779473125934600830078125" lon="-2.96829401515424251556396484375">
        <ele>9.6000003814697265625</ele>
        <time>2018-05-27T11:42:22.000Z</time>
        <extensions>
          <ns3:TrackPointExtension>
            <ns3:hr>200</ns3:hr>
            <ns3:cad>96</ns3:cad>
          </ns3:TrackPointExtension>
        </extensions>
      </trkpt>
      <trkpt lat="55.9676403366029262542724609375" lon="-2.96854597516357898712158203125">
        <ele>11</ele>
        <time>2018-05-27T11:42:28.000Z</time>
        <extensions>
          <ns3:TrackPointExtension>
            <ns3:hr>199</ns3:hr>
            <ns3:cad>97</ns3:cad>
          </ns3:TrackPointExtension>
        </extensions>
      </trkpt>
      <trkpt lat="55.9675605408847332000732421875" lon="-2.9686707817018032073974609375">
        <ele>11.19999980926513671875</ele>
        <time>2018-05-27T11:42:31.000Z</time>
        <extensions>
          <ns3:TrackPointExtension>
            <ns3:hr>202</ns3:hr>
            <ns3:cad>97</ns3:cad>
          </ns3:TrackPointExtension>
        </extensions>
      </trkpt>
      <trkpt lat="55.9673915617167949676513671875" lon="-2.96889382414519786834716796875">
        <ele>12.3999996185302734375</ele>
        <time>2018-05-27T11:42:37.000Z</time>
        <extensions>
          <ns3:TrackPointExtension>
            <ns3:hr>201</ns3:hr>
            <ns3:cad>96</ns3:cad>
          </ns3:TrackPointExtension>
        </extensions>
      </trkpt>
      <trkpt lat="55.967227779328823089599609375" lon="-2.96911343000829219818115234375">
        <ele>11.3999996185302734375</ele>
        <time>2018-05-27T11:42:43.000Z</time>
        <extensions>
          <ns3:TrackPointExtension>
            <ns3:hr>198</ns3:hr>
            <ns3:cad>97</ns3:cad>
          </ns3:TrackPointExtension>
        </extensions>
      </trkpt>
      <trkpt lat="55.96707413904368877410888671875" lon="-2.96935164369642734527587890625">
        <ele>10</ele>
        <time>2018-05-27T11:42:49.000Z</time>
        <extensions>
          <ns3:TrackPointExtension>
            <ns3:hr>199</ns3:hr>
            <ns3:cad>96</ns3:cad>
          </ns3:TrackPointExtension>
        </extensions>
      </trkpt>
      <trkpt lat="55.96692343242466449737548828125" lon="-2.9696015082299709320068359375">
        <ele>9</ele>
        <time>2018-05-27T11:42:55.000Z</time>
        <extensions>
          <ns3:TrackPointExtension>
            <ns3:hr>200</ns3:hr>
            <ns3:cad>96</ns3:cad>
          </ns3:TrackPointExtension>
        </extensions>
      </trkpt>
      <trkpt lat="55.9667707979679107666015625" lon="-2.96983712352812290191650390625">
        <ele>8</ele>
        <time>2018-05-27T11:43:01.000Z</time>
        <extensions>
          <ns3:TrackPointExtension>
            <ns3:hr>198</ns3:hr>
            <ns3:cad>96</ns3:cad>
          </ns3:TrackPointExtension>
        </extensions>
      </trkpt>
      <trkpt lat="55.96663258038461208343505859375" lon="-2.97008522786200046539306640625">
        <ele>7.400000095367431640625</ele>
        <time>2018-05-27T11:43:07.000Z</time>
        <extensions>
          <ns3:TrackPointExtension>
            <ns3:hr>197</ns3:hr>
            <ns3:cad>96</ns3:cad>
          </ns3:TrackPointExtension>
        </extensions>
      </trkpt>
      <trkpt lat="55.96650081686675548553466796875" lon="-2.97034791670739650726318359375">
        <ele>7</ele>
        <time>2018-05-27T11:43:13.000Z</time>
        <extensions>
          <ns3:TrackPointExtension>
            <ns3:hr>198</ns3:hr>
            <ns3:cad>95</ns3:cad>
          </ns3:TrackPointExtension>
        </extensions>
      </trkpt>
      <trkpt lat="55.96635530702769756317138671875" lon="-2.9705982841551303863525390625">
        <ele>7.599999904632568359375</ele>
        <time>2018-05-27T11:43:19.000Z</time>
        <extensions>
          <ns3:TrackPointExtension>
            <ns3:hr>198</ns3:hr>
            <ns3:cad>97</ns3:cad>
          </ns3:TrackPointExtension>
        </extensions>
      </trkpt>
      <trkpt lat="55.966193787753582000732421875" lon="-2.9708383418619632720947265625">
        <ele>8.19999980926513671875</ele>
        <time>2018-05-27T11:43:25.000Z</time>
        <extensions>
          <ns3:TrackPointExtension>
            <ns3:hr>197</ns3:hr>
            <ns3:cad>96</ns3:cad>
          </ns3:TrackPointExtension>
        </extensions>
      </trkpt>
      <trkpt lat="55.96609697677195072174072265625" lon="-2.9710103385150432586669921875">
        <ele>8.6000003814697265625</ele>
        <time>2018-05-27T11:43:29.000Z</time>
        <extensions>
          <ns3:TrackPointExtension>
            <ns3:hr>200</ns3:hr>
            <ns3:cad>96</ns3:cad>
          </ns3:TrackPointExtension>
        </extensions>
      </trkpt>
      <trkpt lat="55.96594677306711673736572265625" lon="-2.971273027360439300537109375">
        <ele>9</ele>
        <time>2018-05-27T11:43:35.000Z</time>
        <extensions>
          <ns3:TrackPointExtension>
            <ns3:hr>200</ns3:hr>
            <ns3:cad>97</ns3:cad>
          </ns3:TrackPointExtension>
        </extensions>
      </trkpt>
      <trkpt lat="55.96577771008014678955078125" lon="-2.97150026075541973114013671875">
        <ele>9.19999980926513671875</ele>
        <time>2018-05-27T11:43:41.000Z</time>
        <extensions>
          <ns3:TrackPointExtension>
            <ns3:hr>202</ns3:hr>
            <ns3:cad>97</ns3:cad>
          </ns3:TrackPointExtension>
        </extensions>
      </trkpt>
      <trkpt lat="55.9656390734016895294189453125" lon="-2.97176227904856204986572265625">
        <ele>8.6000003814697265625</ele>
        <time>2018-05-27T11:43:47.000Z</time>
        <extensions>
          <ns3:TrackPointExtension>
            <ns3:hr>201</ns3:hr>
            <ns3:cad>97</ns3:cad>
          </ns3:TrackPointExtension>
        </extensions>
      </trkpt>
      <trkpt lat="55.9654952399432659149169921875" lon="-2.9720161668956279754638671875">
        <ele>6.19999980926513671875</ele>
        <time>2018-05-27T11:43:53.000Z</time>
        <extensions>
          <ns3:TrackPointExtension>
            <ns3:hr>199</ns3:hr>
            <ns3:cad>96</ns3:cad>
          </ns3:TrackPointExtension>
        </extensions>
      </trkpt>
      <trkpt lat="55.96534478478133678436279296875" lon="-2.972260080277919769287109375">
        <ele>5</ele>
        <time>2018-05-27T11:43:59.000Z</time>
        <extensions>
          <ns3:TrackPointExtension>
            <ns3:hr>201</ns3:hr>
            <ns3:cad>95</ns3:cad>
          </ns3:TrackPointExtension>
        </extensions>
      </trkpt>
      <trkpt lat="55.96519969403743743896484375" lon="-2.97250374220311641693115234375">
        <ele>5</ele>
        <time>2018-05-27T11:44:05.000Z</time>
        <extensions>
          <ns3:TrackPointExtension>
            <ns3:hr>203</ns3:hr>
            <ns3:cad>95</ns3:cad>
          </ns3:TrackPointExtension>
        </extensions>
      </trkpt>
      <trkpt lat="55.96508226357400417327880859375" lon="-2.97270096838474273681640625">
        <ele>5.19999980926513671875</ele>
        <time>2018-05-27T11:44:10.000Z</time>
        <extensions>
          <ns3:TrackPointExtension>
            <ns3:hr>200</ns3:hr>
            <ns3:cad>96</ns3:cad>
          </ns3:TrackPointExtension>
        </extensions>
      </trkpt>
      <trkpt lat="55.96492954529821872711181640625" lon="-2.972914539277553558349609375">
        <ele>5.80000019073486328125</ele>
        <time>2018-05-27T11:44:16.000Z</time>
        <extensions>
          <ns3:TrackPointExtension>
            <ns3:hr>199</ns3:hr>
            <ns3:cad>97</ns3:cad>
          </ns3:TrackPointExtension>
        </extensions>
      </trkpt>
      <trkpt lat="55.9647779166698455810546875" lon="-2.9731437005102634429931640625">
        <ele>6</ele>
        <time>2018-05-27T11:44:22.000Z</time>
        <extensions>
          <ns3:TrackPointExtension>
            <ns3:hr>202</ns3:hr>
            <ns3:cad>95</ns3:cad>
          </ns3:TrackPointExtension>
        </extensions>
      </trkpt>
      <trkpt lat="55.96470105461776256561279296875" lon="-2.97326314263045787811279296875">
        <ele>6</ele>
        <time>2018-05-27T11:44:25.000Z</time>
        <extensions>
          <ns3:TrackPointExtension>
            <ns3:hr>204</ns3:hr>
            <ns3:cad>96</ns3:cad>
          </ns3:TrackPointExtension>
        </extensions>
      </trkpt>
      <trkpt lat="55.9645955264568328857421875" lon="-2.9734231531620025634765625">
        <ele>6</ele>
        <time>2018-05-27T11:44:29.000Z</time>
        <extensions>
          <ns3:TrackPointExtension>
            <ns3:hr>201</ns3:hr>
            <ns3:cad>96</ns3:cad>
          </ns3:TrackPointExtension>
        </extensions>
      </trkpt>
      <trkpt lat="55.96445697359740734100341796875" lon="-2.97367268241941928863525390625">
        <ele>5.599999904632568359375</ele>
        <time>2018-05-27T11:44:35.000Z</time>
        <extensions>
          <ns3:TrackPointExtension>
            <ns3:hr>201</ns3:hr>
            <ns3:cad>97</ns3:cad>
          </ns3:TrackPointExtension>
        </extensions>
      </trkpt>
      <trkpt lat="55.96431699581444263458251953125" lon="-2.97391307540237903594970703125">
        <ele>5.400000095367431640625</ele>
        <time>2018-05-27T11:44:41.000Z</time>
        <extensions>
          <ns3:TrackPointExtension>
            <ns3:hr>202</ns3:hr>
            <ns3:cad>95</ns3:cad>
          </ns3:TrackPointExtension>
        </extensions>
      </trkpt>
      <trkpt lat="55.9641665406525135040283203125" lon="-2.97414089553058147430419921875">
        <ele>5</ele>
        <time>2018-05-27T11:44:47.000Z</time>
        <extensions>
          <ns3:TrackPointExtension>
            <ns3:hr>199</ns3:hr>
            <ns3:cad>95</ns3:cad>
          </ns3:TrackPointExtension>
        </extensions>
      </trkpt>
      <trkpt lat="55.9640284068882465362548828125" lon="-2.97438732348382472991943359375">
        <ele>5</ele>
        <time>2018-05-27T11:44:53.000Z</time>
        <extensions>
          <ns3:TrackPointExtension>
            <ns3:hr>199</ns3:hr>
            <ns3:cad>96</ns3:cad>
          </ns3:TrackPointExtension>
        </extensions>
      </trkpt>
      <trkpt lat="55.96387577243149280548095703125" lon="-2.974627129733562469482421875">
        <ele>6</ele>
        <time>2018-05-27T11:44:59.000Z</time>
        <extensions>
          <ns3:TrackPointExtension>
            <ns3:hr>202</ns3:hr>
            <ns3:cad>97</ns3:cad>
          </ns3:TrackPointExtension>
        </extensions>
      </trkpt>
      <trkpt lat="55.96373931504786014556884765625" lon="-2.97488520853221416473388671875">
        <ele>6.80000019073486328125</ele>
        <time>2018-05-27T11:45:05.000Z</time>
        <extensions>
          <ns3:TrackPointExtension>
            <ns3:hr>202</ns3:hr>
            <ns3:cad>97</ns3:cad>
          </ns3:TrackPointExtension>
        </extensions>
      </trkpt>
      <trkpt lat="55.96360981464385986328125" lon="-2.9751587100327014923095703125">
        <ele>6.400000095367431640625</ele>
        <time>2018-05-27T11:45:11.000Z</time>
        <extensions>
          <ns3:TrackPointExtension>
            <ns3:hr>200</ns3:hr>
            <ns3:cad>97</ns3:cad>
          </ns3:TrackPointExtension>
        </extensions>
      </trkpt>
      <trkpt lat="55.96347880549728870391845703125" lon="-2.97542952932417392730712890625">
        <ele>5.80000019073486328125</ele>
        <time>2018-05-27T11:45:17.000Z</time>
        <extensions>
          <ns3:TrackPointExtension>
            <ns3:hr>203</ns3:hr>
            <ns3:cad>96</ns3:cad>
          </ns3:TrackPointExtension>
        </extensions>
      </trkpt>
      <trkpt lat="55.96341728232800960540771484375" lon="-2.97557084821164608001708984375">
        <ele>5.80000019073486328125</ele>
        <time>2018-05-27T11:45:20.000Z</time>
        <extensions>
          <ns3:TrackPointExtension>
            <ns3:hr>206</ns3:hr>
            <ns3:cad>96</ns3:cad>
          </ns3:TrackPointExtension>
        </extensions>
      </trkpt>
      <trkpt lat="55.96331871114671230316162109375" lon="-2.9757669009268283843994140625">
        <ele>5.80000019073486328125</ele>
        <time>2018-05-27T11:45:24.000Z</time>
        <extensions>
          <ns3:TrackPointExtension>
            <ns3:hr>203</ns3:hr>
            <ns3:cad>96</ns3:cad>
          </ns3:TrackPointExtension>
        </extensions>
      </trkpt>
      <trkpt lat="55.96324034035205841064453125" lon="-2.9759006761014461517333984375">
        <ele>5.80000019073486328125</ele>
        <time>2018-05-27T11:45:27.000Z</time>
        <extensions>
          <ns3:TrackPointExtension>
            <ns3:hr>200</ns3:hr>
            <ns3:cad>97</ns3:cad>
          </ns3:TrackPointExtension>
        </extensions>
      </trkpt>
      <trkpt lat="55.96308477222919464111328125" lon="-2.9761590063571929931640625">
        <ele>6.80000019073486328125</ele>
        <time>2018-05-27T11:45:33.000Z</time>
        <extensions>
          <ns3:TrackPointExtension>
            <ns3:hr>200</ns3:hr>
            <ns3:cad>97</ns3:cad>
          </ns3:TrackPointExtension>
        </extensions>
      </trkpt>
      <trkpt lat="55.9629285335540771484375" lon="-2.9763579927384853363037109375">
        <ele>7.400000095367431640625</ele>
        <time>2018-05-27T11:45:38.000Z</time>
        <extensions>
          <ns3:TrackPointExtension>
            <ns3:hr>201</ns3:hr>
            <ns3:cad>96</ns3:cad>
          </ns3:TrackPointExtension>
        </extensions>
      </trkpt>
      <trkpt lat="55.9627754800021648406982421875" lon="-2.976620681583881378173828125">
        <ele>8</ele>
        <time>2018-05-27T11:45:44.000Z</time>
        <extensions>
          <ns3:TrackPointExtension>
            <ns3:hr>199</ns3:hr>
            <ns3:cad>96</ns3:cad>
          </ns3:TrackPointExtension>
        </extensions>
      </trkpt>
      <trkpt lat="55.96268084831535816192626953125" lon="-2.9767946898937225341796875">
        <ele>8.3999996185302734375</ele>
        <time>2018-05-27T11:45:48.000Z</time>
        <extensions>
          <ns3:TrackPointExtension>
            <ns3:hr>196</ns3:hr>
            <ns3:cad>95</ns3:cad>
          </ns3:TrackPointExtension>
        </extensions>
      </trkpt>
      <trkpt lat="55.96252427436411380767822265625" lon="-2.97704488970339298248291015625">
        <ele>8.80000019073486328125</ele>
        <time>2018-05-27T11:45:54.000Z</time>
        <extensions>
          <ns3:TrackPointExtension>
            <ns3:hr>197</ns3:hr>
            <ns3:cad>96</ns3:cad>
          </ns3:TrackPointExtension>
        </extensions>
      </trkpt>
      <trkpt lat="55.96239921636879444122314453125" lon="-2.977267093956470489501953125">
        <ele>9.6000003814697265625</ele>
        <time>2018-05-27T11:45:59.000Z</time>
        <extensions>
          <ns3:TrackPointExtension>
            <ns3:hr>200</ns3:hr>
            <ns3:cad>97</ns3:cad>
          </ns3:TrackPointExtension>
        </extensions>
      </trkpt>
      <trkpt lat="55.96227047033607959747314453125" lon="-2.97754730097949504852294921875">
        <ele>9.6000003814697265625</ele>
        <time>2018-05-27T11:46:05.000Z</time>
        <extensions>
          <ns3:TrackPointExtension>
            <ns3:hr>202</ns3:hr>
            <ns3:cad>97</ns3:cad>
          </ns3:TrackPointExtension>
        </extensions>
      </trkpt>
      <trkpt lat="55.9621501900255680084228515625" lon="-2.977821640670299530029296875">
        <ele>9.80000019073486328125</ele>
        <time>2018-05-27T11:46:11.000Z</time>
        <extensions>
          <ns3:TrackPointExtension>
            <ns3:hr>204</ns3:hr>
            <ns3:cad>96</ns3:cad>
          </ns3:TrackPointExtension>
        </extensions>
      </trkpt>
      <trkpt lat="55.96206159330904483795166015625" lon="-2.97806362621486186981201171875">
        <ele>9.6000003814697265625</ele>
        <time>2018-05-27T11:46:16.000Z</time>
        <extensions>
          <ns3:TrackPointExtension>
            <ns3:hr>201</ns3:hr>
            <ns3:cad>96</ns3:cad>
          </ns3:TrackPointExtension>
        </extensions>
      </trkpt>
      <trkpt lat="55.96198766492307186126708984375" lon="-2.9782509617507457733154296875">
        <ele>9.6000003814697265625</ele>
        <time>2018-05-27T11:46:20.000Z</time>
        <extensions>
          <ns3:TrackPointExtension>
            <ns3:hr>198</ns3:hr>
            <ns3:cad>96</ns3:cad>
          </ns3:TrackPointExtension>
        </extensions>
      </trkpt>
      <trkpt lat="55.9618704020977020263671875" lon="-2.97851876355707645416259765625">
        <ele>10.19999980926513671875</ele>
        <time>2018-05-27T11:46:26.000Z</time>
        <extensions>
          <ns3:TrackPointExtension>
            <ns3:hr>198</ns3:hr>
            <ns3:cad>95</ns3:cad>
          </ns3:TrackPointExtension>
        </extensions>
      </trkpt>
      <trkpt lat="55.96174911595880985260009765625" lon="-2.97879092395305633544921875">
        <ele>10.3999996185302734375</ele>
        <time>2018-05-27T11:46:32.000Z</time>
        <extensions>
          <ns3:TrackPointExtension>
            <ns3:hr>201</ns3:hr>
            <ns3:cad>95</ns3:cad>
          </ns3:TrackPointExtension>
        </extensions>
      </trkpt>
      <trkpt lat="55.96164434216916561126708984375" lon="-2.97907783649861812591552734375">
        <ele>10.80000019073486328125</ele>
        <time>2018-05-27T11:46:38.000Z</time>
        <extensions>
          <ns3:TrackPointExtension>
            <ns3:hr>201</ns3:hr>
            <ns3:cad>96</ns3:cad>
          </ns3:TrackPointExtension>
        </extensions>
      </trkpt>
      <trkpt lat="55.9615671448409557342529296875" lon="-2.9792742244899272918701171875">
        <ele>10.80000019073486328125</ele>
        <time>2018-05-27T11:46:42.000Z</time>
        <extensions>
          <ns3:TrackPointExtension>
            <ns3:hr>198</ns3:hr>
            <ns3:cad>95</ns3:cad>
          </ns3:TrackPointExtension>
        </extensions>
      </trkpt>
      <trkpt lat="55.9614635445177555084228515625" lon="-2.97958879731595516204833984375">
        <ele>11.3999996185302734375</ele>
        <time>2018-05-27T11:46:48.000Z</time>
        <extensions>
          <ns3:TrackPointExtension>
            <ns3:hr>196</ns3:hr>
            <ns3:cad>96</ns3:cad>
          </ns3:TrackPointExtension>
        </extensions>
      </trkpt>
      <trkpt lat="55.96136455424129962921142578125" lon="-2.9799011908471584320068359375">
        <ele>11</ele>
        <time>2018-05-27T11:46:54.000Z</time>
        <extensions>
          <ns3:TrackPointExtension>
            <ns3:hr>198</ns3:hr>
            <ns3:cad>96</ns3:cad>
          </ns3:TrackPointExtension>
        </extensions>
      </trkpt>
      <trkpt lat="55.96127889119088649749755859375" lon="-2.980168573558330535888671875">
        <ele>10.6000003814697265625</ele>
        <time>2018-05-27T11:46:59.000Z</time>
        <extensions>
          <ns3:TrackPointExtension>
            <ns3:hr>201</ns3:hr>
            <ns3:cad>96</ns3:cad>
          </ns3:TrackPointExtension>
        </extensions>
      </trkpt>
      <trkpt lat="55.9611614607274532318115234375" lon="-2.98048071563243865966796875">
        <ele>10.3999996185302734375</ele>
        <time>2018-05-27T11:47:05.000Z</time>
        <extensions>
          <ns3:TrackPointExtension>
            <ns3:hr>203</ns3:hr>
            <ns3:cad>96</ns3:cad>
          </ns3:TrackPointExtension>
        </extensions>
      </trkpt>
      <trkpt lat="55.96109515987336635589599609375" lon="-2.98069235868752002716064453125">
        <ele>10</ele>
        <time>2018-05-27T11:47:09.000Z</time>
        <extensions>
          <ns3:TrackPointExtension>
            <ns3:hr>200</ns3:hr>
            <ns3:cad>96</ns3:cad>
          </ns3:TrackPointExtension>
        </extensions>
      </trkpt>
      <trkpt lat="55.96098728477954864501953125" lon="-2.9810126312077045440673828125">
        <ele>9.6000003814697265625</ele>
        <time>2018-05-27T11:47:15.000Z</time>
        <extensions>
          <ns3:TrackPointExtension>
            <ns3:hr>200</ns3:hr>
            <ns3:cad>97</ns3:cad>
          </ns3:TrackPointExtension>
        </extensions>
      </trkpt>
      <trkpt lat="55.96083750016987323760986328125" lon="-2.9812842048704624176025390625">
        <ele>10.3999996185302734375</ele>
        <time>2018-05-27T11:47:21.000Z</time>
        <extensions>
          <ns3:TrackPointExtension>
            <ns3:hr>200</ns3:hr>
            <ns3:cad>96</ns3:cad>
          </ns3:TrackPointExtension>
        </extensions>
      </trkpt>
      <trkpt lat="55.9607574529945850372314453125" lon="-2.98148880712687969207763671875">
        <ele>11.19999980926513671875</ele>
        <time>2018-05-27T11:47:25.000Z</time>
        <extensions>
          <ns3:TrackPointExtension>
            <ns3:hr>203</ns3:hr>
            <ns3:cad>97</ns3:cad>
          </ns3:TrackPointExtension>
        </extensions>
      </trkpt>
      <trkpt lat="55.9606615640223026275634765625" lon="-2.98180346377193927764892578125">
        <ele>11.19999980926513671875</ele>
        <time>2018-05-27T11:47:31.000Z</time>
        <extensions>
          <ns3:TrackPointExtension>
            <ns3:hr>202</ns3:hr>
            <ns3:cad>96</ns3:cad>
          </ns3:TrackPointExtension>
        </extensions>
      </trkpt>
      <trkpt lat="55.9605455584824085235595703125" lon="-2.9821042902767658233642578125">
        <ele>11.3999996185302734375</ele>
        <time>2018-05-27T11:47:37.000Z</time>
        <extensions>
          <ns3:TrackPointExtension>
            <ns3:hr>204</ns3:hr>
            <ns3:cad>96</ns3:cad>
          </ns3:TrackPointExtension>
        </extensions>
      </trkpt>
      <trkpt lat="55.9604064188897609710693359375" lon="-2.98237041570246219635009765625">
        <ele>10.80000019073486328125</ele>
        <time>2018-05-27T11:47:43.000Z</time>
        <extensions>
          <ns3:TrackPointExtension>
            <ns3:hr>202</ns3:hr>
            <ns3:cad>96</ns3:cad>
          </ns3:TrackPointExtension>
        </extensions>
      </trkpt>
      <trkpt lat="55.96029770560562610626220703125" lon="-2.98266847617924213409423828125">
        <ele>10.3999996185302734375</ele>
        <time>2018-05-27T11:47:49.000Z</time>
        <extensions>
          <ns3:TrackPointExtension>
            <ns3:hr>201</ns3:hr>
            <ns3:cad>96</ns3:cad>
          </ns3:TrackPointExtension>
        </extensions>
      </trkpt>
      <trkpt lat="55.960189998149871826171875" lon="-2.982951365411281585693359375">
        <ele>10.19999980926513671875</ele>
        <time>2018-05-27T11:47:55.000Z</time>
        <extensions>
          <ns3:TrackPointExtension>
            <ns3:hr>198</ns3:hr>
            <ns3:cad>95</ns3:cad>
          </ns3:TrackPointExtension>
        </extensions>
      </trkpt>
      <trkpt lat="55.960125960409641265869140625" lon="-2.98307734541594982147216796875">
        <ele>10.3999996185302734375</ele>
        <time>2018-05-27T11:47:58.000Z</time>
        <extensions>
          <ns3:TrackPointExtension>
            <ns3:hr>198</ns3:hr>
            <ns3:cad>96</ns3:cad>
          </ns3:TrackPointExtension>
        </extensions>
      </trkpt>
      <trkpt lat="55.9599990583956241607666015625" lon="-2.98333483748137950897216796875">
        <ele>10</ele>
        <time>2018-05-27T11:48:04.000Z</time>
        <extensions>
          <ns3:TrackPointExtension>
            <ns3:hr>197</ns3:hr>
            <ns3:cad>95</ns3:cad>
          </ns3:TrackPointExtension>
        </extensions>
      </trkpt>
      <trkpt lat="55.959870815277099609375" lon="-2.983583025634288787841796875">
        <ele>9</ele>
        <time>2018-05-27T11:48:10.000Z</time>
        <extensions>
          <ns3:TrackPointExtension>
            <ns3:hr>197</ns3:hr>
            <ns3:cad>96</ns3:cad>
          </ns3:TrackPointExtension>
        </extensions>
      </trkpt>
      <trkpt lat="55.95972522161900997161865234375" lon="-2.98376717604696750640869140625">
        <ele>8.80000019073486328125</ele>
        <time>2018-05-27T11:48:15.000Z</time>
        <extensions>
          <ns3:TrackPointExtension>
            <ns3:hr>200</ns3:hr>
            <ns3:cad>97</ns3:cad>
          </ns3:TrackPointExtension>
        </extensions>
      </trkpt>
      <trkpt lat="55.95957535319030284881591796875" lon="-2.98403866589069366455078125">
        <ele>9</ele>
        <time>2018-05-27T11:48:21.000Z</time>
        <extensions>
          <ns3:TrackPointExtension>
            <ns3:hr>201</ns3:hr>
            <ns3:cad>97</ns3:cad>
          </ns3:TrackPointExtension>
        </extensions>
      </trkpt>
      <trkpt lat="55.9594590961933135986328125" lon="-2.98429607413709163665771484375">
        <ele>9.80000019073486328125</ele>
        <time>2018-05-27T11:48:26.000Z</time>
        <extensions>
          <ns3:TrackPointExtension>
            <ns3:hr>202</ns3:hr>
            <ns3:cad>97</ns3:cad>
          </ns3:TrackPointExtension>
        </extensions>
      </trkpt>
      <trkpt lat="55.95934652723371982574462890625" lon="-2.98454937525093555450439453125">
        <ele>9.80000019073486328125</ele>
        <time>2018-05-27T11:48:31.000Z</time>
        <extensions>
          <ns3:TrackPointExtension>
            <ns3:hr>200</ns3:hr>
            <ns3:cad>97</ns3:cad>
          </ns3:TrackPointExtension>
        </extensions>
      </trkpt>
      <trkpt lat="55.959227420389652252197265625" lon="-2.9848413169384002685546875">
        <ele>10.80000019073486328125</ele>
        <time>2018-05-27T11:48:37.000Z</time>
        <extensions>
          <ns3:TrackPointExtension>
            <ns3:hr>197</ns3:hr>
            <ns3:cad>97</ns3:cad>
          </ns3:TrackPointExtension>
        </extensions>
      </trkpt>
      <trkpt lat="55.95910705626010894775390625" lon="-2.9851304925978183746337890625">
        <ele>12</ele>
        <time>2018-05-27T11:48:43.000Z</time>
        <extensions>
          <ns3:TrackPointExtension>
            <ns3:hr>199</ns3:hr>
            <ns3:cad>97</ns3:cad>
          </ns3:TrackPointExtension>
        </extensions>
      </trkpt>
      <trkpt lat="55.95901259221136569976806640625" lon="-2.985439784824848175048828125">
        <ele>12</ele>
        <time>2018-05-27T11:48:49.000Z</time>
        <extensions>
          <ns3:TrackPointExtension>
            <ns3:hr>200</ns3:hr>
            <ns3:cad>96</ns3:cad>
          </ns3:TrackPointExtension>
        </extensions>
      </trkpt>
      <trkpt lat="55.9589281864464282989501953125" lon="-2.9857531003654003143310546875">
        <ele>11.3999996185302734375</ele>
        <time>2018-05-27T11:48:55.000Z</time>
        <extensions>
          <ns3:TrackPointExtension>
            <ns3:hr>201</ns3:hr>
            <ns3:cad>96</ns3:cad>
          </ns3:TrackPointExtension>
        </extensions>
      </trkpt>
      <trkpt lat="55.958820395171642303466796875" lon="-2.98604085110127925872802734375">
        <ele>11.80000019073486328125</ele>
        <time>2018-05-27T11:49:01.000Z</time>
        <extensions>
          <ns3:TrackPointExtension>
            <ns3:hr>200</ns3:hr>
            <ns3:cad>96</ns3:cad>
          </ns3:TrackPointExtension>
        </extensions>
      </trkpt>
      <trkpt lat="55.958720147609710693359375" lon="-2.9863326251506805419921875">
        <ele>12</ele>
        <time>2018-05-27T11:49:07.000Z</time>
        <extensions>
          <ns3:TrackPointExtension>
            <ns3:hr>200</ns3:hr>
            <ns3:cad>97</ns3:cad>
          </ns3:TrackPointExtension>
        </extensions>
      </trkpt>
      <trkpt lat="55.95862501300871372222900390625" lon="-2.9866415821015834808349609375">
        <ele>12.3999996185302734375</ele>
        <time>2018-05-27T11:49:13.000Z</time>
        <extensions>
          <ns3:TrackPointExtension>
            <ns3:hr>200</ns3:hr>
            <ns3:cad>95</ns3:cad>
          </ns3:TrackPointExtension>
        </extensions>
      </trkpt>
      <trkpt lat="55.95854756422340869903564453125" lon="-2.98697660677134990692138671875">
        <ele>11.80000019073486328125</ele>
        <time>2018-05-27T11:49:19.000Z</time>
        <extensions>
          <ns3:TrackPointExtension>
            <ns3:hr>199</ns3:hr>
            <ns3:cad>95</ns3:cad>
          </ns3:TrackPointExtension>
        </extensions>
      </trkpt>
      <trkpt lat="55.958467684686183929443359375" lon="-2.98731221817433834075927734375">
        <ele>11.19999980926513671875</ele>
        <time>2018-05-27T11:49:25.000Z</time>
        <extensions>
          <ns3:TrackPointExtension>
            <ns3:hr>199</ns3:hr>
            <ns3:cad>96</ns3:cad>
          </ns3:TrackPointExtension>
        </extensions>
      </trkpt>
      <trkpt lat="55.958380512893199920654296875" lon="-2.98764615319669246673583984375">
        <ele>10.19999980926513671875</ele>
        <time>2018-05-27T11:49:31.000Z</time>
        <extensions>
          <ns3:TrackPointExtension>
            <ns3:hr>197</ns3:hr>
            <ns3:cad>96</ns3:cad>
          </ns3:TrackPointExtension>
        </extensions>
      </trkpt>
      <trkpt lat="55.95833080820739269256591796875" lon="-2.98781077377498149871826171875">
        <ele>10.3999996185302734375</ele>
        <time>2018-05-27T11:49:34.000Z</time>
        <extensions>
          <ns3:TrackPointExtension>
            <ns3:hr>200</ns3:hr>
            <ns3:cad>97</ns3:cad>
          </ns3:TrackPointExtension>
        </extensions>
      </trkpt>
      <trkpt lat="55.958256460726261138916015625" lon="-2.988151498138904571533203125">
        <ele>9.6000003814697265625</ele>
        <time>2018-05-27T11:49:40.000Z</time>
        <extensions>
          <ns3:TrackPointExtension>
            <ns3:hr>198</ns3:hr>
            <ns3:cad>96</ns3:cad>
          </ns3:TrackPointExtension>
        </extensions>
      </trkpt>
      <trkpt lat="55.9581904113292694091796875" lon="-2.9884430207312107086181640625">
        <ele>9</ele>
        <time>2018-05-27T11:49:45.000Z</time>
        <extensions>
          <ns3:TrackPointExtension>
            <ns3:hr>201</ns3:hr>
            <ns3:cad>96</ns3:cad>
          </ns3:TrackPointExtension>
        </extensions>
      </trkpt>
      <trkpt lat="55.95813081599771976470947265625" lon="-2.98873093910515308380126953125">
        <ele>9.3999996185302734375</ele>
        <time>2018-05-27T11:49:50.000Z</time>
        <extensions>
          <ns3:TrackPointExtension>
            <ns3:hr>204</ns3:hr>
            <ns3:cad>96</ns3:cad>
          </ns3:TrackPointExtension>
        </extensions>
      </trkpt>
      <trkpt lat="55.9580670297145843505859375" lon="-2.989031262695789337158203125">
        <ele>9.80000019073486328125</ele>
        <time>2018-05-27T11:49:55.000Z</time>
        <extensions>
          <ns3:TrackPointExtension>
            <ns3:hr>206</ns3:hr>
            <ns3:cad>96</ns3:cad>
          </ns3:TrackPointExtension>
        </extensions>
      </trkpt>
      <trkpt lat="55.9579951129853725433349609375" lon="-2.98931264318525791168212890625">
        <ele>10.3999996185302734375</ele>
        <time>2018-05-27T11:50:00.000Z</time>
        <extensions>
          <ns3:TrackPointExtension>
            <ns3:hr>203</ns3:hr>
            <ns3:cad>96</ns3:cad>
          </ns3:TrackPointExtension>
        </extensions>
      </trkpt>
      <trkpt lat="55.95791255123913288116455078125" lon="-2.9896630905568599700927734375">
        <ele>9.6000003814697265625</ele>
        <time>2018-05-27T11:50:06.000Z</time>
        <extensions>
          <ns3:TrackPointExtension>
            <ns3:hr>201</ns3:hr>
            <ns3:cad>97</ns3:cad>
          </ns3:TrackPointExtension>
        </extensions>
      </trkpt>
      <trkpt lat="55.957821272313594818115234375" lon="-2.98998520709574222564697265625">
        <ele>9</ele>
        <time>2018-05-27T11:50:12.000Z</time>
        <extensions>
          <ns3:TrackPointExtension>
            <ns3:hr>202</ns3:hr>
            <ns3:cad>97</ns3:cad>
          </ns3:TrackPointExtension>
        </extensions>
      </trkpt>
      <trkpt lat="55.95770183019340038299560546875" lon="-2.99029902555048465728759765625">
        <ele>9</ele>
        <time>2018-05-27T11:50:18.000Z</time>
        <extensions>
          <ns3:TrackPointExtension>
            <ns3:hr>201</ns3:hr>
            <ns3:cad>96</ns3:cad>
          </ns3:TrackPointExtension>
        </extensions>
      </trkpt>
      <trkpt lat="55.95759160816669464111328125" lon="-2.99061535857617855072021484375">
        <ele>8.6000003814697265625</ele>
        <time>2018-05-27T11:50:25.000Z</time>
        <extensions>
          <ns3:TrackPointExtension>
            <ns3:hr>202</ns3:hr>
            <ns3:cad>95</ns3:cad>
          </ns3:TrackPointExtension>
        </extensions>
      </trkpt>
      <trkpt lat="55.957514829933643341064453125" lon="-2.990797497332096099853515625">
        <ele>8.80000019073486328125</ele>
        <time>2018-05-27T11:50:29.000Z</time>
        <extensions>
          <ns3:TrackPointExtension>
            <ns3:hr>199</ns3:hr>
            <ns3:cad>96</ns3:cad>
          </ns3:TrackPointExtension>
        </extensions>
      </trkpt>
      <trkpt lat="55.95742086879909038543701171875" lon="-2.99109027720987796783447265625">
        <ele>9.3999996185302734375</ele>
        <time>2018-05-27T11:50:35.000Z</time>
        <extensions>
          <ns3:TrackPointExtension>
            <ns3:hr>201</ns3:hr>
            <ns3:cad>95</ns3:cad>
          </ns3:TrackPointExtension>
        </extensions>
      </trkpt>
      <trkpt lat="55.957314334809780120849609375" lon="-2.99137928523123264312744140625">
        <ele>10</ele>
        <time>2018-05-27T11:50:41.000Z</time>
        <extensions>
          <ns3:TrackPointExtension>
            <ns3:hr>202</ns3:hr>
            <ns3:cad>95</ns3:cad>
          </ns3:TrackPointExtension>
        </extensions>
      </trkpt>
      <trkpt lat="55.957238562405109405517578125" lon="-2.99157835543155670166015625">
        <ele>10</ele>
        <time>2018-05-27T11:50:45.000Z</time>
        <extensions>
          <ns3:TrackPointExtension>
            <ns3:hr>199</ns3:hr>
            <ns3:cad>95</ns3:cad>
          </ns3:TrackPointExtension>
        </extensions>
      </trkpt>
      <trkpt lat="55.95718617551028728485107421875" lon="-2.991723529994487762451171875">
        <ele>9.80000019073486328125</ele>
        <time>2018-05-27T11:50:48.000Z</time>
        <extensions>
          <ns3:TrackPointExtension>
            <ns3:hr>196</ns3:hr>
            <ns3:cad>95</ns3:cad>
          </ns3:TrackPointExtension>
        </extensions>
      </trkpt>
      <trkpt lat="55.957057513296604156494140625" lon="-2.9919939301908016204833984375">
        <ele>10</ele>
        <time>2018-05-27T11:50:54.000Z</time>
        <extensions>
          <ns3:TrackPointExtension>
            <ns3:hr>194</ns3:hr>
            <ns3:cad>96</ns3:cad>
          </ns3:TrackPointExtension>
        </extensions>
      </trkpt>
      <trkpt lat="55.95692683942615985870361328125" lon="-2.99226927570998668670654296875">
        <ele>9.80000019073486328125</ele>
        <time>2018-05-27T11:51:00.000Z</time>
        <extensions>
          <ns3:TrackPointExtension>
            <ns3:hr>196</ns3:hr>
            <ns3:cad>96</ns3:cad>
          </ns3:TrackPointExtension>
        </extensions>
      </trkpt>
      <trkpt lat="55.95679507590830326080322265625" lon="-2.99254856072366237640380859375">
        <ele>9.3999996185302734375</ele>
        <time>2018-05-27T11:51:06.000Z</time>
        <extensions>
          <ns3:TrackPointExtension>
            <ns3:hr>198</ns3:hr>
            <ns3:cad>96</ns3:cad>
          </ns3:TrackPointExtension>
        </extensions>
      </trkpt>
      <trkpt lat="55.9567098319530487060546875" lon="-2.992746122181415557861328125">
        <ele>9.3999996185302734375</ele>
        <time>2018-05-27T11:51:10.000Z</time>
        <extensions>
          <ns3:TrackPointExtension>
            <ns3:hr>201</ns3:hr>
            <ns3:cad>95</ns3:cad>
          </ns3:TrackPointExtension>
        </extensions>
      </trkpt>
      <trkpt lat="55.95661033876240253448486328125" lon="-2.99301358871161937713623046875">
        <ele>9.3999996185302734375</ele>
        <time>2018-05-27T11:51:15.000Z</time>
        <extensions>
          <ns3:TrackPointExtension>
            <ns3:hr>200</ns3:hr>
            <ns3:cad>97</ns3:cad>
          </ns3:TrackPointExtension>
        </extensions>
      </trkpt>
      <trkpt lat="55.95651797018945217132568359375" lon="-2.99332120455801486968994140625">
        <ele>9</ele>
        <time>2018-05-27T11:51:21.000Z</time>
        <extensions>
          <ns3:TrackPointExtension>
            <ns3:hr>202</ns3:hr>
            <ns3:cad>96</ns3:cad>
          </ns3:TrackPointExtension>
        </extensions>
      </trkpt>
      <trkpt lat="55.95642375759780406951904296875" lon="-2.993639297783374786376953125">
        <ele>9</ele>
        <time>2018-05-27T11:51:27.000Z</time>
        <extensions>
          <ns3:TrackPointExtension>
            <ns3:hr>202</ns3:hr>
            <ns3:cad>97</ns3:cad>
          </ns3:TrackPointExtension>
        </extensions>
      </trkpt>
      <trkpt lat="55.95633490942418575286865234375" lon="-2.9939690418541431427001953125">
        <ele>8.80000019073486328125</ele>
        <time>2018-05-27T11:51:33.000Z</time>
        <extensions>
          <ns3:TrackPointExtension>
            <ns3:hr>201</ns3:hr>
            <ns3:cad>97</ns3:cad>
          </ns3:TrackPointExtension>
        </extensions>
      </trkpt>
      <trkpt lat="55.95624539069831371307373046875" lon="-2.99429669044911861419677734375">
        <ele>8</ele>
        <time>2018-05-27T11:51:39.000Z</time>
        <extensions>
          <ns3:TrackPointExtension>
            <ns3:hr>202</ns3:hr>
            <ns3:cad>97</ns3:cad>
          </ns3:TrackPointExtension>
        </extensions>
      </trkpt>
      <trkpt lat="55.95615922473371028900146484375" lon="-2.99462509341537952423095703125">
        <ele>8</ele>
        <time>2018-05-27T11:51:45.000Z</time>
        <extensions>
          <ns3:TrackPointExtension>
            <ns3:hr>203</ns3:hr>
            <ns3:cad>96</ns3:cad>
          </ns3:TrackPointExtension>
        </extensions>
      </trkpt>
      <trkpt lat="55.95606048591434955596923828125" lon="-2.9949483834207057952880859375">
        <ele>7.400000095367431640625</ele>
        <time>2018-05-27T11:51:51.000Z</time>
        <extensions>
          <ns3:TrackPointExtension>
            <ns3:hr>201</ns3:hr>
            <ns3:cad>96</ns3:cad>
          </ns3:TrackPointExtension>
        </extensions>
      </trkpt>
      <trkpt lat="55.95596476458013057708740234375" lon="-2.995280809700489044189453125">
        <ele>7</ele>
        <time>2018-05-27T11:51:57.000Z</time>
        <extensions>
          <ns3:TrackPointExtension>
            <ns3:hr>203</ns3:hr>
            <ns3:cad>97</ns3:cad>
          </ns3:TrackPointExtension>
        </extensions>
      </trkpt>
      <trkpt lat="55.9558537043631076812744140625" lon="-2.99557861872017383575439453125">
        <ele>6.80000019073486328125</ele>
        <time>2018-05-27T11:52:03.000Z</time>
        <extensions>
          <ns3:TrackPointExtension>
            <ns3:hr>203</ns3:hr>
            <ns3:cad>96</ns3:cad>
          </ns3:TrackPointExtension>
        </extensions>
      </trkpt>
      <trkpt lat="55.95577315427362918853759765625" lon="-2.99590065144002437591552734375">
        <ele>6.599999904632568359375</ele>
        <time>2018-05-27T11:52:09.000Z</time>
        <extensions>
          <ns3:TrackPointExtension>
            <ns3:hr>201</ns3:hr>
            <ns3:cad>96</ns3:cad>
          </ns3:TrackPointExtension>
        </extensions>
      </trkpt>
      <trkpt lat="55.95569218508899211883544921875" lon="-2.99609963782131671905517578125">
        <ele>6.599999904632568359375</ele>
        <time>2018-05-27T11:52:13.000Z</time>
        <extensions>
          <ns3:TrackPointExtension>
            <ns3:hr>204</ns3:hr>
            <ns3:cad>96</ns3:cad>
          </ns3:TrackPointExtension>
        </extensions>
      </trkpt>
      <trkpt lat="55.95554466359317302703857421875" lon="-2.9963726364076137542724609375">
        <ele>6</ele>
        <time>2018-05-27T11:52:19.000Z</time>
        <extensions>
          <ns3:TrackPointExtension>
            <ns3:hr>202</ns3:hr>
            <ns3:cad>97</ns3:cad>
          </ns3:TrackPointExtension>
        </extensions>
      </trkpt>
      <trkpt lat="55.9553813003003597259521484375" lon="-2.99661043100059032440185546875">
        <ele>5.80000019073486328125</ele>
        <time>2018-05-27T11:52:25.000Z</time>
        <extensions>
          <ns3:TrackPointExtension>
            <ns3:hr>200</ns3:hr>
            <ns3:cad>97</ns3:cad>
          </ns3:TrackPointExtension>
        </extensions>
      </trkpt>
      <trkpt lat="55.95523168332874774932861328125" lon="-2.99685149453580379486083984375">
        <ele>5.400000095367431640625</ele>
        <time>2018-05-27T11:52:31.000Z</time>
        <extensions>
          <ns3:TrackPointExtension>
            <ns3:hr>200</ns3:hr>
            <ns3:cad>97</ns3:cad>
          </ns3:TrackPointExtension>
        </extensions>
      </trkpt>
      <trkpt lat="55.95509187318384647369384765625" lon="-2.99707931466400623321533203125">
        <ele>5.19999980926513671875</ele>
        <time>2018-05-27T11:52:37.000Z</time>
        <extensions>
          <ns3:TrackPointExtension>
            <ns3:hr>199</ns3:hr>
            <ns3:cad>96</ns3:cad>
          </ns3:TrackPointExtension>
        </extensions>
      </trkpt>
      <trkpt lat="55.9549893625080585479736328125" lon="-2.9973860085010528564453125">
        <ele>5.400000095367431640625</ele>
        <time>2018-05-27T11:52:43.000Z</time>
        <extensions>
          <ns3:TrackPointExtension>
            <ns3:hr>198</ns3:hr>
            <ns3:cad>96</ns3:cad>
          </ns3:TrackPointExtension>
        </extensions>
      </trkpt>
      <trkpt lat="55.95485843718051910400390625" lon="-2.99766755662858486175537109375">
        <ele>4</ele>
        <time>2018-05-27T11:52:49.000Z</time>
        <extensions>
          <ns3:TrackPointExtension>
            <ns3:hr>199</ns3:hr>
            <ns3:cad>96</ns3:cad>
          </ns3:TrackPointExtension>
        </extensions>
      </trkpt>
      <trkpt lat="55.954721979796886444091796875" lon="-2.99794600345194339752197265625">
        <ele>5</ele>
        <time>2018-05-27T11:52:55.000Z</time>
        <extensions>
          <ns3:TrackPointExtension>
            <ns3:hr>199</ns3:hr>
            <ns3:cad>96</ns3:cad>
          </ns3:TrackPointExtension>
        </extensions>
      </trkpt>
      <trkpt lat="55.95463740639388561248779296875" lon="-2.99814498983323574066162109375">
        <ele>5.599999904632568359375</ele>
        <time>2018-05-27T11:52:59.000Z</time>
        <extensions>
          <ns3:TrackPointExtension>
            <ns3:hr>202</ns3:hr>
            <ns3:cad>96</ns3:cad>
          </ns3:TrackPointExtension>
        </extensions>
      </trkpt>
      <trkpt lat="55.9545283578336238861083984375" lon="-2.9984610714018344879150390625">
        <ele>6.400000095367431640625</ele>
        <time>2018-05-27T11:53:05.000Z</time>
        <extensions>
          <ns3:TrackPointExtension>
            <ns3:hr>202</ns3:hr>
            <ns3:cad>95</ns3:cad>
          </ns3:TrackPointExtension>
        </extensions>
      </trkpt>
      <trkpt lat="55.95441629178822040557861328125" lon="-2.99875569529831409454345703125">
        <ele>6.599999904632568359375</ele>
        <time>2018-05-27T11:53:11.000Z</time>
        <extensions>
          <ns3:TrackPointExtension>
            <ns3:hr>201</ns3:hr>
            <ns3:cad>96</ns3:cad>
          </ns3:TrackPointExtension>
        </extensions>
      </trkpt>
      <trkpt lat="55.95437035895884037017822265625" lon="-2.99892090260982513427734375">
        <ele>6.19999980926513671875</ele>
        <time>2018-05-27T11:53:14.000Z</time>
        <extensions>
          <ns3:TrackPointExtension>
            <ns3:hr>198</ns3:hr>
            <ns3:cad>96</ns3:cad>
          </ns3:TrackPointExtension>
        </extensions>
      </trkpt>
      <trkpt lat="55.95433817245066165924072265625" lon="-2.99903548322618007659912109375">
        <ele>6</ele>
        <time>2018-05-27T11:53:16.000Z</time>
        <extensions>
          <ns3:TrackPointExtension>
            <ns3:hr>195</ns3:hr>
            <ns3:cad>94</ns3:cad>
          </ns3:TrackPointExtension>
        </extensions>
      </trkpt>
      <trkpt lat="55.9542487375438213348388671875" lon="-2.9993190430104732513427734375">
        <ele>6.400000095367431640625</ele>
        <time>2018-05-27T11:53:21.000Z</time>
        <extensions>
          <ns3:TrackPointExtension>
            <ns3:hr>195</ns3:hr>
            <ns3:cad>97</ns3:cad>
          </ns3:TrackPointExtension>
        </extensions>
      </trkpt>
      <trkpt lat="55.954179503023624420166015625" lon="-2.99953873269259929656982421875">
        <ele>6.80000019073486328125</ele>
        <time>2018-05-27T11:53:25.000Z</time>
        <extensions>
          <ns3:TrackPointExtension>
            <ns3:hr>198</ns3:hr>
            <ns3:cad>97</ns3:cad>
          </ns3:TrackPointExtension>
        </extensions>
      </trkpt>
      <trkpt lat="55.95409107394516468048095703125" lon="-2.9998683929443359375">
        <ele>8.3999996185302734375</ele>
        <time>2018-05-27T11:53:31.000Z</time>
        <extensions>
          <ns3:TrackPointExtension>
            <ns3:hr>199</ns3:hr>
            <ns3:cad>96</ns3:cad>
          </ns3:TrackPointExtension>
        </extensions>
      </trkpt>
      <trkpt lat="55.9540036506950855255126953125" lon="-3.00015212036669254302978515625">
        <ele>9.19999980926513671875</ele>
        <time>2018-05-27T11:53:36.000Z</time>
        <extensions>
          <ns3:TrackPointExtension>
            <ns3:hr>200</ns3:hr>
            <ns3:cad>97</ns3:cad>
          </ns3:TrackPointExtension>
        </extensions>
      </trkpt>
      <trkpt lat="55.95390357077121734619140625" lon="-3.00046912394464015960693359375">
        <ele>10</ele>
        <time>2018-05-27T11:53:42.000Z</time>
        <extensions>
          <ns3:TrackPointExtension>
            <ns3:hr>202</ns3:hr>
            <ns3:cad>96</ns3:cad>
          </ns3:TrackPointExtension>
        </extensions>
      </trkpt>
      <trkpt lat="55.95379670150578022003173828125" lon="-3.00079333595931529998779296875">
        <ele>10</ele>
        <time>2018-05-27T11:53:48.000Z</time>
        <extensions>
          <ns3:TrackPointExtension>
            <ns3:hr>201</ns3:hr>
            <ns3:cad>96</ns3:cad>
          </ns3:TrackPointExtension>
        </extensions>
      </trkpt>
      <trkpt lat="55.95367717556655406951904296875" lon="-3.00109885632991790771484375">
        <ele>10.6000003814697265625</ele>
        <time>2018-05-27T11:53:54.000Z</time>
        <extensions>
          <ns3:TrackPointExtension>
            <ns3:hr>201</ns3:hr>
            <ns3:cad>96</ns3:cad>
          </ns3:TrackPointExtension>
        </extensions>
      </trkpt>
      <trkpt lat="55.95358044840395450592041015625" lon="-3.00141694955527782440185546875">
        <ele>11.6000003814697265625</ele>
        <time>2018-05-27T11:54:00.000Z</time>
        <extensions>
          <ns3:TrackPointExtension>
            <ns3:hr>202</ns3:hr>
            <ns3:cad>96</ns3:cad>
          </ns3:TrackPointExtension>
        </extensions>
      </trkpt>
      <trkpt lat="55.95350367017090320587158203125" lon="-3.0016824044287204742431640625">
        <ele>12.6000003814697265625</ele>
        <time>2018-05-27T11:54:05.000Z</time>
        <extensions>
          <ns3:TrackPointExtension>
            <ns3:hr>199</ns3:hr>
            <ns3:cad>96</ns3:cad>
          </ns3:TrackPointExtension>
        </extensions>
      </trkpt>
      <trkpt lat="55.95341951586306095123291015625" lon="-3.00199479795992374420166015625">
        <ele>12.6000003814697265625</ele>
        <time>2018-05-27T11:54:11.000Z</time>
        <extensions>
          <ns3:TrackPointExtension>
            <ns3:hr>198</ns3:hr>
            <ns3:cad>95</ns3:cad>
          </ns3:TrackPointExtension>
        </extensions>
      </trkpt>
      <trkpt lat="55.9533666260540485382080078125" lon="-3.00232387147843837738037109375">
        <ele>11.19999980926513671875</ele>
        <time>2018-05-27T11:54:17.000Z</time>
        <extensions>
          <ns3:TrackPointExtension>
            <ns3:hr>197</ns3:hr>
            <ns3:cad>96</ns3:cad>
          </ns3:TrackPointExtension>
        </extensions>
      </trkpt>
      <trkpt lat="55.95337517559528350830078125" lon="-3.00266752950847148895263671875">
        <ele>10.6000003814697265625</ele>
        <time>2018-05-27T11:54:22.000Z</time>
        <extensions>
          <ns3:TrackPointExtension>
            <ns3:hr>198</ns3:hr>
            <ns3:cad>96</ns3:cad>
          </ns3:TrackPointExtension>
        </extensions>
      </trkpt>
      <trkpt lat="55.95341901294887065887451171875" lon="-3.00305611453950405120849609375">
        <ele>10.19999980926513671875</ele>
        <time>2018-05-27T11:54:27.000Z</time>
        <extensions>
          <ns3:TrackPointExtension>
            <ns3:hr>198</ns3:hr>
            <ns3:cad>96</ns3:cad>
          </ns3:TrackPointExtension>
        </extensions>
      </trkpt>
      <trkpt lat="55.95340945757925510406494140625" lon="-3.003431372344493865966796875">
        <ele>9.6000003814697265625</ele>
        <time>2018-05-27T11:54:33.000Z</time>
        <extensions>
          <ns3:TrackPointExtension>
            <ns3:hr>199</ns3:hr>
            <ns3:cad>95</ns3:cad>
          </ns3:TrackPointExtension>
        </extensions>
      </trkpt>
      <trkpt lat="55.95338548533618450164794921875" lon="-3.003718368709087371826171875">
        <ele>9.19999980926513671875</ele>
        <time>2018-05-27T11:54:38.000Z</time>
        <extensions>
          <ns3:TrackPointExtension>
            <ns3:hr>202</ns3:hr>
            <ns3:cad>96</ns3:cad>
          </ns3:TrackPointExtension>
        </extensions>
      </trkpt>
      <trkpt lat="55.95334726385772228240966796875" lon="-3.00406931899487972259521484375">
        <ele>9.3999996185302734375</ele>
        <time>2018-05-27T11:54:44.000Z</time>
        <extensions>
          <ns3:TrackPointExtension>
            <ns3:hr>202</ns3:hr>
            <ns3:cad>95</ns3:cad>
          </ns3:TrackPointExtension>
        </extensions>
      </trkpt>
      <trkpt lat="55.95331256277859210968017578125" lon="-3.0044024996459484100341796875">
        <ele>8.80000019073486328125</ele>
        <time>2018-05-27T11:54:50.000Z</time>
        <extensions>
          <ns3:TrackPointExtension>
            <ns3:hr>201</ns3:hr>
            <ns3:cad>96</ns3:cad>
          </ns3:TrackPointExtension>
        </extensions>
      </trkpt>
      <trkpt lat="55.953250788152217864990234375" lon="-3.004732243716716766357421875">
        <ele>8.19999980926513671875</ele>
        <time>2018-05-27T11:54:56.000Z</time>
        <extensions>
          <ns3:TrackPointExtension>
            <ns3:hr>200</ns3:hr>
            <ns3:cad>96</ns3:cad>
          </ns3:TrackPointExtension>
        </extensions>
      </trkpt>
      <trkpt lat="55.95320242457091808319091796875" lon="-3.00506559200584888458251953125">
        <ele>7.19999980926513671875</ele>
        <time>2018-05-27T11:55:02.000Z</time>
        <extensions>
          <ns3:TrackPointExtension>
            <ns3:hr>201</ns3:hr>
            <ns3:cad>95</ns3:cad>
          </ns3:TrackPointExtension>
        </extensions>
      </trkpt>
      <trkpt lat="55.9531788714230060577392578125" lon="-3.005174137651920318603515625">
        <ele>7</ele>
        <time>2018-05-27T11:55:04.000Z</time>
        <extensions>
          <ns3:TrackPointExtension>
            <ns3:hr>201</ns3:hr>
            <ns3:cad>95</ns3:cad>
          </ns3:TrackPointExtension>
        </extensions>
      </trkpt>
      <trkpt lat="55.95311055891215801239013671875" lon="-3.00550078041851520538330078125">
        <ele>7</ele>
        <time>2018-05-27T11:55:10.000Z</time>
        <extensions>
          <ns3:TrackPointExtension>
            <ns3:hr>199</ns3:hr>
            <ns3:cad>96</ns3:cad>
          </ns3:TrackPointExtension>
        </extensions>
      </trkpt>
      <trkpt lat="55.9530685655772686004638671875" lon="-3.00577520392835140228271484375">
        <ele>6.19999980926513671875</ele>
        <time>2018-05-27T11:55:15.000Z</time>
        <extensions>
          <ns3:TrackPointExtension>
            <ns3:hr>196</ns3:hr>
            <ns3:cad>96</ns3:cad>
          </ns3:TrackPointExtension>
        </extensions>
      </trkpt>
      <trkpt lat="55.95299966633319854736328125" lon="-3.00610721111297607421875">
        <ele>5.599999904632568359375</ele>
        <time>2018-05-27T11:55:21.000Z</time>
        <extensions>
          <ns3:TrackPointExtension>
            <ns3:hr>197</ns3:hr>
            <ns3:cad>96</ns3:cad>
          </ns3:TrackPointExtension>
        </extensions>
      </trkpt>
      <trkpt lat="55.9529197029769420623779296875" lon="-3.00642245449125766754150390625">
        <ele>5.400000095367431640625</ele>
        <time>2018-05-27T11:55:27.000Z</time>
        <extensions>
          <ns3:TrackPointExtension>
            <ns3:hr>197</ns3:hr>
            <ns3:cad>96</ns3:cad>
          </ns3:TrackPointExtension>
        </extensions>
      </trkpt>
      <trkpt lat="55.95282238908112049102783203125" lon="-3.00673761405050754547119140625">
        <ele>5</ele>
        <time>2018-05-27T11:55:33.000Z</time>
        <extensions>
          <ns3:TrackPointExtension>
            <ns3:hr>197</ns3:hr>
            <ns3:cad>96</ns3:cad>
          </ns3:TrackPointExtension>
        </extensions>
      </trkpt>
      <trkpt lat="55.95271107740700244903564453125" lon="-3.0070391111075878143310546875">
        <ele>4.80000019073486328125</ele>
        <time>2018-05-27T11:55:39.000Z</time>
        <extensions>
          <ns3:TrackPointExtension>
            <ns3:hr>197</ns3:hr>
            <ns3:cad>95</ns3:cad>
          </ns3:TrackPointExtension>
        </extensions>
      </trkpt>
      <trkpt lat="55.9526152722537517547607421875" lon="-3.00735753960907459259033203125">
        <ele>5</ele>
        <time>2018-05-27T11:55:45.000Z</time>
        <extensions>
          <ns3:TrackPointExtension>
            <ns3:hr>197</ns3:hr>
            <ns3:cad>96</ns3:cad>
          </ns3:TrackPointExtension>
        </extensions>
      </trkpt>
      <trkpt lat="55.9525224007666110992431640625" lon="-3.00767504610121250152587890625">
        <ele>5.400000095367431640625</ele>
        <time>2018-05-27T11:55:51.000Z</time>
        <extensions>
          <ns3:TrackPointExtension>
            <ns3:hr>198</ns3:hr>
            <ns3:cad>96</ns3:cad>
          </ns3:TrackPointExtension>
        </extensions>
      </trkpt>
      <trkpt lat="55.9524191357195377349853515625" lon="-3.00799548625946044921875">
        <ele>5.80000019073486328125</ele>
        <time>2018-05-27T11:55:57.000Z</time>
        <extensions>
          <ns3:TrackPointExtension>
            <ns3:hr>197</ns3:hr>
            <ns3:cad>96</ns3:cad>
          </ns3:TrackPointExtension>
        </extensions>
      </trkpt>
      <trkpt lat="55.95231930725276470184326171875" lon="-3.00831877626478672027587890625">
        <ele>6.19999980926513671875</ele>
        <time>2018-05-27T11:56:03.000Z</time>
        <extensions>
          <ns3:TrackPointExtension>
            <ns3:hr>197</ns3:hr>
            <ns3:cad>95</ns3:cad>
          </ns3:TrackPointExtension>
        </extensions>
      </trkpt>
      <trkpt lat="55.9522059001028537750244140625" lon="-3.00863292999565601348876953125">
        <ele>6.599999904632568359375</ele>
        <time>2018-05-27T11:56:09.000Z</time>
        <extensions>
          <ns3:TrackPointExtension>
            <ns3:hr>199</ns3:hr>
            <ns3:cad>97</ns3:cad>
          </ns3:TrackPointExtension>
        </extensions>
      </trkpt>
      <trkpt lat="55.95207698643207550048828125" lon="-3.00892260856926441192626953125">
        <ele>7</ele>
        <time>2018-05-27T11:56:15.000Z</time>
        <extensions>
          <ns3:TrackPointExtension>
            <ns3:hr>199</ns3:hr>
            <ns3:cad>96</ns3:cad>
          </ns3:TrackPointExtension>
        </extensions>
      </trkpt>
      <trkpt lat="55.9519864618778228759765625" lon="-3.009180687367916107177734375">
        <ele>7</ele>
        <time>2018-05-27T11:56:20.000Z</time>
        <extensions>
          <ns3:TrackPointExtension>
            <ns3:hr>196</ns3:hr>
            <ns3:cad>97</ns3:cad>
          </ns3:TrackPointExtension>
        </extensions>
      </trkpt>
      <trkpt lat="55.95186601392924785614013671875" lon="-3.009470365941524505615234375">
        <ele>7</ele>
        <time>2018-05-27T11:56:26.000Z</time>
        <extensions>
          <ns3:TrackPointExtension>
            <ns3:hr>198</ns3:hr>
            <ns3:cad>96</ns3:cad>
          </ns3:TrackPointExtension>
        </extensions>
      </trkpt>
      <trkpt lat="55.95180340111255645751953125" lon="-3.00960221327841281890869140625">
        <ele>7</ele>
        <time>2018-05-27T11:56:29.000Z</time>
        <extensions>
          <ns3:TrackPointExtension>
            <ns3:hr>201</ns3:hr>
            <ns3:cad>97</ns3:cad>
          </ns3:TrackPointExtension>
        </extensions>
      </trkpt>
      <trkpt lat="55.95171354711055755615234375" lon="-3.009770773351192474365234375">
        <ele>7.19999980926513671875</ele>
        <time>2018-05-27T11:56:33.000Z</time>
        <extensions>
          <ns3:TrackPointExtension>
            <ns3:hr>198</ns3:hr>
            <ns3:cad>96</ns3:cad>
          </ns3:TrackPointExtension>
        </extensions>
      </trkpt>
      <trkpt lat="55.95158882439136505126953125" lon="-3.010024912655353546142578125">
        <ele>7.19999980926513671875</ele>
        <time>2018-05-27T11:56:39.000Z</time>
        <extensions>
          <ns3:TrackPointExtension>
            <ns3:hr>198</ns3:hr>
            <ns3:cad>97</ns3:cad>
          </ns3:TrackPointExtension>
        </extensions>
      </trkpt>
      <trkpt lat="55.95147407613694667816162109375" lon="-3.01022448576986789703369140625">
        <ele>6.80000019073486328125</ele>
        <time>2018-05-27T11:56:44.000Z</time>
        <extensions>
          <ns3:TrackPointExtension>
            <ns3:hr>195</ns3:hr>
            <ns3:cad>97</ns3:cad>
          </ns3:TrackPointExtension>
        </extensions>
      </trkpt>
      <trkpt lat="55.951335690915584564208984375" lon="-3.01047996617853641510009765625">
        <ele>6.400000095367431640625</ele>
        <time>2018-05-27T11:56:50.000Z</time>
        <extensions>
          <ns3:TrackPointExtension>
            <ns3:hr>196</ns3:hr>
            <ns3:cad>96</ns3:cad>
          </ns3:TrackPointExtension>
        </extensions>
      </trkpt>
      <trkpt lat="55.9511802904307842254638671875" lon="-3.01069823093712329864501953125">
        <ele>6</ele>
        <time>2018-05-27T11:56:56.000Z</time>
        <extensions>
          <ns3:TrackPointExtension>
            <ns3:hr>198</ns3:hr>
            <ns3:cad>96</ns3:cad>
          </ns3:TrackPointExtension>
        </extensions>
      </trkpt>
      <trkpt lat="55.95102153718471527099609375" lon="-3.0109177529811859130859375">
        <ele>6</ele>
        <time>2018-05-27T11:57:02.000Z</time>
        <extensions>
          <ns3:TrackPointExtension>
            <ns3:hr>200</ns3:hr>
            <ns3:cad>96</ns3:cad>
          </ns3:TrackPointExtension>
        </extensions>
      </trkpt>
      <trkpt lat="55.95086865127086639404296875" lon="-3.01116895861923694610595703125">
        <ele>6.400000095367431640625</ele>
        <time>2018-05-27T11:57:08.000Z</time>
        <extensions>
          <ns3:TrackPointExtension>
            <ns3:hr>201</ns3:hr>
            <ns3:cad>96</ns3:cad>
          </ns3:TrackPointExtension>
        </extensions>
      </trkpt>
      <trkpt lat="55.95071182586252689361572265625" lon="-3.01139912568032741546630859375">
        <ele>6.400000095367431640625</ele>
        <time>2018-05-27T11:57:14.000Z</time>
        <extensions>
          <ns3:TrackPointExtension>
            <ns3:hr>199</ns3:hr>
            <ns3:cad>96</ns3:cad>
          </ns3:TrackPointExtension>
        </extensions>
      </trkpt>
      <trkpt lat="55.95054703764617443084716796875" lon="-3.01163616590201854705810546875">
        <ele>6.19999980926513671875</ele>
        <time>2018-05-27T11:57:20.000Z</time>
        <extensions>
          <ns3:TrackPointExtension>
            <ns3:hr>199</ns3:hr>
            <ns3:cad>97</ns3:cad>
          </ns3:TrackPointExtension>
        </extensions>
      </trkpt>
      <trkpt lat="55.95037654973566532135009765625" lon="-3.011864908039569854736328125">
        <ele>6</ele>
        <time>2018-05-27T11:57:26.000Z</time>
        <extensions>
          <ns3:TrackPointExtension>
            <ns3:hr>199</ns3:hr>
            <ns3:cad>97</ns3:cad>
          </ns3:TrackPointExtension>
        </extensions>
      </trkpt>
      <trkpt lat="55.9502029605209827423095703125" lon="-3.0120900459587574005126953125">
        <ele>6.400000095367431640625</ele>
        <time>2018-05-27T11:57:32.000Z</time>
        <extensions>
          <ns3:TrackPointExtension>
            <ns3:hr>200</ns3:hr>
            <ns3:cad>97</ns3:cad>
          </ns3:TrackPointExtension>
        </extensions>
      </trkpt>
      <trkpt lat="55.95007203519344329833984375" lon="-3.012312166392803192138671875">
        <ele>7</ele>
        <time>2018-05-27T11:57:37.000Z</time>
        <extensions>
          <ns3:TrackPointExtension>
            <ns3:hr>200</ns3:hr>
            <ns3:cad>97</ns3:cad>
          </ns3:TrackPointExtension>
        </extensions>
      </trkpt>
      <trkpt lat="55.94992451369762420654296875" lon="-3.01257309503853321075439453125">
        <ele>8.19999980926513671875</ele>
        <time>2018-05-27T11:57:43.000Z</time>
        <extensions>
          <ns3:TrackPointExtension>
            <ns3:hr>200</ns3:hr>
            <ns3:cad>97</ns3:cad>
          </ns3:TrackPointExtension>
        </extensions>
      </trkpt>
      <trkpt lat="55.94980641268193721771240234375" lon="-3.01288020797073841094970703125">
        <ele>9.80000019073486328125</ele>
        <time>2018-05-27T11:57:49.000Z</time>
        <extensions>
          <ns3:TrackPointExtension>
            <ns3:hr>199</ns3:hr>
            <ns3:cad>97</ns3:cad>
          </ns3:TrackPointExtension>
        </extensions>
      </trkpt>
      <trkpt lat="55.949681438505649566650390625" lon="-3.013193272054195404052734375">
        <ele>11</ele>
        <time>2018-05-27T11:57:55.000Z</time>
        <extensions>
          <ns3:TrackPointExtension>
            <ns3:hr>200</ns3:hr>
            <ns3:cad>96</ns3:cad>
          </ns3:TrackPointExtension>
        </extensions>
      </trkpt>
      <trkpt lat="55.9495605714619159698486328125" lon="-3.01350482739508152008056640625">
        <ele>11.19999980926513671875</ele>
        <time>2018-05-27T11:58:01.000Z</time>
        <extensions>
          <ns3:TrackPointExtension>
            <ns3:hr>199</ns3:hr>
            <ns3:cad>97</ns3:cad>
          </ns3:TrackPointExtension>
        </extensions>
      </trkpt>
      <trkpt lat="55.94945068471133708953857421875" lon="-3.0138291232287883758544921875">
        <ele>12.80000019073486328125</ele>
        <time>2018-05-27T11:58:07.000Z</time>
        <extensions>
          <ns3:TrackPointExtension>
            <ns3:hr>198</ns3:hr>
            <ns3:cad>98</ns3:cad>
          </ns3:TrackPointExtension>
        </extensions>
      </trkpt>
      <trkpt lat="55.9493751637637615203857421875" lon="-3.0141811631619930267333984375">
        <ele>12.3999996185302734375</ele>
        <time>2018-05-27T11:58:13.000Z</time>
        <extensions>
          <ns3:TrackPointExtension>
            <ns3:hr>197</ns3:hr>
            <ns3:cad>96</ns3:cad>
          </ns3:TrackPointExtension>
        </extensions>
      </trkpt>
      <trkpt lat="55.9492849744856357574462890625" lon="-3.01451132632791996002197265625">
        <ele>11</ele>
        <time>2018-05-27T11:58:19.000Z</time>
        <extensions>
          <ns3:TrackPointExtension>
            <ns3:hr>198</ns3:hr>
            <ns3:cad>96</ns3:cad>
          </ns3:TrackPointExtension>
        </extensions>
      </trkpt>
      <trkpt lat="55.9491719864308834075927734375" lon="-3.01482061855494976043701171875">
        <ele>10</ele>
        <time>2018-05-27T11:58:25.000Z</time>
        <extensions>
          <ns3:TrackPointExtension>
            <ns3:hr>198</ns3:hr>
            <ns3:cad>96</ns3:cad>
          </ns3:TrackPointExtension>
        </extensions>
      </trkpt>
      <trkpt lat="55.94912932254374027252197265625" lon="-3.01498197019100189208984375">
        <ele>9</ele>
        <time>2018-05-27T11:58:28.000Z</time>
        <extensions>
          <ns3:TrackPointExtension>
            <ns3:hr>201</ns3:hr>
            <ns3:cad>97</ns3:cad>
          </ns3:TrackPointExtension>
        </extensions>
      </trkpt>
      <trkpt lat="55.94903293065726757049560546875" lon="-3.015299141407012939453125">
        <ele>8.19999980926513671875</ele>
        <time>2018-05-27T11:58:34.000Z</time>
        <extensions>
          <ns3:TrackPointExtension>
            <ns3:hr>200</ns3:hr>
            <ns3:cad>97</ns3:cad>
          </ns3:TrackPointExtension>
        </extensions>
      </trkpt>
      <trkpt lat="55.94899781048297882080078125" lon="-3.015402071177959442138671875">
        <ele>8.3999996185302734375</ele>
        <time>2018-05-27T11:58:36.000Z</time>
        <extensions>
          <ns3:TrackPointExtension>
            <ns3:hr>200</ns3:hr>
            <ns3:cad>97</ns3:cad>
          </ns3:TrackPointExtension>
        </extensions>
      </trkpt>
      <trkpt lat="55.948908291757106781005859375" lon="-3.015714548528194427490234375">
        <ele>9.80000019073486328125</ele>
        <time>2018-05-27T11:58:42.000Z</time>
        <extensions>
          <ns3:TrackPointExtension>
            <ns3:hr>202</ns3:hr>
            <ns3:cad>97</ns3:cad>
          </ns3:TrackPointExtension>
        </extensions>
      </trkpt>
      <trkpt lat="55.94879337586462497711181640625" lon="-3.01598846912384033203125">
        <ele>11.19999980926513671875</ele>
        <time>2018-05-27T11:58:48.000Z</time>
        <extensions>
          <ns3:TrackPointExtension>
            <ns3:hr>201</ns3:hr>
            <ns3:cad>96</ns3:cad>
          </ns3:TrackPointExtension>
        </extensions>
      </trkpt>
      <trkpt lat="55.94869027845561504364013671875" lon="-3.01628812216222286224365234375">
        <ele>11.6000003814697265625</ele>
        <time>2018-05-27T11:58:54.000Z</time>
        <extensions>
          <ns3:TrackPointExtension>
            <ns3:hr>201</ns3:hr>
            <ns3:cad>96</ns3:cad>
          </ns3:TrackPointExtension>
        </extensions>
      </trkpt>
      <trkpt lat="55.948621295392513275146484375" lon="-3.0164737813174724578857421875">
        <ele>11.80000019073486328125</ele>
        <time>2018-05-27T11:58:58.000Z</time>
        <extensions>
          <ns3:TrackPointExtension>
            <ns3:hr>204</ns3:hr>
            <ns3:cad>95</ns3:cad>
          </ns3:TrackPointExtension>
        </extensions>
      </trkpt>
      <trkpt lat="55.94853420741856098175048828125" lon="-3.01676161587238311767578125">
        <ele>11.3999996185302734375</ele>
        <time>2018-05-27T11:59:04.000Z</time>
        <extensions>
          <ns3:TrackPointExtension>
            <ns3:hr>201</ns3:hr>
            <ns3:cad>96</ns3:cad>
          </ns3:TrackPointExtension>
        </extensions>
      </trkpt>
      <trkpt lat="55.9484561719000339508056640625" lon="-3.017032854259014129638671875">
        <ele>11.19999980926513671875</ele>
        <time>2018-05-27T11:59:09.000Z</time>
        <extensions>
          <ns3:TrackPointExtension>
            <ns3:hr>198</ns3:hr>
            <ns3:cad>96</ns3:cad>
          </ns3:TrackPointExtension>
        </extensions>
      </trkpt>
      <trkpt lat="55.9483777172863483428955078125" lon="-3.01737860776484012603759765625">
        <ele>10.6000003814697265625</ele>
        <time>2018-05-27T11:59:15.000Z</time>
        <extensions>
          <ns3:TrackPointExtension>
            <ns3:hr>199</ns3:hr>
            <ns3:cad>97</ns3:cad>
          </ns3:TrackPointExtension>
        </extensions>
      </trkpt>
      <trkpt lat="55.9483183734118938446044921875" lon="-3.017738945782184600830078125">
        <ele>11</ele>
        <time>2018-05-27T11:59:21.000Z</time>
        <extensions>
          <ns3:TrackPointExtension>
            <ns3:hr>196</ns3:hr>
            <ns3:cad>96</ns3:cad>
          </ns3:TrackPointExtension>
        </extensions>
      </trkpt>
      <trkpt lat="55.9482345543801784515380859375" lon="-3.01807380281388759613037109375">
        <ele>11</ele>
        <time>2018-05-27T11:59:27.000Z</time>
        <extensions>
          <ns3:TrackPointExtension>
            <ns3:hr>195</ns3:hr>
            <ns3:cad>96</ns3:cad>
          </ns3:TrackPointExtension>
        </extensions>
      </trkpt>
      <trkpt lat="55.94815618358552455902099609375" lon="-3.018327690660953521728515625">
        <ele>11.19999980926513671875</ele>
        <time>2018-05-27T11:59:32.000Z</time>
        <extensions>
          <ns3:TrackPointExtension>
            <ns3:hr>198</ns3:hr>
            <ns3:cad>95</ns3:cad>
          </ns3:TrackPointExtension>
        </extensions>
      </trkpt>
      <trkpt lat="55.948055349290370941162109375" lon="-3.01859683357179164886474609375">
        <ele>12</ele>
        <time>2018-05-27T11:59:38.000Z</time>
        <extensions>
          <ns3:TrackPointExtension>
            <ns3:hr>197</ns3:hr>
            <ns3:cad>96</ns3:cad>
          </ns3:TrackPointExtension>
        </extensions>
      </trkpt>
      <trkpt lat="55.947953760623931884765625" lon="-3.0188586004078388214111328125">
        <ele>12.3999996185302734375</ele>
        <time>2018-05-27T11:59:44.000Z</time>
        <extensions>
          <ns3:TrackPointExtension>
            <ns3:hr>200</ns3:hr>
            <ns3:cad>96</ns3:cad>
          </ns3:TrackPointExtension>
        </extensions>
      </trkpt>
      <trkpt lat="55.94784119166433811187744140625" lon="-3.0191295035183429718017578125">
        <ele>13.80000019073486328125</ele>
        <time>2018-05-27T11:59:50.000Z</time>
        <extensions>
          <ns3:TrackPointExtension>
            <ns3:hr>201</ns3:hr>
            <ns3:cad>94</ns3:cad>
          </ns3:TrackPointExtension>
        </extensions>
      </trkpt>
      <trkpt lat="55.94770188443362712860107421875" lon="-3.01939780823886394500732421875">
        <ele>15.19999980926513671875</ele>
        <time>2018-05-27T11:59:56.000Z</time>
        <extensions>
          <ns3:TrackPointExtension>
            <ns3:hr>200</ns3:hr>
            <ns3:cad>97</ns3:cad>
          </ns3:TrackPointExtension>
        </extensions>
      </trkpt>
      <trkpt lat="55.9475998766720294952392578125" lon="-3.0195734091103076934814453125">
        <ele>16.3999996185302734375</ele>
        <time>2018-05-27T12:00:00.000Z</time>
        <extensions>
          <ns3:TrackPointExtension>
            <ns3:hr>203</ns3:hr>
            <ns3:cad>95</ns3:cad>
          </ns3:TrackPointExtension>
        </extensions>
      </trkpt>
      <trkpt lat="55.9475039876997470855712890625" lon="-3.01988504827022552490234375">
        <ele>15.6000003814697265625</ele>
        <time>2018-05-27T12:00:06.000Z</time>
        <extensions>
          <ns3:TrackPointExtension>
            <ns3:hr>201</ns3:hr>
            <ns3:cad>97</ns3:cad>
          </ns3:TrackPointExtension>
        </extensions>
      </trkpt>
      <trkpt lat="55.94739359803497791290283203125" lon="-3.020176403224468231201171875">
        <ele>14.19999980926513671875</ele>
        <time>2018-05-27T12:00:12.000Z</time>
        <extensions>
          <ns3:TrackPointExtension>
            <ns3:hr>201</ns3:hr>
            <ns3:cad>96</ns3:cad>
          </ns3:TrackPointExtension>
        </extensions>
      </trkpt>
      <trkpt lat="55.9472676180303096771240234375" lon="-3.0204447917640209197998046875">
        <ele>13.3999996185302734375</ele>
        <time>2018-05-27T12:00:18.000Z</time>
        <extensions>
          <ns3:TrackPointExtension>
            <ns3:hr>199</ns3:hr>
            <ns3:cad>97</ns3:cad>
          </ns3:TrackPointExtension>
        </extensions>
      </trkpt>
      <trkpt lat="55.94710593111813068389892578125" lon="-3.02070002071559429168701171875">
        <ele>12.6000003814697265625</ele>
        <time>2018-05-27T12:00:24.000Z</time>
        <extensions>
          <ns3:TrackPointExtension>
            <ns3:hr>200</ns3:hr>
            <ns3:cad>97</ns3:cad>
          </ns3:TrackPointExtension>
        </extensions>
      </trkpt>
      <trkpt lat="55.9469504468142986297607421875" lon="-3.02092767320573329925537109375">
        <ele>11.3999996185302734375</ele>
        <time>2018-05-27T12:00:29.000Z</time>
        <extensions>
          <ns3:TrackPointExtension>
            <ns3:hr>200</ns3:hr>
            <ns3:cad>96</ns3:cad>
          </ns3:TrackPointExtension>
        </extensions>
      </trkpt>
      <trkpt lat="55.9468103013932704925537109375" lon="-3.02116018719971179962158203125">
        <ele>9.80000019073486328125</ele>
        <time>2018-05-27T12:00:34.000Z</time>
        <extensions>
          <ns3:TrackPointExtension>
            <ns3:hr>202</ns3:hr>
            <ns3:cad>97</ns3:cad>
          </ns3:TrackPointExtension>
        </extensions>
      </trkpt>
      <trkpt lat="55.9467077068984508514404296875" lon="-3.021355904638767242431640625">
        <ele>8.80000019073486328125</ele>
        <time>2018-05-27T12:00:38.000Z</time>
        <extensions>
          <ns3:TrackPointExtension>
            <ns3:hr>199</ns3:hr>
            <ns3:cad>97</ns3:cad>
          </ns3:TrackPointExtension>
        </extensions>
      </trkpt>
      <trkpt lat="55.94658591784536838531494140625" lon="-3.02160241641104221343994140625">
        <ele>8</ele>
        <time>2018-05-27T12:00:43.000Z</time>
        <extensions>
          <ns3:TrackPointExtension>
            <ns3:hr>197</ns3:hr>
            <ns3:cad>97</ns3:cad>
          </ns3:TrackPointExtension>
        </extensions>
      </trkpt>
      <trkpt lat="55.94648055732250213623046875" lon="-3.0218026600778102874755859375">
        <ele>7.19999980926513671875</ele>
        <time>2018-05-27T12:00:47.000Z</time>
        <extensions>
          <ns3:TrackPointExtension>
            <ns3:hr>200</ns3:hr>
            <ns3:cad>97</ns3:cad>
          </ns3:TrackPointExtension>
        </extensions>
      </trkpt>
      <trkpt lat="55.94636379741132259368896484375" lon="-3.02206979133188724517822265625">
        <ele>6.599999904632568359375</ele>
        <time>2018-05-27T12:00:52.000Z</time>
        <extensions>
          <ns3:TrackPointExtension>
            <ns3:hr>200</ns3:hr>
            <ns3:cad>98</ns3:cad>
          </ns3:TrackPointExtension>
        </extensions>
      </trkpt>
      <trkpt lat="55.946238152682781219482421875" lon="-3.0223253555595874786376953125">
        <ele>6.19999980926513671875</ele>
        <time>2018-05-27T12:00:57.000Z</time>
        <extensions>
          <ns3:TrackPointExtension>
            <ns3:hr>200</ns3:hr>
            <ns3:cad>98</ns3:cad>
          </ns3:TrackPointExtension>
        </extensions>
      </trkpt>
      <trkpt lat="55.94612759537994861602783203125" lon="-3.0225841887295246124267578125">
        <ele>6.80000019073486328125</ele>
        <time>2018-05-27T12:01:02.000Z</time>
        <extensions>
          <ns3:TrackPointExtension>
            <ns3:hr>201</ns3:hr>
            <ns3:cad>97</ns3:cad>
          </ns3:TrackPointExtension>
        </extensions>
      </trkpt>
      <trkpt lat="55.94601980410516262054443359375" lon="-3.022847212851047515869140625">
        <ele>7.599999904632568359375</ele>
        <time>2018-05-27T12:01:07.000Z</time>
        <extensions>
          <ns3:TrackPointExtension>
            <ns3:hr>200</ns3:hr>
            <ns3:cad>97</ns3:cad>
          </ns3:TrackPointExtension>
        </extensions>
      </trkpt>
      <trkpt lat="55.94591653905808925628662109375" lon="-3.0231164395809173583984375">
        <ele>7.80000019073486328125</ele>
        <time>2018-05-27T12:01:12.000Z</time>
        <extensions>
          <ns3:TrackPointExtension>
            <ns3:hr>200</ns3:hr>
            <ns3:cad>97</ns3:cad>
          </ns3:TrackPointExtension>
        </extensions>
      </trkpt>
      <trkpt lat="55.9458068199455738067626953125" lon="-3.0233888514339923858642578125">
        <ele>8</ele>
        <time>2018-05-27T12:01:17.000Z</time>
        <extensions>
          <ns3:TrackPointExtension>
            <ns3:hr>202</ns3:hr>
            <ns3:cad>98</ns3:cad>
          </ns3:TrackPointExtension>
        </extensions>
      </trkpt>
      <trkpt lat="55.945688970386981964111328125" lon="-3.02364726550877094268798828125">
        <ele>8.3999996185302734375</ele>
        <time>2018-05-27T12:01:22.000Z</time>
        <extensions>
          <ns3:TrackPointExtension>
            <ns3:hr>201</ns3:hr>
            <ns3:cad>98</ns3:cad>
          </ns3:TrackPointExtension>
        </extensions>
      </trkpt>
      <trkpt lat="55.94555360265076160430908203125" lon="-3.02393375895917415618896484375">
        <ele>7.80000019073486328125</ele>
        <time>2018-05-27T12:01:28.000Z</time>
        <extensions>
          <ns3:TrackPointExtension>
            <ns3:hr>201</ns3:hr>
            <ns3:cad>98</ns3:cad>
          </ns3:TrackPointExtension>
        </extensions>
      </trkpt>
      <trkpt lat="55.9454440511763095855712890625" lon="-3.02418865263462066650390625">
        <ele>7.80000019073486328125</ele>
        <time>2018-05-27T12:01:33.000Z</time>
        <extensions>
          <ns3:TrackPointExtension>
            <ns3:hr>199</ns3:hr>
            <ns3:cad>97</ns3:cad>
          </ns3:TrackPointExtension>
        </extensions>
      </trkpt>
      <trkpt lat="55.9452965296804904937744140625" lon="-3.02445377223193645477294921875">
        <ele>7.400000095367431640625</ele>
        <time>2018-05-27T12:01:39.000Z</time>
        <extensions>
          <ns3:TrackPointExtension>
            <ns3:hr>199</ns3:hr>
            <ns3:cad>97</ns3:cad>
          </ns3:TrackPointExtension>
        </extensions>
      </trkpt>
      <trkpt lat="55.94515680335462093353271484375" lon="-3.0247229151427745819091796875">
        <ele>7</ele>
        <time>2018-05-27T12:01:45.000Z</time>
        <extensions>
          <ns3:TrackPointExtension>
            <ns3:hr>199</ns3:hr>
            <ns3:cad>97</ns3:cad>
          </ns3:TrackPointExtension>
        </extensions>
      </trkpt>
      <trkpt lat="55.94502889551222324371337890625" lon="-3.02495283074676990509033203125">
        <ele>7</ele>
        <time>2018-05-27T12:01:50.000Z</time>
        <extensions>
          <ns3:TrackPointExtension>
            <ns3:hr>197</ns3:hr>
            <ns3:cad>98</ns3:cad>
          </ns3:TrackPointExtension>
        </extensions>
      </trkpt>
      <trkpt lat="55.94489403069019317626953125" lon="-3.025196827948093414306640625">
        <ele>7</ele>
        <time>2018-05-27T12:01:55.000Z</time>
        <extensions>
          <ns3:TrackPointExtension>
            <ns3:hr>197</ns3:hr>
            <ns3:cad>99</ns3:cad>
          </ns3:TrackPointExtension>
        </extensions>
      </trkpt>
      <trkpt lat="55.9447671286761760711669921875" lon="-3.025439567863941192626953125">
        <ele>7</ele>
        <time>2018-05-27T12:02:00.000Z</time>
        <extensions>
          <ns3:TrackPointExtension>
            <ns3:hr>200</ns3:hr>
            <ns3:cad>98</ns3:cad>
          </ns3:TrackPointExtension>
        </extensions>
      </trkpt>
      <trkpt lat="55.94467417337000370025634765625" lon="-3.0256482772529125213623046875">
        <ele>7</ele>
        <time>2018-05-27T12:02:04.000Z</time>
        <extensions>
          <ns3:TrackPointExtension>
            <ns3:hr>199</ns3:hr>
            <ns3:cad>99</ns3:cad>
          </ns3:TrackPointExtension>
        </extensions>
      </trkpt>
      <trkpt lat="55.94457375817000865936279296875" lon="-3.02591641433537006378173828125">
        <ele>7</ele>
        <time>2018-05-27T12:02:09.000Z</time>
        <extensions>
          <ns3:TrackPointExtension>
            <ns3:hr>198</ns3:hr>
            <ns3:cad>98</ns3:cad>
          </ns3:TrackPointExtension>
        </extensions>
      </trkpt>
      <trkpt lat="55.9444647096097469329833984375" lon="-3.026237525045871734619140625">
        <ele>6.599999904632568359375</ele>
        <time>2018-05-27T12:02:15.000Z</time>
        <extensions>
          <ns3:TrackPointExtension>
            <ns3:hr>201</ns3:hr>
            <ns3:cad>98</ns3:cad>
          </ns3:TrackPointExtension>
        </extensions>
      </trkpt>
      <trkpt lat="55.94437636435031890869140625" lon="-3.0265146307647228240966796875">
        <ele>6.400000095367431640625</ele>
        <time>2018-05-27T12:02:20.000Z</time>
        <extensions>
          <ns3:TrackPointExtension>
            <ns3:hr>202</ns3:hr>
            <ns3:cad>98</ns3:cad>
          </ns3:TrackPointExtension>
        </extensions>
      </trkpt>
      <trkpt lat="55.944361947476863861083984375" lon="-3.0268425308167934417724609375">
        <ele>5.80000019073486328125</ele>
        <time>2018-05-27T12:02:25.000Z</time>
        <extensions>
          <ns3:TrackPointExtension>
            <ns3:hr>201</ns3:hr>
            <ns3:cad>98</ns3:cad>
          </ns3:TrackPointExtension>
        </extensions>
      </trkpt>
      <trkpt lat="55.94437091611325740814208984375" lon="-3.02711670286953449249267578125">
        <ele>5</ele>
        <time>2018-05-27T12:02:29.000Z</time>
        <extensions>
          <ns3:TrackPointExtension>
            <ns3:hr>198</ns3:hr>
            <ns3:cad>98</ns3:cad>
          </ns3:TrackPointExtension>
        </extensions>
      </trkpt>
      <trkpt lat="55.94441014342010021209716796875" lon="-3.0274535715579986572265625">
        <ele>5</ele>
        <time>2018-05-27T12:02:34.000Z</time>
        <extensions>
          <ns3:TrackPointExtension>
            <ns3:hr>198</ns3:hr>
            <ns3:cad>98</ns3:cad>
          </ns3:TrackPointExtension>
        </extensions>
      </trkpt>
      <trkpt lat="55.94444501213729381561279296875" lon="-3.02777853794395923614501953125">
        <ele>5</ele>
        <time>2018-05-27T12:02:39.000Z</time>
        <extensions>
          <ns3:TrackPointExtension>
            <ns3:hr>200</ns3:hr>
            <ns3:cad>98</ns3:cad>
          </ns3:TrackPointExtension>
        </extensions>
      </trkpt>
      <trkpt lat="55.94448138959705829620361328125" lon="-3.02810241468250751495361328125">
        <ele>5</ele>
        <time>2018-05-27T12:02:44.000Z</time>
        <extensions>
          <ns3:TrackPointExtension>
            <ns3:hr>203</ns3:hr>
            <ns3:cad>98</ns3:cad>
          </ns3:TrackPointExtension>
        </extensions>
      </trkpt>
      <trkpt lat="55.94452547840774059295654296875" lon="-3.028477169573307037353515625">
        <ele>5.80000019073486328125</ele>
        <time>2018-05-27T12:02:50.000Z</time>
        <extensions>
          <ns3:TrackPointExtension>
            <ns3:hr>203</ns3:hr>
            <ns3:cad>98</ns3:cad>
          </ns3:TrackPointExtension>
        </extensions>
      </trkpt>
      <trkpt lat="55.9445599280297756195068359375" lon="-3.02879543043673038482666015625">
        <ele>6</ele>
        <time>2018-05-27T12:02:55.000Z</time>
        <extensions>
          <ns3:TrackPointExtension>
            <ns3:hr>204</ns3:hr>
            <ns3:cad>98</ns3:cad>
          </ns3:TrackPointExtension>
        </extensions>
      </trkpt>
      <trkpt lat="55.9445924498140811920166015625" lon="-3.0291192233562469482421875">
        <ele>6</ele>
        <time>2018-05-27T12:03:00.000Z</time>
        <extensions>
          <ns3:TrackPointExtension>
            <ns3:hr>204</ns3:hr>
            <ns3:cad>99</ns3:cad>
          </ns3:TrackPointExtension>
        </extensions>
      </trkpt>
      <trkpt lat="55.94462974928319454193115234375" lon="-3.02944435738027095794677734375">
        <ele>5.400000095367431640625</ele>
        <time>2018-05-27T12:03:05.000Z</time>
        <extensions>
          <ns3:TrackPointExtension>
            <ns3:hr>203</ns3:hr>
            <ns3:cad>98</ns3:cad>
          </ns3:TrackPointExtension>
        </extensions>
      </trkpt>
      <trkpt lat="55.94465707428753376007080078125" lon="-3.02976940758526325225830078125">
        <ele>5</ele>
        <time>2018-05-27T12:03:10.000Z</time>
        <extensions>
          <ns3:TrackPointExtension>
            <ns3:hr>203</ns3:hr>
            <ns3:cad>99</ns3:cad>
          </ns3:TrackPointExtension>
        </extensions>
      </trkpt>
      <trkpt lat="55.94469713978469371795654296875" lon="-3.030147515237331390380859375">
        <ele>5</ele>
        <time>2018-05-27T12:03:16.000Z</time>
        <extensions>
          <ns3:TrackPointExtension>
            <ns3:hr>203</ns3:hr>
            <ns3:cad>99</ns3:cad>
          </ns3:TrackPointExtension>
        </extensions>
      </trkpt>
      <trkpt lat="55.94475799240171909332275390625" lon="-3.03051531314849853515625">
        <ele>5.400000095367431640625</ele>
        <time>2018-05-27T12:03:22.000Z</time>
        <extensions>
          <ns3:TrackPointExtension>
            <ns3:hr>201</ns3:hr>
            <ns3:cad>98</ns3:cad>
          </ns3:TrackPointExtension>
        </extensions>
      </trkpt>
      <trkpt lat="55.94481415115296840667724609375" lon="-3.03088017739355564117431640625">
        <ele>5.19999980926513671875</ele>
        <time>2018-05-27T12:03:28.000Z</time>
        <extensions>
          <ns3:TrackPointExtension>
            <ns3:hr>200</ns3:hr>
            <ns3:cad>99</ns3:cad>
          </ns3:TrackPointExtension>
        </extensions>
      </trkpt>
      <trkpt lat="55.94486092217266559600830078125" lon="-3.031244538724422454833984375">
        <ele>6</ele>
        <time>2018-05-27T12:03:34.000Z</time>
        <extensions>
          <ns3:TrackPointExtension>
            <ns3:hr>201</ns3:hr>
            <ns3:cad>98</ns3:cad>
          </ns3:TrackPointExtension>
        </extensions>
      </trkpt>
      <trkpt lat="55.944921188056468963623046875" lon="-3.03160118870437145233154296875">
        <ele>6.19999980926513671875</ele>
        <time>2018-05-27T12:03:40.000Z</time>
        <extensions>
          <ns3:TrackPointExtension>
            <ns3:hr>200</ns3:hr>
            <ns3:cad>98</ns3:cad>
          </ns3:TrackPointExtension>
        </extensions>
      </trkpt>
      <trkpt lat="55.94498815946280956268310546875" lon="-3.0319650471210479736328125">
        <ele>6.400000095367431640625</ele>
        <time>2018-05-27T12:03:46.000Z</time>
        <extensions>
          <ns3:TrackPointExtension>
            <ns3:hr>202</ns3:hr>
            <ns3:cad>98</ns3:cad>
          </ns3:TrackPointExtension>
        </extensions>
      </trkpt>
      <trkpt lat="55.94505135901272296905517578125" lon="-3.0323071964085102081298828125">
        <ele>6.19999980926513671875</ele>
        <time>2018-05-27T12:03:52.000Z</time>
        <extensions>
          <ns3:TrackPointExtension>
            <ns3:hr>200</ns3:hr>
            <ns3:cad>97</ns3:cad>
          </ns3:TrackPointExtension>
        </extensions>
      </trkpt>
      <trkpt lat="55.9451084397733211517333984375" lon="-3.032658733427524566650390625">
        <ele>6</ele>
        <time>2018-05-27T12:03:58.000Z</time>
        <extensions>
          <ns3:TrackPointExtension>
            <ns3:hr>201</ns3:hr>
            <ns3:cad>97</ns3:cad>
          </ns3:TrackPointExtension>
        </extensions>
      </trkpt>
      <trkpt lat="55.945180356502532958984375" lon="-3.03301303647458553314208984375">
        <ele>6</ele>
        <time>2018-05-27T12:04:04.000Z</time>
        <extensions>
          <ns3:TrackPointExtension>
            <ns3:hr>201</ns3:hr>
            <ns3:cad>97</ns3:cad>
          </ns3:TrackPointExtension>
        </extensions>
      </trkpt>
      <trkpt lat="55.9452163986861705780029296875" lon="-3.0331899784505367279052734375">
        <ele>5.80000019073486328125</ele>
        <time>2018-05-27T12:04:07.000Z</time>
        <extensions>
          <ns3:TrackPointExtension>
            <ns3:hr>204</ns3:hr>
            <ns3:cad>97</ns3:cad>
          </ns3:TrackPointExtension>
        </extensions>
      </trkpt>
      <trkpt lat="55.9452997148036956787109375" lon="-3.03354419767856597900390625">
        <ele>5.400000095367431640625</ele>
        <time>2018-05-27T12:04:13.000Z</time>
        <extensions>
          <ns3:TrackPointExtension>
            <ns3:hr>202</ns3:hr>
            <ns3:cad>97</ns3:cad>
          </ns3:TrackPointExtension>
        </extensions>
      </trkpt>
      <trkpt lat="55.9453417919576168060302734375" lon="-3.03385089151561260223388671875">
        <ele>5.19999980926513671875</ele>
        <time>2018-05-27T12:04:18.000Z</time>
        <extensions>
          <ns3:TrackPointExtension>
            <ns3:hr>199</ns3:hr>
            <ns3:cad>98</ns3:cad>
          </ns3:TrackPointExtension>
        </extensions>
      </trkpt>
      <trkpt lat="55.94539501704275608062744140625" lon="-3.03422053344547748565673828125">
        <ele>5</ele>
        <time>2018-05-27T12:04:24.000Z</time>
        <extensions>
          <ns3:TrackPointExtension>
            <ns3:hr>199</ns3:hr>
            <ns3:cad>98</ns3:cad>
          </ns3:TrackPointExtension>
        </extensions>
      </trkpt>
      <trkpt lat="55.9454380162060260772705078125" lon="-3.03459134884178638458251953125">
        <ele>4.80000019073486328125</ele>
        <time>2018-05-27T12:04:30.000Z</time>
        <extensions>
          <ns3:TrackPointExtension>
            <ns3:hr>200</ns3:hr>
            <ns3:cad>97</ns3:cad>
          </ns3:TrackPointExtension>
        </extensions>
      </trkpt>
      <trkpt lat="55.94547808170318603515625" lon="-3.03495076484978199005126953125">
        <ele>4.80000019073486328125</ele>
        <time>2018-05-27T12:04:36.000Z</time>
        <extensions>
          <ns3:TrackPointExtension>
            <ns3:hr>200</ns3:hr>
            <ns3:cad>97</ns3:cad>
          </ns3:TrackPointExtension>
        </extensions>
      </trkpt>
      <trkpt lat="55.94551655463874340057373046875" lon="-3.0353253521025180816650390625">
        <ele>4.599999904632568359375</ele>
        <time>2018-05-27T12:04:42.000Z</time>
        <extensions>
          <ns3:TrackPointExtension>
            <ns3:hr>200</ns3:hr>
            <ns3:cad>97</ns3:cad>
          </ns3:TrackPointExtension>
        </extensions>
      </trkpt>
      <trkpt lat="55.94555142335593700408935546875" lon="-3.03564495407044887542724609375">
        <ele>5.400000095367431640625</ele>
        <time>2018-05-27T12:04:47.000Z</time>
        <extensions>
          <ns3:TrackPointExtension>
            <ns3:hr>200</ns3:hr>
            <ns3:cad>97</ns3:cad>
          </ns3:TrackPointExtension>
        </extensions>
      </trkpt>
      <trkpt lat="55.94557824544608592987060546875" lon="-3.03601585328578948974609375">
        <ele>6.19999980926513671875</ele>
        <time>2018-05-27T12:04:53.000Z</time>
        <extensions>
          <ns3:TrackPointExtension>
            <ns3:hr>201</ns3:hr>
            <ns3:cad>98</ns3:cad>
          </ns3:TrackPointExtension>
        </extensions>
      </trkpt>
      <trkpt lat="55.9456059895455837249755859375" lon="-3.0363343656063079833984375">
        <ele>7</ele>
        <time>2018-05-27T12:04:58.000Z</time>
        <extensions>
          <ns3:TrackPointExtension>
            <ns3:hr>201</ns3:hr>
            <ns3:cad>97</ns3:cad>
          </ns3:TrackPointExtension>
        </extensions>
      </trkpt>
      <trkpt lat="55.94563457183539867401123046875" lon="-3.03671448491513729095458984375">
        <ele>7.400000095367431640625</ele>
        <time>2018-05-27T12:05:04.000Z</time>
        <extensions>
          <ns3:TrackPointExtension>
            <ns3:hr>200</ns3:hr>
            <ns3:cad>97</ns3:cad>
          </ns3:TrackPointExtension>
        </extensions>
      </trkpt>
      <trkpt lat="55.94563239254057407379150390625" lon="-3.03703987039625644683837890625">
        <ele>7</ele>
        <time>2018-05-27T12:05:09.000Z</time>
        <extensions>
          <ns3:TrackPointExtension>
            <ns3:hr>201</ns3:hr>
            <ns3:cad>97</ns3:cad>
          </ns3:TrackPointExtension>
        </extensions>
      </trkpt>
      <trkpt lat="55.945627950131893157958984375" lon="-3.03737598471343517303466796875">
        <ele>5.19999980926513671875</ele>
        <time>2018-05-27T12:05:14.000Z</time>
        <extensions>
          <ns3:TrackPointExtension>
            <ns3:hr>203</ns3:hr>
            <ns3:cad>98</ns3:cad>
          </ns3:TrackPointExtension>
        </extensions>
      </trkpt>
      <trkpt lat="55.9456354938447475433349609375" lon="-3.03770706988871097564697265625">
        <ele>5.19999980926513671875</ele>
        <time>2018-05-27T12:05:19.000Z</time>
        <extensions>
          <ns3:TrackPointExtension>
            <ns3:hr>204</ns3:hr>
            <ns3:cad>98</ns3:cad>
          </ns3:TrackPointExtension>
        </extensions>
      </trkpt>
      <trkpt lat="55.9456388466060161590576171875" lon="-3.03806179203093051910400390625">
        <ele>5.19999980926513671875</ele>
        <time>2018-05-27T12:05:25.000Z</time>
        <extensions>
          <ns3:TrackPointExtension>
            <ns3:hr>205</ns3:hr>
            <ns3:cad>98</ns3:cad>
          </ns3:TrackPointExtension>
        </extensions>
      </trkpt>
      <trkpt lat="55.945638678967952728271484375" lon="-3.0381188727915287017822265625">
        <ele>5.19999980926513671875</ele>
        <time>2018-05-27T12:05:26.000Z</time>
        <extensions>
          <ns3:TrackPointExtension>
            <ns3:hr>205</ns3:hr>
            <ns3:cad>98</ns3:cad>
          </ns3:TrackPointExtension>
        </extensions>
      </trkpt>
      <trkpt lat="55.945621915161609649658203125" lon="-3.0384689010679721832275390625">
        <ele>5.19999980926513671875</ele>
        <time>2018-05-27T12:05:32.000Z</time>
        <extensions>
          <ns3:TrackPointExtension>
            <ns3:hr>206</ns3:hr>
            <ns3:cad>97</ns3:cad>
          </ns3:TrackPointExtension>
        </extensions>
      </trkpt>
      <trkpt lat="55.94560825265944004058837890625" lon="-3.0388467572629451751708984375">
        <ele>5.599999904632568359375</ele>
        <time>2018-05-27T12:05:38.000Z</time>
        <extensions>
          <ns3:TrackPointExtension>
            <ns3:hr>206</ns3:hr>
            <ns3:cad>98</ns3:cad>
          </ns3:TrackPointExtension>
        </extensions>
      </trkpt>
      <trkpt lat="55.94558545388281345367431640625" lon="-3.0391971208155155181884765625">
        <ele>5.400000095367431640625</ele>
        <time>2018-05-27T12:05:43.000Z</time>
        <extensions>
          <ns3:TrackPointExtension>
            <ns3:hr>205</ns3:hr>
            <ns3:cad>99</ns3:cad>
          </ns3:TrackPointExtension>
        </extensions>
      </trkpt>
      <trkpt lat="55.94556248746812343597412109375" lon="-3.0395635776221752166748046875">
        <ele>5.400000095367431640625</ele>
        <time>2018-05-27T12:05:48.000Z</time>
        <extensions>
          <ns3:TrackPointExtension>
            <ns3:hr>204</ns3:hr>
            <ns3:cad>100</ns3:cad>
          </ns3:TrackPointExtension>
        </extensions>
      </trkpt>
      <trkpt lat="55.94554522074759006500244140625" lon="-3.0399340577423572540283203125">
        <ele>5.400000095367431640625</ele>
        <time>2018-05-27T12:05:53.000Z</time>
        <extensions>
          <ns3:TrackPointExtension>
            <ns3:hr>203</ns3:hr>
            <ns3:cad>100</ns3:cad>
          </ns3:TrackPointExtension>
        </extensions>
      </trkpt>
      <trkpt lat="55.9455178119242191314697265625" lon="-3.04029691033065319061279296875">
        <ele>5.599999904632568359375</ele>
        <time>2018-05-27T12:05:58.000Z</time>
        <extensions>
          <ns3:TrackPointExtension>
            <ns3:hr>202</ns3:hr>
            <ns3:cad>100</ns3:cad>
          </ns3:TrackPointExtension>
        </extensions>
      </trkpt>
      <trkpt lat="55.94549744389951229095458984375" lon="-3.04065733216702938079833984375">
        <ele>5.599999904632568359375</ele>
        <time>2018-05-27T12:06:03.000Z</time>
        <extensions>
          <ns3:TrackPointExtension>
            <ns3:hr>200</ns3:hr>
            <ns3:cad>101</ns3:cad>
          </ns3:TrackPointExtension>
        </extensions>
      </trkpt>
      <trkpt lat="55.94548369757831096649169921875" lon="-3.04100467823445796966552734375">
        <ele>6.400000095367431640625</ele>
        <time>2018-05-27T12:06:08.000Z</time>
        <extensions>
          <ns3:TrackPointExtension>
            <ns3:hr>199</ns3:hr>
            <ns3:cad>100</ns3:cad>
          </ns3:TrackPointExtension>
        </extensions>
      </trkpt>
      <trkpt lat="55.945455618202686309814453125" lon="-3.04133609868586063385009765625">
        <ele>6.599999904632568359375</ele>
        <time>2018-05-27T12:06:13.000Z</time>
        <extensions>
          <ns3:TrackPointExtension>
            <ns3:hr>201</ns3:hr>
            <ns3:cad>100</ns3:cad>
          </ns3:TrackPointExtension>
        </extensions>
      </trkpt>
      <trkpt lat="55.9454249404370784759521484375" lon="-3.04167506285011768341064453125">
        <ele>7.400000095367431640625</ele>
        <time>2018-05-27T12:06:18.000Z</time>
        <extensions>
          <ns3:TrackPointExtension>
            <ns3:hr>202</ns3:hr>
            <ns3:cad>100</ns3:cad>
          </ns3:TrackPointExtension>
        </extensions>
      </trkpt>
      <trkpt lat="55.9453622438013553619384765625" lon="-3.04198108613491058349609375">
        <ele>8</ele>
        <time>2018-05-27T12:06:23.000Z</time>
        <extensions>
          <ns3:TrackPointExtension>
            <ns3:hr>201</ns3:hr>
            <ns3:cad>101</ns3:cad>
          </ns3:TrackPointExtension>
        </extensions>
      </trkpt>
      <trkpt lat="55.94524531625211238861083984375" lon="-3.0422762967646121978759765625">
        <ele>8</ele>
        <time>2018-05-27T12:06:29.000Z</time>
        <extensions>
          <ns3:TrackPointExtension>
            <ns3:hr>201</ns3:hr>
            <ns3:cad>100</ns3:cad>
          </ns3:TrackPointExtension>
        </extensions>
      </trkpt>
      <trkpt lat="55.945095531642436981201171875" lon="-3.042486347258090972900390625">
        <ele>7.80000019073486328125</ele>
        <time>2018-05-27T12:06:34.000Z</time>
        <extensions>
          <ns3:TrackPointExtension>
            <ns3:hr>201</ns3:hr>
            <ns3:cad>100</ns3:cad>
          </ns3:TrackPointExtension>
        </extensions>
      </trkpt>
      <trkpt lat="55.944950021803379058837890625" lon="-3.042702935636043548583984375">
        <ele>7.400000095367431640625</ele>
        <time>2018-05-27T12:06:39.000Z</time>
        <extensions>
          <ns3:TrackPointExtension>
            <ns3:hr>199</ns3:hr>
            <ns3:cad>99</ns3:cad>
          </ns3:TrackPointExtension>
        </extensions>
      </trkpt>
      <trkpt lat="55.944770984351634979248046875" lon="-3.04271844215691089630126953125">
        <ele>7</ele>
        <time>2018-05-27T12:06:44.000Z</time>
        <extensions>
          <ns3:TrackPointExtension>
            <ns3:hr>200</ns3:hr>
            <ns3:cad>99</ns3:cad>
          </ns3:TrackPointExtension>
        </extensions>
      </trkpt>
      <trkpt lat="55.9446437470614910125732421875" lon="-3.0424275062978267669677734375">
        <ele>7</ele>
        <time>2018-05-27T12:06:49.000Z</time>
        <extensions>
          <ns3:TrackPointExtension>
            <ns3:hr>200</ns3:hr>
            <ns3:cad>98</ns3:cad>
          </ns3:TrackPointExtension>
        </extensions>
      </trkpt>
      <trkpt lat="55.94453520141541957855224609375" lon="-3.042161129415035247802734375">
        <ele>7</ele>
        <time>2018-05-27T12:06:54.000Z</time>
        <extensions>
          <ns3:TrackPointExtension>
            <ns3:hr>198</ns3:hr>
            <ns3:cad>100</ns3:cad>
          </ns3:TrackPointExtension>
        </extensions>
      </trkpt>
      <trkpt lat="55.944417603313922882080078125" lon="-3.04186114110052585601806640625">
        <ele>5.599999904632568359375</ele>
        <time>2018-05-27T12:07:00.000Z</time>
        <extensions>
          <ns3:TrackPointExtension>
            <ns3:hr>198</ns3:hr>
            <ns3:cad>100</ns3:cad>
          </ns3:TrackPointExtension>
        </extensions>
      </trkpt>
      <trkpt lat="55.9442950598895549774169921875" lon="-3.04159241728484630584716796875">
        <ele>4.19999980926513671875</ele>
        <time>2018-05-27T12:07:05.000Z</time>
        <extensions>
          <ns3:TrackPointExtension>
            <ns3:hr>201</ns3:hr>
            <ns3:cad>100</ns3:cad>
          </ns3:TrackPointExtension>
        </extensions>
      </trkpt>
      <trkpt lat="55.944170169532299041748046875" lon="-3.04132671095430850982666015625">
        <ele>3.400000095367431640625</ele>
        <time>2018-05-27T12:07:10.000Z</time>
        <extensions>
          <ns3:TrackPointExtension>
            <ns3:hr>203</ns3:hr>
            <ns3:cad>99</ns3:cad>
          </ns3:TrackPointExtension>
        </extensions>
      </trkpt>
      <trkpt lat="55.94405910931527614593505859375" lon="-3.04105849005281925201416015625">
        <ele>3.2000000476837158203125</ele>
        <time>2018-05-27T12:07:15.000Z</time>
        <extensions>
          <ns3:TrackPointExtension>
            <ns3:hr>201</ns3:hr>
            <ns3:cad>99</ns3:cad>
          </ns3:TrackPointExtension>
        </extensions>
      </trkpt>
      <trkpt lat="55.94392784871160984039306640625" lon="-3.04076009429991245269775390625">
        <ele>3.599999904632568359375</ele>
        <time>2018-05-27T12:07:20.000Z</time>
        <extensions>
          <ns3:TrackPointExtension>
            <ns3:hr>202</ns3:hr>
            <ns3:cad>103</ns3:cad>
          </ns3:TrackPointExtension>
        </extensions>
      </trkpt>
      <trkpt lat="55.9438149444758892059326171875" lon="-3.04049505852162837982177734375">
        <ele>4.80000019073486328125</ele>
        <time>2018-05-27T12:07:25.000Z</time>
        <extensions>
          <ns3:TrackPointExtension>
            <ns3:hr>201</ns3:hr>
            <ns3:cad>101</ns3:cad>
          </ns3:TrackPointExtension>
        </extensions>
      </trkpt>
    </trkseg>
  </trk>
</gpx>
