<?xml version="1.0" encoding="UTF-8"?>
<gpx creator="Garmin Connect" version="1.1"
  xsi:schemaLocation="http://www.topografix.com/GPX/1/1 http://www.topografix.com/GPX/11.xsd"
  xmlns:ns3="http://www.garmin.com/xmlschemas/TrackPointExtension/v1"
  xmlns="http://www.topografix.com/GPX/1/1"
  xmlns:xsi="http://www.w3.org/2001/XMLSchema-instance" xmlns:ns2="http://www.garmin.com/xmlschemas/GpxExtensions/v3">
  <metadata>
    <link href="connect.garmin.com">
      <text>Garmin Connect</text>
    </link>
    <time>2026-04-26T08:40:55Z</time>
  </metadata>
  <trk>
    <name>London marathon</name>
    <type>running</type>
    <trkseg>
      <trkpt lat="51.473052" lon="0.011068">
        <ele>38</ele>
        <time>2026-04-26T08:40:55Z</time>
      </trkpt>
      <trkpt lat="51.47306" lon="0.011138">
        <ele>38.2</ele>
        <time>2026-04-26T08:40:56Z</time>
      </trkpt>
      <trkpt lat="51.473077" lon="0.011281">
        <ele>38.4</ele>
        <time>2026-04-26T08:40:58Z</time>
      </trkpt>
      <trkpt lat="51.473087" lon="0.011358">
        <ele>38.6</ele>
        <time>2026-04-26T08:40:59Z</time>
      </trkpt>
      <trkpt lat="51.473095" lon="0.011436">
        <ele>39</ele>
        <time>2026-04-26T08:41:00Z</time>
      </trkpt>
      <trkpt lat="51.473116" lon="0.011588">
        <ele>39.8</ele>
        <time>2026-04-26T08:41:02Z</time>
      </trkpt>
      <trkpt lat="51.47314" lon="0.011732">
        <ele>40.8</ele>
        <time>2026-04-26T08:41:04Z</time>
      </trkpt>
      <trkpt lat="51.473152" lon="0.011802">
        <ele>41</ele>
        <time>2026-04-26T08:41:05Z</time>
      </trkpt>
      <trkpt lat="51.473198" lon="0.012147">
        <ele>41.8</ele>
        <time>2026-04-26T08:41:10Z</time>
      </trkpt>
      <trkpt lat="51.473226" lon="0.012342">
        <ele>41.4</ele>
        <time>2026-04-26T08:41:13Z</time>
      </trkpt>
      <trkpt lat="51.473245" lon="0.012475">
        <ele>41</ele>
        <time>2026-04-26T08:41:15Z</time>
      </trkpt>
      <trkpt lat="51.473261" lon="0.012609">
        <ele>40.6</ele>
        <time>2026-04-26T08:41:17Z</time>
      </trkpt>
      <trkpt lat="51.473295" lon="0.012869">
        <ele>40.8</ele>
        <time>2026-04-26T08:41:21Z</time>
      </trkpt>
      <trkpt lat="51.473308" lon="0.013">
        <ele>41.2</ele>
        <time>2026-04-26T08:41:23Z</time>
      </trkpt>
      <trkpt lat="51.473317" lon="0.013126">
        <ele>41.6</ele>
        <time>2026-04-26T08:41:25Z</time>
      </trkpt>
      <trkpt lat="51.473333" lon="0.013316">
        <ele>42.4</ele>
        <time>2026-04-26T08:41:28Z</time>
      </trkpt>
      <trkpt lat="51.473338" lon="0.01338">
        <ele>42.8</ele>
        <time>2026-04-26T08:41:29Z</time>
      </trkpt>
      <trkpt lat="51.473349" lon="0.013511">
        <ele>43.2</ele>
        <time>2026-04-26T08:41:31Z</time>
      </trkpt>
      <trkpt lat="51.473356" lon="0.013574">
        <ele>43.4</ele>
        <time>2026-04-26T08:41:32Z</time>
      </trkpt>
      <trkpt lat="51.473364" lon="0.013638">
        <ele>43.6</ele>
        <time>2026-04-26T08:41:33Z</time>
      </trkpt>
      <trkpt lat="51.473374" lon="0.013701">
        <ele>43.8</ele>
        <time>2026-04-26T08:41:34Z</time>
      </trkpt>
      <trkpt lat="51.47339" lon="0.013828">
        <ele>43.8</ele>
        <time>2026-04-26T08:41:36Z</time>
      </trkpt>
      <trkpt lat="51.473425" lon="0.014127">
        <ele>42.6</ele>
        <time>2026-04-26T08:41:41Z</time>
      </trkpt>
      <trkpt lat="51.473468" lon="0.014432">
        <ele>42</ele>
        <time>2026-04-26T08:41:46Z</time>
      </trkpt>
      <trkpt lat="51.473475" lon="0.014494">
        <ele>41.8</ele>
        <time>2026-04-26T08:41:47Z</time>
      </trkpt>
      <trkpt lat="51.473485" lon="0.014552">
        <ele>41.8</ele>
        <time>2026-04-26T08:41:48Z</time>
      </trkpt>
      <trkpt lat="51.473529" lon="0.014859">
        <ele>41.8</ele>
        <time>2026-04-26T08:41:53Z</time>
      </trkpt>
      <trkpt lat="51.473559" lon="0.015118">
        <ele>41</ele>
        <time>2026-04-26T08:41:57Z</time>
      </trkpt>
      <trkpt lat="51.473579" lon="0.015309">
        <ele>41</ele>
        <time>2026-04-26T08:42:00Z</time>
      </trkpt>
      <trkpt lat="51.473609" lon="0.015555">
        <ele>41</ele>
        <time>2026-04-26T08:42:04Z</time>
      </trkpt>
      <trkpt lat="51.473642" lon="0.015867">
        <ele>41</ele>
        <time>2026-04-26T08:42:09Z</time>
      </trkpt>
      <trkpt lat="51.473669" lon="0.016185">
        <ele>40.2</ele>
        <time>2026-04-26T08:42:14Z</time>
      </trkpt>
      <trkpt lat="51.473708" lon="0.016494">
        <ele>40.4</ele>
        <time>2026-04-26T08:42:19Z</time>
      </trkpt>
      <trkpt lat="51.47375" lon="0.016777">
        <ele>41.8</ele>
        <time>2026-04-26T08:42:24Z</time>
      </trkpt>
      <trkpt lat="51.473788" lon="0.01708">
        <ele>43.4</ele>
        <time>2026-04-26T08:42:29Z</time>
      </trkpt>
      <trkpt lat="51.473821" lon="0.017391">
        <ele>44.4</ele>
        <time>2026-04-26T08:42:34Z</time>
      </trkpt>
      <trkpt lat="51.473846" lon="0.017699">
        <ele>44.8</ele>
        <time>2026-04-26T08:42:39Z</time>
      </trkpt>
      <trkpt lat="51.47387" lon="0.017997">
        <ele>45</ele>
        <time>2026-04-26T08:42:44Z</time>
      </trkpt>
      <trkpt lat="51.473915" lon="0.018299">
        <ele>45.2</ele>
        <time>2026-04-26T08:42:49Z</time>
      </trkpt>
      <trkpt lat="51.473951" lon="0.0186">
        <ele>45.8</ele>
        <time>2026-04-26T08:42:54Z</time>
      </trkpt>
      <trkpt lat="51.473997" lon="0.018901">
        <ele>45.4</ele>
        <time>2026-04-26T08:42:59Z</time>
      </trkpt>
      <trkpt lat="51.474042" lon="0.01919">
        <ele>44.4</ele>
        <time>2026-04-26T08:43:04Z</time>
      </trkpt>
      <trkpt lat="51.474083" lon="0.019482">
        <ele>43.4</ele>
        <time>2026-04-26T08:43:09Z</time>
      </trkpt>
      <trkpt lat="51.474125" lon="0.019819">
        <ele>43.2</ele>
        <time>2026-04-26T08:43:15Z</time>
      </trkpt>
      <trkpt lat="51.474158" lon="0.020103">
        <ele>43.8</ele>
        <time>2026-04-26T08:43:20Z</time>
      </trkpt>
      <trkpt lat="51.474216" lon="0.02043">
        <ele>45.2</ele>
        <time>2026-04-26T08:43:26Z</time>
      </trkpt>
      <trkpt lat="51.474255" lon="0.020712">
        <ele>46.4</ele>
        <time>2026-04-26T08:43:31Z</time>
      </trkpt>
      <trkpt lat="51.474306" lon="0.021029">
        <ele>47</ele>
        <time>2026-04-26T08:43:37Z</time>
      </trkpt>
      <trkpt lat="51.474361" lon="0.021353">
        <ele>46.6</ele>
        <time>2026-04-26T08:43:43Z</time>
      </trkpt>
      <trkpt lat="51.474417" lon="0.021678">
        <ele>45.4</ele>
        <time>2026-04-26T08:43:49Z</time>
      </trkpt>
      <trkpt lat="51.474472" lon="0.021979">
        <ele>45.2</ele>
        <time>2026-04-26T08:43:55Z</time>
      </trkpt>
      <trkpt lat="51.474499" lon="0.022264">
        <ele>45.4</ele>
        <time>2026-04-26T08:44:00Z</time>
      </trkpt>
      <trkpt lat="51.474511" lon="0.022383">
        <ele>45.6</ele>
        <time>2026-04-26T08:44:02Z</time>
      </trkpt>
      <trkpt lat="51.474565" lon="0.022681">
        <ele>47</ele>
        <time>2026-04-26T08:44:07Z</time>
      </trkpt>
      <trkpt lat="51.474604" lon="0.02298">
        <ele>48.2</ele>
        <time>2026-04-26T08:44:12Z</time>
      </trkpt>
      <trkpt lat="51.474652" lon="0.023262">
        <ele>48.4</ele>
        <time>2026-04-26T08:44:17Z</time>
      </trkpt>
      <trkpt lat="51.474703" lon="0.023552">
        <ele>46.6</ele>
        <time>2026-04-26T08:44:22Z</time>
      </trkpt>
      <trkpt lat="51.47479" lon="0.023864">
        <ele>44.6</ele>
        <time>2026-04-26T08:44:28Z</time>
      </trkpt>
      <trkpt lat="51.474901" lon="0.024099">
        <ele>44</ele>
        <time>2026-04-26T08:44:33Z</time>
      </trkpt>
      <trkpt lat="51.475052" lon="0.024318">
        <ele>43.8</ele>
        <time>2026-04-26T08:44:39Z</time>
      </trkpt>
      <trkpt lat="51.475108" lon="0.024604">
        <ele>44</ele>
        <time>2026-04-26T08:44:44Z</time>
      </trkpt>
      <trkpt lat="51.475065" lon="0.024929">
        <ele>45</ele>
        <time>2026-04-26T08:44:50Z</time>
      </trkpt>
      <trkpt lat="51.475028" lon="0.025218">
        <ele>46.2</ele>
        <time>2026-04-26T08:44:55Z</time>
      </trkpt>
      <trkpt lat="51.475028" lon="0.025529">
        <ele>47.6</ele>
        <time>2026-04-26T08:45:00Z</time>
      </trkpt>
      <trkpt lat="51.475062" lon="0.025839">
        <ele>49.2</ele>
        <time>2026-04-26T08:45:05Z</time>
      </trkpt>
      <trkpt lat="51.475092" lon="0.026138">
        <ele>50.2</ele>
        <time>2026-04-26T08:45:10Z</time>
      </trkpt>
      <trkpt lat="51.475127" lon="0.026479">
        <ele>51</ele>
        <time>2026-04-26T08:45:16Z</time>
      </trkpt>
      <trkpt lat="51.47515" lon="0.0267">
        <ele>50.4</ele>
        <time>2026-04-26T08:45:20Z</time>
      </trkpt>
      <trkpt lat="51.475177" lon="0.027023">
        <ele>50.2</ele>
        <time>2026-04-26T08:45:26Z</time>
      </trkpt>
      <trkpt lat="51.475218" lon="0.027346">
        <ele>49</ele>
        <time>2026-04-26T08:45:32Z</time>
      </trkpt>
      <trkpt lat="51.475268" lon="0.027677">
        <ele>48</ele>
        <time>2026-04-26T08:45:38Z</time>
      </trkpt>
      <trkpt lat="51.475292" lon="0.028012">
        <ele>48</ele>
        <time>2026-04-26T08:45:44Z</time>
      </trkpt>
      <trkpt lat="51.475318" lon="0.028354">
        <ele>48.4</ele>
        <time>2026-04-26T08:45:50Z</time>
      </trkpt>
      <trkpt lat="51.475335" lon="0.028521">
        <ele>48.8</ele>
        <time>2026-04-26T08:45:53Z</time>
      </trkpt>
      <trkpt lat="51.475341" lon="0.028575">
        <ele>48.8</ele>
        <time>2026-04-26T08:45:54Z</time>
      </trkpt>
      <trkpt lat="51.47535" lon="0.028627">
        <ele>48.8</ele>
        <time>2026-04-26T08:45:55Z</time>
      </trkpt>
      <trkpt lat="51.475354" lon="0.028682">
        <ele>48.6</ele>
        <time>2026-04-26T08:45:56Z</time>
      </trkpt>
      <trkpt lat="51.475382" lon="0.029008">
        <ele>48.8</ele>
        <time>2026-04-26T08:46:02Z</time>
      </trkpt>
      <trkpt lat="51.475405" lon="0.0293">
        <ele>49</ele>
        <time>2026-04-26T08:46:07Z</time>
      </trkpt>
      <trkpt lat="51.47541" lon="0.029615">
        <ele>49.6</ele>
        <time>2026-04-26T08:46:12Z</time>
      </trkpt>
      <trkpt lat="51.475408" lon="0.029922">
        <ele>50</ele>
        <time>2026-04-26T08:46:17Z</time>
      </trkpt>
      <trkpt lat="51.475396" lon="0.030236">
        <ele>49.6</ele>
        <time>2026-04-26T08:46:22Z</time>
      </trkpt>
      <trkpt lat="51.475386" lon="0.030529">
        <ele>48.6</ele>
        <time>2026-04-26T08:46:27Z</time>
      </trkpt>
      <trkpt lat="51.475343" lon="0.030867">
        <ele>47.2</ele>
        <time>2026-04-26T08:46:33Z</time>
      </trkpt>
      <trkpt lat="51.475307" lon="0.031159">
        <ele>46.8</ele>
        <time>2026-04-26T08:46:38Z</time>
      </trkpt>
      <trkpt lat="51.475261" lon="0.031489">
        <ele>46</ele>
        <time>2026-04-26T08:46:44Z</time>
      </trkpt>
      <trkpt lat="51.475218" lon="0.031825">
        <ele>46.6</ele>
        <time>2026-04-26T08:46:50Z</time>
      </trkpt>
      <trkpt lat="51.47517" lon="0.03211">
        <ele>46.6</ele>
        <time>2026-04-26T08:46:55Z</time>
      </trkpt>
      <trkpt lat="51.475129" lon="0.032398">
        <ele>46.4</ele>
        <time>2026-04-26T08:47:00Z</time>
      </trkpt>
      <trkpt lat="51.475079" lon="0.032715">
        <ele>46</ele>
        <time>2026-04-26T08:47:06Z</time>
      </trkpt>
      <trkpt lat="51.475046" lon="0.032963">
        <ele>46</ele>
        <time>2026-04-26T08:47:10Z</time>
      </trkpt>
      <trkpt lat="51.475009" lon="0.033262">
        <ele>46</ele>
        <time>2026-04-26T08:47:15Z</time>
      </trkpt>
      <trkpt lat="51.474965" lon="0.033565">
        <ele>46.2</ele>
        <time>2026-04-26T08:47:20Z</time>
      </trkpt>
      <trkpt lat="51.47492" lon="0.033851">
        <ele>47</ele>
        <time>2026-04-26T08:47:25Z</time>
      </trkpt>
      <trkpt lat="51.474864" lon="0.034187">
        <ele>47.6</ele>
        <time>2026-04-26T08:47:31Z</time>
      </trkpt>
      <trkpt lat="51.474797" lon="0.034478">
        <ele>47.2</ele>
        <time>2026-04-26T08:47:36Z</time>
      </trkpt>
      <trkpt lat="51.474746" lon="0.03479">
        <ele>47.2</ele>
        <time>2026-04-26T08:47:41Z</time>
      </trkpt>
      <trkpt lat="51.474712" lon="0.035098">
        <ele>47</ele>
        <time>2026-04-26T08:47:46Z</time>
      </trkpt>
      <trkpt lat="51.474666" lon="0.03539">
        <ele>46.8</ele>
        <time>2026-04-26T08:47:51Z</time>
      </trkpt>
      <trkpt lat="51.47461" lon="0.03572">
        <ele>46.6</ele>
        <time>2026-04-26T08:47:57Z</time>
      </trkpt>
      <trkpt lat="51.474556" lon="0.036053">
        <ele>47</ele>
        <time>2026-04-26T08:48:03Z</time>
      </trkpt>
      <trkpt lat="51.474522" lon="0.036348">
        <ele>47.4</ele>
        <time>2026-04-26T08:48:08Z</time>
      </trkpt>
      <trkpt lat="51.474492" lon="0.036637">
        <ele>48.4</ele>
        <time>2026-04-26T08:48:13Z</time>
      </trkpt>
      <trkpt lat="51.47445" lon="0.036927">
        <ele>49</ele>
        <time>2026-04-26T08:48:18Z</time>
      </trkpt>
      <trkpt lat="51.474412" lon="0.037223">
        <ele>48.6</ele>
        <time>2026-04-26T08:48:23Z</time>
      </trkpt>
      <trkpt lat="51.474499" lon="0.037524">
        <ele>47.2</ele>
        <time>2026-04-26T08:48:29Z</time>
      </trkpt>
      <trkpt lat="51.474661" lon="0.037673">
        <ele>46.8</ele>
        <time>2026-04-26T08:48:34Z</time>
      </trkpt>
      <trkpt lat="51.47482" lon="0.037809">
        <ele>47.2</ele>
        <time>2026-04-26T08:48:39Z</time>
      </trkpt>
      <trkpt lat="51.475011" lon="0.03796">
        <ele>48</ele>
        <time>2026-04-26T08:48:45Z</time>
      </trkpt>
      <trkpt lat="51.475185" lon="0.03812">
        <ele>48</ele>
        <time>2026-04-26T08:48:51Z</time>
      </trkpt>
      <trkpt lat="51.47537" lon="0.038263">
        <ele>48.2</ele>
        <time>2026-04-26T08:48:57Z</time>
      </trkpt>
      <trkpt lat="51.475549" lon="0.038414">
        <ele>48.8</ele>
        <time>2026-04-26T08:49:03Z</time>
      </trkpt>
      <trkpt lat="51.475708" lon="0.038549">
        <ele>49.6</ele>
        <time>2026-04-26T08:49:08Z</time>
      </trkpt>
      <trkpt lat="51.475887" lon="0.038702">
        <ele>50</ele>
        <time>2026-04-26T08:49:14Z</time>
      </trkpt>
      <trkpt lat="51.47607" lon="0.038869">
        <ele>50</ele>
        <time>2026-04-26T08:49:20Z</time>
      </trkpt>
      <trkpt lat="51.476222" lon="0.039023">
        <ele>50</ele>
        <time>2026-04-26T08:49:25Z</time>
      </trkpt>
      <trkpt lat="51.476406" lon="0.039198">
        <ele>50</ele>
        <time>2026-04-26T08:49:31Z</time>
      </trkpt>
      <trkpt lat="51.476581" lon="0.039383">
        <ele>50.8</ele>
        <time>2026-04-26T08:49:37Z</time>
      </trkpt>
      <trkpt lat="51.476637" lon="0.039458">
        <ele>51</ele>
        <time>2026-04-26T08:49:39Z</time>
      </trkpt>
      <trkpt lat="51.476692" lon="0.03953">
        <ele>51</ele>
        <time>2026-04-26T08:49:41Z</time>
      </trkpt>
      <trkpt lat="51.476838" lon="0.039767">
        <ele>51.6</ele>
        <time>2026-04-26T08:49:47Z</time>
      </trkpt>
      <trkpt lat="51.47698" lon="0.040016">
        <ele>52.6</ele>
        <time>2026-04-26T08:49:53Z</time>
      </trkpt>
      <trkpt lat="51.477116" lon="0.040278">
        <ele>53.4</ele>
        <time>2026-04-26T08:49:59Z</time>
      </trkpt>
      <trkpt lat="51.477238" lon="0.040521">
        <ele>54</ele>
        <time>2026-04-26T08:50:04Z</time>
      </trkpt>
      <trkpt lat="51.477319" lon="0.040734">
        <ele>54.4</ele>
        <time>2026-04-26T08:50:08Z</time>
      </trkpt>
      <trkpt lat="51.477369" lon="0.040904">
        <ele>54.8</ele>
        <time>2026-04-26T08:50:11Z</time>
      </trkpt>
      <trkpt lat="51.477455" lon="0.04119">
        <ele>55</ele>
        <time>2026-04-26T08:50:16Z</time>
      </trkpt>
      <trkpt lat="51.477553" lon="0.041461">
        <ele>55</ele>
        <time>2026-04-26T08:50:21Z</time>
      </trkpt>
      <trkpt lat="51.477666" lon="0.041719">
        <ele>55</ele>
        <time>2026-04-26T08:50:26Z</time>
      </trkpt>
      <trkpt lat="51.477792" lon="0.041962">
        <ele>54.4</ele>
        <time>2026-04-26T08:50:31Z</time>
      </trkpt>
      <trkpt lat="51.477925" lon="0.042191">
        <ele>53.6</ele>
        <time>2026-04-26T08:50:36Z</time>
      </trkpt>
      <trkpt lat="51.47795" lon="0.042239">
        <ele>53.4</ele>
        <time>2026-04-26T08:50:37Z</time>
      </trkpt>
      <trkpt lat="51.478085" lon="0.042481">
        <ele>52.8</ele>
        <time>2026-04-26T08:50:42Z</time>
      </trkpt>
      <trkpt lat="51.4782" lon="0.042706">
        <ele>52.4</ele>
        <time>2026-04-26T08:50:47Z</time>
      </trkpt>
      <trkpt lat="51.478307" lon="0.042942">
        <ele>52</ele>
        <time>2026-04-26T08:50:52Z</time>
      </trkpt>
      <trkpt lat="51.478436" lon="0.04318">
        <ele>52</ele>
        <time>2026-04-26T08:50:57Z</time>
      </trkpt>
      <trkpt lat="51.478555" lon="0.043407">
        <ele>52</ele>
        <time>2026-04-26T08:51:02Z</time>
      </trkpt>
      <trkpt lat="51.478681" lon="0.043632">
        <ele>51.8</ele>
        <time>2026-04-26T08:51:07Z</time>
      </trkpt>
      <trkpt lat="51.478794" lon="0.043883">
        <ele>51.4</ele>
        <time>2026-04-26T08:51:12Z</time>
      </trkpt>
      <trkpt lat="51.478912" lon="0.044113">
        <ele>50.8</ele>
        <time>2026-04-26T08:51:17Z</time>
      </trkpt>
      <trkpt lat="51.478995" lon="0.044408">
        <ele>50</ele>
        <time>2026-04-26T08:51:22Z</time>
      </trkpt>
      <trkpt lat="51.479051" lon="0.044719">
        <ele>50.8</ele>
        <time>2026-04-26T08:51:27Z</time>
      </trkpt>
      <trkpt lat="51.479078" lon="0.045033">
        <ele>52.2</ele>
        <time>2026-04-26T08:51:32Z</time>
      </trkpt>
      <trkpt lat="51.479118" lon="0.04533">
        <ele>53</ele>
        <time>2026-04-26T08:51:37Z</time>
      </trkpt>
      <trkpt lat="51.479158" lon="0.045626">
        <ele>53</ele>
        <time>2026-04-26T08:51:42Z</time>
      </trkpt>
      <trkpt lat="51.479194" lon="0.045929">
        <ele>51</ele>
        <time>2026-04-26T08:51:47Z</time>
      </trkpt>
      <trkpt lat="51.479205" lon="0.046276">
        <ele>47.8</ele>
        <time>2026-04-26T08:51:53Z</time>
      </trkpt>
      <trkpt lat="51.479207" lon="0.046599">
        <ele>46.6</ele>
        <time>2026-04-26T08:51:58Z</time>
      </trkpt>
      <trkpt lat="51.479235" lon="0.046926">
        <ele>46.8</ele>
        <time>2026-04-26T08:52:03Z</time>
      </trkpt>
      <trkpt lat="51.479255" lon="0.047248">
        <ele>47.6</ele>
        <time>2026-04-26T08:52:08Z</time>
      </trkpt>
      <trkpt lat="51.479293" lon="0.047551">
        <ele>48.6</ele>
        <time>2026-04-26T08:52:13Z</time>
      </trkpt>
      <trkpt lat="51.479323" lon="0.047855">
        <ele>50.4</ele>
        <time>2026-04-26T08:52:18Z</time>
      </trkpt>
      <trkpt lat="51.479377" lon="0.048155">
        <ele>51.6</ele>
        <time>2026-04-26T08:52:23Z</time>
      </trkpt>
      <trkpt lat="51.479447" lon="0.04845">
        <ele>51.2</ele>
        <time>2026-04-26T08:52:28Z</time>
      </trkpt>
      <trkpt lat="51.479492" lon="0.048617">
        <ele>50.6</ele>
        <time>2026-04-26T08:52:31Z</time>
      </trkpt>
      <trkpt lat="51.479582" lon="0.048869">
        <ele>49.2</ele>
        <time>2026-04-26T08:52:36Z</time>
      </trkpt>
      <trkpt lat="51.479633" lon="0.049013">
        <ele>48.4</ele>
        <time>2026-04-26T08:52:39Z</time>
      </trkpt>
      <trkpt lat="51.479645" lon="0.049061">
        <ele>48.2</ele>
        <time>2026-04-26T08:52:40Z</time>
      </trkpt>
      <trkpt lat="51.479715" lon="0.049363">
        <ele>48</ele>
        <time>2026-04-26T08:52:46Z</time>
      </trkpt>
      <trkpt lat="51.479786" lon="0.049691">
        <ele>47</ele>
        <time>2026-04-26T08:52:52Z</time>
      </trkpt>
      <trkpt lat="51.479849" lon="0.04997">
        <ele>46.4</ele>
        <time>2026-04-26T08:52:57Z</time>
      </trkpt>
      <trkpt lat="51.479907" lon="0.050246">
        <ele>47</ele>
        <time>2026-04-26T08:53:02Z</time>
      </trkpt>
      <trkpt lat="51.479974" lon="0.050546">
        <ele>47.6</ele>
        <time>2026-04-26T08:53:07Z</time>
      </trkpt>
      <trkpt lat="51.480031" lon="0.05084">
        <ele>48.4</ele>
        <time>2026-04-26T08:53:12Z</time>
      </trkpt>
      <trkpt lat="51.480095" lon="0.051113">
        <ele>48.2</ele>
        <time>2026-04-26T08:53:17Z</time>
      </trkpt>
      <trkpt lat="51.480171" lon="0.051432">
        <ele>47.4</ele>
        <time>2026-04-26T08:53:23Z</time>
      </trkpt>
      <trkpt lat="51.480203" lon="0.051737">
        <ele>47.2</ele>
        <time>2026-04-26T08:53:28Z</time>
      </trkpt>
      <trkpt lat="51.480233" lon="0.052041">
        <ele>47.2</ele>
        <time>2026-04-26T08:53:33Z</time>
      </trkpt>
      <trkpt lat="51.480265" lon="0.052341">
        <ele>48</ele>
        <time>2026-04-26T08:53:38Z</time>
      </trkpt>
      <trkpt lat="51.480309" lon="0.052632">
        <ele>49.8</ele>
        <time>2026-04-26T08:53:43Z</time>
      </trkpt>
      <trkpt lat="51.480357" lon="0.052929">
        <ele>50.6</ele>
        <time>2026-04-26T08:53:48Z</time>
      </trkpt>
      <trkpt lat="51.48041" lon="0.053225">
        <ele>51.6</ele>
        <time>2026-04-26T08:53:53Z</time>
      </trkpt>
      <trkpt lat="51.480453" lon="0.053523">
        <ele>52.6</ele>
        <time>2026-04-26T08:53:58Z</time>
      </trkpt>
      <trkpt lat="51.480488" lon="0.053825">
        <ele>54.2</ele>
        <time>2026-04-26T08:54:03Z</time>
      </trkpt>
      <trkpt lat="51.48054" lon="0.054121">
        <ele>55.2</ele>
        <time>2026-04-26T08:54:08Z</time>
      </trkpt>
      <trkpt lat="51.48059" lon="0.054416">
        <ele>55.2</ele>
        <time>2026-04-26T08:54:13Z</time>
      </trkpt>
      <trkpt lat="51.480633" lon="0.054709">
        <ele>54</ele>
        <time>2026-04-26T08:54:18Z</time>
      </trkpt>
      <trkpt lat="51.480693" lon="0.055039">
        <ele>52.8</ele>
        <time>2026-04-26T08:54:24Z</time>
      </trkpt>
      <trkpt lat="51.480737" lon="0.055326">
        <ele>52.6</ele>
        <time>2026-04-26T08:54:29Z</time>
      </trkpt>
      <trkpt lat="51.480757" lon="0.055437">
        <ele>52.6</ele>
        <time>2026-04-26T08:54:31Z</time>
      </trkpt>
      <trkpt lat="51.480784" lon="0.055552">
        <ele>53.2</ele>
        <time>2026-04-26T08:54:33Z</time>
      </trkpt>
      <trkpt lat="51.480818" lon="0.055723">
        <ele>53.8</ele>
        <time>2026-04-26T08:54:36Z</time>
      </trkpt>
      <trkpt lat="51.480849" lon="0.055903">
        <ele>53.4</ele>
        <time>2026-04-26T08:54:39Z</time>
      </trkpt>
      <trkpt lat="51.480882" lon="0.056081">
        <ele>52.6</ele>
        <time>2026-04-26T08:54:42Z</time>
      </trkpt>
      <trkpt lat="51.480948" lon="0.056375">
        <ele>51.6</ele>
        <time>2026-04-26T08:54:47Z</time>
      </trkpt>
      <trkpt lat="51.481005" lon="0.05661">
        <ele>50.4</ele>
        <time>2026-04-26T08:54:51Z</time>
      </trkpt>
      <trkpt lat="51.481048" lon="0.056785">
        <ele>50</ele>
        <time>2026-04-26T08:54:54Z</time>
      </trkpt>
      <trkpt lat="51.481105" lon="0.057013">
        <ele>50</ele>
        <time>2026-04-26T08:54:58Z</time>
      </trkpt>
      <trkpt lat="51.481187" lon="0.057303">
        <ele>49.6</ele>
        <time>2026-04-26T08:55:03Z</time>
      </trkpt>
      <trkpt lat="51.481264" lon="0.057574">
        <ele>49.8</ele>
        <time>2026-04-26T08:55:08Z</time>
      </trkpt>
      <trkpt lat="51.48135" lon="0.05783">
        <ele>50</ele>
        <time>2026-04-26T08:55:13Z</time>
      </trkpt>
      <trkpt lat="51.48142" lon="0.058038">
        <ele>49.8</ele>
        <time>2026-04-26T08:55:17Z</time>
      </trkpt>
      <trkpt lat="51.481454" lon="0.058141">
        <ele>49.8</ele>
        <time>2026-04-26T08:55:19Z</time>
      </trkpt>
      <trkpt lat="51.481536" lon="0.058408">
        <ele>48.8</ele>
        <time>2026-04-26T08:55:24Z</time>
      </trkpt>
      <trkpt lat="51.481611" lon="0.058678">
        <ele>47.6</ele>
        <time>2026-04-26T08:55:29Z</time>
      </trkpt>
      <trkpt lat="51.481681" lon="0.058946">
        <ele>46.4</ele>
        <time>2026-04-26T08:55:34Z</time>
      </trkpt>
      <trkpt lat="51.481746" lon="0.059245">
        <ele>46.6</ele>
        <time>2026-04-26T08:55:39Z</time>
      </trkpt>
      <trkpt lat="51.481834" lon="0.059526">
        <ele>48</ele>
        <time>2026-04-26T08:55:44Z</time>
      </trkpt>
      <trkpt lat="51.481918" lon="0.059803">
        <ele>49.6</ele>
        <time>2026-04-26T08:55:49Z</time>
      </trkpt>
      <trkpt lat="51.48195" lon="0.05991">
        <ele>50</ele>
        <time>2026-04-26T08:55:51Z</time>
      </trkpt>
      <trkpt lat="51.481984" lon="0.060021">
        <ele>50.4</ele>
        <time>2026-04-26T08:55:53Z</time>
      </trkpt>
      <trkpt lat="51.482065" lon="0.060286">
        <ele>50</ele>
        <time>2026-04-26T08:55:58Z</time>
      </trkpt>
      <trkpt lat="51.482149" lon="0.060544">
        <ele>49.4</ele>
        <time>2026-04-26T08:56:03Z</time>
      </trkpt>
      <trkpt lat="51.482224" lon="0.060819">
        <ele>49.4</ele>
        <time>2026-04-26T08:56:08Z</time>
      </trkpt>
      <trkpt lat="51.482308" lon="0.061101">
        <ele>49.4</ele>
        <time>2026-04-26T08:56:13Z</time>
      </trkpt>
      <trkpt lat="51.482376" lon="0.061391">
        <ele>48.8</ele>
        <time>2026-04-26T08:56:18Z</time>
      </trkpt>
      <trkpt lat="51.482446" lon="0.061668">
        <ele>48.4</ele>
        <time>2026-04-26T08:56:23Z</time>
      </trkpt>
      <trkpt lat="51.482537" lon="0.061918">
        <ele>47.8</ele>
        <time>2026-04-26T08:56:28Z</time>
      </trkpt>
      <trkpt lat="51.482696" lon="0.062072">
        <ele>47.2</ele>
        <time>2026-04-26T08:56:33Z</time>
      </trkpt>
      <trkpt lat="51.482893" lon="0.06212">
        <ele>46.2</ele>
        <time>2026-04-26T08:56:38Z</time>
      </trkpt>
      <trkpt lat="51.483087" lon="0.062137">
        <ele>45</ele>
        <time>2026-04-26T08:56:43Z</time>
      </trkpt>
      <trkpt lat="51.483248" lon="0.062147">
        <ele>45</ele>
        <time>2026-04-26T08:56:47Z</time>
      </trkpt>
      <trkpt lat="51.483449" lon="0.062157">
        <ele>43.6</ele>
        <time>2026-04-26T08:56:52Z</time>
      </trkpt>
      <trkpt lat="51.48365" lon="0.062157">
        <ele>41.8</ele>
        <time>2026-04-26T08:56:57Z</time>
      </trkpt>
      <trkpt lat="51.483688" lon="0.062159">
        <ele>41.8</ele>
        <time>2026-04-26T08:56:58Z</time>
      </trkpt>
      <trkpt lat="51.483878" lon="0.062168">
        <ele>41</ele>
        <time>2026-04-26T08:57:03Z</time>
      </trkpt>
      <trkpt lat="51.48407" lon="0.062235">
        <ele>41.4</ele>
        <time>2026-04-26T08:57:08Z</time>
      </trkpt>
      <trkpt lat="51.484258" lon="0.062288">
        <ele>41.6</ele>
        <time>2026-04-26T08:57:13Z</time>
      </trkpt>
      <trkpt lat="51.48444" lon="0.062335">
        <ele>41.6</ele>
        <time>2026-04-26T08:57:18Z</time>
      </trkpt>
      <trkpt lat="51.484618" lon="0.062396">
        <ele>42</ele>
        <time>2026-04-26T08:57:23Z</time>
      </trkpt>
      <trkpt lat="51.484825" lon="0.062467">
        <ele>42.4</ele>
        <time>2026-04-26T08:57:29Z</time>
      </trkpt>
      <trkpt lat="51.485008" lon="0.062523">
        <ele>43</ele>
        <time>2026-04-26T08:57:34Z</time>
      </trkpt>
      <trkpt lat="51.485081" lon="0.062546">
        <ele>43</ele>
        <time>2026-04-26T08:57:36Z</time>
      </trkpt>
      <trkpt lat="51.485262" lon="0.062607">
        <ele>42.8</ele>
        <time>2026-04-26T08:57:41Z</time>
      </trkpt>
      <trkpt lat="51.485442" lon="0.062668">
        <ele>41.8</ele>
        <time>2026-04-26T08:57:46Z</time>
      </trkpt>
      <trkpt lat="51.48562" lon="0.062715">
        <ele>40.8</ele>
        <time>2026-04-26T08:57:50Z</time>
      </trkpt>
      <trkpt lat="51.485798" lon="0.062782">
        <ele>40.2</ele>
        <time>2026-04-26T08:57:54Z</time>
      </trkpt>
      <trkpt lat="51.486008" lon="0.062872">
        <ele>38</ele>
        <time>2026-04-26T08:57:59Z</time>
      </trkpt>
      <trkpt lat="51.486216" lon="0.062991">
        <ele>36.8</ele>
        <time>2026-04-26T08:58:04Z</time>
      </trkpt>
      <trkpt lat="51.486418" lon="0.063119">
        <ele>36.4</ele>
        <time>2026-04-26T08:58:09Z</time>
      </trkpt>
      <trkpt lat="51.486538" lon="0.063199">
        <ele>36</ele>
        <time>2026-04-26T08:58:12Z</time>
      </trkpt>
      <trkpt lat="51.486697" lon="0.063309">
        <ele>35.6</ele>
        <time>2026-04-26T08:58:16Z</time>
      </trkpt>
      <trkpt lat="51.486857" lon="0.063379">
        <ele>35.2</ele>
        <time>2026-04-26T08:58:20Z</time>
      </trkpt>
      <trkpt lat="51.487057" lon="0.063463">
        <ele>34</ele>
        <time>2026-04-26T08:58:25Z</time>
      </trkpt>
      <trkpt lat="51.487143" lon="0.063481">
        <ele>33.6</ele>
        <time>2026-04-26T08:58:27Z</time>
      </trkpt>
      <trkpt lat="51.487354" lon="0.063474">
        <ele>31.4</ele>
        <time>2026-04-26T08:58:32Z</time>
      </trkpt>
      <trkpt lat="51.487479" lon="0.063447">
        <ele>30.2</ele>
        <time>2026-04-26T08:58:35Z</time>
      </trkpt>
      <trkpt lat="51.487558" lon="0.063415">
        <ele>29.8</ele>
        <time>2026-04-26T08:58:37Z</time>
      </trkpt>
      <trkpt lat="51.487751" lon="0.063311">
        <ele>29.6</ele>
        <time>2026-04-26T08:58:42Z</time>
      </trkpt>
      <trkpt lat="51.487929" lon="0.06322">
        <ele>29.4</ele>
        <time>2026-04-26T08:58:47Z</time>
      </trkpt>
      <trkpt lat="51.4881" lon="0.063121">
        <ele>29.4</ele>
        <time>2026-04-26T08:58:52Z</time>
      </trkpt>
      <trkpt lat="51.488286" lon="0.062991">
        <ele>29.2</ele>
        <time>2026-04-26T08:58:57Z</time>
      </trkpt>
      <trkpt lat="51.488469" lon="0.06287">
        <ele>29.4</ele>
        <time>2026-04-26T08:59:02Z</time>
      </trkpt>
      <trkpt lat="51.488652" lon="0.062723">
        <ele>27.6</ele>
        <time>2026-04-26T08:59:07Z</time>
      </trkpt>
      <trkpt lat="51.488841" lon="0.062614">
        <ele>27.6</ele>
        <time>2026-04-26T08:59:12Z</time>
      </trkpt>
      <trkpt lat="51.489057" lon="0.062532">
        <ele>25.6</ele>
        <time>2026-04-26T08:59:17Z</time>
      </trkpt>
      <trkpt lat="51.489273" lon="0.062478">
        <ele>24.4</ele>
        <time>2026-04-26T08:59:22Z</time>
      </trkpt>
      <trkpt lat="51.489475" lon="0.062437">
        <ele>23.4</ele>
        <time>2026-04-26T08:59:27Z</time>
      </trkpt>
      <trkpt lat="51.489684" lon="0.062378">
        <ele>22.2</ele>
        <time>2026-04-26T08:59:32Z</time>
      </trkpt>
      <trkpt lat="51.489878" lon="0.062322">
        <ele>20.4</ele>
        <time>2026-04-26T08:59:37Z</time>
      </trkpt>
      <trkpt lat="51.490073" lon="0.062275">
        <ele>19</ele>
        <time>2026-04-26T08:59:42Z</time>
      </trkpt>
      <trkpt lat="51.490253" lon="0.062195">
        <ele>19.4</ele>
        <time>2026-04-26T08:59:47Z</time>
      </trkpt>
      <trkpt lat="51.490426" lon="0.062111">
        <ele>21</ele>
        <time>2026-04-26T08:59:52Z</time>
      </trkpt>
      <trkpt lat="51.490618" lon="0.062031">
        <ele>22.2</ele>
        <time>2026-04-26T08:59:57Z</time>
      </trkpt>
      <trkpt lat="51.490656" lon="0.062021">
        <ele>22.2</ele>
        <time>2026-04-26T08:59:58Z</time>
      </trkpt>
      <trkpt lat="51.490694" lon="0.062006">
        <ele>22.4</ele>
        <time>2026-04-26T08:59:59Z</time>
      </trkpt>
      <trkpt lat="51.490884" lon="0.061923">
        <ele>22.4</ele>
        <time>2026-04-26T09:00:04Z</time>
      </trkpt>
      <trkpt lat="51.491092" lon="0.06184">
        <ele>21.2</ele>
        <time>2026-04-26T09:00:09Z</time>
      </trkpt>
      <trkpt lat="51.491285" lon="0.061737">
        <ele>19.8</ele>
        <time>2026-04-26T09:00:14Z</time>
      </trkpt>
      <trkpt lat="51.491478" lon="0.06162">
        <ele>18.6</ele>
        <time>2026-04-26T09:00:19Z</time>
      </trkpt>
      <trkpt lat="51.491663" lon="0.061486">
        <ele>17</ele>
        <time>2026-04-26T09:00:24Z</time>
      </trkpt>
      <trkpt lat="51.491737" lon="0.06143">
        <ele>17</ele>
        <time>2026-04-26T09:00:26Z</time>
      </trkpt>
      <trkpt lat="51.491916" lon="0.06129">
        <ele>16.2</ele>
        <time>2026-04-26T09:00:31Z</time>
      </trkpt>
      <trkpt lat="51.492107" lon="0.061187">
        <ele>15.4</ele>
        <time>2026-04-26T09:00:36Z</time>
      </trkpt>
      <trkpt lat="51.492182" lon="0.061147">
        <ele>15.4</ele>
        <time>2026-04-26T09:00:38Z</time>
      </trkpt>
      <trkpt lat="51.492256" lon="0.061105">
        <ele>15.6</ele>
        <time>2026-04-26T09:00:40Z</time>
      </trkpt>
      <trkpt lat="51.49242" lon="0.061044">
        <ele>15.2</ele>
        <time>2026-04-26T09:00:44Z</time>
      </trkpt>
      <trkpt lat="51.492533" lon="0.060977">
        <ele>15.2</ele>
        <time>2026-04-26T09:00:47Z</time>
      </trkpt>
      <trkpt lat="51.492734" lon="0.060972">
        <ele>16.8</ele>
        <time>2026-04-26T09:00:52Z</time>
      </trkpt>
      <trkpt lat="51.492957" lon="0.061032">
        <ele>17.4</ele>
        <time>2026-04-26T09:00:57Z</time>
      </trkpt>
      <trkpt lat="51.493134" lon="0.061126">
        <ele>17.2</ele>
        <time>2026-04-26T09:01:01Z</time>
      </trkpt>
      <trkpt lat="51.493308" lon="0.06125">
        <ele>16.2</ele>
        <time>2026-04-26T09:01:05Z</time>
      </trkpt>
      <trkpt lat="51.493505" lon="0.061424">
        <ele>13</ele>
        <time>2026-04-26T09:01:10Z</time>
      </trkpt>
      <trkpt lat="51.493588" lon="0.061467">
        <ele>11.6</ele>
        <time>2026-04-26T09:01:12Z</time>
      </trkpt>
      <trkpt lat="51.493708" lon="0.06148">
        <ele>10.2</ele>
        <time>2026-04-26T09:01:15Z</time>
      </trkpt>
      <trkpt lat="51.493782" lon="0.061437">
        <ele>9.4</ele>
        <time>2026-04-26T09:01:17Z</time>
      </trkpt>
      <trkpt lat="51.493894" lon="0.061251">
        <ele>7</ele>
        <time>2026-04-26T09:01:21Z</time>
      </trkpt>
      <trkpt lat="51.493925" lon="0.061139">
        <ele>6.8</ele>
        <time>2026-04-26T09:01:23Z</time>
      </trkpt>
      <trkpt lat="51.493926" lon="0.061017">
        <ele>6.8</ele>
        <time>2026-04-26T09:01:25Z</time>
      </trkpt>
      <trkpt lat="51.493892" lon="0.060854">
        <ele>7</ele>
        <time>2026-04-26T09:01:28Z</time>
      </trkpt>
      <trkpt lat="51.493797" lon="0.060604">
        <ele>9.2</ele>
        <time>2026-04-26T09:01:33Z</time>
      </trkpt>
      <trkpt lat="51.493773" lon="0.060489">
        <ele>9.6</ele>
        <time>2026-04-26T09:01:35Z</time>
      </trkpt>
      <trkpt lat="51.493756" lon="0.06018">
        <ele>8.8</ele>
        <time>2026-04-26T09:01:40Z</time>
      </trkpt>
      <trkpt lat="51.493732" lon="0.059881">
        <ele>9.4</ele>
        <time>2026-04-26T09:01:45Z</time>
      </trkpt>
      <trkpt lat="51.493711" lon="0.059581">
        <ele>10</ele>
        <time>2026-04-26T09:01:50Z</time>
      </trkpt>
      <trkpt lat="51.493689" lon="0.059285">
        <ele>9.2</ele>
        <time>2026-04-26T09:01:55Z</time>
      </trkpt>
      <trkpt lat="51.493667" lon="0.058962">
        <ele>8.4</ele>
        <time>2026-04-26T09:02:00Z</time>
      </trkpt>
      <trkpt lat="51.493635" lon="0.058629">
        <ele>8.6</ele>
        <time>2026-04-26T09:02:05Z</time>
      </trkpt>
      <trkpt lat="51.493594" lon="0.058304">
        <ele>8.6</ele>
        <time>2026-04-26T09:02:10Z</time>
      </trkpt>
      <trkpt lat="51.493536" lon="0.058013">
        <ele>7.8</ele>
        <time>2026-04-26T09:02:15Z</time>
      </trkpt>
      <trkpt lat="51.493461" lon="0.057747">
        <ele>7.6</ele>
        <time>2026-04-26T09:02:20Z</time>
      </trkpt>
      <trkpt lat="51.493369" lon="0.057497">
        <ele>7.8</ele>
        <time>2026-04-26T09:02:25Z</time>
      </trkpt>
      <trkpt lat="51.493269" lon="0.057255">
        <ele>8</ele>
        <time>2026-04-26T09:02:30Z</time>
      </trkpt>
      <trkpt lat="51.49314" lon="0.056983">
        <ele>8.4</ele>
        <time>2026-04-26T09:02:36Z</time>
      </trkpt>
      <trkpt lat="51.493063" lon="0.056667">
        <ele>9</ele>
        <time>2026-04-26T09:02:42Z</time>
      </trkpt>
      <trkpt lat="51.493007" lon="0.05634">
        <ele>9.6</ele>
        <time>2026-04-26T09:02:48Z</time>
      </trkpt>
      <trkpt lat="51.492968" lon="0.056008">
        <ele>11.4</ele>
        <time>2026-04-26T09:02:54Z</time>
      </trkpt>
      <trkpt lat="51.492928" lon="0.055679">
        <ele>12</ele>
        <time>2026-04-26T09:03:00Z</time>
      </trkpt>
      <trkpt lat="51.492916" lon="0.055566">
        <ele>12.6</ele>
        <time>2026-04-26T09:03:02Z</time>
      </trkpt>
      <trkpt lat="51.492909" lon="0.055505">
        <ele>12.8</ele>
        <time>2026-04-26T09:03:03Z</time>
      </trkpt>
      <trkpt lat="51.492889" lon="0.055327">
        <ele>13.2</ele>
        <time>2026-04-26T09:03:06Z</time>
      </trkpt>
      <trkpt lat="51.492844" lon="0.055006">
        <ele>14</ele>
        <time>2026-04-26T09:03:12Z</time>
      </trkpt>
      <trkpt lat="51.49282" lon="0.054666">
        <ele>14</ele>
        <time>2026-04-26T09:03:18Z</time>
      </trkpt>
      <trkpt lat="51.492805" lon="0.054361">
        <ele>13.8</ele>
        <time>2026-04-26T09:03:23Z</time>
      </trkpt>
      <trkpt lat="51.492813" lon="0.05411">
        <ele>13.8</ele>
        <time>2026-04-26T09:03:27Z</time>
      </trkpt>
      <trkpt lat="51.49284" lon="0.053785">
        <ele>13</ele>
        <time>2026-04-26T09:03:32Z</time>
      </trkpt>
      <trkpt lat="51.492849" lon="0.0536">
        <ele>12.4</ele>
        <time>2026-04-26T09:03:35Z</time>
      </trkpt>
      <trkpt lat="51.492853" lon="0.053422">
        <ele>12</ele>
        <time>2026-04-26T09:03:38Z</time>
      </trkpt>
      <trkpt lat="51.492837" lon="0.053102">
        <ele>11.8</ele>
        <time>2026-04-26T09:03:43Z</time>
      </trkpt>
      <trkpt lat="51.492788" lon="0.052803">
        <ele>12</ele>
        <time>2026-04-26T09:03:48Z</time>
      </trkpt>
      <trkpt lat="51.492705" lon="0.052537">
        <ele>12</ele>
        <time>2026-04-26T09:03:53Z</time>
      </trkpt>
      <trkpt lat="51.4926" lon="0.052283">
        <ele>12.2</ele>
        <time>2026-04-26T09:03:58Z</time>
      </trkpt>
      <trkpt lat="51.492496" lon="0.052018">
        <ele>13</ele>
        <time>2026-04-26T09:04:03Z</time>
      </trkpt>
      <trkpt lat="51.492401" lon="0.051756">
        <ele>13.4</ele>
        <time>2026-04-26T09:04:08Z</time>
      </trkpt>
      <trkpt lat="51.492328" lon="0.051454">
        <ele>13</ele>
        <time>2026-04-26T09:04:13Z</time>
      </trkpt>
      <trkpt lat="51.492275" lon="0.05115">
        <ele>12</ele>
        <time>2026-04-26T09:04:18Z</time>
      </trkpt>
      <trkpt lat="51.492255" lon="0.050837">
        <ele>11</ele>
        <time>2026-04-26T09:04:23Z</time>
      </trkpt>
      <trkpt lat="51.492248" lon="0.050531">
        <ele>10.2</ele>
        <time>2026-04-26T09:04:28Z</time>
      </trkpt>
      <trkpt lat="51.492244" lon="0.050198">
        <ele>9</ele>
        <time>2026-04-26T09:04:33Z</time>
      </trkpt>
      <trkpt lat="51.492268" lon="0.049858">
        <ele>8.2</ele>
        <time>2026-04-26T09:04:38Z</time>
      </trkpt>
      <trkpt lat="51.49229" lon="0.049511">
        <ele>7.6</ele>
        <time>2026-04-26T09:04:43Z</time>
      </trkpt>
      <trkpt lat="51.492313" lon="0.04917">
        <ele>7.4</ele>
        <time>2026-04-26T09:04:48Z</time>
      </trkpt>
      <trkpt lat="51.492345" lon="0.048828">
        <ele>7.4</ele>
        <time>2026-04-26T09:04:53Z</time>
      </trkpt>
      <trkpt lat="51.492376" lon="0.048524">
        <ele>7.2</ele>
        <time>2026-04-26T09:04:58Z</time>
      </trkpt>
      <trkpt lat="51.492412" lon="0.048219">
        <ele>6.8</ele>
        <time>2026-04-26T09:05:03Z</time>
      </trkpt>
      <trkpt lat="51.492461" lon="0.047925">
        <ele>6.2</ele>
        <time>2026-04-26T09:05:08Z</time>
      </trkpt>
      <trkpt lat="51.492498" lon="0.047632">
        <ele>4.8</ele>
        <time>2026-04-26T09:05:13Z</time>
      </trkpt>
      <trkpt lat="51.49254" lon="0.047302">
        <ele>2.8</ele>
        <time>2026-04-26T09:05:19Z</time>
      </trkpt>
      <trkpt lat="51.492552" lon="0.046999">
        <ele>2.8</ele>
        <time>2026-04-26T09:05:24Z</time>
      </trkpt>
      <trkpt lat="51.492543" lon="0.046677">
        <ele>3.8</ele>
        <time>2026-04-26T09:05:29Z</time>
      </trkpt>
      <trkpt lat="51.492577" lon="0.046372">
        <ele>5.4</ele>
        <time>2026-04-26T09:05:34Z</time>
      </trkpt>
      <trkpt lat="51.492643" lon="0.04606">
        <ele>5.6</ele>
        <time>2026-04-26T09:05:39Z</time>
      </trkpt>
      <trkpt lat="51.492756" lon="0.045787">
        <ele>5</ele>
        <time>2026-04-26T09:05:44Z</time>
      </trkpt>
      <trkpt lat="51.492741" lon="0.045493">
        <ele>5.2</ele>
        <time>2026-04-26T09:05:49Z</time>
      </trkpt>
      <trkpt lat="51.492593" lon="0.045311">
        <ele>5.6</ele>
        <time>2026-04-26T09:05:54Z</time>
      </trkpt>
      <trkpt lat="51.492476" lon="0.045032">
        <ele>6.2</ele>
        <time>2026-04-26T09:06:00Z</time>
      </trkpt>
      <trkpt lat="51.492356" lon="0.044756">
        <ele>7</ele>
        <time>2026-04-26T09:06:06Z</time>
      </trkpt>
      <trkpt lat="51.492293" lon="0.044617">
        <ele>7.2</ele>
        <time>2026-04-26T09:06:09Z</time>
      </trkpt>
      <trkpt lat="51.492179" lon="0.044328">
        <ele>7.4</ele>
        <time>2026-04-26T09:06:15Z</time>
      </trkpt>
      <trkpt lat="51.492086" lon="0.044077">
        <ele>6.6</ele>
        <time>2026-04-26T09:06:20Z</time>
      </trkpt>
      <trkpt lat="51.492005" lon="0.04382">
        <ele>6.8</ele>
        <time>2026-04-26T09:06:25Z</time>
      </trkpt>
      <trkpt lat="51.491912" lon="0.043569">
        <ele>7.2</ele>
        <time>2026-04-26T09:06:30Z</time>
      </trkpt>
      <trkpt lat="51.491825" lon="0.043305">
        <ele>7.4</ele>
        <time>2026-04-26T09:06:35Z</time>
      </trkpt>
      <trkpt lat="51.491753" lon="0.043021">
        <ele>7</ele>
        <time>2026-04-26T09:06:40Z</time>
      </trkpt>
      <trkpt lat="51.491686" lon="0.042747">
        <ele>7.8</ele>
        <time>2026-04-26T09:06:45Z</time>
      </trkpt>
      <trkpt lat="51.491612" lon="0.042474">
        <ele>8.4</ele>
        <time>2026-04-26T09:06:50Z</time>
      </trkpt>
      <trkpt lat="51.491535" lon="0.042207">
        <ele>8.4</ele>
        <time>2026-04-26T09:06:55Z</time>
      </trkpt>
      <trkpt lat="51.491441" lon="0.041946">
        <ele>8.2</ele>
        <time>2026-04-26T09:07:00Z</time>
      </trkpt>
      <trkpt lat="51.491342" lon="0.041689">
        <ele>8.2</ele>
        <time>2026-04-26T09:07:05Z</time>
      </trkpt>
      <trkpt lat="51.491241" lon="0.041442">
        <ele>8.2</ele>
        <time>2026-04-26T09:07:10Z</time>
      </trkpt>
      <trkpt lat="51.491134" lon="0.041197">
        <ele>7.6</ele>
        <time>2026-04-26T09:07:15Z</time>
      </trkpt>
      <trkpt lat="51.491012" lon="0.040946">
        <ele>6.8</ele>
        <time>2026-04-26T09:07:20Z</time>
      </trkpt>
      <trkpt lat="51.490887" lon="0.040703">
        <ele>5.8</ele>
        <time>2026-04-26T09:07:25Z</time>
      </trkpt>
      <trkpt lat="51.490771" lon="0.04046">
        <ele>4.8</ele>
        <time>2026-04-26T09:07:30Z</time>
      </trkpt>
      <trkpt lat="51.490651" lon="0.040223">
        <ele>5.2</ele>
        <time>2026-04-26T09:07:35Z</time>
      </trkpt>
      <trkpt lat="51.490529" lon="0.039995">
        <ele>5.6</ele>
        <time>2026-04-26T09:07:40Z</time>
      </trkpt>
      <trkpt lat="51.490426" lon="0.039719">
        <ele>4.8</ele>
        <time>2026-04-26T09:07:45Z</time>
      </trkpt>
      <trkpt lat="51.490288" lon="0.039513">
        <ele>4.6</ele>
        <time>2026-04-26T09:07:50Z</time>
      </trkpt>
      <trkpt lat="51.49015" lon="0.039256">
        <ele>4.4</ele>
        <time>2026-04-26T09:07:56Z</time>
      </trkpt>
      <trkpt lat="51.490045" lon="0.039003">
        <ele>4.6</ele>
        <time>2026-04-26T09:08:01Z</time>
      </trkpt>
      <trkpt lat="51.489968" lon="0.038735">
        <ele>4</ele>
        <time>2026-04-26T09:08:06Z</time>
      </trkpt>
      <trkpt lat="51.489908" lon="0.038508">
        <ele>4</ele>
        <time>2026-04-26T09:08:10Z</time>
      </trkpt>
      <trkpt lat="51.489824" lon="0.038232">
        <ele>3.4</ele>
        <time>2026-04-26T09:08:15Z</time>
      </trkpt>
      <trkpt lat="51.489741" lon="0.03797">
        <ele>3</ele>
        <time>2026-04-26T09:08:20Z</time>
      </trkpt>
      <trkpt lat="51.489642" lon="0.037701">
        <ele>3</ele>
        <time>2026-04-26T09:08:25Z</time>
      </trkpt>
      <trkpt lat="51.489547" lon="0.037447">
        <ele>3</ele>
        <time>2026-04-26T09:08:30Z</time>
      </trkpt>
      <trkpt lat="51.48945" lon="0.037194">
        <ele>3.6</ele>
        <time>2026-04-26T09:08:35Z</time>
      </trkpt>
      <trkpt lat="51.48935" lon="0.036947">
        <ele>4.4</ele>
        <time>2026-04-26T09:08:40Z</time>
      </trkpt>
      <trkpt lat="51.489241" lon="0.036652">
        <ele>4.8</ele>
        <time>2026-04-26T09:08:46Z</time>
      </trkpt>
      <trkpt lat="51.489149" lon="0.036403">
        <ele>4.6</ele>
        <time>2026-04-26T09:08:51Z</time>
      </trkpt>
      <trkpt lat="51.489057" lon="0.036136">
        <ele>4</ele>
        <time>2026-04-26T09:08:56Z</time>
      </trkpt>
      <trkpt lat="51.488976" lon="0.035854">
        <ele>3.6</ele>
        <time>2026-04-26T09:09:01Z</time>
      </trkpt>
      <trkpt lat="51.488922" lon="0.035577">
        <ele>4.4</ele>
        <time>2026-04-26T09:09:06Z</time>
      </trkpt>
      <trkpt lat="51.488896" lon="0.035249">
        <ele>6.2</ele>
        <time>2026-04-26T09:09:12Z</time>
      </trkpt>
      <trkpt lat="51.488913" lon="0.034963">
        <ele>7.6</ele>
        <time>2026-04-26T09:09:17Z</time>
      </trkpt>
      <trkpt lat="51.488887" lon="0.034662">
        <ele>7.2</ele>
        <time>2026-04-26T09:09:22Z</time>
      </trkpt>
      <trkpt lat="51.488863" lon="0.034609">
        <ele>7</ele>
        <time>2026-04-26T09:09:23Z</time>
      </trkpt>
      <trkpt lat="51.488725" lon="0.034411">
        <ele>6.4</ele>
        <time>2026-04-26T09:09:28Z</time>
      </trkpt>
      <trkpt lat="51.488639" lon="0.034169">
        <ele>5.4</ele>
        <time>2026-04-26T09:09:33Z</time>
      </trkpt>
      <trkpt lat="51.488579" lon="0.03387">
        <ele>4.4</ele>
        <time>2026-04-26T09:09:38Z</time>
      </trkpt>
      <trkpt lat="51.488506" lon="0.033559">
        <ele>4</ele>
        <time>2026-04-26T09:09:44Z</time>
      </trkpt>
      <trkpt lat="51.488453" lon="0.033281">
        <ele>3.4</ele>
        <time>2026-04-26T09:09:49Z</time>
      </trkpt>
      <trkpt lat="51.488386" lon="0.03298">
        <ele>3.2</ele>
        <time>2026-04-26T09:09:54Z</time>
      </trkpt>
      <trkpt lat="51.488332" lon="0.03267">
        <ele>3</ele>
        <time>2026-04-26T09:09:59Z</time>
      </trkpt>
      <trkpt lat="51.488275" lon="0.032355">
        <ele>3</ele>
        <time>2026-04-26T09:10:04Z</time>
      </trkpt>
      <trkpt lat="51.488222" lon="0.032048">
        <ele>3.4</ele>
        <time>2026-04-26T09:10:09Z</time>
      </trkpt>
      <trkpt lat="51.488164" lon="0.031752">
        <ele>2.4</ele>
        <time>2026-04-26T09:10:14Z</time>
      </trkpt>
      <trkpt lat="51.488108" lon="0.031465">
        <ele>2.4</ele>
        <time>2026-04-26T09:10:19Z</time>
      </trkpt>
      <trkpt lat="51.488035" lon="0.03118">
        <ele>3</ele>
        <time>2026-04-26T09:10:24Z</time>
      </trkpt>
      <trkpt lat="51.487938" lon="0.0309">
        <ele>3.8</ele>
        <time>2026-04-26T09:10:29Z</time>
      </trkpt>
      <trkpt lat="51.487862" lon="0.03062">
        <ele>4.4</ele>
        <time>2026-04-26T09:10:34Z</time>
      </trkpt>
      <trkpt lat="51.487794" lon="0.030334">
        <ele>5.2</ele>
        <time>2026-04-26T09:10:39Z</time>
      </trkpt>
      <trkpt lat="51.487732" lon="0.030047">
        <ele>6.4</ele>
        <time>2026-04-26T09:10:44Z</time>
      </trkpt>
      <trkpt lat="51.487679" lon="0.029757">
        <ele>6.4</ele>
        <time>2026-04-26T09:10:49Z</time>
      </trkpt>
      <trkpt lat="51.487649" lon="0.029579">
        <ele>7</ele>
        <time>2026-04-26T09:10:52Z</time>
      </trkpt>
      <trkpt lat="51.487592" lon="0.029295">
        <ele>6</ele>
        <time>2026-04-26T09:10:57Z</time>
      </trkpt>
      <trkpt lat="51.487551" lon="0.028997">
        <ele>5.2</ele>
        <time>2026-04-26T09:11:02Z</time>
      </trkpt>
      <trkpt lat="51.487516" lon="0.028695">
        <ele>5</ele>
        <time>2026-04-26T09:11:07Z</time>
      </trkpt>
      <trkpt lat="51.487505" lon="0.028577">
        <ele>5</ele>
        <time>2026-04-26T09:11:09Z</time>
      </trkpt>
      <trkpt lat="51.48748" lon="0.028267">
        <ele>5.8</ele>
        <time>2026-04-26T09:11:14Z</time>
      </trkpt>
      <trkpt lat="51.48746" lon="0.027943">
        <ele>5</ele>
        <time>2026-04-26T09:11:19Z</time>
      </trkpt>
      <trkpt lat="51.487436" lon="0.027628">
        <ele>2.8</ele>
        <time>2026-04-26T09:11:24Z</time>
      </trkpt>
      <trkpt lat="51.487403" lon="0.027318">
        <ele>1.4</ele>
        <time>2026-04-26T09:11:29Z</time>
      </trkpt>
      <trkpt lat="51.487389" lon="0.027024">
        <ele>1.4</ele>
        <time>2026-04-26T09:11:34Z</time>
      </trkpt>
      <trkpt lat="51.487366" lon="0.026682">
        <ele>2.4</ele>
        <time>2026-04-26T09:11:40Z</time>
      </trkpt>
      <trkpt lat="51.487343" lon="0.026396">
        <ele>2.6</ele>
        <time>2026-04-26T09:11:45Z</time>
      </trkpt>
      <trkpt lat="51.487321" lon="0.026105">
        <ele>3</ele>
        <time>2026-04-26T09:11:50Z</time>
      </trkpt>
      <trkpt lat="51.487299" lon="0.025795">
        <ele>3</ele>
        <time>2026-04-26T09:11:55Z</time>
      </trkpt>
      <trkpt lat="51.487267" lon="0.0255">
        <ele>3</ele>
        <time>2026-04-26T09:12:00Z</time>
      </trkpt>
      <trkpt lat="51.487235" lon="0.025209">
        <ele>3</ele>
        <time>2026-04-26T09:12:05Z</time>
      </trkpt>
      <trkpt lat="51.487208" lon="0.024874">
        <ele>4</ele>
        <time>2026-04-26T09:12:11Z</time>
      </trkpt>
      <trkpt lat="51.487163" lon="0.02454">
        <ele>5.2</ele>
        <time>2026-04-26T09:12:17Z</time>
      </trkpt>
      <trkpt lat="51.487118" lon="0.024205">
        <ele>5.8</ele>
        <time>2026-04-26T09:12:23Z</time>
      </trkpt>
      <trkpt lat="51.487076" lon="0.02387">
        <ele>6.6</ele>
        <time>2026-04-26T09:12:29Z</time>
      </trkpt>
      <trkpt lat="51.487004" lon="0.023548">
        <ele>7</ele>
        <time>2026-04-26T09:12:35Z</time>
      </trkpt>
      <trkpt lat="51.486909" lon="0.023302">
        <ele>6.4</ele>
        <time>2026-04-26T09:12:40Z</time>
      </trkpt>
      <trkpt lat="51.486805" lon="0.023061">
        <ele>5.4</ele>
        <time>2026-04-26T09:12:45Z</time>
      </trkpt>
      <trkpt lat="51.486736" lon="0.022773">
        <ele>5</ele>
        <time>2026-04-26T09:12:50Z</time>
      </trkpt>
      <trkpt lat="51.486674" lon="0.022455">
        <ele>5.6</ele>
        <time>2026-04-26T09:12:55Z</time>
      </trkpt>
      <trkpt lat="51.486635" lon="0.022141">
        <ele>6.2</ele>
        <time>2026-04-26T09:13:00Z</time>
      </trkpt>
      <trkpt lat="51.486626" lon="0.021832">
        <ele>6.2</ele>
        <time>2026-04-26T09:13:05Z</time>
      </trkpt>
      <trkpt lat="51.48665" lon="0.021496">
        <ele>6</ele>
        <time>2026-04-26T09:13:11Z</time>
      </trkpt>
      <trkpt lat="51.486679" lon="0.021201">
        <ele>5.8</ele>
        <time>2026-04-26T09:13:16Z</time>
      </trkpt>
      <trkpt lat="51.486715" lon="0.020918">
        <ele>4.6</ele>
        <time>2026-04-26T09:13:21Z</time>
      </trkpt>
      <trkpt lat="51.486727" lon="0.020611">
        <ele>4</ele>
        <time>2026-04-26T09:13:26Z</time>
      </trkpt>
      <trkpt lat="51.486736" lon="0.020301">
        <ele>4</ele>
        <time>2026-04-26T09:13:31Z</time>
      </trkpt>
      <trkpt lat="51.48674" lon="0.020003">
        <ele>4.6</ele>
        <time>2026-04-26T09:13:36Z</time>
      </trkpt>
      <trkpt lat="51.486759" lon="0.019701">
        <ele>4.6</ele>
        <time>2026-04-26T09:13:42Z</time>
      </trkpt>
      <trkpt lat="51.486745" lon="0.01938">
        <ele>4.8</ele>
        <time>2026-04-26T09:13:48Z</time>
      </trkpt>
      <trkpt lat="51.486709" lon="0.019045">
        <ele>4.8</ele>
        <time>2026-04-26T09:13:53Z</time>
      </trkpt>
      <trkpt lat="51.486672" lon="0.018715">
        <ele>3.8</ele>
        <time>2026-04-26T09:13:58Z</time>
      </trkpt>
      <trkpt lat="51.486624" lon="0.018382">
        <ele>3.2</ele>
        <time>2026-04-26T09:14:03Z</time>
      </trkpt>
      <trkpt lat="51.48665" lon="0.01805">
        <ele>3</ele>
        <time>2026-04-26T09:14:08Z</time>
      </trkpt>
      <trkpt lat="51.486769" lon="0.017776">
        <ele>2.2</ele>
        <time>2026-04-26T09:14:13Z</time>
      </trkpt>
      <trkpt lat="51.486813" lon="0.017487">
        <ele>2</ele>
        <time>2026-04-26T09:14:18Z</time>
      </trkpt>
      <trkpt lat="51.48666" lon="0.017302">
        <ele>3</ele>
        <time>2026-04-26T09:14:23Z</time>
      </trkpt>
      <trkpt lat="51.486527" lon="0.017082">
        <ele>3.6</ele>
        <time>2026-04-26T09:14:28Z</time>
      </trkpt>
      <trkpt lat="51.486451" lon="0.016805">
        <ele>4.6</ele>
        <time>2026-04-26T09:14:33Z</time>
      </trkpt>
      <trkpt lat="51.486396" lon="0.016516">
        <ele>6</ele>
        <time>2026-04-26T09:14:38Z</time>
      </trkpt>
      <trkpt lat="51.486338" lon="0.016232">
        <ele>6.4</ele>
        <time>2026-04-26T09:14:43Z</time>
      </trkpt>
      <trkpt lat="51.486291" lon="0.015954">
        <ele>7.4</ele>
        <time>2026-04-26T09:14:48Z</time>
      </trkpt>
      <trkpt lat="51.486283" lon="0.015897">
        <ele>7.4</ele>
        <time>2026-04-26T09:14:49Z</time>
      </trkpt>
      <trkpt lat="51.486265" lon="0.015787">
        <ele>7.2</ele>
        <time>2026-04-26T09:14:51Z</time>
      </trkpt>
      <trkpt lat="51.486201" lon="0.015517">
        <ele>7.4</ele>
        <time>2026-04-26T09:14:56Z</time>
      </trkpt>
      <trkpt lat="51.486124" lon="0.015205">
        <ele>7.2</ele>
        <time>2026-04-26T09:15:02Z</time>
      </trkpt>
      <trkpt lat="51.486078" lon="0.014914">
        <ele>6.2</ele>
        <time>2026-04-26T09:15:07Z</time>
      </trkpt>
      <trkpt lat="51.486059" lon="0.014618">
        <ele>5.2</ele>
        <time>2026-04-26T09:15:12Z</time>
      </trkpt>
      <trkpt lat="51.486049" lon="0.014327">
        <ele>4.2</ele>
        <time>2026-04-26T09:15:17Z</time>
      </trkpt>
      <trkpt lat="51.486055" lon="0.01398">
        <ele>3.2</ele>
        <time>2026-04-26T09:15:23Z</time>
      </trkpt>
      <trkpt lat="51.486082" lon="0.013643">
        <ele>3.2</ele>
        <time>2026-04-26T09:15:29Z</time>
      </trkpt>
      <trkpt lat="51.486099" lon="0.013301">
        <ele>3</ele>
        <time>2026-04-26T09:15:35Z</time>
      </trkpt>
      <trkpt lat="51.486124" lon="0.013018">
        <ele>3</ele>
        <time>2026-04-26T09:15:40Z</time>
      </trkpt>
      <trkpt lat="51.486157" lon="0.012682">
        <ele>3.6</ele>
        <time>2026-04-26T09:15:46Z</time>
      </trkpt>
      <trkpt lat="51.486146" lon="0.012572">
        <ele>4.2</ele>
        <time>2026-04-26T09:15:48Z</time>
      </trkpt>
      <trkpt lat="51.486142" lon="0.012281">
        <ele>5</ele>
        <time>2026-04-26T09:15:53Z</time>
      </trkpt>
      <trkpt lat="51.48618" lon="0.011992">
        <ele>5.2</ele>
        <time>2026-04-26T09:15:58Z</time>
      </trkpt>
      <trkpt lat="51.486231" lon="0.011714">
        <ele>4.4</ele>
        <time>2026-04-26T09:16:03Z</time>
      </trkpt>
      <trkpt lat="51.486263" lon="0.011375">
        <ele>3.8</ele>
        <time>2026-04-26T09:16:09Z</time>
      </trkpt>
      <trkpt lat="51.486259" lon="0.011031">
        <ele>3.8</ele>
        <time>2026-04-26T09:16:15Z</time>
      </trkpt>
      <trkpt lat="51.486284" lon="0.010695">
        <ele>4</ele>
        <time>2026-04-26T09:16:21Z</time>
      </trkpt>
      <trkpt lat="51.486317" lon="0.010412">
        <ele>4.6</ele>
        <time>2026-04-26T09:16:26Z</time>
      </trkpt>
      <trkpt lat="51.486325" lon="0.010125">
        <ele>4.6</ele>
        <time>2026-04-26T09:16:31Z</time>
      </trkpt>
      <trkpt lat="51.486336" lon="0.009837">
        <ele>4.4</ele>
        <time>2026-04-26T09:16:36Z</time>
      </trkpt>
      <trkpt lat="51.486342" lon="0.009547">
        <ele>3.4</ele>
        <time>2026-04-26T09:16:41Z</time>
      </trkpt>
      <trkpt lat="51.486327" lon="0.009208">
        <ele>3.8</ele>
        <time>2026-04-26T09:16:47Z</time>
      </trkpt>
      <trkpt lat="51.486294" lon="0.008878">
        <ele>4.8</ele>
        <time>2026-04-26T09:16:53Z</time>
      </trkpt>
      <trkpt lat="51.48623" lon="0.00858">
        <ele>6.2</ele>
        <time>2026-04-26T09:16:58Z</time>
      </trkpt>
      <trkpt lat="51.486189" lon="0.008291">
        <ele>6.4</ele>
        <time>2026-04-26T09:17:03Z</time>
      </trkpt>
      <trkpt lat="51.486091" lon="0.008003">
        <ele>7</ele>
        <time>2026-04-26T09:17:09Z</time>
      </trkpt>
      <trkpt lat="51.485975" lon="0.007772">
        <ele>7</ele>
        <time>2026-04-26T09:17:15Z</time>
      </trkpt>
      <trkpt lat="51.485904" lon="0.007494">
        <ele>6.2</ele>
        <time>2026-04-26T09:17:21Z</time>
      </trkpt>
      <trkpt lat="51.485815" lon="0.007237">
        <ele>5.6</ele>
        <time>2026-04-26T09:17:26Z</time>
      </trkpt>
      <trkpt lat="51.485761" lon="0.006945">
        <ele>5.2</ele>
        <time>2026-04-26T09:17:31Z</time>
      </trkpt>
      <trkpt lat="51.485652" lon="0.006664">
        <ele>5.2</ele>
        <time>2026-04-26T09:17:36Z</time>
      </trkpt>
      <trkpt lat="51.485558" lon="0.006365">
        <ele>5</ele>
        <time>2026-04-26T09:17:41Z</time>
      </trkpt>
      <trkpt lat="51.485476" lon="0.006067">
        <ele>4.6</ele>
        <time>2026-04-26T09:17:46Z</time>
      </trkpt>
      <trkpt lat="51.485407" lon="0.005776">
        <ele>3.8</ele>
        <time>2026-04-26T09:17:51Z</time>
      </trkpt>
      <trkpt lat="51.485344" lon="0.005495">
        <ele>3</ele>
        <time>2026-04-26T09:17:56Z</time>
      </trkpt>
      <trkpt lat="51.485287" lon="0.005205">
        <ele>3</ele>
        <time>2026-04-26T09:18:01Z</time>
      </trkpt>
      <trkpt lat="51.485247" lon="0.004914">
        <ele>4</ele>
        <time>2026-04-26T09:18:06Z</time>
      </trkpt>
      <trkpt lat="51.485194" lon="0.004628">
        <ele>4.6</ele>
        <time>2026-04-26T09:18:11Z</time>
      </trkpt>
      <trkpt lat="51.485112" lon="0.004313">
        <ele>4.8</ele>
        <time>2026-04-26T09:18:17Z</time>
      </trkpt>
      <trkpt lat="51.485019" lon="0.004038">
        <ele>4.8</ele>
        <time>2026-04-26T09:18:22Z</time>
      </trkpt>
      <trkpt lat="51.484933" lon="0.003784">
        <ele>4.6</ele>
        <time>2026-04-26T09:18:27Z</time>
      </trkpt>
      <trkpt lat="51.484851" lon="0.003466">
        <ele>4.6</ele>
        <time>2026-04-26T09:18:33Z</time>
      </trkpt>
      <trkpt lat="51.484758" lon="0.003209">
        <ele>5.8</ele>
        <time>2026-04-26T09:18:38Z</time>
      </trkpt>
      <trkpt lat="51.484654" lon="0.002914">
        <ele>6.2</ele>
        <time>2026-04-26T09:18:44Z</time>
      </trkpt>
      <trkpt lat="51.484545" lon="0.002626">
        <ele>7</ele>
        <time>2026-04-26T09:18:50Z</time>
      </trkpt>
      <trkpt lat="51.484439" lon="0.002332">
        <ele>5.8</ele>
        <time>2026-04-26T09:18:56Z</time>
      </trkpt>
      <trkpt lat="51.48435" lon="0.002078">
        <ele>5.4</ele>
        <time>2026-04-26T09:19:01Z</time>
      </trkpt>
      <trkpt lat="51.484258" lon="0.001765">
        <ele>5.6</ele>
        <time>2026-04-26T09:19:07Z</time>
      </trkpt>
      <trkpt lat="51.484152" lon="0.001524">
        <ele>6</ele>
        <time>2026-04-26T09:19:12Z</time>
      </trkpt>
      <trkpt lat="51.484043" lon="0.001229">
        <ele>6.4</ele>
        <time>2026-04-26T09:19:18Z</time>
      </trkpt>
      <trkpt lat="51.483949" lon="0.000922">
        <ele>7.2</ele>
        <time>2026-04-26T09:19:24Z</time>
      </trkpt>
      <trkpt lat="51.483884" lon="0.000652">
        <ele>7.8</ele>
        <time>2026-04-26T09:19:29Z</time>
      </trkpt>
      <trkpt lat="51.483803" lon="0.000368">
        <ele>7.2</ele>
        <time>2026-04-26T09:19:35Z</time>
      </trkpt>
      <trkpt lat="51.483724" lon="0.000108">
        <ele>7</ele>
        <time>2026-04-26T09:19:40Z</time>
      </trkpt>
      <trkpt lat="51.483628" lon="-0.000169">
        <ele>7</ele>
        <time>2026-04-26T09:19:45Z</time>
      </trkpt>
      <trkpt lat="51.483542" lon="-0.000453">
        <ele>6.8</ele>
        <time>2026-04-26T09:19:50Z</time>
      </trkpt>
      <trkpt lat="51.483461" lon="-0.000717">
        <ele>7.6</ele>
        <time>2026-04-26T09:19:55Z</time>
      </trkpt>
      <trkpt lat="51.483424" lon="-0.000883">
        <ele>8.6</ele>
        <time>2026-04-26T09:19:58Z</time>
      </trkpt>
      <trkpt lat="51.483351" lon="-0.001201">
        <ele>9</ele>
        <time>2026-04-26T09:20:04Z</time>
      </trkpt>
      <trkpt lat="51.483291" lon="-0.001522">
        <ele>8.8</ele>
        <time>2026-04-26T09:20:10Z</time>
      </trkpt>
      <trkpt lat="51.483235" lon="-0.001859">
        <ele>8.2</ele>
        <time>2026-04-26T09:20:16Z</time>
      </trkpt>
      <trkpt lat="51.483185" lon="-0.002167">
        <ele>8.6</ele>
        <time>2026-04-26T09:20:21Z</time>
      </trkpt>
      <trkpt lat="51.483117" lon="-0.002464">
        <ele>8.4</ele>
        <time>2026-04-26T09:20:27Z</time>
      </trkpt>
      <trkpt lat="51.483022" lon="-0.002745">
        <ele>8.4</ele>
        <time>2026-04-26T09:20:33Z</time>
      </trkpt>
      <trkpt lat="51.482934" lon="-0.00302">
        <ele>9.4</ele>
        <time>2026-04-26T09:20:38Z</time>
      </trkpt>
      <trkpt lat="51.482827" lon="-0.003273">
        <ele>10.2</ele>
        <time>2026-04-26T09:20:43Z</time>
      </trkpt>
      <trkpt lat="51.482734" lon="-0.003545">
        <ele>11.2</ele>
        <time>2026-04-26T09:20:48Z</time>
      </trkpt>
      <trkpt lat="51.482617" lon="-0.003831">
        <ele>12.2</ele>
        <time>2026-04-26T09:20:54Z</time>
      </trkpt>
      <trkpt lat="51.482515" lon="-0.00413">
        <ele>13.4</ele>
        <time>2026-04-26T09:21:00Z</time>
      </trkpt>
      <trkpt lat="51.482421" lon="-0.0044">
        <ele>14</ele>
        <time>2026-04-26T09:21:05Z</time>
      </trkpt>
      <trkpt lat="51.482331" lon="-0.004678">
        <ele>14.4</ele>
        <time>2026-04-26T09:21:10Z</time>
      </trkpt>
      <trkpt lat="51.482243" lon="-0.004956">
        <ele>14.4</ele>
        <time>2026-04-26T09:21:15Z</time>
      </trkpt>
      <trkpt lat="51.482141" lon="-0.005227">
        <ele>14.8</ele>
        <time>2026-04-26T09:21:20Z</time>
      </trkpt>
      <trkpt lat="51.48205" lon="-0.00549">
        <ele>15</ele>
        <time>2026-04-26T09:21:25Z</time>
      </trkpt>
      <trkpt lat="51.481964" lon="-0.005757">
        <ele>14.8</ele>
        <time>2026-04-26T09:21:30Z</time>
      </trkpt>
      <trkpt lat="51.481881" lon="-0.006023">
        <ele>13.4</ele>
        <time>2026-04-26T09:21:35Z</time>
      </trkpt>
      <trkpt lat="51.481787" lon="-0.006314">
        <ele>11.6</ele>
        <time>2026-04-26T09:21:41Z</time>
      </trkpt>
      <trkpt lat="51.481688" lon="-0.006561">
        <ele>10</ele>
        <time>2026-04-26T09:21:46Z</time>
      </trkpt>
      <trkpt lat="51.481601" lon="-0.00686">
        <ele>9</ele>
        <time>2026-04-26T09:21:52Z</time>
      </trkpt>
      <trkpt lat="51.481496" lon="-0.007125">
        <ele>8.4</ele>
        <time>2026-04-26T09:21:58Z</time>
      </trkpt>
      <trkpt lat="51.481397" lon="-0.007366">
        <ele>8</ele>
        <time>2026-04-26T09:22:03Z</time>
      </trkpt>
      <trkpt lat="51.481292" lon="-0.007666">
        <ele>7.6</ele>
        <time>2026-04-26T09:22:09Z</time>
      </trkpt>
      <trkpt lat="51.481288" lon="-0.007966">
        <ele>7.6</ele>
        <time>2026-04-26T09:22:14Z</time>
      </trkpt>
      <trkpt lat="51.481443" lon="-0.008155">
        <ele>7.8</ele>
        <time>2026-04-26T09:22:19Z</time>
      </trkpt>
      <trkpt lat="51.481625" lon="-0.008314">
        <ele>7.2</ele>
        <time>2026-04-26T09:22:24Z</time>
      </trkpt>
      <trkpt lat="51.48179" lon="-0.008474">
        <ele>7.4</ele>
        <time>2026-04-26T09:22:29Z</time>
      </trkpt>
      <trkpt lat="51.481964" lon="-0.008621">
        <ele>8</ele>
        <time>2026-04-26T09:22:34Z</time>
      </trkpt>
      <trkpt lat="51.482149" lon="-0.008735">
        <ele>7.2</ele>
        <time>2026-04-26T09:22:39Z</time>
      </trkpt>
      <trkpt lat="51.482324" lon="-0.008863">
        <ele>6.6</ele>
        <time>2026-04-26T09:22:44Z</time>
      </trkpt>
      <trkpt lat="51.482504" lon="-0.008982">
        <ele>6.2</ele>
        <time>2026-04-26T09:22:49Z</time>
      </trkpt>
      <trkpt lat="51.482693" lon="-0.00911">
        <ele>6.4</ele>
        <time>2026-04-26T09:22:54Z</time>
      </trkpt>
      <trkpt lat="51.482886" lon="-0.009217">
        <ele>6.4</ele>
        <time>2026-04-26T09:23:00Z</time>
      </trkpt>
      <trkpt lat="51.483056" lon="-0.009353">
        <ele>6.8</ele>
        <time>2026-04-26T09:23:06Z</time>
      </trkpt>
      <trkpt lat="51.483218" lon="-0.00951">
        <ele>6.6</ele>
        <time>2026-04-26T09:23:11Z</time>
      </trkpt>
      <trkpt lat="51.483236" lon="-0.009795">
        <ele>6.6</ele>
        <time>2026-04-26T09:23:17Z</time>
      </trkpt>
      <trkpt lat="51.483184" lon="-0.009901">
        <ele>6.4</ele>
        <time>2026-04-26T09:23:20Z</time>
      </trkpt>
      <trkpt lat="51.48297" lon="-0.009859">
        <ele>6</ele>
        <time>2026-04-26T09:23:26Z</time>
      </trkpt>
      <trkpt lat="51.482783" lon="-0.009785">
        <ele>6</ele>
        <time>2026-04-26T09:23:31Z</time>
      </trkpt>
      <trkpt lat="51.482603" lon="-0.009741">
        <ele>5.4</ele>
        <time>2026-04-26T09:23:36Z</time>
      </trkpt>
      <trkpt lat="51.482409" lon="-0.009758">
        <ele>4.6</ele>
        <time>2026-04-26T09:23:41Z</time>
      </trkpt>
      <trkpt lat="51.482226" lon="-0.009833">
        <ele>4</ele>
        <time>2026-04-26T09:23:46Z</time>
      </trkpt>
      <trkpt lat="51.48203" lon="-0.009889">
        <ele>4.6</ele>
        <time>2026-04-26T09:23:52Z</time>
      </trkpt>
      <trkpt lat="51.481841" lon="-0.009967">
        <ele>5.8</ele>
        <time>2026-04-26T09:23:59Z</time>
      </trkpt>
      <trkpt lat="51.481677" lon="-0.010021">
        <ele>6.6</ele>
        <time>2026-04-26T09:24:04Z</time>
      </trkpt>
      <trkpt lat="51.481566" lon="-0.010026">
        <ele>7</ele>
        <time>2026-04-26T09:24:07Z</time>
      </trkpt>
      <trkpt lat="51.481537" lon="-0.01005">
        <ele>7.2</ele>
        <time>2026-04-26T09:24:08Z</time>
      </trkpt>
      <trkpt lat="51.481512" lon="-0.010279">
        <ele>7.6</ele>
        <time>2026-04-26T09:24:12Z</time>
      </trkpt>
      <trkpt lat="51.481517" lon="-0.010616">
        <ele>7.6</ele>
        <time>2026-04-26T09:24:17Z</time>
      </trkpt>
      <trkpt lat="51.481507" lon="-0.010936">
        <ele>6.6</ele>
        <time>2026-04-26T09:24:22Z</time>
      </trkpt>
      <trkpt lat="51.481513" lon="-0.011253">
        <ele>5.6</ele>
        <time>2026-04-26T09:24:27Z</time>
      </trkpt>
      <trkpt lat="51.481502" lon="-0.011574">
        <ele>4.4</ele>
        <time>2026-04-26T09:24:32Z</time>
      </trkpt>
      <trkpt lat="51.481518" lon="-0.011874">
        <ele>4.2</ele>
        <time>2026-04-26T09:24:37Z</time>
      </trkpt>
      <trkpt lat="51.481518" lon="-0.012183">
        <ele>4.6</ele>
        <time>2026-04-26T09:24:42Z</time>
      </trkpt>
      <trkpt lat="51.48152" lon="-0.012489">
        <ele>4.6</ele>
        <time>2026-04-26T09:24:47Z</time>
      </trkpt>
      <trkpt lat="51.481522" lon="-0.012794">
        <ele>4.6</ele>
        <time>2026-04-26T09:24:52Z</time>
      </trkpt>
      <trkpt lat="51.481529" lon="-0.013094">
        <ele>4.4</ele>
        <time>2026-04-26T09:24:57Z</time>
      </trkpt>
      <trkpt lat="51.481514" lon="-0.013405">
        <ele>4.2</ele>
        <time>2026-04-26T09:25:02Z</time>
      </trkpt>
      <trkpt lat="51.48148" lon="-0.013706">
        <ele>4.4</ele>
        <time>2026-04-26T09:25:07Z</time>
      </trkpt>
      <trkpt lat="51.481448" lon="-0.014008">
        <ele>4.2</ele>
        <time>2026-04-26T09:25:12Z</time>
      </trkpt>
      <trkpt lat="51.481437" lon="-0.014304">
        <ele>4.4</ele>
        <time>2026-04-26T09:25:17Z</time>
      </trkpt>
      <trkpt lat="51.481429" lon="-0.014535">
        <ele>4.4</ele>
        <time>2026-04-26T09:25:21Z</time>
      </trkpt>
      <trkpt lat="51.48141" lon="-0.014829">
        <ele>4</ele>
        <time>2026-04-26T09:25:26Z</time>
      </trkpt>
      <trkpt lat="51.481382" lon="-0.015121">
        <ele>4</ele>
        <time>2026-04-26T09:25:31Z</time>
      </trkpt>
      <trkpt lat="51.481377" lon="-0.015452">
        <ele>4</ele>
        <time>2026-04-26T09:25:37Z</time>
      </trkpt>
      <trkpt lat="51.481366" lon="-0.015615">
        <ele>4</ele>
        <time>2026-04-26T09:25:40Z</time>
      </trkpt>
      <trkpt lat="51.481351" lon="-0.01594">
        <ele>4.2</ele>
        <time>2026-04-26T09:25:46Z</time>
      </trkpt>
      <trkpt lat="51.481342" lon="-0.016217">
        <ele>4.2</ele>
        <time>2026-04-26T09:25:51Z</time>
      </trkpt>
      <trkpt lat="51.481333" lon="-0.016555">
        <ele>4.2</ele>
        <time>2026-04-26T09:25:57Z</time>
      </trkpt>
      <trkpt lat="51.481324" lon="-0.016848">
        <ele>4.8</ele>
        <time>2026-04-26T09:26:02Z</time>
      </trkpt>
      <trkpt lat="51.481287" lon="-0.017157">
        <ele>4.6</ele>
        <time>2026-04-26T09:26:07Z</time>
      </trkpt>
      <trkpt lat="51.481232" lon="-0.017457">
        <ele>4</ele>
        <time>2026-04-26T09:26:12Z</time>
      </trkpt>
      <trkpt lat="51.481231" lon="-0.017756">
        <ele>4</ele>
        <time>2026-04-26T09:26:17Z</time>
      </trkpt>
      <trkpt lat="51.481234" lon="-0.01805">
        <ele>4</ele>
        <time>2026-04-26T09:26:22Z</time>
      </trkpt>
      <trkpt lat="51.481221" lon="-0.018339">
        <ele>4</ele>
        <time>2026-04-26T09:26:27Z</time>
      </trkpt>
      <trkpt lat="51.481227" lon="-0.018506">
        <ele>4</ele>
        <time>2026-04-26T09:26:30Z</time>
      </trkpt>
      <trkpt lat="51.481215" lon="-0.018807">
        <ele>4</ele>
        <time>2026-04-26T09:26:35Z</time>
      </trkpt>
      <trkpt lat="51.481208" lon="-0.019146">
        <ele>4</ele>
        <time>2026-04-26T09:26:41Z</time>
      </trkpt>
      <trkpt lat="51.481178" lon="-0.01947">
        <ele>4</ele>
        <time>2026-04-26T09:26:47Z</time>
      </trkpt>
      <trkpt lat="51.481153" lon="-0.019772">
        <ele>3.4</ele>
        <time>2026-04-26T09:26:52Z</time>
      </trkpt>
      <trkpt lat="51.481162" lon="-0.020109">
        <ele>3</ele>
        <time>2026-04-26T09:26:58Z</time>
      </trkpt>
      <trkpt lat="51.481093" lon="-0.020389">
        <ele>2.2</ele>
        <time>2026-04-26T09:27:03Z</time>
      </trkpt>
      <trkpt lat="51.481034" lon="-0.020668">
        <ele>2.2</ele>
        <time>2026-04-26T09:27:08Z</time>
      </trkpt>
      <trkpt lat="51.481043" lon="-0.020962">
        <ele>3</ele>
        <time>2026-04-26T09:27:13Z</time>
      </trkpt>
      <trkpt lat="51.481055" lon="-0.021305">
        <ele>3</ele>
        <time>2026-04-26T09:27:19Z</time>
      </trkpt>
      <trkpt lat="51.481032" lon="-0.021642">
        <ele>3</ele>
        <time>2026-04-26T09:27:25Z</time>
      </trkpt>
      <trkpt lat="51.480987" lon="-0.021954">
        <ele>4</ele>
        <time>2026-04-26T09:27:31Z</time>
      </trkpt>
      <trkpt lat="51.480963" lon="-0.022186">
        <ele>5.2</ele>
        <time>2026-04-26T09:27:35Z</time>
      </trkpt>
      <trkpt lat="51.480915" lon="-0.022502">
        <ele>7.2</ele>
        <time>2026-04-26T09:27:41Z</time>
      </trkpt>
      <trkpt lat="51.480825" lon="-0.022772">
        <ele>8.4</ele>
        <time>2026-04-26T09:27:46Z</time>
      </trkpt>
      <trkpt lat="51.480775" lon="-0.02306">
        <ele>9</ele>
        <time>2026-04-26T09:27:51Z</time>
      </trkpt>
      <trkpt lat="51.480806" lon="-0.023398">
        <ele>8.2</ele>
        <time>2026-04-26T09:27:57Z</time>
      </trkpt>
      <trkpt lat="51.480886" lon="-0.023702">
        <ele>6.4</ele>
        <time>2026-04-26T09:28:03Z</time>
      </trkpt>
      <trkpt lat="51.480965" lon="-0.024003">
        <ele>6</ele>
        <time>2026-04-26T09:28:09Z</time>
      </trkpt>
      <trkpt lat="51.481033" lon="-0.024322">
        <ele>6.6</ele>
        <time>2026-04-26T09:28:15Z</time>
      </trkpt>
      <trkpt lat="51.481114" lon="-0.024585">
        <ele>7</ele>
        <time>2026-04-26T09:28:20Z</time>
      </trkpt>
      <trkpt lat="51.481171" lon="-0.024862">
        <ele>7</ele>
        <time>2026-04-26T09:28:25Z</time>
      </trkpt>
      <trkpt lat="51.481239" lon="-0.025141">
        <ele>6.4</ele>
        <time>2026-04-26T09:28:30Z</time>
      </trkpt>
      <trkpt lat="51.481311" lon="-0.025459">
        <ele>6.8</ele>
        <time>2026-04-26T09:28:36Z</time>
      </trkpt>
      <trkpt lat="51.481384" lon="-0.025739">
        <ele>7</ele>
        <time>2026-04-26T09:28:42Z</time>
      </trkpt>
      <trkpt lat="51.481485" lon="-0.026008">
        <ele>7.4</ele>
        <time>2026-04-26T09:28:47Z</time>
      </trkpt>
      <trkpt lat="51.481579" lon="-0.026275">
        <ele>7.8</ele>
        <time>2026-04-26T09:28:52Z</time>
      </trkpt>
      <trkpt lat="51.481666" lon="-0.02658">
        <ele>9.2</ele>
        <time>2026-04-26T09:28:57Z</time>
      </trkpt>
      <trkpt lat="51.481686" lon="-0.026826">
        <ele>10</ele>
        <time>2026-04-26T09:29:01Z</time>
      </trkpt>
      <trkpt lat="51.481759" lon="-0.027099">
        <ele>10.4</ele>
        <time>2026-04-26T09:29:06Z</time>
      </trkpt>
      <trkpt lat="51.481839" lon="-0.027363">
        <ele>10.6</ele>
        <time>2026-04-26T09:29:11Z</time>
      </trkpt>
      <trkpt lat="51.481963" lon="-0.027613">
        <ele>9</ele>
        <time>2026-04-26T09:29:16Z</time>
      </trkpt>
      <trkpt lat="51.481998" lon="-0.027951">
        <ele>7.2</ele>
        <time>2026-04-26T09:29:22Z</time>
      </trkpt>
      <trkpt lat="51.482097" lon="-0.028242">
        <ele>7.8</ele>
        <time>2026-04-26T09:29:28Z</time>
      </trkpt>
      <trkpt lat="51.482211" lon="-0.028472">
        <ele>8</ele>
        <time>2026-04-26T09:29:33Z</time>
      </trkpt>
      <trkpt lat="51.482317" lon="-0.028706">
        <ele>8.4</ele>
        <time>2026-04-26T09:29:38Z</time>
      </trkpt>
      <trkpt lat="51.482435" lon="-0.028938">
        <ele>8.4</ele>
        <time>2026-04-26T09:29:43Z</time>
      </trkpt>
      <trkpt lat="51.482492" lon="-0.029021">
        <ele>8</ele>
        <time>2026-04-26T09:29:45Z</time>
      </trkpt>
      <trkpt lat="51.482609" lon="-0.029264">
        <ele>8.2</ele>
        <time>2026-04-26T09:29:50Z</time>
      </trkpt>
      <trkpt lat="51.482722" lon="-0.029494">
        <ele>7.8</ele>
        <time>2026-04-26T09:29:55Z</time>
      </trkpt>
      <trkpt lat="51.48283" lon="-0.029775">
        <ele>7.2</ele>
        <time>2026-04-26T09:30:01Z</time>
      </trkpt>
      <trkpt lat="51.482936" lon="-0.030008">
        <ele>7</ele>
        <time>2026-04-26T09:30:06Z</time>
      </trkpt>
      <trkpt lat="51.483066" lon="-0.030261">
        <ele>6</ele>
        <time>2026-04-26T09:30:12Z</time>
      </trkpt>
      <trkpt lat="51.483115" lon="-0.030339">
        <ele>6</ele>
        <time>2026-04-26T09:30:14Z</time>
      </trkpt>
      <trkpt lat="51.483243" lon="-0.030622">
        <ele>5.6</ele>
        <time>2026-04-26T09:30:20Z</time>
      </trkpt>
      <trkpt lat="51.48334" lon="-0.030871">
        <ele>5</ele>
        <time>2026-04-26T09:30:25Z</time>
      </trkpt>
      <trkpt lat="51.483465" lon="-0.0311">
        <ele>5</ele>
        <time>2026-04-26T09:30:30Z</time>
      </trkpt>
      <trkpt lat="51.483594" lon="-0.031373">
        <ele>4.4</ele>
        <time>2026-04-26T09:30:36Z</time>
      </trkpt>
      <trkpt lat="51.483726" lon="-0.031594">
        <ele>4.6</ele>
        <time>2026-04-26T09:30:41Z</time>
      </trkpt>
      <trkpt lat="51.48385" lon="-0.031875">
        <ele>5</ele>
        <time>2026-04-26T09:30:47Z</time>
      </trkpt>
      <trkpt lat="51.483979" lon="-0.032139">
        <ele>5.6</ele>
        <time>2026-04-26T09:30:53Z</time>
      </trkpt>
      <trkpt lat="51.484099" lon="-0.032357">
        <ele>5.8</ele>
        <time>2026-04-26T09:30:58Z</time>
      </trkpt>
      <trkpt lat="51.484246" lon="-0.032592">
        <ele>5.8</ele>
        <time>2026-04-26T09:31:03Z</time>
      </trkpt>
      <trkpt lat="51.484384" lon="-0.032813">
        <ele>5.4</ele>
        <time>2026-04-26T09:31:08Z</time>
      </trkpt>
      <trkpt lat="51.484529" lon="-0.033011">
        <ele>5</ele>
        <time>2026-04-26T09:31:13Z</time>
      </trkpt>
      <trkpt lat="51.484679" lon="-0.033226">
        <ele>5</ele>
        <time>2026-04-26T09:31:19Z</time>
      </trkpt>
      <trkpt lat="51.484828" lon="-0.033408">
        <ele>4.2</ele>
        <time>2026-04-26T09:31:25Z</time>
      </trkpt>
      <trkpt lat="51.484973" lon="-0.033616">
        <ele>4</ele>
        <time>2026-04-26T09:31:31Z</time>
      </trkpt>
      <trkpt lat="51.485087" lon="-0.033796">
        <ele>4.4</ele>
        <time>2026-04-26T09:31:36Z</time>
      </trkpt>
      <trkpt lat="51.485225" lon="-0.034042">
        <ele>4.8</ele>
        <time>2026-04-26T09:31:42Z</time>
      </trkpt>
      <trkpt lat="51.485377" lon="-0.034269">
        <ele>4.2</ele>
        <time>2026-04-26T09:31:48Z</time>
      </trkpt>
      <trkpt lat="51.485528" lon="-0.034479">
        <ele>3.6</ele>
        <time>2026-04-26T09:31:54Z</time>
      </trkpt>
      <trkpt lat="51.485669" lon="-0.03466">
        <ele>3.4</ele>
        <time>2026-04-26T09:31:59Z</time>
      </trkpt>
      <trkpt lat="51.485832" lon="-0.034841">
        <ele>4</ele>
        <time>2026-04-26T09:32:05Z</time>
      </trkpt>
      <trkpt lat="51.485982" lon="-0.035026">
        <ele>5.4</ele>
        <time>2026-04-26T09:32:11Z</time>
      </trkpt>
      <trkpt lat="51.486131" lon="-0.035235">
        <ele>8</ele>
        <time>2026-04-26T09:32:17Z</time>
      </trkpt>
      <trkpt lat="51.486271" lon="-0.035443">
        <ele>7.4</ele>
        <time>2026-04-26T09:32:22Z</time>
      </trkpt>
      <trkpt lat="51.486313" lon="-0.035538">
        <ele>7</ele>
        <time>2026-04-26T09:32:24Z</time>
      </trkpt>
      <trkpt lat="51.486452" lon="-0.035762">
        <ele>6.2</ele>
        <time>2026-04-26T09:32:29Z</time>
      </trkpt>
      <trkpt lat="51.48661" lon="-0.035966">
        <ele>5</ele>
        <time>2026-04-26T09:32:34Z</time>
      </trkpt>
      <trkpt lat="51.486782" lon="-0.036169">
        <ele>5.2</ele>
        <time>2026-04-26T09:32:39Z</time>
      </trkpt>
      <trkpt lat="51.48694" lon="-0.036404">
        <ele>5.6</ele>
        <time>2026-04-26T09:32:45Z</time>
      </trkpt>
      <trkpt lat="51.487078" lon="-0.036632">
        <ele>5</ele>
        <time>2026-04-26T09:32:50Z</time>
      </trkpt>
      <trkpt lat="51.487246" lon="-0.036855">
        <ele>4</ele>
        <time>2026-04-26T09:32:55Z</time>
      </trkpt>
      <trkpt lat="51.487379" lon="-0.03709">
        <ele>4.4</ele>
        <time>2026-04-26T09:33:00Z</time>
      </trkpt>
      <trkpt lat="51.487481" lon="-0.037387">
        <ele>4.2</ele>
        <time>2026-04-26T09:33:06Z</time>
      </trkpt>
      <trkpt lat="51.487618" lon="-0.03759">
        <ele>4.4</ele>
        <time>2026-04-26T09:33:11Z</time>
      </trkpt>
      <trkpt lat="51.487738" lon="-0.037827">
        <ele>4.2</ele>
        <time>2026-04-26T09:33:16Z</time>
      </trkpt>
      <trkpt lat="51.487862" lon="-0.038063">
        <ele>4.8</ele>
        <time>2026-04-26T09:33:21Z</time>
      </trkpt>
      <trkpt lat="51.487982" lon="-0.038304">
        <ele>4.6</ele>
        <time>2026-04-26T09:33:26Z</time>
      </trkpt>
      <trkpt lat="51.488035" lon="-0.038392">
        <ele>4.2</ele>
        <time>2026-04-26T09:33:28Z</time>
      </trkpt>
      <trkpt lat="51.488113" lon="-0.038523">
        <ele>3.6</ele>
        <time>2026-04-26T09:33:31Z</time>
      </trkpt>
      <trkpt lat="51.488247" lon="-0.03878">
        <ele>2.6</ele>
        <time>2026-04-26T09:33:37Z</time>
      </trkpt>
      <trkpt lat="51.488325" lon="-0.038959">
        <ele>2.8</ele>
        <time>2026-04-26T09:33:41Z</time>
      </trkpt>
      <trkpt lat="51.488434" lon="-0.039194">
        <ele>4.4</ele>
        <time>2026-04-26T09:33:46Z</time>
      </trkpt>
      <trkpt lat="51.488481" lon="-0.03929">
        <ele>4.6</ele>
        <time>2026-04-26T09:33:48Z</time>
      </trkpt>
      <trkpt lat="51.488599" lon="-0.039584">
        <ele>4</ele>
        <time>2026-04-26T09:33:54Z</time>
      </trkpt>
      <trkpt lat="51.488741" lon="-0.039809">
        <ele>4</ele>
        <time>2026-04-26T09:33:59Z</time>
      </trkpt>
      <trkpt lat="51.488868" lon="-0.040022">
        <ele>2.4</ele>
        <time>2026-04-26T09:34:04Z</time>
      </trkpt>
      <trkpt lat="51.488991" lon="-0.040241">
        <ele>2.8</ele>
        <time>2026-04-26T09:34:09Z</time>
      </trkpt>
      <trkpt lat="51.489056" lon="-0.040377">
        <ele>2.8</ele>
        <time>2026-04-26T09:34:12Z</time>
      </trkpt>
      <trkpt lat="51.489144" lon="-0.040655">
        <ele>2.2</ele>
        <time>2026-04-26T09:34:18Z</time>
      </trkpt>
      <trkpt lat="51.489214" lon="-0.04077">
        <ele>2.2</ele>
        <time>2026-04-26T09:34:21Z</time>
      </trkpt>
      <trkpt lat="51.489341" lon="-0.041024">
        <ele>2</ele>
        <time>2026-04-26T09:34:27Z</time>
      </trkpt>
      <trkpt lat="51.489469" lon="-0.04123">
        <ele>2</ele>
        <time>2026-04-26T09:34:32Z</time>
      </trkpt>
      <trkpt lat="51.489563" lon="-0.04152">
        <ele>3.4</ele>
        <time>2026-04-26T09:34:38Z</time>
      </trkpt>
      <trkpt lat="51.489695" lon="-0.041767">
        <ele>4.8</ele>
        <time>2026-04-26T09:34:44Z</time>
      </trkpt>
      <trkpt lat="51.489838" lon="-0.042001">
        <ele>4.2</ele>
        <time>2026-04-26T09:34:50Z</time>
      </trkpt>
      <trkpt lat="51.489992" lon="-0.042229">
        <ele>3</ele>
        <time>2026-04-26T09:34:56Z</time>
      </trkpt>
      <trkpt lat="51.490128" lon="-0.042426">
        <ele>2.6</ele>
        <time>2026-04-26T09:35:01Z</time>
      </trkpt>
      <trkpt lat="51.490293" lon="-0.042605">
        <ele>2.8</ele>
        <time>2026-04-26T09:35:06Z</time>
      </trkpt>
      <trkpt lat="51.490457" lon="-0.042831">
        <ele>2.4</ele>
        <time>2026-04-26T09:35:12Z</time>
      </trkpt>
      <trkpt lat="51.490603" lon="-0.043013">
        <ele>2</ele>
        <time>2026-04-26T09:35:17Z</time>
      </trkpt>
      <trkpt lat="51.490784" lon="-0.043216">
        <ele>1.2</ele>
        <time>2026-04-26T09:35:23Z</time>
      </trkpt>
      <trkpt lat="51.490925" lon="-0.043407">
        <ele>1.6</ele>
        <time>2026-04-26T09:35:28Z</time>
      </trkpt>
      <trkpt lat="51.491075" lon="-0.043619">
        <ele>1.2</ele>
        <time>2026-04-26T09:35:34Z</time>
      </trkpt>
      <trkpt lat="51.491203" lon="-0.043837">
        <ele>1</ele>
        <time>2026-04-26T09:35:40Z</time>
      </trkpt>
      <trkpt lat="51.491253" lon="-0.043906">
        <ele>1</ele>
        <time>2026-04-26T09:35:42Z</time>
      </trkpt>
      <trkpt lat="51.491396" lon="-0.044144">
        <ele>0</ele>
        <time>2026-04-26T09:35:48Z</time>
      </trkpt>
      <trkpt lat="51.491539" lon="-0.04432">
        <ele>-0.6</ele>
        <time>2026-04-26T09:35:53Z</time>
      </trkpt>
      <trkpt lat="51.491701" lon="-0.044481">
        <ele>0.8</ele>
        <time>2026-04-26T09:35:58Z</time>
      </trkpt>
      <trkpt lat="51.491851" lon="-0.044655">
        <ele>2.2</ele>
        <time>2026-04-26T09:36:03Z</time>
      </trkpt>
      <trkpt lat="51.492008" lon="-0.044841">
        <ele>3.8</ele>
        <time>2026-04-26T09:36:08Z</time>
      </trkpt>
      <trkpt lat="51.492139" lon="-0.04506">
        <ele>4.2</ele>
        <time>2026-04-26T09:36:13Z</time>
      </trkpt>
      <trkpt lat="51.492241" lon="-0.045311">
        <ele>4</ele>
        <time>2026-04-26T09:36:18Z</time>
      </trkpt>
      <trkpt lat="51.49238" lon="-0.045563">
        <ele>3.6</ele>
        <time>2026-04-26T09:36:24Z</time>
      </trkpt>
      <trkpt lat="51.492518" lon="-0.045797">
        <ele>4</ele>
        <time>2026-04-26T09:36:29Z</time>
      </trkpt>
      <trkpt lat="51.492639" lon="-0.046021">
        <ele>4.6</ele>
        <time>2026-04-26T09:36:34Z</time>
      </trkpt>
      <trkpt lat="51.492758" lon="-0.046243">
        <ele>5</ele>
        <time>2026-04-26T09:36:39Z</time>
      </trkpt>
      <trkpt lat="51.492889" lon="-0.046505">
        <ele>3.8</ele>
        <time>2026-04-26T09:36:45Z</time>
      </trkpt>
      <trkpt lat="51.493036" lon="-0.046724">
        <ele>3</ele>
        <time>2026-04-26T09:36:51Z</time>
      </trkpt>
      <trkpt lat="51.493206" lon="-0.0467">
        <ele>2</ele>
        <time>2026-04-26T09:36:58Z</time>
      </trkpt>
      <trkpt lat="51.493352" lon="-0.046449">
        <ele>1.4</ele>
        <time>2026-04-26T09:37:04Z</time>
      </trkpt>
      <trkpt lat="51.49345" lon="-0.0462">
        <ele>2.6</ele>
        <time>2026-04-26T09:37:09Z</time>
      </trkpt>
      <trkpt lat="51.493572" lon="-0.045924">
        <ele>3.8</ele>
        <time>2026-04-26T09:37:15Z</time>
      </trkpt>
      <trkpt lat="51.493705" lon="-0.045697">
        <ele>5.6</ele>
        <time>2026-04-26T09:37:21Z</time>
      </trkpt>
      <trkpt lat="51.49384" lon="-0.045463">
        <ele>6.4</ele>
        <time>2026-04-26T09:37:27Z</time>
      </trkpt>
      <trkpt lat="51.493962" lon="-0.04524">
        <ele>6.8</ele>
        <time>2026-04-26T09:37:33Z</time>
      </trkpt>
      <trkpt lat="51.49414" lon="-0.04506">
        <ele>8.4</ele>
        <time>2026-04-26T09:37:39Z</time>
      </trkpt>
      <trkpt lat="51.494312" lon="-0.044902">
        <ele>8.6</ele>
        <time>2026-04-26T09:37:45Z</time>
      </trkpt>
      <trkpt lat="51.494476" lon="-0.044763">
        <ele>8.8</ele>
        <time>2026-04-26T09:37:50Z</time>
      </trkpt>
      <trkpt lat="51.49464" lon="-0.044619">
        <ele>8.2</ele>
        <time>2026-04-26T09:37:55Z</time>
      </trkpt>
      <trkpt lat="51.494799" lon="-0.044469">
        <ele>7.4</ele>
        <time>2026-04-26T09:38:00Z</time>
      </trkpt>
      <trkpt lat="51.494996" lon="-0.04452">
        <ele>6</ele>
        <time>2026-04-26T09:38:06Z</time>
      </trkpt>
      <trkpt lat="51.495076" lon="-0.044816">
        <ele>6.4</ele>
        <time>2026-04-26T09:38:11Z</time>
      </trkpt>
      <trkpt lat="51.49513" lon="-0.045119">
        <ele>7</ele>
        <time>2026-04-26T09:38:16Z</time>
      </trkpt>
      <trkpt lat="51.495238" lon="-0.045362">
        <ele>6.6</ele>
        <time>2026-04-26T09:38:21Z</time>
      </trkpt>
      <trkpt lat="51.495363" lon="-0.045573">
        <ele>6.4</ele>
        <time>2026-04-26T09:38:26Z</time>
      </trkpt>
      <trkpt lat="51.49553" lon="-0.045772">
        <ele>6</ele>
        <time>2026-04-26T09:38:32Z</time>
      </trkpt>
      <trkpt lat="51.495726" lon="-0.045904">
        <ele>6.2</ele>
        <time>2026-04-26T09:38:38Z</time>
      </trkpt>
      <trkpt lat="51.495909" lon="-0.045993">
        <ele>6.2</ele>
        <time>2026-04-26T09:38:44Z</time>
      </trkpt>
      <trkpt lat="51.496114" lon="-0.046058">
        <ele>7.2</ele>
        <time>2026-04-26T09:38:50Z</time>
      </trkpt>
      <trkpt lat="51.496271" lon="-0.046061">
        <ele>7.8</ele>
        <time>2026-04-26T09:38:54Z</time>
      </trkpt>
      <trkpt lat="51.496375" lon="-0.046032">
        <ele>8.2</ele>
        <time>2026-04-26T09:38:57Z</time>
      </trkpt>
      <trkpt lat="51.496558" lon="-0.045963">
        <ele>7.4</ele>
        <time>2026-04-26T09:39:02Z</time>
      </trkpt>
      <trkpt lat="51.496697" lon="-0.045918">
        <ele>7</ele>
        <time>2026-04-26T09:39:06Z</time>
      </trkpt>
      <trkpt lat="51.496886" lon="-0.045852">
        <ele>7</ele>
        <time>2026-04-26T09:39:11Z</time>
      </trkpt>
      <trkpt lat="51.497065" lon="-0.045785">
        <ele>7</ele>
        <time>2026-04-26T09:39:16Z</time>
      </trkpt>
      <trkpt lat="51.49727" lon="-0.045754">
        <ele>6.8</ele>
        <time>2026-04-26T09:39:22Z</time>
      </trkpt>
      <trkpt lat="51.497483" lon="-0.045741">
        <ele>6.2</ele>
        <time>2026-04-26T09:39:28Z</time>
      </trkpt>
      <trkpt lat="51.497671" lon="-0.045788">
        <ele>7</ele>
        <time>2026-04-26T09:39:34Z</time>
      </trkpt>
      <trkpt lat="51.497875" lon="-0.045847">
        <ele>6.8</ele>
        <time>2026-04-26T09:39:39Z</time>
      </trkpt>
      <trkpt lat="51.498051" lon="-0.04595">
        <ele>7.2</ele>
        <time>2026-04-26T09:39:44Z</time>
      </trkpt>
      <trkpt lat="51.498242" lon="-0.045904">
        <ele>8.6</ele>
        <time>2026-04-26T09:39:49Z</time>
      </trkpt>
      <trkpt lat="51.498406" lon="-0.045746">
        <ele>9</ele>
        <time>2026-04-26T09:39:54Z</time>
      </trkpt>
      <trkpt lat="51.498603" lon="-0.045611">
        <ele>7</ele>
        <time>2026-04-26T09:40:00Z</time>
      </trkpt>
      <trkpt lat="51.498781" lon="-0.045544">
        <ele>5.8</ele>
        <time>2026-04-26T09:40:05Z</time>
      </trkpt>
      <trkpt lat="51.498961" lon="-0.045382">
        <ele>4.8</ele>
        <time>2026-04-26T09:40:11Z</time>
      </trkpt>
      <trkpt lat="51.499119" lon="-0.045245">
        <ele>4.2</ele>
        <time>2026-04-26T09:40:16Z</time>
      </trkpt>
      <trkpt lat="51.499288" lon="-0.045104">
        <ele>4.8</ele>
        <time>2026-04-26T09:40:21Z</time>
      </trkpt>
      <trkpt lat="51.499443" lon="-0.04495">
        <ele>6</ele>
        <time>2026-04-26T09:40:26Z</time>
      </trkpt>
      <trkpt lat="51.499557" lon="-0.044705">
        <ele>8.6</ele>
        <time>2026-04-26T09:40:31Z</time>
      </trkpt>
      <trkpt lat="51.499519" lon="-0.044406">
        <ele>8.4</ele>
        <time>2026-04-26T09:40:36Z</time>
      </trkpt>
      <trkpt lat="51.49942" lon="-0.044143">
        <ele>7.2</ele>
        <time>2026-04-26T09:40:41Z</time>
      </trkpt>
      <trkpt lat="51.499328" lon="-0.043867">
        <ele>6.6</ele>
        <time>2026-04-26T09:40:46Z</time>
      </trkpt>
      <trkpt lat="51.499223" lon="-0.043574">
        <ele>7</ele>
        <time>2026-04-26T09:40:52Z</time>
      </trkpt>
      <trkpt lat="51.49911" lon="-0.043347">
        <ele>7.2</ele>
        <time>2026-04-26T09:40:57Z</time>
      </trkpt>
      <trkpt lat="51.499007" lon="-0.043085">
        <ele>7.6</ele>
        <time>2026-04-26T09:41:02Z</time>
      </trkpt>
      <trkpt lat="51.49889" lon="-0.042816">
        <ele>6.6</ele>
        <time>2026-04-26T09:41:08Z</time>
      </trkpt>
      <trkpt lat="51.498794" lon="-0.042547">
        <ele>6.4</ele>
        <time>2026-04-26T09:41:14Z</time>
      </trkpt>
      <trkpt lat="51.498755" lon="-0.042397">
        <ele>6.4</ele>
        <time>2026-04-26T09:41:17Z</time>
      </trkpt>
      <trkpt lat="51.498674" lon="-0.042138">
        <ele>7.6</ele>
        <time>2026-04-26T09:41:22Z</time>
      </trkpt>
      <trkpt lat="51.498565" lon="-0.041902">
        <ele>8.4</ele>
        <time>2026-04-26T09:41:27Z</time>
      </trkpt>
      <trkpt lat="51.498408" lon="-0.041728">
        <ele>9.2</ele>
        <time>2026-04-26T09:41:32Z</time>
      </trkpt>
      <trkpt lat="51.498254" lon="-0.041557">
        <ele>9</ele>
        <time>2026-04-26T09:41:37Z</time>
      </trkpt>
      <trkpt lat="51.498084" lon="-0.041457">
        <ele>8.8</ele>
        <time>2026-04-26T09:41:42Z</time>
      </trkpt>
      <trkpt lat="51.497891" lon="-0.041404">
        <ele>7.4</ele>
        <time>2026-04-26T09:41:47Z</time>
      </trkpt>
      <trkpt lat="51.497694" lon="-0.041378">
        <ele>7.2</ele>
        <time>2026-04-26T09:41:53Z</time>
      </trkpt>
      <trkpt lat="51.497485" lon="-0.041322">
        <ele>7</ele>
        <time>2026-04-26T09:41:59Z</time>
      </trkpt>
      <trkpt lat="51.49728" lon="-0.041256">
        <ele>7.8</ele>
        <time>2026-04-26T09:42:05Z</time>
      </trkpt>
      <trkpt lat="51.497095" lon="-0.041181">
        <ele>8.6</ele>
        <time>2026-04-26T09:42:11Z</time>
      </trkpt>
      <trkpt lat="51.49689" lon="-0.04113">
        <ele>9.4</ele>
        <time>2026-04-26T09:42:17Z</time>
      </trkpt>
      <trkpt lat="51.496701" lon="-0.041105">
        <ele>11</ele>
        <time>2026-04-26T09:42:22Z</time>
      </trkpt>
      <trkpt lat="51.496592" lon="-0.041094">
        <ele>11.4</ele>
        <time>2026-04-26T09:42:25Z</time>
      </trkpt>
      <trkpt lat="51.496403" lon="-0.041041">
        <ele>12.6</ele>
        <time>2026-04-26T09:42:30Z</time>
      </trkpt>
      <trkpt lat="51.49633" lon="-0.040964">
        <ele>12.2</ele>
        <time>2026-04-26T09:42:33Z</time>
      </trkpt>
      <trkpt lat="51.49628" lon="-0.040679">
        <ele>11.6</ele>
        <time>2026-04-26T09:42:38Z</time>
      </trkpt>
      <trkpt lat="51.496324" lon="-0.040356">
        <ele>11.6</ele>
        <time>2026-04-26T09:42:44Z</time>
      </trkpt>
      <trkpt lat="51.496371" lon="-0.040043">
        <ele>10.2</ele>
        <time>2026-04-26T09:42:50Z</time>
      </trkpt>
      <trkpt lat="51.496455" lon="-0.039734">
        <ele>7.6</ele>
        <time>2026-04-26T09:42:56Z</time>
      </trkpt>
      <trkpt lat="51.496545" lon="-0.039448">
        <ele>5.4</ele>
        <time>2026-04-26T09:43:02Z</time>
      </trkpt>
      <trkpt lat="51.496677" lon="-0.039185">
        <ele>3.2</ele>
        <time>2026-04-26T09:43:08Z</time>
      </trkpt>
      <trkpt lat="51.496798" lon="-0.038898">
        <ele>3</ele>
        <time>2026-04-26T09:43:14Z</time>
      </trkpt>
      <trkpt lat="51.496954" lon="-0.03865">
        <ele>3.4</ele>
        <time>2026-04-26T09:43:20Z</time>
      </trkpt>
      <trkpt lat="51.497101" lon="-0.038454">
        <ele>4.2</ele>
        <time>2026-04-26T09:43:25Z</time>
      </trkpt>
      <trkpt lat="51.49724" lon="-0.038235">
        <ele>5.2</ele>
        <time>2026-04-26T09:43:30Z</time>
      </trkpt>
      <trkpt lat="51.497368" lon="-0.03803">
        <ele>5.6</ele>
        <time>2026-04-26T09:43:35Z</time>
      </trkpt>
      <trkpt lat="51.49749" lon="-0.037815">
        <ele>6.4</ele>
        <time>2026-04-26T09:43:40Z</time>
      </trkpt>
      <trkpt lat="51.497627" lon="-0.037599">
        <ele>7.4</ele>
        <time>2026-04-26T09:43:45Z</time>
      </trkpt>
      <trkpt lat="51.497767" lon="-0.037388">
        <ele>8</ele>
        <time>2026-04-26T09:43:50Z</time>
      </trkpt>
      <trkpt lat="51.497913" lon="-0.037151">
        <ele>7.6</ele>
        <time>2026-04-26T09:43:56Z</time>
      </trkpt>
      <trkpt lat="51.498059" lon="-0.036935">
        <ele>7.4</ele>
        <time>2026-04-26T09:44:01Z</time>
      </trkpt>
      <trkpt lat="51.498193" lon="-0.036729">
        <ele>6.2</ele>
        <time>2026-04-26T09:44:06Z</time>
      </trkpt>
      <trkpt lat="51.498341" lon="-0.03648">
        <ele>4.8</ele>
        <time>2026-04-26T09:44:12Z</time>
      </trkpt>
      <trkpt lat="51.498467" lon="-0.036268">
        <ele>3.6</ele>
        <time>2026-04-26T09:44:17Z</time>
      </trkpt>
      <trkpt lat="51.498609" lon="-0.036089">
        <ele>2.4</ele>
        <time>2026-04-26T09:44:22Z</time>
      </trkpt>
      <trkpt lat="51.498777" lon="-0.035929">
        <ele>4.4</ele>
        <time>2026-04-26T09:44:27Z</time>
      </trkpt>
      <trkpt lat="51.498956" lon="-0.035796">
        <ele>6.4</ele>
        <time>2026-04-26T09:44:32Z</time>
      </trkpt>
      <trkpt lat="51.499129" lon="-0.035668">
        <ele>7.6</ele>
        <time>2026-04-26T09:44:37Z</time>
      </trkpt>
      <trkpt lat="51.499302" lon="-0.035575">
        <ele>6.2</ele>
        <time>2026-04-26T09:44:42Z</time>
      </trkpt>
      <trkpt lat="51.499494" lon="-0.035475">
        <ele>4.4</ele>
        <time>2026-04-26T09:44:48Z</time>
      </trkpt>
      <trkpt lat="51.499682" lon="-0.035394">
        <ele>3</ele>
        <time>2026-04-26T09:44:54Z</time>
      </trkpt>
      <trkpt lat="51.499889" lon="-0.035362">
        <ele>3.4</ele>
        <time>2026-04-26T09:45:00Z</time>
      </trkpt>
      <trkpt lat="51.500096" lon="-0.035364">
        <ele>4.2</ele>
        <time>2026-04-26T09:45:06Z</time>
      </trkpt>
      <trkpt lat="51.500294" lon="-0.035387">
        <ele>4.8</ele>
        <time>2026-04-26T09:45:12Z</time>
      </trkpt>
      <trkpt lat="51.500505" lon="-0.035392">
        <ele>4.2</ele>
        <time>2026-04-26T09:45:18Z</time>
      </trkpt>
      <trkpt lat="51.500702" lon="-0.035394">
        <ele>4</ele>
        <time>2026-04-26T09:45:23Z</time>
      </trkpt>
      <trkpt lat="51.500901" lon="-0.035419">
        <ele>3.8</ele>
        <time>2026-04-26T09:45:29Z</time>
      </trkpt>
      <trkpt lat="51.501091" lon="-0.035438">
        <ele>3.2</ele>
        <time>2026-04-26T09:45:34Z</time>
      </trkpt>
      <trkpt lat="51.501286" lon="-0.03549">
        <ele>3.2</ele>
        <time>2026-04-26T09:45:40Z</time>
      </trkpt>
      <trkpt lat="51.501467" lon="-0.035583">
        <ele>3.6</ele>
        <time>2026-04-26T09:45:46Z</time>
      </trkpt>
      <trkpt lat="51.5015" lon="-0.035591">
        <ele>3.8</ele>
        <time>2026-04-26T09:45:47Z</time>
      </trkpt>
      <trkpt lat="51.501717" lon="-0.035624">
        <ele>4.4</ele>
        <time>2026-04-26T09:45:52Z</time>
      </trkpt>
      <trkpt lat="51.501906" lon="-0.035657">
        <ele>5.8</ele>
        <time>2026-04-26T09:45:57Z</time>
      </trkpt>
      <trkpt lat="51.502105" lon="-0.035695">
        <ele>7.2</ele>
        <time>2026-04-26T09:46:03Z</time>
      </trkpt>
      <trkpt lat="51.502294" lon="-0.035745">
        <ele>8.2</ele>
        <time>2026-04-26T09:46:09Z</time>
      </trkpt>
      <trkpt lat="51.502491" lon="-0.03578">
        <ele>8.8</ele>
        <time>2026-04-26T09:46:15Z</time>
      </trkpt>
      <trkpt lat="51.50269" lon="-0.03582">
        <ele>7.4</ele>
        <time>2026-04-26T09:46:22Z</time>
      </trkpt>
      <trkpt lat="51.502875" lon="-0.035869">
        <ele>6.6</ele>
        <time>2026-04-26T09:46:28Z</time>
      </trkpt>
      <trkpt lat="51.503097" lon="-0.035885">
        <ele>5.6</ele>
        <time>2026-04-26T09:46:33Z</time>
      </trkpt>
      <trkpt lat="51.50329" lon="-0.035932">
        <ele>5.6</ele>
        <time>2026-04-26T09:46:38Z</time>
      </trkpt>
      <trkpt lat="51.5035" lon="-0.035957">
        <ele>5</ele>
        <time>2026-04-26T09:46:44Z</time>
      </trkpt>
      <trkpt lat="51.50368" lon="-0.035995">
        <ele>4.4</ele>
        <time>2026-04-26T09:46:49Z</time>
      </trkpt>
      <trkpt lat="51.503773" lon="-0.036039">
        <ele>3.4</ele>
        <time>2026-04-26T09:46:52Z</time>
      </trkpt>
      <trkpt lat="51.503961" lon="-0.036089">
        <ele>2.8</ele>
        <time>2026-04-26T09:46:57Z</time>
      </trkpt>
      <trkpt lat="51.504148" lon="-0.036143">
        <ele>3.8</ele>
        <time>2026-04-26T09:47:02Z</time>
      </trkpt>
      <trkpt lat="51.504324" lon="-0.036256">
        <ele>6.2</ele>
        <time>2026-04-26T09:47:07Z</time>
      </trkpt>
      <trkpt lat="51.504508" lon="-0.036368">
        <ele>8.4</ele>
        <time>2026-04-26T09:47:12Z</time>
      </trkpt>
      <trkpt lat="51.5047" lon="-0.036536">
        <ele>9.8</ele>
        <time>2026-04-26T09:47:18Z</time>
      </trkpt>
      <trkpt lat="51.504849" lon="-0.036704">
        <ele>10</ele>
        <time>2026-04-26T09:47:23Z</time>
      </trkpt>
      <trkpt lat="51.504997" lon="-0.036877">
        <ele>9</ele>
        <time>2026-04-26T09:47:28Z</time>
      </trkpt>
      <trkpt lat="51.505141" lon="-0.037078">
        <ele>8</ele>
        <time>2026-04-26T09:47:33Z</time>
      </trkpt>
      <trkpt lat="51.505264" lon="-0.037298">
        <ele>7.2</ele>
        <time>2026-04-26T09:47:38Z</time>
      </trkpt>
      <trkpt lat="51.505371" lon="-0.037529">
        <ele>6.4</ele>
        <time>2026-04-26T09:47:43Z</time>
      </trkpt>
      <trkpt lat="51.505452" lon="-0.037835">
        <ele>6.4</ele>
        <time>2026-04-26T09:47:49Z</time>
      </trkpt>
      <trkpt lat="51.505521" lon="-0.038157">
        <ele>6.8</ele>
        <time>2026-04-26T09:47:55Z</time>
      </trkpt>
      <trkpt lat="51.5056" lon="-0.038428">
        <ele>7</ele>
        <time>2026-04-26T09:48:00Z</time>
      </trkpt>
      <trkpt lat="51.505672" lon="-0.038748">
        <ele>7</ele>
        <time>2026-04-26T09:48:06Z</time>
      </trkpt>
      <trkpt lat="51.505691" lon="-0.039087">
        <ele>7.2</ele>
        <time>2026-04-26T09:48:12Z</time>
      </trkpt>
      <trkpt lat="51.505682" lon="-0.039387">
        <ele>8</ele>
        <time>2026-04-26T09:48:17Z</time>
      </trkpt>
      <trkpt lat="51.505694" lon="-0.039727">
        <ele>8.6</ele>
        <time>2026-04-26T09:48:23Z</time>
      </trkpt>
      <trkpt lat="51.505692" lon="-0.04006">
        <ele>7</ele>
        <time>2026-04-26T09:48:29Z</time>
      </trkpt>
      <trkpt lat="51.505678" lon="-0.040365">
        <ele>5</ele>
        <time>2026-04-26T09:48:34Z</time>
      </trkpt>
      <trkpt lat="51.505654" lon="-0.040662">
        <ele>1.2</ele>
        <time>2026-04-26T09:48:39Z</time>
      </trkpt>
      <trkpt lat="51.50565" lon="-0.04095">
        <ele>-0.4</ele>
        <time>2026-04-26T09:48:44Z</time>
      </trkpt>
      <trkpt lat="51.505637" lon="-0.041064">
        <ele>-0.2</ele>
        <time>2026-04-26T09:48:46Z</time>
      </trkpt>
      <trkpt lat="51.50563" lon="-0.041353">
        <ele>0.8</ele>
        <time>2026-04-26T09:48:51Z</time>
      </trkpt>
      <trkpt lat="51.505599" lon="-0.04168">
        <ele>3.6</ele>
        <time>2026-04-26T09:48:57Z</time>
      </trkpt>
      <trkpt lat="51.505567" lon="-0.042009">
        <ele>5.8</ele>
        <time>2026-04-26T09:49:03Z</time>
      </trkpt>
      <trkpt lat="51.505525" lon="-0.042314">
        <ele>5.8</ele>
        <time>2026-04-26T09:49:09Z</time>
      </trkpt>
      <trkpt lat="51.505467" lon="-0.042646">
        <ele>5.4</ele>
        <time>2026-04-26T09:49:15Z</time>
      </trkpt>
      <trkpt lat="51.505404" lon="-0.042972">
        <ele>5.6</ele>
        <time>2026-04-26T09:49:21Z</time>
      </trkpt>
      <trkpt lat="51.505329" lon="-0.043247">
        <ele>5.6</ele>
        <time>2026-04-26T09:49:26Z</time>
      </trkpt>
      <trkpt lat="51.505215" lon="-0.043524">
        <ele>5</ele>
        <time>2026-04-26T09:49:31Z</time>
      </trkpt>
      <trkpt lat="51.505145" lon="-0.043681">
        <ele>5</ele>
        <time>2026-04-26T09:49:34Z</time>
      </trkpt>
      <trkpt lat="51.505044" lon="-0.043949">
        <ele>5</ele>
        <time>2026-04-26T09:49:39Z</time>
      </trkpt>
      <trkpt lat="51.504965" lon="-0.044257">
        <ele>4.8</ele>
        <time>2026-04-26T09:49:45Z</time>
      </trkpt>
      <trkpt lat="51.50487" lon="-0.044504">
        <ele>5.2</ele>
        <time>2026-04-26T09:49:50Z</time>
      </trkpt>
      <trkpt lat="51.504775" lon="-0.044811">
        <ele>6</ele>
        <time>2026-04-26T09:49:56Z</time>
      </trkpt>
      <trkpt lat="51.504669" lon="-0.045057">
        <ele>5.8</ele>
        <time>2026-04-26T09:50:01Z</time>
      </trkpt>
      <trkpt lat="51.504565" lon="-0.045315">
        <ele>6</ele>
        <time>2026-04-26T09:50:06Z</time>
      </trkpt>
      <trkpt lat="51.504439" lon="-0.045583">
        <ele>6</ele>
        <time>2026-04-26T09:50:11Z</time>
      </trkpt>
      <trkpt lat="51.504316" lon="-0.045818">
        <ele>6.4</ele>
        <time>2026-04-26T09:50:16Z</time>
      </trkpt>
      <trkpt lat="51.504198" lon="-0.046054">
        <ele>7</ele>
        <time>2026-04-26T09:50:21Z</time>
      </trkpt>
      <trkpt lat="51.504093" lon="-0.046292">
        <ele>6.8</ele>
        <time>2026-04-26T09:50:26Z</time>
      </trkpt>
      <trkpt lat="51.50396" lon="-0.046547">
        <ele>6.2</ele>
        <time>2026-04-26T09:50:32Z</time>
      </trkpt>
      <trkpt lat="51.503825" lon="-0.046767">
        <ele>6</ele>
        <time>2026-04-26T09:50:38Z</time>
      </trkpt>
      <trkpt lat="51.503688" lon="-0.046977">
        <ele>6</ele>
        <time>2026-04-26T09:50:43Z</time>
      </trkpt>
      <trkpt lat="51.503526" lon="-0.047206">
        <ele>6</ele>
        <time>2026-04-26T09:50:49Z</time>
      </trkpt>
      <trkpt lat="51.50339" lon="-0.047404">
        <ele>6</ele>
        <time>2026-04-26T09:50:54Z</time>
      </trkpt>
      <trkpt lat="51.503254" lon="-0.047612">
        <ele>6</ele>
        <time>2026-04-26T09:50:59Z</time>
      </trkpt>
      <trkpt lat="51.503132" lon="-0.047824">
        <ele>5.4</ele>
        <time>2026-04-26T09:51:04Z</time>
      </trkpt>
      <trkpt lat="51.503007" lon="-0.048035">
        <ele>5</ele>
        <time>2026-04-26T09:51:09Z</time>
      </trkpt>
      <trkpt lat="51.50288" lon="-0.048248">
        <ele>4.8</ele>
        <time>2026-04-26T09:51:14Z</time>
      </trkpt>
      <trkpt lat="51.502747" lon="-0.04848">
        <ele>4</ele>
        <time>2026-04-26T09:51:19Z</time>
      </trkpt>
      <trkpt lat="51.502616" lon="-0.048723">
        <ele>4</ele>
        <time>2026-04-26T09:51:24Z</time>
      </trkpt>
      <trkpt lat="51.502477" lon="-0.048944">
        <ele>4</ele>
        <time>2026-04-26T09:51:29Z</time>
      </trkpt>
      <trkpt lat="51.502342" lon="-0.049162">
        <ele>5</ele>
        <time>2026-04-26T09:51:35Z</time>
      </trkpt>
      <trkpt lat="51.502198" lon="-0.049389">
        <ele>6</ele>
        <time>2026-04-26T09:51:41Z</time>
      </trkpt>
      <trkpt lat="51.502064" lon="-0.049618">
        <ele>6.6</ele>
        <time>2026-04-26T09:51:47Z</time>
      </trkpt>
      <trkpt lat="51.501929" lon="-0.049848">
        <ele>7</ele>
        <time>2026-04-26T09:51:52Z</time>
      </trkpt>
      <trkpt lat="51.501781" lon="-0.050083">
        <ele>6.4</ele>
        <time>2026-04-26T09:51:58Z</time>
      </trkpt>
      <trkpt lat="51.501652" lon="-0.050295">
        <ele>6</ele>
        <time>2026-04-26T09:52:03Z</time>
      </trkpt>
      <trkpt lat="51.501497" lon="-0.05051">
        <ele>5.4</ele>
        <time>2026-04-26T09:52:09Z</time>
      </trkpt>
      <trkpt lat="51.501369" lon="-0.050718">
        <ele>4.8</ele>
        <time>2026-04-26T09:52:14Z</time>
      </trkpt>
      <trkpt lat="51.501248" lon="-0.050938">
        <ele>3.6</ele>
        <time>2026-04-26T09:52:19Z</time>
      </trkpt>
      <trkpt lat="51.501114" lon="-0.051141">
        <ele>1.8</ele>
        <time>2026-04-26T09:52:24Z</time>
      </trkpt>
      <trkpt lat="51.501054" lon="-0.051235">
        <ele>1.2</ele>
        <time>2026-04-26T09:52:26Z</time>
      </trkpt>
      <trkpt lat="51.50089" lon="-0.051451">
        <ele>-0.4</ele>
        <time>2026-04-26T09:52:32Z</time>
      </trkpt>
      <trkpt lat="51.500761" lon="-0.051689">
        <ele>-0.4</ele>
        <time>2026-04-26T09:52:37Z</time>
      </trkpt>
      <trkpt lat="51.500636" lon="-0.05193">
        <ele>0.8</ele>
        <time>2026-04-26T09:52:42Z</time>
      </trkpt>
      <trkpt lat="51.500517" lon="-0.052189">
        <ele>2.4</ele>
        <time>2026-04-26T09:52:47Z</time>
      </trkpt>
      <trkpt lat="51.500401" lon="-0.052414">
        <ele>3.6</ele>
        <time>2026-04-26T09:52:52Z</time>
      </trkpt>
      <trkpt lat="51.500265" lon="-0.052676">
        <ele>4.2</ele>
        <time>2026-04-26T09:52:58Z</time>
      </trkpt>
      <trkpt lat="51.500139" lon="-0.052891">
        <ele>5.8</ele>
        <time>2026-04-26T09:53:03Z</time>
      </trkpt>
      <trkpt lat="51.500006" lon="-0.05315">
        <ele>7.6</ele>
        <time>2026-04-26T09:53:09Z</time>
      </trkpt>
      <trkpt lat="51.499878" lon="-0.053419">
        <ele>8.6</ele>
        <time>2026-04-26T09:53:15Z</time>
      </trkpt>
      <trkpt lat="51.499724" lon="-0.053654">
        <ele>8.6</ele>
        <time>2026-04-26T09:53:21Z</time>
      </trkpt>
      <trkpt lat="51.499628" lon="-0.053915">
        <ele>8.2</ele>
        <time>2026-04-26T09:53:26Z</time>
      </trkpt>
      <trkpt lat="51.49958" lon="-0.054214">
        <ele>7.4</ele>
        <time>2026-04-26T09:53:31Z</time>
      </trkpt>
      <trkpt lat="51.499569" lon="-0.054522">
        <ele>8.2</ele>
        <time>2026-04-26T09:53:36Z</time>
      </trkpt>
      <trkpt lat="51.499575" lon="-0.054861">
        <ele>9.8</ele>
        <time>2026-04-26T09:53:42Z</time>
      </trkpt>
      <trkpt lat="51.499489" lon="-0.055144">
        <ele>10.2</ele>
        <time>2026-04-26T09:53:48Z</time>
      </trkpt>
      <trkpt lat="51.499306" lon="-0.05524">
        <ele>8</ele>
        <time>2026-04-26T09:53:54Z</time>
      </trkpt>
      <trkpt lat="51.499154" lon="-0.055442">
        <ele>6</ele>
        <time>2026-04-26T09:54:00Z</time>
      </trkpt>
      <trkpt lat="51.49906" lon="-0.055699">
        <ele>5.6</ele>
        <time>2026-04-26T09:54:05Z</time>
      </trkpt>
      <trkpt lat="51.499026" lon="-0.056005">
        <ele>4.4</ele>
        <time>2026-04-26T09:54:10Z</time>
      </trkpt>
      <trkpt lat="51.499019" lon="-0.056317">
        <ele>4.4</ele>
        <time>2026-04-26T09:54:15Z</time>
      </trkpt>
      <trkpt lat="51.499018" lon="-0.056613">
        <ele>5.2</ele>
        <time>2026-04-26T09:54:20Z</time>
      </trkpt>
      <trkpt lat="51.499008" lon="-0.056908">
        <ele>5.8</ele>
        <time>2026-04-26T09:54:25Z</time>
      </trkpt>
      <trkpt lat="51.49898" lon="-0.057239">
        <ele>5.2</ele>
        <time>2026-04-26T09:54:31Z</time>
      </trkpt>
      <trkpt lat="51.498953" lon="-0.057566">
        <ele>4.6</ele>
        <time>2026-04-26T09:54:37Z</time>
      </trkpt>
      <trkpt lat="51.498928" lon="-0.057894">
        <ele>4.2</ele>
        <time>2026-04-26T09:54:43Z</time>
      </trkpt>
      <trkpt lat="51.498897" lon="-0.058189">
        <ele>4</ele>
        <time>2026-04-26T09:54:48Z</time>
      </trkpt>
      <trkpt lat="51.498888" lon="-0.058514">
        <ele>4</ele>
        <time>2026-04-26T09:54:54Z</time>
      </trkpt>
      <trkpt lat="51.498862" lon="-0.058851">
        <ele>4.2</ele>
        <time>2026-04-26T09:55:00Z</time>
      </trkpt>
      <trkpt lat="51.498833" lon="-0.059183">
        <ele>5</ele>
        <time>2026-04-26T09:55:06Z</time>
      </trkpt>
      <trkpt lat="51.498812" lon="-0.059497">
        <ele>5</ele>
        <time>2026-04-26T09:55:12Z</time>
      </trkpt>
      <trkpt lat="51.498787" lon="-0.059804">
        <ele>5</ele>
        <time>2026-04-26T09:55:18Z</time>
      </trkpt>
      <trkpt lat="51.498777" lon="-0.060098">
        <ele>4.6</ele>
        <time>2026-04-26T09:55:23Z</time>
      </trkpt>
      <trkpt lat="51.498718" lon="-0.060406">
        <ele>5</ele>
        <time>2026-04-26T09:55:28Z</time>
      </trkpt>
      <trkpt lat="51.498656" lon="-0.060707">
        <ele>4</ele>
        <time>2026-04-26T09:55:33Z</time>
      </trkpt>
      <trkpt lat="51.498599" lon="-0.061021">
        <ele>3</ele>
        <time>2026-04-26T09:55:38Z</time>
      </trkpt>
      <trkpt lat="51.498551" lon="-0.061323">
        <ele>3.2</ele>
        <time>2026-04-26T09:55:43Z</time>
      </trkpt>
      <trkpt lat="51.498528" lon="-0.061443">
        <ele>3.2</ele>
        <time>2026-04-26T09:55:45Z</time>
      </trkpt>
      <trkpt lat="51.498472" lon="-0.061764">
        <ele>5</ele>
        <time>2026-04-26T09:55:51Z</time>
      </trkpt>
      <trkpt lat="51.498433" lon="-0.062066">
        <ele>5.8</ele>
        <time>2026-04-26T09:55:56Z</time>
      </trkpt>
      <trkpt lat="51.49839" lon="-0.062365">
        <ele>5.2</ele>
        <time>2026-04-26T09:56:01Z</time>
      </trkpt>
      <trkpt lat="51.498351" lon="-0.062649">
        <ele>4</ele>
        <time>2026-04-26T09:56:06Z</time>
      </trkpt>
      <trkpt lat="51.498311" lon="-0.062981">
        <ele>3.6</ele>
        <time>2026-04-26T09:56:12Z</time>
      </trkpt>
      <trkpt lat="51.498265" lon="-0.063314">
        <ele>1.8</ele>
        <time>2026-04-26T09:56:18Z</time>
      </trkpt>
      <trkpt lat="51.498217" lon="-0.063606">
        <ele>2</ele>
        <time>2026-04-26T09:56:23Z</time>
      </trkpt>
      <trkpt lat="51.498171" lon="-0.063908">
        <ele>2</ele>
        <time>2026-04-26T09:56:28Z</time>
      </trkpt>
      <trkpt lat="51.498142" lon="-0.064204">
        <ele>3</ele>
        <time>2026-04-26T09:56:33Z</time>
      </trkpt>
      <trkpt lat="51.49811" lon="-0.06449">
        <ele>5</ele>
        <time>2026-04-26T09:56:38Z</time>
      </trkpt>
      <trkpt lat="51.49811" lon="-0.064827">
        <ele>6.4</ele>
        <time>2026-04-26T09:56:44Z</time>
      </trkpt>
      <trkpt lat="51.498064" lon="-0.065136">
        <ele>7.8</ele>
        <time>2026-04-26T09:56:49Z</time>
      </trkpt>
      <trkpt lat="51.498042" lon="-0.065462">
        <ele>6</ele>
        <time>2026-04-26T09:56:55Z</time>
      </trkpt>
      <trkpt lat="51.498038" lon="-0.065758">
        <ele>4.8</ele>
        <time>2026-04-26T09:57:00Z</time>
      </trkpt>
      <trkpt lat="51.498033" lon="-0.066047">
        <ele>3.8</ele>
        <time>2026-04-26T09:57:05Z</time>
      </trkpt>
      <trkpt lat="51.498036" lon="-0.066347">
        <ele>3.8</ele>
        <time>2026-04-26T09:57:10Z</time>
      </trkpt>
      <trkpt lat="51.498051" lon="-0.066641">
        <ele>3.6</ele>
        <time>2026-04-26T09:57:15Z</time>
      </trkpt>
      <trkpt lat="51.498065" lon="-0.06698">
        <ele>2</ele>
        <time>2026-04-26T09:57:21Z</time>
      </trkpt>
      <trkpt lat="51.498112" lon="-0.067312">
        <ele>1.4</ele>
        <time>2026-04-26T09:57:27Z</time>
      </trkpt>
      <trkpt lat="51.498147" lon="-0.0676">
        <ele>1.4</ele>
        <time>2026-04-26T09:57:32Z</time>
      </trkpt>
      <trkpt lat="51.49821" lon="-0.067882">
        <ele>2.6</ele>
        <time>2026-04-26T09:57:37Z</time>
      </trkpt>
      <trkpt lat="51.498297" lon="-0.068194">
        <ele>2.8</ele>
        <time>2026-04-26T09:57:43Z</time>
      </trkpt>
      <trkpt lat="51.498398" lon="-0.068488">
        <ele>2.4</ele>
        <time>2026-04-26T09:57:49Z</time>
      </trkpt>
      <trkpt lat="51.498471" lon="-0.068805">
        <ele>4.2</ele>
        <time>2026-04-26T09:57:55Z</time>
      </trkpt>
      <trkpt lat="51.498551" lon="-0.069077">
        <ele>5.4</ele>
        <time>2026-04-26T09:58:00Z</time>
      </trkpt>
      <trkpt lat="51.498593" lon="-0.069374">
        <ele>6.2</ele>
        <time>2026-04-26T09:58:05Z</time>
      </trkpt>
      <trkpt lat="51.498672" lon="-0.069657">
        <ele>5.6</ele>
        <time>2026-04-26T09:58:10Z</time>
      </trkpt>
      <trkpt lat="51.498812" lon="-0.069895">
        <ele>4.6</ele>
        <time>2026-04-26T09:58:15Z</time>
      </trkpt>
      <trkpt lat="51.498924" lon="-0.070191">
        <ele>4.4</ele>
        <time>2026-04-26T09:58:21Z</time>
      </trkpt>
      <trkpt lat="51.499021" lon="-0.070494">
        <ele>5</ele>
        <time>2026-04-26T09:58:27Z</time>
      </trkpt>
      <trkpt lat="51.499144" lon="-0.070767">
        <ele>5.2</ele>
        <time>2026-04-26T09:58:33Z</time>
      </trkpt>
      <trkpt lat="51.499255" lon="-0.070996">
        <ele>6</ele>
        <time>2026-04-26T09:58:38Z</time>
      </trkpt>
      <trkpt lat="51.499362" lon="-0.071249">
        <ele>6</ele>
        <time>2026-04-26T09:58:44Z</time>
      </trkpt>
      <trkpt lat="51.499484" lon="-0.071477">
        <ele>6</ele>
        <time>2026-04-26T09:58:50Z</time>
      </trkpt>
      <trkpt lat="51.499609" lon="-0.071716">
        <ele>5.2</ele>
        <time>2026-04-26T09:58:56Z</time>
      </trkpt>
      <trkpt lat="51.499727" lon="-0.071937">
        <ele>5.6</ele>
        <time>2026-04-26T09:59:01Z</time>
      </trkpt>
      <trkpt lat="51.499817" lon="-0.072155">
        <ele>6.2</ele>
        <time>2026-04-26T09:59:06Z</time>
      </trkpt>
      <trkpt lat="51.49996" lon="-0.072377">
        <ele>9.4</ele>
        <time>2026-04-26T09:59:12Z</time>
      </trkpt>
      <trkpt lat="51.500076" lon="-0.072606">
        <ele>11.8</ele>
        <time>2026-04-26T09:59:17Z</time>
      </trkpt>
      <trkpt lat="51.500222" lon="-0.072811">
        <ele>13.8</ele>
        <time>2026-04-26T09:59:22Z</time>
      </trkpt>
      <trkpt lat="51.50034" lon="-0.073089">
        <ele>13</ele>
        <time>2026-04-26T09:59:28Z</time>
      </trkpt>
      <trkpt lat="51.50044" lon="-0.073336">
        <ele>12.4</ele>
        <time>2026-04-26T09:59:33Z</time>
      </trkpt>
      <trkpt lat="51.500526" lon="-0.073592">
        <ele>12.2</ele>
        <time>2026-04-26T09:59:38Z</time>
      </trkpt>
      <trkpt lat="51.500585" lon="-0.073882">
        <ele>11</ele>
        <time>2026-04-26T09:59:43Z</time>
      </trkpt>
      <trkpt lat="51.500642" lon="-0.074175">
        <ele>9</ele>
        <time>2026-04-26T09:59:48Z</time>
      </trkpt>
      <trkpt lat="51.50073" lon="-0.074433">
        <ele>7.4</ele>
        <time>2026-04-26T09:59:53Z</time>
      </trkpt>
      <trkpt lat="51.500849" lon="-0.074674">
        <ele>6.8</ele>
        <time>2026-04-26T09:59:58Z</time>
      </trkpt>
      <trkpt lat="51.500971" lon="-0.074914">
        <ele>6.4</ele>
        <time>2026-04-26T10:00:03Z</time>
      </trkpt>
      <trkpt lat="51.501082" lon="-0.075142">
        <ele>6.8</ele>
        <time>2026-04-26T10:00:08Z</time>
      </trkpt>
      <trkpt lat="51.501221" lon="-0.075383">
        <ele>7.2</ele>
        <time>2026-04-26T10:00:13Z</time>
      </trkpt>
      <trkpt lat="51.501362" lon="-0.075637">
        <ele>8.6</ele>
        <time>2026-04-26T10:00:19Z</time>
      </trkpt>
      <trkpt lat="51.501463" lon="-0.075916">
        <ele>10.2</ele>
        <time>2026-04-26T10:00:25Z</time>
      </trkpt>
      <trkpt lat="51.501589" lon="-0.076129">
        <ele>12.6</ele>
        <time>2026-04-26T10:00:30Z</time>
      </trkpt>
      <trkpt lat="51.501725" lon="-0.076352">
        <ele>14.4</ele>
        <time>2026-04-26T10:00:36Z</time>
      </trkpt>
      <trkpt lat="51.501874" lon="-0.076589">
        <ele>15.4</ele>
        <time>2026-04-26T10:00:42Z</time>
      </trkpt>
      <trkpt lat="51.502004" lon="-0.076807">
        <ele>14.8</ele>
        <time>2026-04-26T10:00:48Z</time>
      </trkpt>
      <trkpt lat="51.502129" lon="-0.077057">
        <ele>12.4</ele>
        <time>2026-04-26T10:00:55Z</time>
      </trkpt>
      <trkpt lat="51.50227" lon="-0.077254">
        <ele>10.6</ele>
        <time>2026-04-26T10:01:00Z</time>
      </trkpt>
      <trkpt lat="51.502463" lon="-0.077311">
        <ele>8.8</ele>
        <time>2026-04-26T10:01:07Z</time>
      </trkpt>
      <trkpt lat="51.50265" lon="-0.077218">
        <ele>7</ele>
        <time>2026-04-26T10:01:13Z</time>
      </trkpt>
      <trkpt lat="51.502825" lon="-0.077096">
        <ele>6</ele>
        <time>2026-04-26T10:01:19Z</time>
      </trkpt>
      <trkpt lat="51.503013" lon="-0.076997">
        <ele>6.4</ele>
        <time>2026-04-26T10:01:25Z</time>
      </trkpt>
      <trkpt lat="51.503209" lon="-0.076941">
        <ele>7.6</ele>
        <time>2026-04-26T10:01:30Z</time>
      </trkpt>
      <trkpt lat="51.503348" lon="-0.076844">
        <ele>8.8</ele>
        <time>2026-04-26T10:01:34Z</time>
      </trkpt>
      <trkpt lat="51.50352" lon="-0.076749">
        <ele>8.8</ele>
        <time>2026-04-26T10:01:39Z</time>
      </trkpt>
      <trkpt lat="51.503698" lon="-0.076695">
        <ele>8.6</ele>
        <time>2026-04-26T10:01:44Z</time>
      </trkpt>
      <trkpt lat="51.503873" lon="-0.076483">
        <ele>9.6</ele>
        <time>2026-04-26T10:01:52Z</time>
      </trkpt>
      <trkpt lat="51.504039" lon="-0.076353">
        <ele>9.8</ele>
        <time>2026-04-26T10:01:57Z</time>
      </trkpt>
      <trkpt lat="51.504073" lon="-0.076329">
        <ele>10</ele>
        <time>2026-04-26T10:01:58Z</time>
      </trkpt>
      <trkpt lat="51.504139" lon="-0.076282">
        <ele>10</ele>
        <time>2026-04-26T10:02:00Z</time>
      </trkpt>
      <trkpt lat="51.504174" lon="-0.076256">
        <ele>10</ele>
        <time>2026-04-26T10:02:01Z</time>
      </trkpt>
      <trkpt lat="51.504201" lon="-0.076233">
        <ele>9.8</ele>
        <time>2026-04-26T10:02:02Z</time>
      </trkpt>
      <trkpt lat="51.50423" lon="-0.076212">
        <ele>9.8</ele>
        <time>2026-04-26T10:02:03Z</time>
      </trkpt>
      <trkpt lat="51.504262" lon="-0.076191">
        <ele>9.6</ele>
        <time>2026-04-26T10:02:04Z</time>
      </trkpt>
      <trkpt lat="51.504452" lon="-0.076047">
        <ele>9</ele>
        <time>2026-04-26T10:02:09Z</time>
      </trkpt>
      <trkpt lat="51.504589" lon="-0.075954">
        <ele>8.8</ele>
        <time>2026-04-26T10:02:13Z</time>
      </trkpt>
      <trkpt lat="51.504715" lon="-0.075869">
        <ele>9</ele>
        <time>2026-04-26T10:02:17Z</time>
      </trkpt>
      <trkpt lat="51.504779" lon="-0.07583">
        <ele>7.6</ele>
        <time>2026-04-26T10:02:19Z</time>
      </trkpt>
      <trkpt lat="51.504842" lon="-0.07579">
        <ele>6</ele>
        <time>2026-04-26T10:02:21Z</time>
      </trkpt>
      <trkpt lat="51.504903" lon="-0.075751">
        <ele>4.6</ele>
        <time>2026-04-26T10:02:23Z</time>
      </trkpt>
      <trkpt lat="51.504985" lon="-0.075692">
        <ele>2.4</ele>
        <time>2026-04-26T10:02:26Z</time>
      </trkpt>
      <trkpt lat="51.505066" lon="-0.075627">
        <ele>2</ele>
        <time>2026-04-26T10:02:29Z</time>
      </trkpt>
      <trkpt lat="51.505138" lon="-0.075551">
        <ele>2</ele>
        <time>2026-04-26T10:02:33Z</time>
      </trkpt>
      <trkpt lat="51.505182" lon="-0.075507">
        <ele>2</ele>
        <time>2026-04-26T10:02:36Z</time>
      </trkpt>
      <trkpt lat="51.505366" lon="-0.075399">
        <ele>2</ele>
        <time>2026-04-26T10:02:42Z</time>
      </trkpt>
      <trkpt lat="51.505552" lon="-0.075302">
        <ele>2</ele>
        <time>2026-04-26T10:02:47Z</time>
      </trkpt>
      <trkpt lat="51.505726" lon="-0.075183">
        <ele>2</ele>
        <time>2026-04-26T10:02:52Z</time>
      </trkpt>
      <trkpt lat="51.505898" lon="-0.075068">
        <ele>3</ele>
        <time>2026-04-26T10:02:58Z</time>
      </trkpt>
      <trkpt lat="51.506094" lon="-0.074933">
        <ele>5.2</ele>
        <time>2026-04-26T10:03:04Z</time>
      </trkpt>
      <trkpt lat="51.506281" lon="-0.074804">
        <ele>7.6</ele>
        <time>2026-04-26T10:03:09Z</time>
      </trkpt>
      <trkpt lat="51.50646" lon="-0.074671">
        <ele>8.8</ele>
        <time>2026-04-26T10:03:14Z</time>
      </trkpt>
      <trkpt lat="51.506581" lon="-0.074577">
        <ele>9.4</ele>
        <time>2026-04-26T10:03:18Z</time>
      </trkpt>
      <trkpt lat="51.506749" lon="-0.074424">
        <ele>11.2</ele>
        <time>2026-04-26T10:03:23Z</time>
      </trkpt>
      <trkpt lat="51.506949" lon="-0.074306">
        <ele>13.2</ele>
        <time>2026-04-26T10:03:28Z</time>
      </trkpt>
      <trkpt lat="51.507163" lon="-0.074228">
        <ele>15.6</ele>
        <time>2026-04-26T10:03:33Z</time>
      </trkpt>
      <trkpt lat="51.507342" lon="-0.074195">
        <ele>16.8</ele>
        <time>2026-04-26T10:03:37Z</time>
      </trkpt>
      <trkpt lat="51.50755" lon="-0.074159">
        <ele>17.4</ele>
        <time>2026-04-26T10:03:42Z</time>
      </trkpt>
      <trkpt lat="51.507741" lon="-0.074137">
        <ele>16.8</ele>
        <time>2026-04-26T10:03:47Z</time>
      </trkpt>
      <trkpt lat="51.507949" lon="-0.074093">
        <ele>16.4</ele>
        <time>2026-04-26T10:03:53Z</time>
      </trkpt>
      <trkpt lat="51.508154" lon="-0.074052">
        <ele>15.6</ele>
        <time>2026-04-26T10:03:59Z</time>
      </trkpt>
      <trkpt lat="51.508348" lon="-0.074004">
        <ele>15.2</ele>
        <time>2026-04-26T10:04:05Z</time>
      </trkpt>
      <trkpt lat="51.508543" lon="-0.073949">
        <ele>10.8</ele>
        <time>2026-04-26T10:04:11Z</time>
      </trkpt>
      <trkpt lat="51.508747" lon="-0.073874">
        <ele>8.2</ele>
        <time>2026-04-26T10:04:17Z</time>
      </trkpt>
      <trkpt lat="51.508946" lon="-0.07375">
        <ele>7.6</ele>
        <time>2026-04-26T10:04:23Z</time>
      </trkpt>
      <trkpt lat="51.509015" lon="-0.073461">
        <ele>9.8</ele>
        <time>2026-04-26T10:04:29Z</time>
      </trkpt>
      <trkpt lat="51.508933" lon="-0.073186">
        <ele>9</ele>
        <time>2026-04-26T10:04:35Z</time>
      </trkpt>
      <trkpt lat="51.508831" lon="-0.072894">
        <ele>9.6</ele>
        <time>2026-04-26T10:04:41Z</time>
      </trkpt>
      <trkpt lat="51.508747" lon="-0.072625">
        <ele>9.8</ele>
        <time>2026-04-26T10:04:46Z</time>
      </trkpt>
      <trkpt lat="51.508622" lon="-0.072341">
        <ele>9.8</ele>
        <time>2026-04-26T10:04:52Z</time>
      </trkpt>
      <trkpt lat="51.508552" lon="-0.072069">
        <ele>13.4</ele>
        <time>2026-04-26T10:04:59Z</time>
      </trkpt>
      <trkpt lat="51.508635" lon="-0.071784">
        <ele>16.4</ele>
        <time>2026-04-26T10:05:06Z</time>
      </trkpt>
      <trkpt lat="51.508707" lon="-0.071502">
        <ele>18.4</ele>
        <time>2026-04-26T10:05:11Z</time>
      </trkpt>
      <trkpt lat="51.50875" lon="-0.071179">
        <ele>19.2</ele>
        <time>2026-04-26T10:05:16Z</time>
      </trkpt>
      <trkpt lat="51.508781" lon="-0.070868">
        <ele>18.2</ele>
        <time>2026-04-26T10:05:21Z</time>
      </trkpt>
      <trkpt lat="51.508814" lon="-0.070575">
        <ele>16</ele>
        <time>2026-04-26T10:05:26Z</time>
      </trkpt>
      <trkpt lat="51.508808" lon="-0.070272">
        <ele>14.4</ele>
        <time>2026-04-26T10:05:31Z</time>
      </trkpt>
      <trkpt lat="51.508802" lon="-0.069969">
        <ele>13</ele>
        <time>2026-04-26T10:05:36Z</time>
      </trkpt>
      <trkpt lat="51.508805" lon="-0.069654">
        <ele>13.2</ele>
        <time>2026-04-26T10:05:41Z</time>
      </trkpt>
      <trkpt lat="51.508787" lon="-0.069347">
        <ele>12.4</ele>
        <time>2026-04-26T10:05:46Z</time>
      </trkpt>
      <trkpt lat="51.508791" lon="-0.069047">
        <ele>12.4</ele>
        <time>2026-04-26T10:05:51Z</time>
      </trkpt>
      <trkpt lat="51.508808" lon="-0.068725">
        <ele>13.8</ele>
        <time>2026-04-26T10:05:57Z</time>
      </trkpt>
      <trkpt lat="51.508871" lon="-0.068415">
        <ele>15.2</ele>
        <time>2026-04-26T10:06:03Z</time>
      </trkpt>
      <trkpt lat="51.508917" lon="-0.068085">
        <ele>16</ele>
        <time>2026-04-26T10:06:09Z</time>
      </trkpt>
      <trkpt lat="51.508945" lon="-0.067762">
        <ele>15.6</ele>
        <time>2026-04-26T10:06:15Z</time>
      </trkpt>
      <trkpt lat="51.50904" lon="-0.067473">
        <ele>15.4</ele>
        <time>2026-04-26T10:06:21Z</time>
      </trkpt>
      <trkpt lat="51.509118" lon="-0.067156">
        <ele>14</ele>
        <time>2026-04-26T10:06:27Z</time>
      </trkpt>
      <trkpt lat="51.509169" lon="-0.066877">
        <ele>12.4</ele>
        <time>2026-04-26T10:06:32Z</time>
      </trkpt>
      <trkpt lat="51.50924" lon="-0.066554">
        <ele>11</ele>
        <time>2026-04-26T10:06:38Z</time>
      </trkpt>
      <trkpt lat="51.509349" lon="-0.066278">
        <ele>9.4</ele>
        <time>2026-04-26T10:06:43Z</time>
      </trkpt>
      <trkpt lat="51.509356" lon="-0.065951">
        <ele>8.6</ele>
        <time>2026-04-26T10:06:48Z</time>
      </trkpt>
      <trkpt lat="51.509345" lon="-0.065649">
        <ele>9.2</ele>
        <time>2026-04-26T10:06:53Z</time>
      </trkpt>
      <trkpt lat="51.509346" lon="-0.065305">
        <ele>9.6</ele>
        <time>2026-04-26T10:06:59Z</time>
      </trkpt>
      <trkpt lat="51.509346" lon="-0.065012">
        <ele>11.6</ele>
        <time>2026-04-26T10:07:04Z</time>
      </trkpt>
      <trkpt lat="51.509363" lon="-0.064695">
        <ele>14</ele>
        <time>2026-04-26T10:07:10Z</time>
      </trkpt>
      <trkpt lat="51.509422" lon="-0.064366">
        <ele>16.8</ele>
        <time>2026-04-26T10:07:16Z</time>
      </trkpt>
      <trkpt lat="51.509493" lon="-0.064058">
        <ele>17.2</ele>
        <time>2026-04-26T10:07:22Z</time>
      </trkpt>
      <trkpt lat="51.509556" lon="-0.063788">
        <ele>16.4</ele>
        <time>2026-04-26T10:07:27Z</time>
      </trkpt>
      <trkpt lat="51.509541" lon="-0.063448">
        <ele>15.6</ele>
        <time>2026-04-26T10:07:33Z</time>
      </trkpt>
      <trkpt lat="51.509498" lon="-0.063101">
        <ele>14.8</ele>
        <time>2026-04-26T10:07:39Z</time>
      </trkpt>
      <trkpt lat="51.509509" lon="-0.062758">
        <ele>13.8</ele>
        <time>2026-04-26T10:07:45Z</time>
      </trkpt>
      <trkpt lat="51.509542" lon="-0.062425">
        <ele>12.8</ele>
        <time>2026-04-26T10:07:51Z</time>
      </trkpt>
      <trkpt lat="51.50955" lon="-0.062131">
        <ele>12.4</ele>
        <time>2026-04-26T10:07:56Z</time>
      </trkpt>
      <trkpt lat="51.509495" lon="-0.06182">
        <ele>12.2</ele>
        <time>2026-04-26T10:08:01Z</time>
      </trkpt>
      <trkpt lat="51.50946" lon="-0.061576">
        <ele>11.2</ele>
        <time>2026-04-26T10:08:05Z</time>
      </trkpt>
      <trkpt lat="51.50944" lon="-0.061285">
        <ele>9</ele>
        <time>2026-04-26T10:08:10Z</time>
      </trkpt>
      <trkpt lat="51.509442" lon="-0.060957">
        <ele>9.2</ele>
        <time>2026-04-26T10:08:16Z</time>
      </trkpt>
      <trkpt lat="51.509473" lon="-0.060617">
        <ele>12.2</ele>
        <time>2026-04-26T10:08:22Z</time>
      </trkpt>
      <trkpt lat="51.509491" lon="-0.060329">
        <ele>15</ele>
        <time>2026-04-26T10:08:27Z</time>
      </trkpt>
      <trkpt lat="51.509499" lon="-0.060222">
        <ele>15.8</ele>
        <time>2026-04-26T10:08:29Z</time>
      </trkpt>
      <trkpt lat="51.50951" lon="-0.059885">
        <ele>16.2</ele>
        <time>2026-04-26T10:08:35Z</time>
      </trkpt>
      <trkpt lat="51.509532" lon="-0.059595">
        <ele>14.6</ele>
        <time>2026-04-26T10:08:40Z</time>
      </trkpt>
      <trkpt lat="51.509554" lon="-0.059264">
        <ele>13</ele>
        <time>2026-04-26T10:08:46Z</time>
      </trkpt>
      <trkpt lat="51.509584" lon="-0.058977">
        <ele>11.4</ele>
        <time>2026-04-26T10:08:51Z</time>
      </trkpt>
      <trkpt lat="51.509612" lon="-0.058636">
        <ele>10.8</ele>
        <time>2026-04-26T10:08:57Z</time>
      </trkpt>
      <trkpt lat="51.509649" lon="-0.058317">
        <ele>11</ele>
        <time>2026-04-26T10:09:03Z</time>
      </trkpt>
      <trkpt lat="51.50969" lon="-0.057994">
        <ele>11.6</ele>
        <time>2026-04-26T10:09:09Z</time>
      </trkpt>
      <trkpt lat="51.509714" lon="-0.057671">
        <ele>11.8</ele>
        <time>2026-04-26T10:09:15Z</time>
      </trkpt>
      <trkpt lat="51.509741" lon="-0.057335">
        <ele>12.2</ele>
        <time>2026-04-26T10:09:21Z</time>
      </trkpt>
      <trkpt lat="51.509745" lon="-0.057016">
        <ele>12</ele>
        <time>2026-04-26T10:09:27Z</time>
      </trkpt>
      <trkpt lat="51.509728" lon="-0.056691">
        <ele>10.6</ele>
        <time>2026-04-26T10:09:33Z</time>
      </trkpt>
      <trkpt lat="51.50972" lon="-0.05658">
        <ele>10</ele>
        <time>2026-04-26T10:09:35Z</time>
      </trkpt>
      <trkpt lat="51.509694" lon="-0.056253">
        <ele>9.6</ele>
        <time>2026-04-26T10:09:41Z</time>
      </trkpt>
      <trkpt lat="51.509662" lon="-0.055915">
        <ele>8.4</ele>
        <time>2026-04-26T10:09:47Z</time>
      </trkpt>
      <trkpt lat="51.509651" lon="-0.055603">
        <ele>7.6</ele>
        <time>2026-04-26T10:09:52Z</time>
      </trkpt>
      <trkpt lat="51.50963" lon="-0.055314">
        <ele>7.8</ele>
        <time>2026-04-26T10:09:57Z</time>
      </trkpt>
      <trkpt lat="51.509624" lon="-0.054986">
        <ele>8.8</ele>
        <time>2026-04-26T10:10:03Z</time>
      </trkpt>
      <trkpt lat="51.509634" lon="-0.054676">
        <ele>9.4</ele>
        <time>2026-04-26T10:10:09Z</time>
      </trkpt>
      <trkpt lat="51.509662" lon="-0.054339">
        <ele>9.6</ele>
        <time>2026-04-26T10:10:15Z</time>
      </trkpt>
      <trkpt lat="51.509651" lon="-0.054007">
        <ele>9.2</ele>
        <time>2026-04-26T10:10:21Z</time>
      </trkpt>
      <trkpt lat="51.509657" lon="-0.053684">
        <ele>9.6</ele>
        <time>2026-04-26T10:10:27Z</time>
      </trkpt>
      <trkpt lat="51.509656" lon="-0.053361">
        <ele>10.2</ele>
        <time>2026-04-26T10:10:33Z</time>
      </trkpt>
      <trkpt lat="51.50967" lon="-0.053024">
        <ele>10</ele>
        <time>2026-04-26T10:10:39Z</time>
      </trkpt>
      <trkpt lat="51.509688" lon="-0.052686">
        <ele>10</ele>
        <time>2026-04-26T10:10:45Z</time>
      </trkpt>
      <trkpt lat="51.509683" lon="-0.052345">
        <ele>9.2</ele>
        <time>2026-04-26T10:10:51Z</time>
      </trkpt>
      <trkpt lat="51.509698" lon="-0.052045">
        <ele>10.4</ele>
        <time>2026-04-26T10:10:56Z</time>
      </trkpt>
      <trkpt lat="51.509715" lon="-0.051749">
        <ele>12.8</ele>
        <time>2026-04-26T10:11:01Z</time>
      </trkpt>
      <trkpt lat="51.509722" lon="-0.051425">
        <ele>16.2</ele>
        <time>2026-04-26T10:11:07Z</time>
      </trkpt>
      <trkpt lat="51.509728" lon="-0.051097">
        <ele>19.2</ele>
        <time>2026-04-26T10:11:13Z</time>
      </trkpt>
      <trkpt lat="51.509739" lon="-0.0508">
        <ele>19.4</ele>
        <time>2026-04-26T10:11:18Z</time>
      </trkpt>
      <trkpt lat="51.509754" lon="-0.050473">
        <ele>16.4</ele>
        <time>2026-04-26T10:11:24Z</time>
      </trkpt>
      <trkpt lat="51.509788" lon="-0.05015">
        <ele>12.2</ele>
        <time>2026-04-26T10:11:30Z</time>
      </trkpt>
      <trkpt lat="51.509812" lon="-0.049827">
        <ele>9.6</ele>
        <time>2026-04-26T10:11:36Z</time>
      </trkpt>
      <trkpt lat="51.509847" lon="-0.049499">
        <ele>9.4</ele>
        <time>2026-04-26T10:11:42Z</time>
      </trkpt>
      <trkpt lat="51.509834" lon="-0.049169">
        <ele>10</ele>
        <time>2026-04-26T10:11:48Z</time>
      </trkpt>
      <trkpt lat="51.509817" lon="-0.048879">
        <ele>10</ele>
        <time>2026-04-26T10:11:53Z</time>
      </trkpt>
      <trkpt lat="51.509807" lon="-0.048567">
        <ele>9.2</ele>
        <time>2026-04-26T10:11:58Z</time>
      </trkpt>
      <trkpt lat="51.509795" lon="-0.048262">
        <ele>8</ele>
        <time>2026-04-26T10:12:03Z</time>
      </trkpt>
      <trkpt lat="51.509779" lon="-0.047962">
        <ele>8.4</ele>
        <time>2026-04-26T10:12:08Z</time>
      </trkpt>
      <trkpt lat="51.509778" lon="-0.047661">
        <ele>9.4</ele>
        <time>2026-04-26T10:12:13Z</time>
      </trkpt>
      <trkpt lat="51.509788" lon="-0.047348">
        <ele>10.2</ele>
        <time>2026-04-26T10:12:18Z</time>
      </trkpt>
      <trkpt lat="51.509806" lon="-0.047053">
        <ele>10.2</ele>
        <time>2026-04-26T10:12:23Z</time>
      </trkpt>
      <trkpt lat="51.509845" lon="-0.046753">
        <ele>11.8</ele>
        <time>2026-04-26T10:12:28Z</time>
      </trkpt>
      <trkpt lat="51.509928" lon="-0.046483">
        <ele>12.4</ele>
        <time>2026-04-26T10:12:33Z</time>
      </trkpt>
      <trkpt lat="51.509999" lon="-0.046166">
        <ele>13.4</ele>
        <time>2026-04-26T10:12:39Z</time>
      </trkpt>
      <trkpt lat="51.510062" lon="-0.045892">
        <ele>13.6</ele>
        <time>2026-04-26T10:12:44Z</time>
      </trkpt>
      <trkpt lat="51.510074" lon="-0.045835">
        <ele>13.4</ele>
        <time>2026-04-26T10:12:45Z</time>
      </trkpt>
      <trkpt lat="51.510139" lon="-0.045548">
        <ele>11.8</ele>
        <time>2026-04-26T10:12:50Z</time>
      </trkpt>
      <trkpt lat="51.510181" lon="-0.045249">
        <ele>9.6</ele>
        <time>2026-04-26T10:12:55Z</time>
      </trkpt>
      <trkpt lat="51.510208" lon="-0.044933">
        <ele>8.2</ele>
        <time>2026-04-26T10:13:00Z</time>
      </trkpt>
      <trkpt lat="51.510229" lon="-0.044627">
        <ele>9</ele>
        <time>2026-04-26T10:13:05Z</time>
      </trkpt>
      <trkpt lat="51.510253" lon="-0.044327">
        <ele>10.8</ele>
        <time>2026-04-26T10:13:10Z</time>
      </trkpt>
      <trkpt lat="51.510259" lon="-0.044028">
        <ele>11.8</ele>
        <time>2026-04-26T10:13:15Z</time>
      </trkpt>
      <trkpt lat="51.510299" lon="-0.043736">
        <ele>12.8</ele>
        <time>2026-04-26T10:13:20Z</time>
      </trkpt>
      <trkpt lat="51.510341" lon="-0.043404">
        <ele>12.2</ele>
        <time>2026-04-26T10:13:26Z</time>
      </trkpt>
      <trkpt lat="51.510421" lon="-0.043089">
        <ele>11</ele>
        <time>2026-04-26T10:13:32Z</time>
      </trkpt>
      <trkpt lat="51.510496" lon="-0.042822">
        <ele>10.2</ele>
        <time>2026-04-26T10:13:37Z</time>
      </trkpt>
      <trkpt lat="51.510521" lon="-0.042483">
        <ele>10</ele>
        <time>2026-04-26T10:13:43Z</time>
      </trkpt>
      <trkpt lat="51.510579" lon="-0.042156">
        <ele>10.8</ele>
        <time>2026-04-26T10:13:49Z</time>
      </trkpt>
      <trkpt lat="51.510601" lon="-0.041872">
        <ele>10.8</ele>
        <time>2026-04-26T10:13:55Z</time>
      </trkpt>
      <trkpt lat="51.510419" lon="-0.041749">
        <ele>10.4</ele>
        <time>2026-04-26T10:14:01Z</time>
      </trkpt>
      <trkpt lat="51.510228" lon="-0.04167">
        <ele>10.4</ele>
        <time>2026-04-26T10:14:07Z</time>
      </trkpt>
      <trkpt lat="51.510135" lon="-0.04141">
        <ele>11</ele>
        <time>2026-04-26T10:14:12Z</time>
      </trkpt>
      <trkpt lat="51.510121" lon="-0.041086">
        <ele>12</ele>
        <time>2026-04-26T10:14:17Z</time>
      </trkpt>
      <trkpt lat="51.510095" lon="-0.040777">
        <ele>11.2</ele>
        <time>2026-04-26T10:14:22Z</time>
      </trkpt>
      <trkpt lat="51.510059" lon="-0.040477">
        <ele>9.4</ele>
        <time>2026-04-26T10:14:27Z</time>
      </trkpt>
      <trkpt lat="51.510041" lon="-0.040173">
        <ele>9</ele>
        <time>2026-04-26T10:14:32Z</time>
      </trkpt>
      <trkpt lat="51.510026" lon="-0.039885">
        <ele>9.8</ele>
        <time>2026-04-26T10:14:37Z</time>
      </trkpt>
      <trkpt lat="51.510056" lon="-0.03958">
        <ele>9.8</ele>
        <time>2026-04-26T10:14:42Z</time>
      </trkpt>
      <trkpt lat="51.510027" lon="-0.039236">
        <ele>9.6</ele>
        <time>2026-04-26T10:14:48Z</time>
      </trkpt>
      <trkpt lat="51.509957" lon="-0.038909">
        <ele>8.8</ele>
        <time>2026-04-26T10:14:54Z</time>
      </trkpt>
      <trkpt lat="51.509882" lon="-0.038638">
        <ele>8.4</ele>
        <time>2026-04-26T10:14:59Z</time>
      </trkpt>
      <trkpt lat="51.509845" lon="-0.038329">
        <ele>6.8</ele>
        <time>2026-04-26T10:15:04Z</time>
      </trkpt>
      <trkpt lat="51.509814" lon="-0.037993">
        <ele>4.8</ele>
        <time>2026-04-26T10:15:10Z</time>
      </trkpt>
      <trkpt lat="51.509806" lon="-0.037658">
        <ele>5.2</ele>
        <time>2026-04-26T10:15:16Z</time>
      </trkpt>
      <trkpt lat="51.509769" lon="-0.037347">
        <ele>5.2</ele>
        <time>2026-04-26T10:15:22Z</time>
      </trkpt>
      <trkpt lat="51.50973" lon="-0.037044">
        <ele>5.2</ele>
        <time>2026-04-26T10:15:28Z</time>
      </trkpt>
      <trkpt lat="51.509683" lon="-0.036753">
        <ele>6.4</ele>
        <time>2026-04-26T10:15:33Z</time>
      </trkpt>
      <trkpt lat="51.509643" lon="-0.036467">
        <ele>7.8</ele>
        <time>2026-04-26T10:15:38Z</time>
      </trkpt>
      <trkpt lat="51.509585" lon="-0.03619">
        <ele>8.4</ele>
        <time>2026-04-26T10:15:43Z</time>
      </trkpt>
      <trkpt lat="51.509507" lon="-0.035897">
        <ele>9</ele>
        <time>2026-04-26T10:15:49Z</time>
      </trkpt>
      <trkpt lat="51.509431" lon="-0.035579">
        <ele>7.6</ele>
        <time>2026-04-26T10:15:55Z</time>
      </trkpt>
      <trkpt lat="51.509368" lon="-0.035299">
        <ele>7.2</ele>
        <time>2026-04-26T10:16:00Z</time>
      </trkpt>
      <trkpt lat="51.509307" lon="-0.035031">
        <ele>7.6</ele>
        <time>2026-04-26T10:16:05Z</time>
      </trkpt>
      <trkpt lat="51.509242" lon="-0.034707">
        <ele>6.8</ele>
        <time>2026-04-26T10:16:11Z</time>
      </trkpt>
      <trkpt lat="51.509153" lon="-0.034398">
        <ele>7</ele>
        <time>2026-04-26T10:16:17Z</time>
      </trkpt>
      <trkpt lat="51.509076" lon="-0.034077">
        <ele>7.6</ele>
        <time>2026-04-26T10:16:23Z</time>
      </trkpt>
      <trkpt lat="51.508992" lon="-0.033807">
        <ele>9</ele>
        <time>2026-04-26T10:16:28Z</time>
      </trkpt>
      <trkpt lat="51.508921" lon="-0.033536">
        <ele>9.2</ele>
        <time>2026-04-26T10:16:33Z</time>
      </trkpt>
      <trkpt lat="51.508861" lon="-0.03325">
        <ele>7</ele>
        <time>2026-04-26T10:16:38Z</time>
      </trkpt>
      <trkpt lat="51.508808" lon="-0.032955">
        <ele>4.8</ele>
        <time>2026-04-26T10:16:43Z</time>
      </trkpt>
      <trkpt lat="51.508772" lon="-0.032665">
        <ele>5</ele>
        <time>2026-04-26T10:16:48Z</time>
      </trkpt>
      <trkpt lat="51.508734" lon="-0.032377">
        <ele>6.6</ele>
        <time>2026-04-26T10:16:53Z</time>
      </trkpt>
      <trkpt lat="51.508696" lon="-0.032088">
        <ele>7.4</ele>
        <time>2026-04-26T10:16:58Z</time>
      </trkpt>
      <trkpt lat="51.508683" lon="-0.031784">
        <ele>7.2</ele>
        <time>2026-04-26T10:17:03Z</time>
      </trkpt>
      <trkpt lat="51.508713" lon="-0.031487">
        <ele>5.8</ele>
        <time>2026-04-26T10:17:08Z</time>
      </trkpt>
      <trkpt lat="51.508772" lon="-0.031201">
        <ele>3.8</ele>
        <time>2026-04-26T10:17:13Z</time>
      </trkpt>
      <trkpt lat="51.508805" lon="-0.030886">
        <ele>3.2</ele>
        <time>2026-04-26T10:17:19Z</time>
      </trkpt>
      <trkpt lat="51.508916" lon="-0.030578">
        <ele>2.6</ele>
        <time>2026-04-26T10:17:25Z</time>
      </trkpt>
      <trkpt lat="51.508986" lon="-0.030258">
        <ele>4.6</ele>
        <time>2026-04-26T10:17:31Z</time>
      </trkpt>
      <trkpt lat="51.509073" lon="-0.029951">
        <ele>7</ele>
        <time>2026-04-26T10:17:37Z</time>
      </trkpt>
      <trkpt lat="51.509177" lon="-0.029672">
        <ele>9.4</ele>
        <time>2026-04-26T10:17:43Z</time>
      </trkpt>
      <trkpt lat="51.509246" lon="-0.029402">
        <ele>9.8</ele>
        <time>2026-04-26T10:17:49Z</time>
      </trkpt>
      <trkpt lat="51.509272" lon="-0.029076">
        <ele>10.2</ele>
        <time>2026-04-26T10:17:55Z</time>
      </trkpt>
      <trkpt lat="51.509322" lon="-0.028787">
        <ele>10.4</ele>
        <time>2026-04-26T10:18:00Z</time>
      </trkpt>
      <trkpt lat="51.509321" lon="-0.02849">
        <ele>10.6</ele>
        <time>2026-04-26T10:18:05Z</time>
      </trkpt>
      <trkpt lat="51.509292" lon="-0.028172">
        <ele>9.4</ele>
        <time>2026-04-26T10:18:10Z</time>
      </trkpt>
      <trkpt lat="51.509272" lon="-0.027864">
        <ele>7.8</ele>
        <time>2026-04-26T10:18:15Z</time>
      </trkpt>
      <trkpt lat="51.50922" lon="-0.027582">
        <ele>7.4</ele>
        <time>2026-04-26T10:18:20Z</time>
      </trkpt>
      <trkpt lat="51.5092" lon="-0.027225">
        <ele>7.6</ele>
        <time>2026-04-26T10:18:28Z</time>
      </trkpt>
      <trkpt lat="51.509214" lon="-0.026908">
        <ele>6.4</ele>
        <time>2026-04-26T10:18:33Z</time>
      </trkpt>
      <trkpt lat="51.509101" lon="-0.026667">
        <ele>5.4</ele>
        <time>2026-04-26T10:18:41Z</time>
      </trkpt>
      <trkpt lat="51.508901" lon="-0.02667">
        <ele>6</ele>
        <time>2026-04-26T10:18:46Z</time>
      </trkpt>
      <trkpt lat="51.508723" lon="-0.026749">
        <ele>6</ele>
        <time>2026-04-26T10:18:51Z</time>
      </trkpt>
      <trkpt lat="51.508544" lon="-0.026811">
        <ele>6</ele>
        <time>2026-04-26T10:18:56Z</time>
      </trkpt>
      <trkpt lat="51.508332" lon="-0.026881">
        <ele>5.8</ele>
        <time>2026-04-26T10:19:02Z</time>
      </trkpt>
      <trkpt lat="51.508148" lon="-0.026959">
        <ele>5.4</ele>
        <time>2026-04-26T10:19:07Z</time>
      </trkpt>
      <trkpt lat="51.507973" lon="-0.027057">
        <ele>4.6</ele>
        <time>2026-04-26T10:19:12Z</time>
      </trkpt>
      <trkpt lat="51.507803" lon="-0.027187">
        <ele>2.8</ele>
        <time>2026-04-26T10:19:17Z</time>
      </trkpt>
      <trkpt lat="51.507636" lon="-0.027303">
        <ele>4.8</ele>
        <time>2026-04-26T10:19:22Z</time>
      </trkpt>
      <trkpt lat="51.50744" lon="-0.027416">
        <ele>9.4</ele>
        <time>2026-04-26T10:19:28Z</time>
      </trkpt>
      <trkpt lat="51.507254" lon="-0.027446">
        <ele>17.2</ele>
        <time>2026-04-26T10:19:33Z</time>
      </trkpt>
      <trkpt lat="51.507044" lon="-0.027493">
        <ele>20</ele>
        <time>2026-04-26T10:19:39Z</time>
      </trkpt>
      <trkpt lat="51.506836" lon="-0.027462">
        <ele>22</ele>
        <time>2026-04-26T10:19:45Z</time>
      </trkpt>
      <trkpt lat="51.50663" lon="-0.027441">
        <ele>24.8</ele>
        <time>2026-04-26T10:19:51Z</time>
      </trkpt>
      <trkpt lat="51.506417" lon="-0.027408">
        <ele>30</ele>
        <time>2026-04-26T10:19:57Z</time>
      </trkpt>
      <trkpt lat="51.506206" lon="-0.027395">
        <ele>32.2</ele>
        <time>2026-04-26T10:20:02Z</time>
      </trkpt>
      <trkpt lat="51.505189" lon="-0.025358">
        <ele>6.6</ele>
        <time>2026-04-26T10:20:53Z</time>
      </trkpt>
      <trkpt lat="51.50504" lon="-0.025202">
        <ele>4.8</ele>
        <time>2026-04-26T10:20:57Z</time>
      </trkpt>
      <trkpt lat="51.504841" lon="-0.025114">
        <ele>4.4</ele>
        <time>2026-04-26T10:21:02Z</time>
      </trkpt>
      <trkpt lat="51.504656" lon="-0.025106">
        <ele>4.8</ele>
        <time>2026-04-26T10:21:07Z</time>
      </trkpt>
      <trkpt lat="51.504436" lon="-0.025131">
        <ele>6</ele>
        <time>2026-04-26T10:21:13Z</time>
      </trkpt>
      <trkpt lat="51.504247" lon="-0.025078">
        <ele>6.8</ele>
        <time>2026-04-26T10:21:18Z</time>
      </trkpt>
      <trkpt lat="51.504061" lon="-0.024984">
        <ele>5.8</ele>
        <time>2026-04-26T10:21:28Z</time>
      </trkpt>
      <trkpt lat="51.50392" lon="-0.025196">
        <ele>7</ele>
        <time>2026-04-26T10:21:30Z</time>
      </trkpt>
      <trkpt lat="51.503725" lon="-0.025337">
        <ele>7</ele>
        <time>2026-04-26T10:21:36Z</time>
      </trkpt>
      <trkpt lat="51.503662" lon="-0.025296">
        <ele>7</ele>
        <time>2026-04-26T10:21:42Z</time>
      </trkpt>
      <trkpt lat="51.50369" lon="-0.025228">
        <ele>7</ele>
        <time>2026-04-26T10:21:45Z</time>
      </trkpt>
      <trkpt lat="51.503628" lon="-0.025195">
        <ele>7</ele>
        <time>2026-04-26T10:21:48Z</time>
      </trkpt>
      <trkpt lat="51.503555" lon="-0.025178">
        <ele>7.2</ele>
        <time>2026-04-26T10:21:50Z</time>
      </trkpt>
      <trkpt lat="51.503338" lon="-0.025251">
        <ele>7.4</ele>
        <time>2026-04-26T10:21:54Z</time>
      </trkpt>
      <trkpt lat="51.503122" lon="-0.025347">
        <ele>7</ele>
        <time>2026-04-26T10:21:58Z</time>
      </trkpt>
      <trkpt lat="51.502877" lon="-0.025409">
        <ele>7</ele>
        <time>2026-04-26T10:22:02Z</time>
      </trkpt>
      <trkpt lat="51.502632" lon="-0.025319">
        <ele>6.2</ele>
        <time>2026-04-26T10:22:05Z</time>
      </trkpt>
      <trkpt lat="51.502437" lon="-0.025309">
        <ele>6</ele>
        <time>2026-04-26T10:22:08Z</time>
      </trkpt>
      <trkpt lat="51.502244" lon="-0.025357">
        <ele>4.4</ele>
        <time>2026-04-26T10:22:12Z</time>
      </trkpt>
      <trkpt lat="51.502083" lon="-0.025344">
        <ele>4.8</ele>
        <time>2026-04-26T10:22:17Z</time>
      </trkpt>
      <trkpt lat="51.501887" lon="-0.025277">
        <ele>6</ele>
        <time>2026-04-26T10:22:23Z</time>
      </trkpt>
      <trkpt lat="51.501728" lon="-0.025079">
        <ele>7</ele>
        <time>2026-04-26T10:22:29Z</time>
      </trkpt>
      <trkpt lat="51.501537" lon="-0.025081">
        <ele>4.8</ele>
        <time>2026-04-26T10:22:34Z</time>
      </trkpt>
      <trkpt lat="51.501346" lon="-0.025156">
        <ele>1.8</ele>
        <time>2026-04-26T10:22:39Z</time>
      </trkpt>
      <trkpt lat="51.501127" lon="-0.025292">
        <ele>0.6</ele>
        <time>2026-04-26T10:22:44Z</time>
      </trkpt>
      <trkpt lat="51.501073" lon="-0.025358">
        <ele>0.8</ele>
        <time>2026-04-26T10:22:45Z</time>
      </trkpt>
      <trkpt lat="51.500873" lon="-0.025533">
        <ele>2.2</ele>
        <time>2026-04-26T10:22:49Z</time>
      </trkpt>
      <trkpt lat="51.500678" lon="-0.025664">
        <ele>4.8</ele>
        <time>2026-04-26T10:22:53Z</time>
      </trkpt>
      <trkpt lat="51.500473" lon="-0.025696">
        <ele>6.8</ele>
        <time>2026-04-26T10:22:59Z</time>
      </trkpt>
      <trkpt lat="51.500265" lon="-0.025723">
        <ele>9</ele>
        <time>2026-04-26T10:23:05Z</time>
      </trkpt>
      <trkpt lat="51.500084" lon="-0.02578">
        <ele>8.2</ele>
        <time>2026-04-26T10:23:10Z</time>
      </trkpt>
      <trkpt lat="51.499898" lon="-0.025794">
        <ele>7</ele>
        <time>2026-04-26T10:23:15Z</time>
      </trkpt>
      <trkpt lat="51.499715" lon="-0.02583">
        <ele>5.8</ele>
        <time>2026-04-26T10:23:20Z</time>
      </trkpt>
      <trkpt lat="51.499514" lon="-0.025846">
        <ele>5.6</ele>
        <time>2026-04-26T10:23:26Z</time>
      </trkpt>
      <trkpt lat="51.49931" lon="-0.025806">
        <ele>5.4</ele>
        <time>2026-04-26T10:23:32Z</time>
      </trkpt>
      <trkpt lat="51.499102" lon="-0.025818">
        <ele>5.4</ele>
        <time>2026-04-26T10:23:38Z</time>
      </trkpt>
      <trkpt lat="51.498901" lon="-0.02586">
        <ele>6</ele>
        <time>2026-04-26T10:23:43Z</time>
      </trkpt>
      <trkpt lat="51.498687" lon="-0.025841">
        <ele>8.4</ele>
        <time>2026-04-26T10:23:48Z</time>
      </trkpt>
      <trkpt lat="51.498489" lon="-0.025758">
        <ele>9.8</ele>
        <time>2026-04-26T10:23:54Z</time>
      </trkpt>
      <trkpt lat="51.498305" lon="-0.025778">
        <ele>12</ele>
        <time>2026-04-26T10:23:59Z</time>
      </trkpt>
      <trkpt lat="51.498123" lon="-0.02581">
        <ele>11.6</ele>
        <time>2026-04-26T10:24:04Z</time>
      </trkpt>
      <trkpt lat="51.497939" lon="-0.025808">
        <ele>10.6</ele>
        <time>2026-04-26T10:24:09Z</time>
      </trkpt>
      <trkpt lat="51.497825" lon="-0.025794">
        <ele>9.6</ele>
        <time>2026-04-26T10:24:12Z</time>
      </trkpt>
      <trkpt lat="51.497711" lon="-0.025765">
        <ele>8.2</ele>
        <time>2026-04-26T10:24:15Z</time>
      </trkpt>
      <trkpt lat="51.497503" lon="-0.02575">
        <ele>6</ele>
        <time>2026-04-26T10:24:21Z</time>
      </trkpt>
      <trkpt lat="51.497408" lon="-0.025738">
        <ele>4.6</ele>
        <time>2026-04-26T10:24:24Z</time>
      </trkpt>
      <trkpt lat="51.497202" lon="-0.025701">
        <ele>2</ele>
        <time>2026-04-26T10:24:30Z</time>
      </trkpt>
      <trkpt lat="51.496994" lon="-0.025708">
        <ele>2.8</ele>
        <time>2026-04-26T10:24:35Z</time>
      </trkpt>
      <trkpt lat="51.496816" lon="-0.025659">
        <ele>3.6</ele>
        <time>2026-04-26T10:24:40Z</time>
      </trkpt>
      <trkpt lat="51.496628" lon="-0.025623">
        <ele>4.2</ele>
        <time>2026-04-26T10:24:45Z</time>
      </trkpt>
      <trkpt lat="51.496433" lon="-0.025657">
        <ele>3.4</ele>
        <time>2026-04-26T10:24:50Z</time>
      </trkpt>
      <trkpt lat="51.496241" lon="-0.025655">
        <ele>2.4</ele>
        <time>2026-04-26T10:24:55Z</time>
      </trkpt>
      <trkpt lat="51.496093" lon="-0.025622">
        <ele>2.4</ele>
        <time>2026-04-26T10:24:59Z</time>
      </trkpt>
      <trkpt lat="51.495898" lon="-0.025581">
        <ele>3.8</ele>
        <time>2026-04-26T10:25:05Z</time>
      </trkpt>
      <trkpt lat="51.495714" lon="-0.025518">
        <ele>3.6</ele>
        <time>2026-04-26T10:25:11Z</time>
      </trkpt>
      <trkpt lat="51.495554" lon="-0.025482">
        <ele>3.8</ele>
        <time>2026-04-26T10:25:15Z</time>
      </trkpt>
      <trkpt lat="51.495398" lon="-0.025479">
        <ele>3.4</ele>
        <time>2026-04-26T10:25:19Z</time>
      </trkpt>
      <trkpt lat="51.495217" lon="-0.025469">
        <ele>2.8</ele>
        <time>2026-04-26T10:25:24Z</time>
      </trkpt>
      <trkpt lat="51.495031" lon="-0.025357">
        <ele>2.4</ele>
        <time>2026-04-26T10:25:30Z</time>
      </trkpt>
      <trkpt lat="51.494857" lon="-0.02518">
        <ele>3</ele>
        <time>2026-04-26T10:25:36Z</time>
      </trkpt>
      <trkpt lat="51.494679" lon="-0.025021">
        <ele>3.6</ele>
        <time>2026-04-26T10:25:42Z</time>
      </trkpt>
      <trkpt lat="51.4945" lon="-0.024901">
        <ele>4</ele>
        <time>2026-04-26T10:25:48Z</time>
      </trkpt>
      <trkpt lat="51.494303" lon="-0.024856">
        <ele>4.6</ele>
        <time>2026-04-26T10:25:54Z</time>
      </trkpt>
      <trkpt lat="51.494111" lon="-0.024824">
        <ele>5</ele>
        <time>2026-04-26T10:26:00Z</time>
      </trkpt>
      <trkpt lat="51.493978" lon="-0.024822">
        <ele>5.6</ele>
        <time>2026-04-26T10:26:04Z</time>
      </trkpt>
      <trkpt lat="51.493778" lon="-0.024816">
        <ele>5.8</ele>
        <time>2026-04-26T10:26:10Z</time>
      </trkpt>
      <trkpt lat="51.49359" lon="-0.024806">
        <ele>5.8</ele>
        <time>2026-04-26T10:26:15Z</time>
      </trkpt>
      <trkpt lat="51.493395" lon="-0.024803">
        <ele>5</ele>
        <time>2026-04-26T10:26:20Z</time>
      </trkpt>
      <trkpt lat="51.493207" lon="-0.024804">
        <ele>3.6</ele>
        <time>2026-04-26T10:26:25Z</time>
      </trkpt>
      <trkpt lat="51.49302" lon="-0.024803">
        <ele>2.2</ele>
        <time>2026-04-26T10:26:30Z</time>
      </trkpt>
      <trkpt lat="51.492832" lon="-0.024744">
        <ele>1.4</ele>
        <time>2026-04-26T10:26:35Z</time>
      </trkpt>
      <trkpt lat="51.492652" lon="-0.024689">
        <ele>1.6</ele>
        <time>2026-04-26T10:26:40Z</time>
      </trkpt>
      <trkpt lat="51.492449" lon="-0.024586">
        <ele>1</ele>
        <time>2026-04-26T10:26:46Z</time>
      </trkpt>
      <trkpt lat="51.492242" lon="-0.024494">
        <ele>0.8</ele>
        <time>2026-04-26T10:26:52Z</time>
      </trkpt>
      <trkpt lat="51.492033" lon="-0.024392">
        <ele>0.2</ele>
        <time>2026-04-26T10:26:58Z</time>
      </trkpt>
      <trkpt lat="51.491868" lon="-0.024278">
        <ele>1</ele>
        <time>2026-04-26T10:27:03Z</time>
      </trkpt>
      <trkpt lat="51.491698" lon="-0.024153">
        <ele>2.8</ele>
        <time>2026-04-26T10:27:08Z</time>
      </trkpt>
      <trkpt lat="51.491534" lon="-0.024014">
        <ele>3</ele>
        <time>2026-04-26T10:27:13Z</time>
      </trkpt>
      <trkpt lat="51.491374" lon="-0.023871">
        <ele>3</ele>
        <time>2026-04-26T10:27:18Z</time>
      </trkpt>
      <trkpt lat="51.491197" lon="-0.023678">
        <ele>3</ele>
        <time>2026-04-26T10:27:24Z</time>
      </trkpt>
      <trkpt lat="51.491049" lon="-0.023503">
        <ele>3</ele>
        <time>2026-04-26T10:27:29Z</time>
      </trkpt>
      <trkpt lat="51.490897" lon="-0.02333">
        <ele>3</ele>
        <time>2026-04-26T10:27:34Z</time>
      </trkpt>
      <trkpt lat="51.490756" lon="-0.023146">
        <ele>2.8</ele>
        <time>2026-04-26T10:27:39Z</time>
      </trkpt>
      <trkpt lat="51.490589" lon="-0.022936">
        <ele>3</ele>
        <time>2026-04-26T10:27:45Z</time>
      </trkpt>
      <trkpt lat="51.490433" lon="-0.022706">
        <ele>3.2</ele>
        <time>2026-04-26T10:27:51Z</time>
      </trkpt>
      <trkpt lat="51.490296" lon="-0.022507">
        <ele>3.6</ele>
        <time>2026-04-26T10:27:56Z</time>
      </trkpt>
      <trkpt lat="51.490131" lon="-0.022299">
        <ele>2.8</ele>
        <time>2026-04-26T10:28:02Z</time>
      </trkpt>
      <trkpt lat="51.489984" lon="-0.022058">
        <ele>1.8</ele>
        <time>2026-04-26T10:28:08Z</time>
      </trkpt>
      <trkpt lat="51.489855" lon="-0.02185">
        <ele>1.2</ele>
        <time>2026-04-26T10:28:13Z</time>
      </trkpt>
      <trkpt lat="51.489715" lon="-0.021591">
        <ele>1</ele>
        <time>2026-04-26T10:28:20Z</time>
      </trkpt>
      <trkpt lat="51.489593" lon="-0.021373">
        <ele>0.6</ele>
        <time>2026-04-26T10:28:25Z</time>
      </trkpt>
      <trkpt lat="51.489465" lon="-0.021103">
        <ele>1.4</ele>
        <time>2026-04-26T10:28:31Z</time>
      </trkpt>
      <trkpt lat="51.489368" lon="-0.020841">
        <ele>2.2</ele>
        <time>2026-04-26T10:28:36Z</time>
      </trkpt>
      <trkpt lat="51.489237" lon="-0.020603">
        <ele>2.8</ele>
        <time>2026-04-26T10:28:41Z</time>
      </trkpt>
      <trkpt lat="51.489118" lon="-0.020371">
        <ele>3.4</ele>
        <time>2026-04-26T10:28:46Z</time>
      </trkpt>
      <trkpt lat="51.488984" lon="-0.020116">
        <ele>4.2</ele>
        <time>2026-04-26T10:28:52Z</time>
      </trkpt>
      <trkpt lat="51.488876" lon="-0.019877">
        <ele>6</ele>
        <time>2026-04-26T10:28:57Z</time>
      </trkpt>
      <trkpt lat="51.488781" lon="-0.019598">
        <ele>5.8</ele>
        <time>2026-04-26T10:29:02Z</time>
      </trkpt>
      <trkpt lat="51.488676" lon="-0.019352">
        <ele>6</ele>
        <time>2026-04-26T10:29:07Z</time>
      </trkpt>
      <trkpt lat="51.488558" lon="-0.019126">
        <ele>5.6</ele>
        <time>2026-04-26T10:29:12Z</time>
      </trkpt>
      <trkpt lat="51.488427" lon="-0.018862">
        <ele>5.4</ele>
        <time>2026-04-26T10:29:18Z</time>
      </trkpt>
      <trkpt lat="51.488328" lon="-0.018626">
        <ele>5</ele>
        <time>2026-04-26T10:29:23Z</time>
      </trkpt>
      <trkpt lat="51.488223" lon="-0.018331">
        <ele>5.4</ele>
        <time>2026-04-26T10:29:29Z</time>
      </trkpt>
      <trkpt lat="51.488109" lon="-0.018064">
        <ele>5.4</ele>
        <time>2026-04-26T10:29:35Z</time>
      </trkpt>
      <trkpt lat="51.487993" lon="-0.017804">
        <ele>5.6</ele>
        <time>2026-04-26T10:29:41Z</time>
      </trkpt>
      <trkpt lat="51.487891" lon="-0.017536">
        <ele>5.8</ele>
        <time>2026-04-26T10:29:47Z</time>
      </trkpt>
      <trkpt lat="51.487796" lon="-0.017251">
        <ele>5.8</ele>
        <time>2026-04-26T10:29:53Z</time>
      </trkpt>
      <trkpt lat="51.487701" lon="-0.016956">
        <ele>6</ele>
        <time>2026-04-26T10:29:59Z</time>
      </trkpt>
      <trkpt lat="51.487618" lon="-0.016646">
        <ele>5.4</ele>
        <time>2026-04-26T10:30:05Z</time>
      </trkpt>
      <trkpt lat="51.487558" lon="-0.016368">
        <ele>5.6</ele>
        <time>2026-04-26T10:30:10Z</time>
      </trkpt>
      <trkpt lat="51.487501" lon="-0.016058">
        <ele>5.4</ele>
        <time>2026-04-26T10:30:16Z</time>
      </trkpt>
      <trkpt lat="51.487463" lon="-0.015732">
        <ele>5</ele>
        <time>2026-04-26T10:30:22Z</time>
      </trkpt>
      <trkpt lat="51.487414" lon="-0.015436">
        <ele>3.8</ele>
        <time>2026-04-26T10:30:27Z</time>
      </trkpt>
      <trkpt lat="51.487361" lon="-0.01511">
        <ele>3.6</ele>
        <time>2026-04-26T10:30:33Z</time>
      </trkpt>
      <trkpt lat="51.487362" lon="-0.014765">
        <ele>4</ele>
        <time>2026-04-26T10:30:39Z</time>
      </trkpt>
      <trkpt lat="51.487339" lon="-0.014467">
        <ele>3.2</ele>
        <time>2026-04-26T10:30:44Z</time>
      </trkpt>
      <trkpt lat="51.487338" lon="-0.014165">
        <ele>2</ele>
        <time>2026-04-26T10:30:49Z</time>
      </trkpt>
      <trkpt lat="51.487329" lon="-0.013822">
        <ele>0.2</ele>
        <time>2026-04-26T10:30:55Z</time>
      </trkpt>
      <trkpt lat="51.487333" lon="-0.013528">
        <ele>0.4</ele>
        <time>2026-04-26T10:31:00Z</time>
      </trkpt>
      <trkpt lat="51.487375" lon="-0.013374">
        <ele>0.4</ele>
        <time>2026-04-26T10:31:04Z</time>
      </trkpt>
      <trkpt lat="51.48756" lon="-0.013372">
        <ele>0.2</ele>
        <time>2026-04-26T10:31:10Z</time>
      </trkpt>
      <trkpt lat="51.487763" lon="-0.013396">
        <ele>1</ele>
        <time>2026-04-26T10:31:16Z</time>
      </trkpt>
      <trkpt lat="51.487945" lon="-0.013414">
        <ele>1.6</ele>
        <time>2026-04-26T10:31:21Z</time>
      </trkpt>
      <trkpt lat="51.488093" lon="-0.013423">
        <ele>2.2</ele>
        <time>2026-04-26T10:31:25Z</time>
      </trkpt>
      <trkpt lat="51.48816" lon="-0.013434">
        <ele>2.4</ele>
        <time>2026-04-26T10:31:27Z</time>
      </trkpt>
      <trkpt lat="51.488193" lon="-0.013445">
        <ele>2.6</ele>
        <time>2026-04-26T10:31:28Z</time>
      </trkpt>
      <trkpt lat="51.488376" lon="-0.013514">
        <ele>3.4</ele>
        <time>2026-04-26T10:31:33Z</time>
      </trkpt>
      <trkpt lat="51.48857" lon="-0.013554">
        <ele>3.8</ele>
        <time>2026-04-26T10:31:38Z</time>
      </trkpt>
      <trkpt lat="51.488763" lon="-0.013615">
        <ele>3.4</ele>
        <time>2026-04-26T10:31:43Z</time>
      </trkpt>
      <trkpt lat="51.488932" lon="-0.013717">
        <ele>2.2</ele>
        <time>2026-04-26T10:31:48Z</time>
      </trkpt>
      <trkpt lat="51.489104" lon="-0.013822">
        <ele>1.8</ele>
        <time>2026-04-26T10:31:53Z</time>
      </trkpt>
      <trkpt lat="51.489303" lon="-0.013954">
        <ele>1.8</ele>
        <time>2026-04-26T10:31:59Z</time>
      </trkpt>
      <trkpt lat="51.489478" lon="-0.014058">
        <ele>0.8</ele>
        <time>2026-04-26T10:32:04Z</time>
      </trkpt>
      <trkpt lat="51.489689" lon="-0.014128">
        <ele>0.2</ele>
        <time>2026-04-26T10:32:10Z</time>
      </trkpt>
      <trkpt lat="51.489905" lon="-0.014144">
        <ele>1.4</ele>
        <time>2026-04-26T10:32:16Z</time>
      </trkpt>
      <trkpt lat="51.490111" lon="-0.014157">
        <ele>4</ele>
        <time>2026-04-26T10:32:22Z</time>
      </trkpt>
      <trkpt lat="51.490303" lon="-0.014236">
        <ele>6</ele>
        <time>2026-04-26T10:32:28Z</time>
      </trkpt>
      <trkpt lat="51.490495" lon="-0.014337">
        <ele>5.2</ele>
        <time>2026-04-26T10:32:34Z</time>
      </trkpt>
      <trkpt lat="51.490694" lon="-0.014457">
        <ele>4</ele>
        <time>2026-04-26T10:32:40Z</time>
      </trkpt>
      <trkpt lat="51.490895" lon="-0.014528">
        <ele>3</ele>
        <time>2026-04-26T10:32:46Z</time>
      </trkpt>
      <trkpt lat="51.491004" lon="-0.014562">
        <ele>2</ele>
        <time>2026-04-26T10:32:49Z</time>
      </trkpt>
      <trkpt lat="51.491206" lon="-0.014644">
        <ele>1.4</ele>
        <time>2026-04-26T10:32:55Z</time>
      </trkpt>
      <trkpt lat="51.491414" lon="-0.014642">
        <ele>2</ele>
        <time>2026-04-26T10:33:00Z</time>
      </trkpt>
      <trkpt lat="51.491611" lon="-0.014606">
        <ele>2</ele>
        <time>2026-04-26T10:33:05Z</time>
      </trkpt>
      <trkpt lat="51.491798" lon="-0.014564">
        <ele>3</ele>
        <time>2026-04-26T10:33:10Z</time>
      </trkpt>
      <trkpt lat="51.491981" lon="-0.014525">
        <ele>4.4</ele>
        <time>2026-04-26T10:33:15Z</time>
      </trkpt>
      <trkpt lat="51.492154" lon="-0.0145">
        <ele>5.6</ele>
        <time>2026-04-26T10:33:20Z</time>
      </trkpt>
      <trkpt lat="51.492339" lon="-0.014482">
        <ele>5.6</ele>
        <time>2026-04-26T10:33:26Z</time>
      </trkpt>
      <trkpt lat="51.492537" lon="-0.014505">
        <ele>5.8</ele>
        <time>2026-04-26T10:33:32Z</time>
      </trkpt>
      <trkpt lat="51.492745" lon="-0.014508">
        <ele>5.8</ele>
        <time>2026-04-26T10:33:38Z</time>
      </trkpt>
      <trkpt lat="51.492946" lon="-0.01451">
        <ele>6</ele>
        <time>2026-04-26T10:33:44Z</time>
      </trkpt>
      <trkpt lat="51.49313" lon="-0.014514">
        <ele>6.2</ele>
        <time>2026-04-26T10:33:49Z</time>
      </trkpt>
      <trkpt lat="51.49331" lon="-0.01448">
        <ele>6.4</ele>
        <time>2026-04-26T10:33:54Z</time>
      </trkpt>
      <trkpt lat="51.493515" lon="-0.014443">
        <ele>6.6</ele>
        <time>2026-04-26T10:34:00Z</time>
      </trkpt>
      <trkpt lat="51.493697" lon="-0.014431">
        <ele>7</ele>
        <time>2026-04-26T10:34:05Z</time>
      </trkpt>
      <trkpt lat="51.49388" lon="-0.014418">
        <ele>7.4</ele>
        <time>2026-04-26T10:34:10Z</time>
      </trkpt>
      <trkpt lat="51.494062" lon="-0.014402">
        <ele>8</ele>
        <time>2026-04-26T10:34:15Z</time>
      </trkpt>
      <trkpt lat="51.494274" lon="-0.014365">
        <ele>9</ele>
        <time>2026-04-26T10:34:21Z</time>
      </trkpt>
      <trkpt lat="51.494459" lon="-0.014343">
        <ele>10.4</ele>
        <time>2026-04-26T10:34:27Z</time>
      </trkpt>
      <trkpt lat="51.494672" lon="-0.014305">
        <ele>13.2</ele>
        <time>2026-04-26T10:34:33Z</time>
      </trkpt>
      <trkpt lat="51.494882" lon="-0.014273">
        <ele>14.4</ele>
        <time>2026-04-26T10:34:39Z</time>
      </trkpt>
      <trkpt lat="51.495055" lon="-0.01422">
        <ele>14</ele>
        <time>2026-04-26T10:34:44Z</time>
      </trkpt>
      <trkpt lat="51.495268" lon="-0.014171">
        <ele>12</ele>
        <time>2026-04-26T10:34:50Z</time>
      </trkpt>
      <trkpt lat="51.495481" lon="-0.014135">
        <ele>10.2</ele>
        <time>2026-04-26T10:34:56Z</time>
      </trkpt>
      <trkpt lat="51.49567" lon="-0.01411">
        <ele>9.2</ele>
        <time>2026-04-26T10:35:01Z</time>
      </trkpt>
      <trkpt lat="51.495885" lon="-0.01411">
        <ele>8.4</ele>
        <time>2026-04-26T10:35:07Z</time>
      </trkpt>
      <trkpt lat="51.496094" lon="-0.014132">
        <ele>7.8</ele>
        <time>2026-04-26T10:35:13Z</time>
      </trkpt>
      <trkpt lat="51.496309" lon="-0.014127">
        <ele>7.6</ele>
        <time>2026-04-26T10:35:20Z</time>
      </trkpt>
      <trkpt lat="51.496494" lon="-0.014101">
        <ele>8.6</ele>
        <time>2026-04-26T10:35:26Z</time>
      </trkpt>
      <trkpt lat="51.496708" lon="-0.014152">
        <ele>11.6</ele>
        <time>2026-04-26T10:35:32Z</time>
      </trkpt>
      <trkpt lat="51.496894" lon="-0.014198">
        <ele>14.4</ele>
        <time>2026-04-26T10:35:38Z</time>
      </trkpt>
      <trkpt lat="51.497079" lon="-0.014125">
        <ele>14</ele>
        <time>2026-04-26T10:35:45Z</time>
      </trkpt>
      <trkpt lat="51.497256" lon="-0.014041">
        <ele>13.2</ele>
        <time>2026-04-26T10:35:50Z</time>
      </trkpt>
      <trkpt lat="51.497462" lon="-0.014011">
        <ele>13.8</ele>
        <time>2026-04-26T10:35:58Z</time>
      </trkpt>
      <trkpt lat="51.497651" lon="-0.014018">
        <ele>16.6</ele>
        <time>2026-04-26T10:36:05Z</time>
      </trkpt>
      <trkpt lat="51.497717" lon="-0.013979">
        <ele>17.8</ele>
        <time>2026-04-26T10:36:08Z</time>
      </trkpt>
      <trkpt lat="51.497899" lon="-0.013859">
        <ele>20.6</ele>
        <time>2026-04-26T10:36:14Z</time>
      </trkpt>
      <trkpt lat="51.498106" lon="-0.013788">
        <ele>24.6</ele>
        <time>2026-04-26T10:36:19Z</time>
      </trkpt>
      <trkpt lat="51.498179" lon="-0.013736">
        <ele>25.8</ele>
        <time>2026-04-26T10:36:21Z</time>
      </trkpt>
      <trkpt lat="51.498349" lon="-0.013622">
        <ele>28</ele>
        <time>2026-04-26T10:36:25Z</time>
      </trkpt>
      <trkpt lat="51.498531" lon="-0.013568">
        <ele>27.2</ele>
        <time>2026-04-26T10:36:29Z</time>
      </trkpt>
      <trkpt lat="51.498716" lon="-0.013549">
        <ele>24.2</ele>
        <time>2026-04-26T10:36:34Z</time>
      </trkpt>
      <trkpt lat="51.498884" lon="-0.013743">
        <ele>23</ele>
        <time>2026-04-26T10:36:38Z</time>
      </trkpt>
      <trkpt lat="51.499076" lon="-0.01381">
        <ele>19</ele>
        <time>2026-04-26T10:36:43Z</time>
      </trkpt>
      <trkpt lat="51.499279" lon="-0.013934">
        <ele>15</ele>
        <time>2026-04-26T10:36:49Z</time>
      </trkpt>
      <trkpt lat="51.499475" lon="-0.013963">
        <ele>12.6</ele>
        <time>2026-04-26T10:36:55Z</time>
      </trkpt>
      <trkpt lat="51.499627" lon="-0.014154">
        <ele>12.2</ele>
        <time>2026-04-26T10:37:02Z</time>
      </trkpt>
      <trkpt lat="51.499683" lon="-0.014446">
        <ele>14</ele>
        <time>2026-04-26T10:37:08Z</time>
      </trkpt>
      <trkpt lat="51.499745" lon="-0.014726">
        <ele>15.4</ele>
        <time>2026-04-26T10:37:14Z</time>
      </trkpt>
      <trkpt lat="51.499832" lon="-0.015016">
        <ele>15.2</ele>
        <time>2026-04-26T10:37:20Z</time>
      </trkpt>
      <trkpt lat="51.499889" lon="-0.015334">
        <ele>14.8</ele>
        <time>2026-04-26T10:37:27Z</time>
      </trkpt>
      <trkpt lat="51.49996" lon="-0.015611">
        <ele>14.6</ele>
        <time>2026-04-26T10:37:33Z</time>
      </trkpt>
      <trkpt lat="51.500018" lon="-0.0159">
        <ele>16.4</ele>
        <time>2026-04-26T10:37:39Z</time>
      </trkpt>
      <trkpt lat="51.500067" lon="-0.016182">
        <ele>18.8</ele>
        <time>2026-04-26T10:37:45Z</time>
      </trkpt>
      <trkpt lat="51.500156" lon="-0.016511">
        <ele>22</ele>
        <time>2026-04-26T10:37:51Z</time>
      </trkpt>
      <trkpt lat="51.500269" lon="-0.016845">
        <ele>20.4</ele>
        <time>2026-04-26T10:37:57Z</time>
      </trkpt>
      <trkpt lat="51.500387" lon="-0.017136">
        <ele>15.4</ele>
        <time>2026-04-26T10:38:02Z</time>
      </trkpt>
      <trkpt lat="51.500424" lon="-0.017455">
        <ele>10.6</ele>
        <time>2026-04-26T10:38:08Z</time>
      </trkpt>
      <trkpt lat="51.50043" lon="-0.017788">
        <ele>8</ele>
        <time>2026-04-26T10:38:14Z</time>
      </trkpt>
      <trkpt lat="51.500482" lon="-0.018076">
        <ele>9.2</ele>
        <time>2026-04-26T10:38:20Z</time>
      </trkpt>
      <trkpt lat="51.50045" lon="-0.018398">
        <ele>11.4</ele>
        <time>2026-04-26T10:38:25Z</time>
      </trkpt>
      <trkpt lat="51.500377" lon="-0.018732">
        <ele>13.2</ele>
        <time>2026-04-26T10:38:30Z</time>
      </trkpt>
      <trkpt lat="51.500364" lon="-0.01905">
        <ele>14.8</ele>
        <time>2026-04-26T10:38:35Z</time>
      </trkpt>
      <trkpt lat="51.500342" lon="-0.019338">
        <ele>13.6</ele>
        <time>2026-04-26T10:38:39Z</time>
      </trkpt>
      <trkpt lat="51.500359" lon="-0.019658">
        <ele>13.4</ele>
        <time>2026-04-26T10:38:44Z</time>
      </trkpt>
      <trkpt lat="51.500464" lon="-0.019922">
        <ele>13.4</ele>
        <time>2026-04-26T10:38:50Z</time>
      </trkpt>
      <trkpt lat="51.500569" lon="-0.020198">
        <ele>13.4</ele>
        <time>2026-04-26T10:38:56Z</time>
      </trkpt>
      <trkpt lat="51.500694" lon="-0.020465">
        <ele>10.6</ele>
        <time>2026-04-26T10:39:01Z</time>
      </trkpt>
      <trkpt lat="51.500701" lon="-0.020857">
        <ele>8.4</ele>
        <time>2026-04-26T10:39:06Z</time>
      </trkpt>
      <trkpt lat="51.500684" lon="-0.021232">
        <ele>6.6</ele>
        <time>2026-04-26T10:39:11Z</time>
      </trkpt>
      <trkpt lat="51.500644" lon="-0.0216">
        <ele>5.4</ele>
        <time>2026-04-26T10:39:16Z</time>
      </trkpt>
      <trkpt lat="51.500718" lon="-0.021914">
        <ele>5</ele>
        <time>2026-04-26T10:39:23Z</time>
      </trkpt>
      <trkpt lat="51.500825" lon="-0.022167">
        <ele>6.2</ele>
        <time>2026-04-26T10:39:30Z</time>
      </trkpt>
      <trkpt lat="51.500949" lon="-0.022392">
        <ele>9</ele>
        <time>2026-04-26T10:39:36Z</time>
      </trkpt>
      <trkpt lat="51.501042" lon="-0.022692">
        <ele>14</ele>
        <time>2026-04-26T10:39:42Z</time>
      </trkpt>
      <trkpt lat="51.501074" lon="-0.02289">
        <ele>15.4</ele>
        <time>2026-04-26T10:39:45Z</time>
      </trkpt>
      <trkpt lat="51.501088" lon="-0.023202">
        <ele>15.4</ele>
        <time>2026-04-26T10:39:50Z</time>
      </trkpt>
      <trkpt lat="51.501088" lon="-0.023501">
        <ele>11.4</ele>
        <time>2026-04-26T10:39:56Z</time>
      </trkpt>
      <trkpt lat="51.501173" lon="-0.023775">
        <ele>8.6</ele>
        <time>2026-04-26T10:40:01Z</time>
      </trkpt>
      <trkpt lat="51.501266" lon="-0.024097">
        <ele>7</ele>
        <time>2026-04-26T10:40:05Z</time>
      </trkpt>
      <trkpt lat="51.501402" lon="-0.024283">
        <ele>7.2</ele>
        <time>2026-04-26T10:40:11Z</time>
      </trkpt>
      <trkpt lat="51.501604" lon="-0.024252">
        <ele>8.8</ele>
        <time>2026-04-26T10:40:18Z</time>
      </trkpt>
      <trkpt lat="51.501793" lon="-0.024292">
        <ele>9.6</ele>
        <time>2026-04-26T10:40:23Z</time>
      </trkpt>
      <trkpt lat="51.501989" lon="-0.024431">
        <ele>9</ele>
        <time>2026-04-26T10:40:29Z</time>
      </trkpt>
      <trkpt lat="51.502161" lon="-0.024623">
        <ele>6.4</ele>
        <time>2026-04-26T10:40:34Z</time>
      </trkpt>
      <trkpt lat="51.502329" lon="-0.024755">
        <ele>6.2</ele>
        <time>2026-04-26T10:40:38Z</time>
      </trkpt>
      <trkpt lat="51.502549" lon="-0.02495">
        <ele>5.2</ele>
        <time>2026-04-26T10:40:42Z</time>
      </trkpt>
      <trkpt lat="51.502602" lon="-0.025065">
        <ele>5.6</ele>
        <time>2026-04-26T10:40:43Z</time>
      </trkpt>
      <trkpt lat="51.502689" lon="-0.025241">
        <ele>5.6</ele>
        <time>2026-04-26T10:40:46Z</time>
      </trkpt>
      <trkpt lat="51.502748" lon="-0.025573">
        <ele>9.8</ele>
        <time>2026-04-26T10:40:49Z</time>
      </trkpt>
      <trkpt lat="51.502818" lon="-0.025739">
        <ele>12.4</ele>
        <time>2026-04-26T10:40:53Z</time>
      </trkpt>
      <trkpt lat="51.502989" lon="-0.025882">
        <ele>12.6</ele>
        <time>2026-04-26T10:41:00Z</time>
      </trkpt>
      <trkpt lat="51.503186" lon="-0.025921">
        <ele>10.4</ele>
        <time>2026-04-26T10:41:05Z</time>
      </trkpt>
      <trkpt lat="51.503395" lon="-0.02576">
        <ele>8</ele>
        <time>2026-04-26T10:41:07Z</time>
      </trkpt>
      <trkpt lat="51.503639" lon="-0.025651">
        <ele>7</ele>
        <time>2026-04-26T10:41:12Z</time>
      </trkpt>
      <trkpt lat="51.503748" lon="-0.025458">
        <ele>7</ele>
        <time>2026-04-26T10:41:14Z</time>
      </trkpt>
      <trkpt lat="51.503791" lon="-0.025284">
        <ele>7</ele>
        <time>2026-04-26T10:41:16Z</time>
      </trkpt>
      <trkpt lat="51.503817" lon="-0.025106">
        <ele>6.8</ele>
        <time>2026-04-26T10:41:18Z</time>
      </trkpt>
      <trkpt lat="51.503839" lon="-0.024964">
        <ele>6.4</ele>
        <time>2026-04-26T10:41:20Z</time>
      </trkpt>
      <trkpt lat="51.503848" lon="-0.024653">
        <ele>6.2</ele>
        <time>2026-04-26T10:41:25Z</time>
      </trkpt>
      <trkpt lat="51.503844" lon="-0.02434">
        <ele>7.8</ele>
        <time>2026-04-26T10:41:30Z</time>
      </trkpt>
      <trkpt lat="51.50392" lon="-0.024039">
        <ele>9.4</ele>
        <time>2026-04-26T10:41:35Z</time>
      </trkpt>
      <trkpt lat="51.50394" lon="-0.023704">
        <ele>10.8</ele>
        <time>2026-04-26T10:41:41Z</time>
      </trkpt>
      <trkpt lat="51.503837" lon="-0.023403">
        <ele>10.2</ele>
        <time>2026-04-26T10:41:47Z</time>
      </trkpt>
      <trkpt lat="51.503801" lon="-0.023097">
        <ele>10.4</ele>
        <time>2026-04-26T10:41:55Z</time>
      </trkpt>
      <trkpt lat="51.503785" lon="-0.022772">
        <ele>12.8</ele>
        <time>2026-04-26T10:42:02Z</time>
      </trkpt>
      <trkpt lat="51.503754" lon="-0.022443">
        <ele>13.8</ele>
        <time>2026-04-26T10:42:08Z</time>
      </trkpt>
      <trkpt lat="51.50381" lon="-0.022125">
        <ele>15.2</ele>
        <time>2026-04-26T10:42:12Z</time>
      </trkpt>
      <trkpt lat="51.503873" lon="-0.021817">
        <ele>16.8</ele>
        <time>2026-04-26T10:42:16Z</time>
      </trkpt>
      <trkpt lat="51.503893" lon="-0.021499">
        <ele>16</ele>
        <time>2026-04-26T10:42:21Z</time>
      </trkpt>
      <trkpt lat="51.50396" lon="-0.021173">
        <ele>15.8</ele>
        <time>2026-04-26T10:42:25Z</time>
      </trkpt>
      <trkpt lat="51.503922" lon="-0.020852">
        <ele>17.6</ele>
        <time>2026-04-26T10:42:29Z</time>
      </trkpt>
      <trkpt lat="51.503945" lon="-0.020522">
        <ele>18.8</ele>
        <time>2026-04-26T10:42:38Z</time>
      </trkpt>
      <trkpt lat="51.504367" lon="-0.020082">
        <ele>30</ele>
        <time>2026-04-26T10:42:44Z</time>
      </trkpt>
      <trkpt lat="51.504245" lon="-0.019929">
        <ele>28.6</ele>
        <time>2026-04-26T10:42:48Z</time>
      </trkpt>
      <trkpt lat="51.504022" lon="-0.019804">
        <ele>24</ele>
        <time>2026-04-26T10:42:52Z</time>
      </trkpt>
      <trkpt lat="51.503842" lon="-0.01971">
        <ele>21.2</ele>
        <time>2026-04-26T10:42:57Z</time>
      </trkpt>
      <trkpt lat="51.503846" lon="-0.0194">
        <ele>25</ele>
        <time>2026-04-26T10:43:04Z</time>
      </trkpt>
      <trkpt lat="51.503887" lon="-0.019082">
        <ele>27.8</ele>
        <time>2026-04-26T10:43:09Z</time>
      </trkpt>
      <trkpt lat="51.503899" lon="-0.01876">
        <ele>27.8</ele>
        <time>2026-04-26T10:43:15Z</time>
      </trkpt>
      <trkpt lat="51.503844" lon="-0.01844">
        <ele>29.6</ele>
        <time>2026-04-26T10:43:21Z</time>
      </trkpt>
      <trkpt lat="51.503863" lon="-0.018131">
        <ele>27.2</ele>
        <time>2026-04-26T10:43:26Z</time>
      </trkpt>
      <trkpt lat="51.50386" lon="-0.017798">
        <ele>25.8</ele>
        <time>2026-04-26T10:43:31Z</time>
      </trkpt>
      <trkpt lat="51.503735" lon="-0.017556">
        <ele>25.8</ele>
        <time>2026-04-26T10:43:42Z</time>
      </trkpt>
      <trkpt lat="51.503657" lon="-0.017536">
        <ele>26.2</ele>
        <time>2026-04-26T10:43:45Z</time>
      </trkpt>
      <trkpt lat="51.503506" lon="-0.017663">
        <ele>26.6</ele>
        <time>2026-04-26T10:43:50Z</time>
      </trkpt>
      <trkpt lat="51.503419" lon="-0.017708">
        <ele>25.6</ele>
        <time>2026-04-26T10:44:04Z</time>
      </trkpt>
      <trkpt lat="51.503605" lon="-0.01767">
        <ele>28.2</ele>
        <time>2026-04-26T10:44:12Z</time>
      </trkpt>
      <trkpt lat="51.503687" lon="-0.017687">
        <ele>28</ele>
        <time>2026-04-26T10:44:15Z</time>
      </trkpt>
      <trkpt lat="51.503879" lon="-0.017834">
        <ele>25.4</ele>
        <time>2026-04-26T10:44:19Z</time>
      </trkpt>
      <trkpt lat="51.504072" lon="-0.017897">
        <ele>21.6</ele>
        <time>2026-04-26T10:44:24Z</time>
      </trkpt>
      <trkpt lat="51.504314" lon="-0.018023">
        <ele>18.4</ele>
        <time>2026-04-26T10:44:33Z</time>
      </trkpt>
      <trkpt lat="51.504451" lon="-0.017978">
        <ele>17.6</ele>
        <time>2026-04-26T10:44:40Z</time>
      </trkpt>
      <trkpt lat="51.504407" lon="-0.017637">
        <ele>14.6</ele>
        <time>2026-04-26T10:44:46Z</time>
      </trkpt>
      <trkpt lat="51.504427" lon="-0.017306">
        <ele>13</ele>
        <time>2026-04-26T10:44:51Z</time>
      </trkpt>
      <trkpt lat="51.504503" lon="-0.017008">
        <ele>13</ele>
        <time>2026-04-26T10:44:56Z</time>
      </trkpt>
      <trkpt lat="51.504595" lon="-0.016698">
        <ele>12.2</ele>
        <time>2026-04-26T10:45:03Z</time>
      </trkpt>
      <trkpt lat="51.504578" lon="-0.016359">
        <ele>8.2</ele>
        <time>2026-04-26T10:45:09Z</time>
      </trkpt>
      <trkpt lat="51.504572" lon="-0.016066">
        <ele>6.2</ele>
        <time>2026-04-26T10:45:12Z</time>
      </trkpt>
      <trkpt lat="51.504515" lon="-0.01579">
        <ele>4.6</ele>
        <time>2026-04-26T10:45:16Z</time>
      </trkpt>
      <trkpt lat="51.504472" lon="-0.015578">
        <ele>4.2</ele>
        <time>2026-04-26T10:45:20Z</time>
      </trkpt>
      <trkpt lat="51.504496" lon="-0.01533">
        <ele>5</ele>
        <time>2026-04-26T10:45:24Z</time>
      </trkpt>
      <trkpt lat="51.504618" lon="-0.01499">
        <ele>5.8</ele>
        <time>2026-04-26T10:45:33Z</time>
      </trkpt>
      <trkpt lat="51.504645" lon="-0.014934">
        <ele>6</ele>
        <time>2026-04-26T10:45:35Z</time>
      </trkpt>
      <trkpt lat="51.50466" lon="-0.0148">
        <ele>6.6</ele>
        <time>2026-04-26T10:45:38Z</time>
      </trkpt>
      <trkpt lat="51.504626" lon="-0.014712">
        <ele>7.2</ele>
        <time>2026-04-26T10:45:41Z</time>
      </trkpt>
      <trkpt lat="51.504546" lon="-0.014823">
        <ele>7.4</ele>
        <time>2026-04-26T10:45:44Z</time>
      </trkpt>
      <trkpt lat="51.50438" lon="-0.015062">
        <ele>6.6</ele>
        <time>2026-04-26T10:45:48Z</time>
      </trkpt>
      <trkpt lat="51.50421" lon="-0.015253">
        <ele>5.2</ele>
        <time>2026-04-26T10:45:52Z</time>
      </trkpt>
      <trkpt lat="51.504078" lon="-0.015512">
        <ele>3.4</ele>
        <time>2026-04-26T10:45:56Z</time>
      </trkpt>
      <trkpt lat="51.503953" lon="-0.015571">
        <ele>2.6</ele>
        <time>2026-04-26T10:46:06Z</time>
      </trkpt>
      <trkpt lat="51.503766" lon="-0.015514">
        <ele>3.2</ele>
        <time>2026-04-26T10:46:11Z</time>
      </trkpt>
      <trkpt lat="51.503553" lon="-0.015544">
        <ele>3.8</ele>
        <time>2026-04-26T10:46:16Z</time>
      </trkpt>
      <trkpt lat="51.503362" lon="-0.015535">
        <ele>4</ele>
        <time>2026-04-26T10:46:21Z</time>
      </trkpt>
      <trkpt lat="51.503164" lon="-0.015586">
        <ele>4</ele>
        <time>2026-04-26T10:46:26Z</time>
      </trkpt>
      <trkpt lat="51.503046" lon="-0.015569">
        <ele>4</ele>
        <time>2026-04-26T10:46:30Z</time>
      </trkpt>
      <trkpt lat="51.503008" lon="-0.015268">
        <ele>4.6</ele>
        <time>2026-04-26T10:46:39Z</time>
      </trkpt>
      <trkpt lat="51.503061" lon="-0.014936">
        <ele>6.4</ele>
        <time>2026-04-26T10:46:45Z</time>
      </trkpt>
      <trkpt lat="51.503069" lon="-0.014879">
        <ele>7</ele>
        <time>2026-04-26T10:46:46Z</time>
      </trkpt>
      <trkpt lat="51.503141" lon="-0.014566">
        <ele>7.2</ele>
        <time>2026-04-26T10:46:52Z</time>
      </trkpt>
      <trkpt lat="51.503159" lon="-0.014238">
        <ele>4.8</ele>
        <time>2026-04-26T10:46:58Z</time>
      </trkpt>
      <trkpt lat="51.503117" lon="-0.01395">
        <ele>4</ele>
        <time>2026-04-26T10:47:03Z</time>
      </trkpt>
      <trkpt lat="51.503019" lon="-0.013736">
        <ele>3.2</ele>
        <time>2026-04-26T10:47:10Z</time>
      </trkpt>
      <trkpt lat="51.50283" lon="-0.013761">
        <ele>3.8</ele>
        <time>2026-04-26T10:47:12Z</time>
      </trkpt>
      <trkpt lat="51.502622" lon="-0.013792">
        <ele>4</ele>
        <time>2026-04-26T10:47:16Z</time>
      </trkpt>
      <trkpt lat="51.502446" lon="-0.013851">
        <ele>4.6</ele>
        <time>2026-04-26T10:47:20Z</time>
      </trkpt>
      <trkpt lat="51.502415" lon="-0.013854">
        <ele>5</ele>
        <time>2026-04-26T10:47:24Z</time>
      </trkpt>
      <trkpt lat="51.502459" lon="-0.013698">
        <ele>4.8</ele>
        <time>2026-04-26T10:47:28Z</time>
      </trkpt>
      <trkpt lat="51.502496" lon="-0.013569">
        <ele>4.8</ele>
        <time>2026-04-26T10:47:32Z</time>
      </trkpt>
      <trkpt lat="51.502544" lon="-0.013292">
        <ele>4.8</ele>
        <time>2026-04-26T10:47:37Z</time>
      </trkpt>
      <trkpt lat="51.502678" lon="-0.01306">
        <ele>4.8</ele>
        <time>2026-04-26T10:47:45Z</time>
      </trkpt>
      <trkpt lat="51.502845" lon="-0.012892">
        <ele>5.2</ele>
        <time>2026-04-26T10:47:53Z</time>
      </trkpt>
      <trkpt lat="51.502985" lon="-0.012675">
        <ele>5.8</ele>
        <time>2026-04-26T10:48:02Z</time>
      </trkpt>
      <trkpt lat="51.503166" lon="-0.01253">
        <ele>6.4</ele>
        <time>2026-04-26T10:48:08Z</time>
      </trkpt>
      <trkpt lat="51.503375" lon="-0.012502">
        <ele>6.6</ele>
        <time>2026-04-26T10:48:12Z</time>
      </trkpt>
      <trkpt lat="51.50359" lon="-0.012471">
        <ele>7.6</ele>
        <time>2026-04-26T10:48:18Z</time>
      </trkpt>
      <trkpt lat="51.50373" lon="-0.012382">
        <ele>7.6</ele>
        <time>2026-04-26T10:48:24Z</time>
      </trkpt>
      <trkpt lat="51.503875" lon="-0.01253">
        <ele>7</ele>
        <time>2026-04-26T10:48:32Z</time>
      </trkpt>
      <trkpt lat="51.503899" lon="-0.012818">
        <ele>7</ele>
        <time>2026-04-26T10:48:38Z</time>
      </trkpt>
      <trkpt lat="51.503954" lon="-0.013192">
        <ele>7.2</ele>
        <time>2026-04-26T10:48:45Z</time>
      </trkpt>
      <trkpt lat="51.504148" lon="-0.013111">
        <ele>7.6</ele>
        <time>2026-04-26T10:48:48Z</time>
      </trkpt>
      <trkpt lat="51.504344" lon="-0.012955">
        <ele>7.2</ele>
        <time>2026-04-26T10:48:51Z</time>
      </trkpt>
      <trkpt lat="51.504522" lon="-0.012769">
        <ele>5.4</ele>
        <time>2026-04-26T10:48:55Z</time>
      </trkpt>
      <trkpt lat="51.50467" lon="-0.012538">
        <ele>3</ele>
        <time>2026-04-26T10:48:59Z</time>
      </trkpt>
      <trkpt lat="51.504846" lon="-0.012347">
        <ele>1.6</ele>
        <time>2026-04-26T10:49:03Z</time>
      </trkpt>
      <trkpt lat="51.505007" lon="-0.012166">
        <ele>1.6</ele>
        <time>2026-04-26T10:49:08Z</time>
      </trkpt>
      <trkpt lat="51.505164" lon="-0.011952">
        <ele>1.8</ele>
        <time>2026-04-26T10:49:15Z</time>
      </trkpt>
      <trkpt lat="51.50529" lon="-0.011695">
        <ele>2.4</ele>
        <time>2026-04-26T10:49:21Z</time>
      </trkpt>
      <trkpt lat="51.505416" lon="-0.011434">
        <ele>2.8</ele>
        <time>2026-04-26T10:49:27Z</time>
      </trkpt>
      <trkpt lat="51.505566" lon="-0.011205">
        <ele>3.4</ele>
        <time>2026-04-26T10:49:33Z</time>
      </trkpt>
      <trkpt lat="51.505725" lon="-0.010996">
        <ele>5.2</ele>
        <time>2026-04-26T10:49:39Z</time>
      </trkpt>
      <trkpt lat="51.505887" lon="-0.010822">
        <ele>6.4</ele>
        <time>2026-04-26T10:49:45Z</time>
      </trkpt>
      <trkpt lat="51.506072" lon="-0.010709">
        <ele>8.6</ele>
        <time>2026-04-26T10:49:51Z</time>
      </trkpt>
      <trkpt lat="51.50627" lon="-0.010609">
        <ele>9</ele>
        <time>2026-04-26T10:49:57Z</time>
      </trkpt>
      <trkpt lat="51.506468" lon="-0.010539">
        <ele>8.4</ele>
        <time>2026-04-26T10:50:03Z</time>
      </trkpt>
      <trkpt lat="51.50665" lon="-0.010492">
        <ele>7.4</ele>
        <time>2026-04-26T10:50:08Z</time>
      </trkpt>
      <trkpt lat="51.506734" lon="-0.01018">
        <ele>5.4</ele>
        <time>2026-04-26T10:50:14Z</time>
      </trkpt>
      <trkpt lat="51.506746" lon="-0.009945">
        <ele>5.8</ele>
        <time>2026-04-26T10:50:18Z</time>
      </trkpt>
      <trkpt lat="51.506775" lon="-0.009636">
        <ele>7</ele>
        <time>2026-04-26T10:50:24Z</time>
      </trkpt>
      <trkpt lat="51.50684" lon="-0.009303">
        <ele>8</ele>
        <time>2026-04-26T10:50:29Z</time>
      </trkpt>
      <trkpt lat="51.506965" lon="-0.009009">
        <ele>8.8</ele>
        <time>2026-04-26T10:50:34Z</time>
      </trkpt>
      <trkpt lat="51.507082" lon="-0.008728">
        <ele>5.2</ele>
        <time>2026-04-26T10:50:39Z</time>
      </trkpt>
      <trkpt lat="51.507167" lon="-0.008535">
        <ele>2.8</ele>
        <time>2026-04-26T10:50:43Z</time>
      </trkpt>
      <trkpt lat="51.507277" lon="-0.008245">
        <ele>0.4</ele>
        <time>2026-04-26T10:50:49Z</time>
      </trkpt>
      <trkpt lat="51.507371" lon="-0.007953">
        <ele>-0.4</ele>
        <time>2026-04-26T10:50:55Z</time>
      </trkpt>
      <trkpt lat="51.507468" lon="-0.007743">
        <ele>0.6</ele>
        <time>2026-04-26T10:51:00Z</time>
      </trkpt>
      <trkpt lat="51.507653" lon="-0.007627">
        <ele>2</ele>
        <time>2026-04-26T10:51:08Z</time>
      </trkpt>
      <trkpt lat="51.507792" lon="-0.007809">
        <ele>2.4</ele>
        <time>2026-04-26T10:51:15Z</time>
      </trkpt>
      <trkpt lat="51.507944" lon="-0.007976">
        <ele>2.8</ele>
        <time>2026-04-26T10:51:21Z</time>
      </trkpt>
      <trkpt lat="51.50808" lon="-0.008196">
        <ele>3</ele>
        <time>2026-04-26T10:51:26Z</time>
      </trkpt>
      <trkpt lat="51.508173" lon="-0.008491">
        <ele>2.4</ele>
        <time>2026-04-26T10:51:31Z</time>
      </trkpt>
      <trkpt lat="51.508235" lon="-0.008721">
        <ele>0.6</ele>
        <time>2026-04-26T10:51:35Z</time>
      </trkpt>
      <trkpt lat="51.508405" lon="-0.008908">
        <ele>0.2</ele>
        <time>2026-04-26T10:51:41Z</time>
      </trkpt>
      <trkpt lat="51.508582" lon="-0.008992">
        <ele>0.2</ele>
        <time>2026-04-26T10:51:47Z</time>
      </trkpt>
      <trkpt lat="51.508742" lon="-0.009179">
        <ele>0.4</ele>
        <time>2026-04-26T10:51:53Z</time>
      </trkpt>
      <trkpt lat="51.508807" lon="-0.009494">
        <ele>2</ele>
        <time>2026-04-26T10:51:59Z</time>
      </trkpt>
      <trkpt lat="51.508805" lon="-0.009826">
        <ele>2.6</ele>
        <time>2026-04-26T10:52:05Z</time>
      </trkpt>
      <trkpt lat="51.508795" lon="-0.010117">
        <ele>3.6</ele>
        <time>2026-04-26T10:52:10Z</time>
      </trkpt>
      <trkpt lat="51.508787" lon="-0.010419">
        <ele>3.6</ele>
        <time>2026-04-26T10:52:15Z</time>
      </trkpt>
      <trkpt lat="51.50877" lon="-0.010763">
        <ele>3.4</ele>
        <time>2026-04-26T10:52:21Z</time>
      </trkpt>
      <trkpt lat="51.508768" lon="-0.011111">
        <ele>4.4</ele>
        <time>2026-04-26T10:52:27Z</time>
      </trkpt>
      <trkpt lat="51.508779" lon="-0.011433">
        <ele>4.8</ele>
        <time>2026-04-26T10:52:33Z</time>
      </trkpt>
      <trkpt lat="51.508765" lon="-0.011723">
        <ele>4.4</ele>
        <time>2026-04-26T10:52:39Z</time>
      </trkpt>
      <trkpt lat="51.50879" lon="-0.012024">
        <ele>4.4</ele>
        <time>2026-04-26T10:52:45Z</time>
      </trkpt>
      <trkpt lat="51.508833" lon="-0.012323">
        <ele>5</ele>
        <time>2026-04-26T10:52:50Z</time>
      </trkpt>
      <trkpt lat="51.508855" lon="-0.01263">
        <ele>7</ele>
        <time>2026-04-26T10:52:55Z</time>
      </trkpt>
      <trkpt lat="51.508851" lon="-0.012955">
        <ele>7.2</ele>
        <time>2026-04-26T10:53:01Z</time>
      </trkpt>
      <trkpt lat="51.50882" lon="-0.013264">
        <ele>8</ele>
        <time>2026-04-26T10:53:07Z</time>
      </trkpt>
      <trkpt lat="51.508808" lon="-0.013606">
        <ele>8.2</ele>
        <time>2026-04-26T10:53:13Z</time>
      </trkpt>
      <trkpt lat="51.508811" lon="-0.013912">
        <ele>8.4</ele>
        <time>2026-04-26T10:53:18Z</time>
      </trkpt>
      <trkpt lat="51.508816" lon="-0.014251">
        <ele>8.8</ele>
        <time>2026-04-26T10:53:24Z</time>
      </trkpt>
      <trkpt lat="51.508829" lon="-0.014542">
        <ele>9.8</ele>
        <time>2026-04-26T10:53:29Z</time>
      </trkpt>
      <trkpt lat="51.508829" lon="-0.014596">
        <ele>10</ele>
        <time>2026-04-26T10:53:30Z</time>
      </trkpt>
      <trkpt lat="51.508841" lon="-0.014888">
        <ele>9.8</ele>
        <time>2026-04-26T10:53:35Z</time>
      </trkpt>
      <trkpt lat="51.508849" lon="-0.015226">
        <ele>9.2</ele>
        <time>2026-04-26T10:53:41Z</time>
      </trkpt>
      <trkpt lat="51.508847" lon="-0.015524">
        <ele>8.6</ele>
        <time>2026-04-26T10:53:46Z</time>
      </trkpt>
      <trkpt lat="51.508847" lon="-0.015588">
        <ele>8.6</ele>
        <time>2026-04-26T10:53:47Z</time>
      </trkpt>
      <trkpt lat="51.508868" lon="-0.015817">
        <ele>8.8</ele>
        <time>2026-04-26T10:53:51Z</time>
      </trkpt>
      <trkpt lat="51.508901" lon="-0.016138">
        <ele>8.4</ele>
        <time>2026-04-26T10:53:57Z</time>
      </trkpt>
      <trkpt lat="51.508915" lon="-0.016435">
        <ele>7.6</ele>
        <time>2026-04-26T10:54:03Z</time>
      </trkpt>
      <trkpt lat="51.508897" lon="-0.016758">
        <ele>7</ele>
        <time>2026-04-26T10:54:09Z</time>
      </trkpt>
      <trkpt lat="51.508894" lon="-0.017054">
        <ele>6.2</ele>
        <time>2026-04-26T10:54:14Z</time>
      </trkpt>
      <trkpt lat="51.508878" lon="-0.017363">
        <ele>6</ele>
        <time>2026-04-26T10:54:19Z</time>
      </trkpt>
      <trkpt lat="51.508866" lon="-0.017709">
        <ele>5</ele>
        <time>2026-04-26T10:54:25Z</time>
      </trkpt>
      <trkpt lat="51.508904" lon="-0.018">
        <ele>5</ele>
        <time>2026-04-26T10:54:30Z</time>
      </trkpt>
      <trkpt lat="51.508978" lon="-0.018326">
        <ele>4.8</ele>
        <time>2026-04-26T10:54:36Z</time>
      </trkpt>
      <trkpt lat="51.509016" lon="-0.018613">
        <ele>5</ele>
        <time>2026-04-26T10:54:41Z</time>
      </trkpt>
      <trkpt lat="51.509097" lon="-0.018896">
        <ele>4</ele>
        <time>2026-04-26T10:54:46Z</time>
      </trkpt>
      <trkpt lat="51.509155" lon="-0.019193">
        <ele>4.8</ele>
        <time>2026-04-26T10:54:51Z</time>
      </trkpt>
      <trkpt lat="51.5092" lon="-0.019511">
        <ele>6.4</ele>
        <time>2026-04-26T10:54:56Z</time>
      </trkpt>
      <trkpt lat="51.509238" lon="-0.019816">
        <ele>6.8</ele>
        <time>2026-04-26T10:55:01Z</time>
      </trkpt>
      <trkpt lat="51.509275" lon="-0.020158">
        <ele>6.6</ele>
        <time>2026-04-26T10:55:07Z</time>
      </trkpt>
      <trkpt lat="51.509308" lon="-0.020484">
        <ele>6</ele>
        <time>2026-04-26T10:55:13Z</time>
      </trkpt>
      <trkpt lat="51.509322" lon="-0.020714">
        <ele>5.4</ele>
        <time>2026-04-26T10:55:17Z</time>
      </trkpt>
      <trkpt lat="51.509325" lon="-0.02106">
        <ele>5.4</ele>
        <time>2026-04-26T10:55:23Z</time>
      </trkpt>
      <trkpt lat="51.509297" lon="-0.021394">
        <ele>5</ele>
        <time>2026-04-26T10:55:29Z</time>
      </trkpt>
      <trkpt lat="51.509223" lon="-0.021692">
        <ele>4.2</ele>
        <time>2026-04-26T10:55:35Z</time>
      </trkpt>
      <trkpt lat="51.509168" lon="-0.021967">
        <ele>4</ele>
        <time>2026-04-26T10:55:40Z</time>
      </trkpt>
      <trkpt lat="51.509141" lon="-0.022188">
        <ele>4.6</ele>
        <time>2026-04-26T10:55:44Z</time>
      </trkpt>
      <trkpt lat="51.509085" lon="-0.022512">
        <ele>5.8</ele>
        <time>2026-04-26T10:55:50Z</time>
      </trkpt>
      <trkpt lat="51.509039" lon="-0.022851">
        <ele>6.8</ele>
        <time>2026-04-26T10:55:56Z</time>
      </trkpt>
      <trkpt lat="51.508998" lon="-0.02315">
        <ele>7</ele>
        <time>2026-04-26T10:56:01Z</time>
      </trkpt>
      <trkpt lat="51.50896" lon="-0.023438">
        <ele>6.2</ele>
        <time>2026-04-26T10:56:06Z</time>
      </trkpt>
      <trkpt lat="51.508924" lon="-0.023723">
        <ele>5.2</ele>
        <time>2026-04-26T10:56:11Z</time>
      </trkpt>
      <trkpt lat="51.508945" lon="-0.024014">
        <ele>4.2</ele>
        <time>2026-04-26T10:56:16Z</time>
      </trkpt>
      <trkpt lat="51.509028" lon="-0.024283">
        <ele>4.4</ele>
        <time>2026-04-26T10:56:21Z</time>
      </trkpt>
      <trkpt lat="51.509122" lon="-0.024544">
        <ele>5</ele>
        <time>2026-04-26T10:56:26Z</time>
      </trkpt>
      <trkpt lat="51.509237" lon="-0.024776">
        <ele>4.8</ele>
        <time>2026-04-26T10:56:31Z</time>
      </trkpt>
      <trkpt lat="51.509386" lon="-0.025013">
        <ele>5.2</ele>
        <time>2026-04-26T10:56:37Z</time>
      </trkpt>
      <trkpt lat="51.509537" lon="-0.025234">
        <ele>5.4</ele>
        <time>2026-04-26T10:56:43Z</time>
      </trkpt>
      <trkpt lat="51.509618" lon="-0.025382">
        <ele>5.4</ele>
        <time>2026-04-26T10:56:47Z</time>
      </trkpt>
      <trkpt lat="51.509702" lon="-0.025688">
        <ele>4.8</ele>
        <time>2026-04-26T10:56:53Z</time>
      </trkpt>
      <trkpt lat="51.509816" lon="-0.025927">
        <ele>5.8</ele>
        <time>2026-04-26T10:56:58Z</time>
      </trkpt>
      <trkpt lat="51.509972" lon="-0.026152">
        <ele>6.2</ele>
        <time>2026-04-26T10:57:04Z</time>
      </trkpt>
      <trkpt lat="51.510081" lon="-0.02629">
        <ele>6.6</ele>
        <time>2026-04-26T10:57:08Z</time>
      </trkpt>
      <trkpt lat="51.510233" lon="-0.026502">
        <ele>7</ele>
        <time>2026-04-26T10:57:14Z</time>
      </trkpt>
      <trkpt lat="51.510384" lon="-0.026737">
        <ele>8</ele>
        <time>2026-04-26T10:57:21Z</time>
      </trkpt>
      <trkpt lat="51.510542" lon="-0.026939">
        <ele>8.8</ele>
        <time>2026-04-26T10:57:27Z</time>
      </trkpt>
      <trkpt lat="51.510705" lon="-0.027139">
        <ele>8.8</ele>
        <time>2026-04-26T10:57:33Z</time>
      </trkpt>
      <trkpt lat="51.510867" lon="-0.027362">
        <ele>8.8</ele>
        <time>2026-04-26T10:57:39Z</time>
      </trkpt>
      <trkpt lat="51.511015" lon="-0.027552">
        <ele>8.6</ele>
        <time>2026-04-26T10:57:44Z</time>
      </trkpt>
      <trkpt lat="51.511077" lon="-0.027617">
        <ele>8.8</ele>
        <time>2026-04-26T10:57:46Z</time>
      </trkpt>
      <trkpt lat="51.511224" lon="-0.027839">
        <ele>9</ele>
        <time>2026-04-26T10:57:52Z</time>
      </trkpt>
      <trkpt lat="51.511377" lon="-0.02806">
        <ele>8.2</ele>
        <time>2026-04-26T10:57:58Z</time>
      </trkpt>
      <trkpt lat="51.511542" lon="-0.028264">
        <ele>6.4</ele>
        <time>2026-04-26T10:58:04Z</time>
      </trkpt>
      <trkpt lat="51.511679" lon="-0.028496">
        <ele>6</ele>
        <time>2026-04-26T10:58:10Z</time>
      </trkpt>
      <trkpt lat="51.511842" lon="-0.028738">
        <ele>7.4</ele>
        <time>2026-04-26T10:58:16Z</time>
      </trkpt>
      <trkpt lat="51.511975" lon="-0.028934">
        <ele>8.6</ele>
        <time>2026-04-26T10:58:21Z</time>
      </trkpt>
      <trkpt lat="51.512105" lon="-0.029187">
        <ele>9.4</ele>
        <time>2026-04-26T10:58:27Z</time>
      </trkpt>
      <trkpt lat="51.512226" lon="-0.029466">
        <ele>9.6</ele>
        <time>2026-04-26T10:58:33Z</time>
      </trkpt>
      <trkpt lat="51.512312" lon="-0.029742">
        <ele>10.2</ele>
        <time>2026-04-26T10:58:39Z</time>
      </trkpt>
      <trkpt lat="51.512365" lon="-0.030021">
        <ele>12</ele>
        <time>2026-04-26T10:58:45Z</time>
      </trkpt>
      <trkpt lat="51.512397" lon="-0.030353">
        <ele>11.8</ele>
        <time>2026-04-26T10:58:52Z</time>
      </trkpt>
      <trkpt lat="51.512378" lon="-0.030578">
        <ele>10.8</ele>
        <time>2026-04-26T10:58:56Z</time>
      </trkpt>
      <trkpt lat="51.51232" lon="-0.030852">
        <ele>9</ele>
        <time>2026-04-26T10:59:01Z</time>
      </trkpt>
      <trkpt lat="51.51228" lon="-0.031136">
        <ele>7.4</ele>
        <time>2026-04-26T10:59:06Z</time>
      </trkpt>
      <trkpt lat="51.512257" lon="-0.031478">
        <ele>6.8</ele>
        <time>2026-04-26T10:59:12Z</time>
      </trkpt>
      <trkpt lat="51.512276" lon="-0.031791">
        <ele>8.2</ele>
        <time>2026-04-26T10:59:17Z</time>
      </trkpt>
      <trkpt lat="51.512318" lon="-0.032075">
        <ele>10.8</ele>
        <time>2026-04-26T10:59:22Z</time>
      </trkpt>
      <trkpt lat="51.512337" lon="-0.032401">
        <ele>12.8</ele>
        <time>2026-04-26T10:59:28Z</time>
      </trkpt>
      <trkpt lat="51.512348" lon="-0.032717">
        <ele>12</ele>
        <time>2026-04-26T10:59:34Z</time>
      </trkpt>
      <trkpt lat="51.512361" lon="-0.033011">
        <ele>9.6</ele>
        <time>2026-04-26T10:59:39Z</time>
      </trkpt>
      <trkpt lat="51.512379" lon="-0.033319">
        <ele>8.4</ele>
        <time>2026-04-26T10:59:45Z</time>
      </trkpt>
      <trkpt lat="51.512378" lon="-0.033619">
        <ele>8.4</ele>
        <time>2026-04-26T10:59:50Z</time>
      </trkpt>
      <trkpt lat="51.512404" lon="-0.033957">
        <ele>10.4</ele>
        <time>2026-04-26T10:59:56Z</time>
      </trkpt>
      <trkpt lat="51.51242" lon="-0.034248">
        <ele>11.2</ele>
        <time>2026-04-26T11:00:01Z</time>
      </trkpt>
      <trkpt lat="51.512467" lon="-0.034542">
        <ele>11</ele>
        <time>2026-04-26T11:00:07Z</time>
      </trkpt>
      <trkpt lat="51.512484" lon="-0.034831">
        <ele>10</ele>
        <time>2026-04-26T11:00:13Z</time>
      </trkpt>
      <trkpt lat="51.512505" lon="-0.035131">
        <ele>9</ele>
        <time>2026-04-26T11:00:19Z</time>
      </trkpt>
      <trkpt lat="51.51253" lon="-0.03542">
        <ele>9.2</ele>
        <time>2026-04-26T11:00:24Z</time>
      </trkpt>
      <trkpt lat="51.512537" lon="-0.035721">
        <ele>8.2</ele>
        <time>2026-04-26T11:00:29Z</time>
      </trkpt>
      <trkpt lat="51.512539" lon="-0.036026">
        <ele>8</ele>
        <time>2026-04-26T11:00:34Z</time>
      </trkpt>
      <trkpt lat="51.512544" lon="-0.036275">
        <ele>7</ele>
        <time>2026-04-26T11:00:38Z</time>
      </trkpt>
      <trkpt lat="51.512567" lon="-0.036602">
        <ele>6</ele>
        <time>2026-04-26T11:00:44Z</time>
      </trkpt>
      <trkpt lat="51.512613" lon="-0.036906">
        <ele>5.4</ele>
        <time>2026-04-26T11:00:50Z</time>
      </trkpt>
      <trkpt lat="51.512605" lon="-0.036953">
        <ele>5.4</ele>
        <time>2026-04-26T11:00:51Z</time>
      </trkpt>
      <trkpt lat="51.512581" lon="-0.037121">
        <ele>5.6</ele>
        <time>2026-04-26T11:00:54Z</time>
      </trkpt>
      <trkpt lat="51.512597" lon="-0.03743">
        <ele>5.6</ele>
        <time>2026-04-26T11:00:59Z</time>
      </trkpt>
      <trkpt lat="51.512603" lon="-0.037723">
        <ele>6</ele>
        <time>2026-04-26T11:01:04Z</time>
      </trkpt>
      <trkpt lat="51.512623" lon="-0.038026">
        <ele>7</ele>
        <time>2026-04-26T11:01:09Z</time>
      </trkpt>
      <trkpt lat="51.512643" lon="-0.038329">
        <ele>8</ele>
        <time>2026-04-26T11:01:14Z</time>
      </trkpt>
      <trkpt lat="51.512633" lon="-0.038634">
        <ele>9.4</ele>
        <time>2026-04-26T11:01:19Z</time>
      </trkpt>
      <trkpt lat="51.512667" lon="-0.038934">
        <ele>11.2</ele>
        <time>2026-04-26T11:01:24Z</time>
      </trkpt>
      <trkpt lat="51.512669" lon="-0.039225">
        <ele>12.6</ele>
        <time>2026-04-26T11:01:29Z</time>
      </trkpt>
      <trkpt lat="51.512713" lon="-0.039514">
        <ele>13.8</ele>
        <time>2026-04-26T11:01:35Z</time>
      </trkpt>
      <trkpt lat="51.512737" lon="-0.039844">
        <ele>14.8</ele>
        <time>2026-04-26T11:01:41Z</time>
      </trkpt>
      <trkpt lat="51.512726" lon="-0.040148">
        <ele>14.8</ele>
        <time>2026-04-26T11:01:46Z</time>
      </trkpt>
      <trkpt lat="51.512724" lon="-0.040264">
        <ele>14.8</ele>
        <time>2026-04-26T11:01:48Z</time>
      </trkpt>
      <trkpt lat="51.512721" lon="-0.040443">
        <ele>14.8</ele>
        <time>2026-04-26T11:01:51Z</time>
      </trkpt>
      <trkpt lat="51.512736" lon="-0.040735">
        <ele>13.8</ele>
        <time>2026-04-26T11:01:56Z</time>
      </trkpt>
      <trkpt lat="51.512757" lon="-0.041033">
        <ele>13</ele>
        <time>2026-04-26T11:02:01Z</time>
      </trkpt>
      <trkpt lat="51.51264" lon="-0.04127">
        <ele>12.4</ele>
        <time>2026-04-26T11:02:07Z</time>
      </trkpt>
      <trkpt lat="51.51245" lon="-0.041387">
        <ele>11.4</ele>
        <time>2026-04-26T11:02:13Z</time>
      </trkpt>
      <trkpt lat="51.512328" lon="-0.041471">
        <ele>10.6</ele>
        <time>2026-04-26T11:02:18Z</time>
      </trkpt>
      <trkpt lat="51.512128" lon="-0.041556">
        <ele>9</ele>
        <time>2026-04-26T11:02:23Z</time>
      </trkpt>
      <trkpt lat="51.511953" lon="-0.041707">
        <ele>7</ele>
        <time>2026-04-26T11:02:28Z</time>
      </trkpt>
      <trkpt lat="51.511782" lon="-0.041822">
        <ele>7</ele>
        <time>2026-04-26T11:02:33Z</time>
      </trkpt>
      <trkpt lat="51.511594" lon="-0.041937">
        <ele>7.8</ele>
        <time>2026-04-26T11:02:39Z</time>
      </trkpt>
      <trkpt lat="51.511405" lon="-0.042002">
        <ele>8.6</ele>
        <time>2026-04-26T11:02:44Z</time>
      </trkpt>
      <trkpt lat="51.51122" lon="-0.042055">
        <ele>8.8</ele>
        <time>2026-04-26T11:02:49Z</time>
      </trkpt>
      <trkpt lat="51.511039" lon="-0.04213">
        <ele>9.2</ele>
        <time>2026-04-26T11:02:54Z</time>
      </trkpt>
      <trkpt lat="51.510859" lon="-0.042174">
        <ele>10</ele>
        <time>2026-04-26T11:02:59Z</time>
      </trkpt>
      <trkpt lat="51.510669" lon="-0.042268">
        <ele>10</ele>
        <time>2026-04-26T11:03:04Z</time>
      </trkpt>
      <trkpt lat="51.510553" lon="-0.042506">
        <ele>10</ele>
        <time>2026-04-26T11:03:09Z</time>
      </trkpt>
      <trkpt lat="51.510494" lon="-0.042792">
        <ele>10.2</ele>
        <time>2026-04-26T11:03:14Z</time>
      </trkpt>
      <trkpt lat="51.510456" lon="-0.043074">
        <ele>10.8</ele>
        <time>2026-04-26T11:03:19Z</time>
      </trkpt>
      <trkpt lat="51.510399" lon="-0.043407">
        <ele>11.8</ele>
        <time>2026-04-26T11:03:25Z</time>
      </trkpt>
      <trkpt lat="51.510368" lon="-0.043693">
        <ele>12.4</ele>
        <time>2026-04-26T11:03:30Z</time>
      </trkpt>
      <trkpt lat="51.510357" lon="-0.04403">
        <ele>11.4</ele>
        <time>2026-04-26T11:03:36Z</time>
      </trkpt>
      <trkpt lat="51.510345" lon="-0.044371">
        <ele>10.4</ele>
        <time>2026-04-26T11:03:42Z</time>
      </trkpt>
      <trkpt lat="51.510332" lon="-0.044488">
        <ele>9.6</ele>
        <time>2026-04-26T11:03:44Z</time>
      </trkpt>
      <trkpt lat="51.510325" lon="-0.044543">
        <ele>9.2</ele>
        <time>2026-04-26T11:03:45Z</time>
      </trkpt>
      <trkpt lat="51.510318" lon="-0.044602">
        <ele>8.8</ele>
        <time>2026-04-26T11:03:46Z</time>
      </trkpt>
      <trkpt lat="51.510315" lon="-0.044658">
        <ele>8.6</ele>
        <time>2026-04-26T11:03:47Z</time>
      </trkpt>
      <trkpt lat="51.510302" lon="-0.044779">
        <ele>8.2</ele>
        <time>2026-04-26T11:03:49Z</time>
      </trkpt>
      <trkpt lat="51.510287" lon="-0.044946">
        <ele>8.2</ele>
        <time>2026-04-26T11:03:52Z</time>
      </trkpt>
      <trkpt lat="51.510279" lon="-0.045053">
        <ele>8.6</ele>
        <time>2026-04-26T11:03:54Z</time>
      </trkpt>
      <trkpt lat="51.510274" lon="-0.045264">
        <ele>9.8</ele>
        <time>2026-04-26T11:03:58Z</time>
      </trkpt>
      <trkpt lat="51.510252" lon="-0.045562">
        <ele>12</ele>
        <time>2026-04-26T11:04:04Z</time>
      </trkpt>
      <trkpt lat="51.510209" lon="-0.045882">
        <ele>14</ele>
        <time>2026-04-26T11:04:10Z</time>
      </trkpt>
      <trkpt lat="51.510143" lon="-0.046168">
        <ele>14</ele>
        <time>2026-04-26T11:04:16Z</time>
      </trkpt>
      <trkpt lat="51.510063" lon="-0.046461">
        <ele>12.8</ele>
        <time>2026-04-26T11:04:22Z</time>
      </trkpt>
      <trkpt lat="51.509986" lon="-0.046779">
        <ele>11.2</ele>
        <time>2026-04-26T11:04:28Z</time>
      </trkpt>
      <trkpt lat="51.50992" lon="-0.047098">
        <ele>10.8</ele>
        <time>2026-04-26T11:04:34Z</time>
      </trkpt>
      <trkpt lat="51.509841" lon="-0.047416">
        <ele>10.2</ele>
        <time>2026-04-26T11:04:40Z</time>
      </trkpt>
      <trkpt lat="51.509823" lon="-0.047746">
        <ele>9.4</ele>
        <time>2026-04-26T11:04:46Z</time>
      </trkpt>
      <trkpt lat="51.509808" lon="-0.048087">
        <ele>8.4</ele>
        <time>2026-04-26T11:04:52Z</time>
      </trkpt>
      <trkpt lat="51.509786" lon="-0.048425">
        <ele>8.4</ele>
        <time>2026-04-26T11:04:58Z</time>
      </trkpt>
      <trkpt lat="51.509793" lon="-0.048764">
        <ele>9.4</ele>
        <time>2026-04-26T11:05:04Z</time>
      </trkpt>
      <trkpt lat="51.509817" lon="-0.049086">
        <ele>10.2</ele>
        <time>2026-04-26T11:05:10Z</time>
      </trkpt>
      <trkpt lat="51.509822" lon="-0.049403">
        <ele>9.4</ele>
        <time>2026-04-26T11:05:16Z</time>
      </trkpt>
      <trkpt lat="51.509818" lon="-0.049744">
        <ele>9.6</ele>
        <time>2026-04-26T11:05:22Z</time>
      </trkpt>
      <trkpt lat="51.50981" lon="-0.050037">
        <ele>11.4</ele>
        <time>2026-04-26T11:05:27Z</time>
      </trkpt>
      <trkpt lat="51.509797" lon="-0.050336">
        <ele>14.8</ele>
        <time>2026-04-26T11:05:32Z</time>
      </trkpt>
      <trkpt lat="51.509785" lon="-0.050627">
        <ele>18.2</ele>
        <time>2026-04-26T11:05:37Z</time>
      </trkpt>
      <trkpt lat="51.509778" lon="-0.050976">
        <ele>19.8</ele>
        <time>2026-04-26T11:05:43Z</time>
      </trkpt>
      <trkpt lat="51.509762" lon="-0.051318">
        <ele>17.4</ele>
        <time>2026-04-26T11:05:49Z</time>
      </trkpt>
      <trkpt lat="51.509726" lon="-0.051609">
        <ele>14.2</ele>
        <time>2026-04-26T11:05:54Z</time>
      </trkpt>
      <trkpt lat="51.509706" lon="-0.051909">
        <ele>11.4</ele>
        <time>2026-04-26T11:05:59Z</time>
      </trkpt>
      <trkpt lat="51.509671" lon="-0.052238">
        <ele>9.6</ele>
        <time>2026-04-26T11:06:05Z</time>
      </trkpt>
      <trkpt lat="51.509659" lon="-0.052556">
        <ele>9.6</ele>
        <time>2026-04-26T11:06:11Z</time>
      </trkpt>
      <trkpt lat="51.509653" lon="-0.052884">
        <ele>10</ele>
        <time>2026-04-26T11:06:17Z</time>
      </trkpt>
      <trkpt lat="51.509654" lon="-0.052935">
        <ele>10</ele>
        <time>2026-04-26T11:06:18Z</time>
      </trkpt>
      <trkpt lat="51.509641" lon="-0.05324">
        <ele>10.2</ele>
        <time>2026-04-26T11:06:24Z</time>
      </trkpt>
      <trkpt lat="51.509624" lon="-0.053548">
        <ele>9.6</ele>
        <time>2026-04-26T11:06:29Z</time>
      </trkpt>
      <trkpt lat="51.509617" lon="-0.053852">
        <ele>8.8</ele>
        <time>2026-04-26T11:06:34Z</time>
      </trkpt>
      <trkpt lat="51.509614" lon="-0.054143">
        <ele>9.2</ele>
        <time>2026-04-26T11:06:39Z</time>
      </trkpt>
      <trkpt lat="51.509616" lon="-0.054433">
        <ele>9.2</ele>
        <time>2026-04-26T11:06:44Z</time>
      </trkpt>
      <trkpt lat="51.50962" lon="-0.054728">
        <ele>9.2</ele>
        <time>2026-04-26T11:06:49Z</time>
      </trkpt>
      <trkpt lat="51.509618" lon="-0.055038">
        <ele>8.6</ele>
        <time>2026-04-26T11:06:54Z</time>
      </trkpt>
      <trkpt lat="51.509629" lon="-0.055217">
        <ele>8</ele>
        <time>2026-04-26T11:06:57Z</time>
      </trkpt>
      <trkpt lat="51.509652" lon="-0.055526">
        <ele>7.2</ele>
        <time>2026-04-26T11:07:02Z</time>
      </trkpt>
      <trkpt lat="51.509676" lon="-0.055824">
        <ele>8.4</ele>
        <time>2026-04-26T11:07:07Z</time>
      </trkpt>
      <trkpt lat="51.509697" lon="-0.05613">
        <ele>9.2</ele>
        <time>2026-04-26T11:07:12Z</time>
      </trkpt>
      <trkpt lat="51.509713" lon="-0.056426">
        <ele>10</ele>
        <time>2026-04-26T11:07:17Z</time>
      </trkpt>
      <trkpt lat="51.50974" lon="-0.056708">
        <ele>10.8</ele>
        <time>2026-04-26T11:07:22Z</time>
      </trkpt>
      <trkpt lat="51.509737" lon="-0.057008">
        <ele>11.8</ele>
        <time>2026-04-26T11:07:27Z</time>
      </trkpt>
      <trkpt lat="51.50973" lon="-0.057353">
        <ele>12</ele>
        <time>2026-04-26T11:07:33Z</time>
      </trkpt>
      <trkpt lat="51.509726" lon="-0.057677">
        <ele>12</ele>
        <time>2026-04-26T11:07:39Z</time>
      </trkpt>
      <trkpt lat="51.509701" lon="-0.058007">
        <ele>11.6</ele>
        <time>2026-04-26T11:07:45Z</time>
      </trkpt>
      <trkpt lat="51.509675" lon="-0.058293">
        <ele>11.2</ele>
        <time>2026-04-26T11:07:50Z</time>
      </trkpt>
      <trkpt lat="51.509639" lon="-0.058612">
        <ele>11</ele>
        <time>2026-04-26T11:07:56Z</time>
      </trkpt>
      <trkpt lat="51.509606" lon="-0.058944">
        <ele>11.6</ele>
        <time>2026-04-26T11:08:02Z</time>
      </trkpt>
      <trkpt lat="51.509569" lon="-0.059278">
        <ele>13.2</ele>
        <time>2026-04-26T11:08:08Z</time>
      </trkpt>
      <trkpt lat="51.509537" lon="-0.059592">
        <ele>14.6</ele>
        <time>2026-04-26T11:08:14Z</time>
      </trkpt>
      <trkpt lat="51.509516" lon="-0.059843">
        <ele>16.2</ele>
        <time>2026-04-26T11:08:19Z</time>
      </trkpt>
      <trkpt lat="51.509484" lon="-0.060168">
        <ele>16</ele>
        <time>2026-04-26T11:08:25Z</time>
      </trkpt>
      <trkpt lat="51.509457" lon="-0.060504">
        <ele>13.4</ele>
        <time>2026-04-26T11:08:31Z</time>
      </trkpt>
      <trkpt lat="51.509422" lon="-0.060842">
        <ele>10</ele>
        <time>2026-04-26T11:08:37Z</time>
      </trkpt>
      <trkpt lat="51.509403" lon="-0.06118">
        <ele>8.6</ele>
        <time>2026-04-26T11:08:43Z</time>
      </trkpt>
      <trkpt lat="51.509405" lon="-0.061413">
        <ele>9.6</ele>
        <time>2026-04-26T11:08:48Z</time>
      </trkpt>
      <trkpt lat="51.509404" lon="-0.061459">
        <ele>10</ele>
        <time>2026-04-26T11:08:49Z</time>
      </trkpt>
      <trkpt lat="51.509401" lon="-0.061505">
        <ele>10.2</ele>
        <time>2026-04-26T11:08:50Z</time>
      </trkpt>
      <trkpt lat="51.509354" lon="-0.061829">
        <ele>11</ele>
        <time>2026-04-26T11:08:56Z</time>
      </trkpt>
      <trkpt lat="51.509343" lon="-0.062137">
        <ele>11.6</ele>
        <time>2026-04-26T11:09:02Z</time>
      </trkpt>
      <trkpt lat="51.509313" lon="-0.062435">
        <ele>12</ele>
        <time>2026-04-26T11:09:09Z</time>
      </trkpt>
      <trkpt lat="51.509296" lon="-0.062721">
        <ele>12.6</ele>
        <time>2026-04-26T11:09:15Z</time>
      </trkpt>
      <trkpt lat="51.50929" lon="-0.063026">
        <ele>14</ele>
        <time>2026-04-26T11:09:20Z</time>
      </trkpt>
      <trkpt lat="51.509294" lon="-0.063361">
        <ele>16.6</ele>
        <time>2026-04-26T11:09:25Z</time>
      </trkpt>
      <trkpt lat="51.509331" lon="-0.063657">
        <ele>18.8</ele>
        <time>2026-04-26T11:09:30Z</time>
      </trkpt>
      <trkpt lat="51.509355" lon="-0.063952">
        <ele>19.4</ele>
        <time>2026-04-26T11:09:35Z</time>
      </trkpt>
      <trkpt lat="51.509368" lon="-0.06425">
        <ele>18.2</ele>
        <time>2026-04-26T11:09:40Z</time>
      </trkpt>
      <trkpt lat="51.509352" lon="-0.064574">
        <ele>15.4</ele>
        <time>2026-04-26T11:09:45Z</time>
      </trkpt>
      <trkpt lat="51.509355" lon="-0.064879">
        <ele>12.6</ele>
        <time>2026-04-26T11:09:50Z</time>
      </trkpt>
      <trkpt lat="51.509387" lon="-0.065191">
        <ele>9.6</ele>
        <time>2026-04-26T11:09:55Z</time>
      </trkpt>
      <trkpt lat="51.509387" lon="-0.065491">
        <ele>8.6</ele>
        <time>2026-04-26T11:10:00Z</time>
      </trkpt>
      <trkpt lat="51.509391" lon="-0.065798">
        <ele>8.4</ele>
        <time>2026-04-26T11:10:05Z</time>
      </trkpt>
      <trkpt lat="51.509391" lon="-0.066037">
        <ele>8.4</ele>
        <time>2026-04-26T11:10:09Z</time>
      </trkpt>
      <trkpt lat="51.509385" lon="-0.066366">
        <ele>9.6</ele>
        <time>2026-04-26T11:10:15Z</time>
      </trkpt>
      <trkpt lat="51.509336" lon="-0.066663">
        <ele>11.4</ele>
        <time>2026-04-26T11:10:21Z</time>
      </trkpt>
      <trkpt lat="51.509269" lon="-0.066954">
        <ele>13</ele>
        <time>2026-04-26T11:10:27Z</time>
      </trkpt>
      <trkpt lat="51.509174" lon="-0.067208">
        <ele>14.8</ele>
        <time>2026-04-26T11:10:32Z</time>
      </trkpt>
      <trkpt lat="51.509066" lon="-0.067444">
        <ele>15.4</ele>
        <time>2026-04-26T11:10:36Z</time>
      </trkpt>
      <trkpt lat="51.508985" lon="-0.067706">
        <ele>15.6</ele>
        <time>2026-04-26T11:10:41Z</time>
      </trkpt>
      <trkpt lat="51.508898" lon="-0.067984">
        <ele>16</ele>
        <time>2026-04-26T11:10:46Z</time>
      </trkpt>
      <trkpt lat="51.508882" lon="-0.068044">
        <ele>15.8</ele>
        <time>2026-04-26T11:10:47Z</time>
      </trkpt>
      <trkpt lat="51.508805" lon="-0.068315">
        <ele>15</ele>
        <time>2026-04-26T11:10:52Z</time>
      </trkpt>
      <trkpt lat="51.508746" lon="-0.068598">
        <ele>14</ele>
        <time>2026-04-26T11:10:57Z</time>
      </trkpt>
      <trkpt lat="51.508692" lon="-0.068929">
        <ele>13.2</ele>
        <time>2026-04-26T11:11:03Z</time>
      </trkpt>
      <trkpt lat="51.508649" lon="-0.069227">
        <ele>12.8</ele>
        <time>2026-04-26T11:11:09Z</time>
      </trkpt>
      <trkpt lat="51.508603" lon="-0.069507">
        <ele>13.6</ele>
        <time>2026-04-26T11:11:14Z</time>
      </trkpt>
      <trkpt lat="51.508557" lon="-0.069825">
        <ele>13.4</ele>
        <time>2026-04-26T11:11:20Z</time>
      </trkpt>
      <trkpt lat="51.508521" lon="-0.07014">
        <ele>13.4</ele>
        <time>2026-04-26T11:11:26Z</time>
      </trkpt>
      <trkpt lat="51.508464" lon="-0.070454">
        <ele>15</ele>
        <time>2026-04-26T11:11:32Z</time>
      </trkpt>
      <trkpt lat="51.508409" lon="-0.070733">
        <ele>16.4</ele>
        <time>2026-04-26T11:11:37Z</time>
      </trkpt>
      <trkpt lat="51.508353" lon="-0.071011">
        <ele>17.2</ele>
        <time>2026-04-26T11:11:42Z</time>
      </trkpt>
      <trkpt lat="51.508338" lon="-0.071339">
        <ele>16.6</ele>
        <time>2026-04-26T11:11:48Z</time>
      </trkpt>
      <trkpt lat="51.508396" lon="-0.071637">
        <ele>15</ele>
        <time>2026-04-26T11:11:54Z</time>
      </trkpt>
      <trkpt lat="51.508511" lon="-0.071916">
        <ele>14</ele>
        <time>2026-04-26T11:12:00Z</time>
      </trkpt>
      <trkpt lat="51.508682" lon="-0.072116">
        <ele>14.6</ele>
        <time>2026-04-26T11:12:06Z</time>
      </trkpt>
      <trkpt lat="51.508842" lon="-0.072342">
        <ele>14.2</ele>
        <time>2026-04-26T11:12:12Z</time>
      </trkpt>
      <trkpt lat="51.508931" lon="-0.072647">
        <ele>12.6</ele>
        <time>2026-04-26T11:12:18Z</time>
      </trkpt>
      <trkpt lat="51.508879" lon="-0.073056">
        <ele>9.2</ele>
        <time>2026-04-26T11:12:23Z</time>
      </trkpt>
      <trkpt lat="51.508905" lon="-0.07342">
        <ele>8.2</ele>
        <time>2026-04-26T11:12:28Z</time>
      </trkpt>
      <trkpt lat="51.509016" lon="-0.073667">
        <ele>9</ele>
        <time>2026-04-26T11:12:33Z</time>
      </trkpt>
      <trkpt lat="51.509116" lon="-0.073916">
        <ele>8</ele>
        <time>2026-04-26T11:12:38Z</time>
      </trkpt>
      <trkpt lat="51.509235" lon="-0.074158">
        <ele>8.8</ele>
        <time>2026-04-26T11:12:44Z</time>
      </trkpt>
      <trkpt lat="51.509374" lon="-0.07441">
        <ele>9.6</ele>
        <time>2026-04-26T11:12:50Z</time>
      </trkpt>
      <trkpt lat="51.509538" lon="-0.074635">
        <ele>12.2</ele>
        <time>2026-04-26T11:12:56Z</time>
      </trkpt>
      <trkpt lat="51.509691" lon="-0.074846">
        <ele>14</ele>
        <time>2026-04-26T11:13:02Z</time>
      </trkpt>
      <trkpt lat="51.509739" lon="-0.075136">
        <ele>12.6</ele>
        <time>2026-04-26T11:13:09Z</time>
      </trkpt>
      <trkpt lat="51.509668" lon="-0.075435">
        <ele>9.6</ele>
        <time>2026-04-26T11:13:15Z</time>
      </trkpt>
      <trkpt lat="51.509607" lon="-0.07573">
        <ele>9.2</ele>
        <time>2026-04-26T11:13:21Z</time>
      </trkpt>
      <trkpt lat="51.509539" lon="-0.076054">
        <ele>9.2</ele>
        <time>2026-04-26T11:13:27Z</time>
      </trkpt>
      <trkpt lat="51.509489" lon="-0.076367">
        <ele>7.8</ele>
        <time>2026-04-26T11:13:33Z</time>
      </trkpt>
      <trkpt lat="51.509442" lon="-0.076692">
        <ele>6</ele>
        <time>2026-04-26T11:13:39Z</time>
      </trkpt>
      <trkpt lat="51.509416" lon="-0.077019">
        <ele>7</ele>
        <time>2026-04-26T11:13:45Z</time>
      </trkpt>
      <trkpt lat="51.509412" lon="-0.077321">
        <ele>9.4</ele>
        <time>2026-04-26T11:13:51Z</time>
      </trkpt>
      <trkpt lat="51.5094" lon="-0.077645">
        <ele>12.8</ele>
        <time>2026-04-26T11:13:57Z</time>
      </trkpt>
      <trkpt lat="51.509392" lon="-0.077976">
        <ele>15.6</ele>
        <time>2026-04-26T11:14:03Z</time>
      </trkpt>
      <trkpt lat="51.509439" lon="-0.078288">
        <ele>18.2</ele>
        <time>2026-04-26T11:14:09Z</time>
      </trkpt>
      <trkpt lat="51.509491" lon="-0.078597">
        <ele>20.4</ele>
        <time>2026-04-26T11:14:15Z</time>
      </trkpt>
      <trkpt lat="51.509512" lon="-0.078702">
        <ele>21.4</ele>
        <time>2026-04-26T11:14:17Z</time>
      </trkpt>
      <trkpt lat="51.509557" lon="-0.078984">
        <ele>22.2</ele>
        <time>2026-04-26T11:14:22Z</time>
      </trkpt>
      <trkpt lat="51.509582" lon="-0.079307">
        <ele>21.6</ele>
        <time>2026-04-26T11:14:28Z</time>
      </trkpt>
      <trkpt lat="51.509599" lon="-0.07962">
        <ele>20.8</ele>
        <time>2026-04-26T11:14:34Z</time>
      </trkpt>
      <trkpt lat="51.509529" lon="-0.079893">
        <ele>19.2</ele>
        <time>2026-04-26T11:14:39Z</time>
      </trkpt>
      <trkpt lat="51.509437" lon="-0.080167">
        <ele>17.8</ele>
        <time>2026-04-26T11:14:44Z</time>
      </trkpt>
      <trkpt lat="51.509325" lon="-0.080421">
        <ele>15.8</ele>
        <time>2026-04-26T11:14:49Z</time>
      </trkpt>
      <trkpt lat="51.509176" lon="-0.080645">
        <ele>15.6</ele>
        <time>2026-04-26T11:14:54Z</time>
      </trkpt>
      <trkpt lat="51.509063" lon="-0.080919">
        <ele>16</ele>
        <time>2026-04-26T11:14:59Z</time>
      </trkpt>
      <trkpt lat="51.508998" lon="-0.081229">
        <ele>16.6</ele>
        <time>2026-04-26T11:15:04Z</time>
      </trkpt>
      <trkpt lat="51.508977" lon="-0.081562">
        <ele>17.6</ele>
        <time>2026-04-26T11:15:09Z</time>
      </trkpt>
      <trkpt lat="51.508972" lon="-0.08189">
        <ele>17.8</ele>
        <time>2026-04-26T11:15:14Z</time>
      </trkpt>
      <trkpt lat="51.508995" lon="-0.08221">
        <ele>18.6</ele>
        <time>2026-04-26T11:15:19Z</time>
      </trkpt>
      <trkpt lat="51.509043" lon="-0.082513">
        <ele>20.2</ele>
        <time>2026-04-26T11:15:24Z</time>
      </trkpt>
      <trkpt lat="51.509107" lon="-0.082803">
        <ele>20.8</ele>
        <time>2026-04-26T11:15:29Z</time>
      </trkpt>
      <trkpt lat="51.509165" lon="-0.083084">
        <ele>19.4</ele>
        <time>2026-04-26T11:15:34Z</time>
      </trkpt>
      <trkpt lat="51.50922" lon="-0.083414">
        <ele>15.6</ele>
        <time>2026-04-26T11:15:40Z</time>
      </trkpt>
      <trkpt lat="51.509236" lon="-0.083724">
        <ele>13</ele>
        <time>2026-04-26T11:15:45Z</time>
      </trkpt>
      <trkpt lat="51.509289" lon="-0.084025">
        <ele>15</ele>
        <time>2026-04-26T11:15:50Z</time>
      </trkpt>
      <trkpt lat="51.509398" lon="-0.084308">
        <ele>19.8</ele>
        <time>2026-04-26T11:15:56Z</time>
      </trkpt>
      <trkpt lat="51.509407" lon="-0.084596">
        <ele>23.6</ele>
        <time>2026-04-26T11:16:01Z</time>
      </trkpt>
      <trkpt lat="51.509434" lon="-0.084898">
        <ele>26.6</ele>
        <time>2026-04-26T11:16:06Z</time>
      </trkpt>
      <trkpt lat="51.509469" lon="-0.085228">
        <ele>29.4</ele>
        <time>2026-04-26T11:16:12Z</time>
      </trkpt>
      <trkpt lat="51.50951" lon="-0.085513">
        <ele>31.4</ele>
        <time>2026-04-26T11:16:18Z</time>
      </trkpt>
      <trkpt lat="51.509547" lon="-0.085842">
        <ele>30.8</ele>
        <time>2026-04-26T11:16:25Z</time>
      </trkpt>
      <trkpt lat="51.509632" lon="-0.086165">
        <ele>30.8</ele>
        <time>2026-04-26T11:16:31Z</time>
      </trkpt>
      <trkpt lat="51.5097" lon="-0.086451">
        <ele>30.2</ele>
        <time>2026-04-26T11:16:36Z</time>
      </trkpt>
      <trkpt lat="51.509752" lon="-0.086761">
        <ele>28.4</ele>
        <time>2026-04-26T11:16:42Z</time>
      </trkpt>
      <trkpt lat="51.509796" lon="-0.087056">
        <ele>26.2</ele>
        <time>2026-04-26T11:16:47Z</time>
      </trkpt>
      <trkpt lat="51.509844" lon="-0.087352">
        <ele>25.2</ele>
        <time>2026-04-26T11:16:51Z</time>
      </trkpt>
      <trkpt lat="51.509926" lon="-0.087644">
        <ele>24.4</ele>
        <time>2026-04-26T11:16:56Z</time>
      </trkpt>
      <trkpt lat="51.509986" lon="-0.087959">
        <ele>24</ele>
        <time>2026-04-26T11:17:03Z</time>
      </trkpt>
      <trkpt lat="51.509959" lon="-0.088283">
        <ele>25</ele>
        <time>2026-04-26T11:17:08Z</time>
      </trkpt>
      <trkpt lat="51.510078" lon="-0.088545">
        <ele>26</ele>
        <time>2026-04-26T11:17:14Z</time>
      </trkpt>
      <trkpt lat="51.510193" lon="-0.088823">
        <ele>28.4</ele>
        <time>2026-04-26T11:17:20Z</time>
      </trkpt>
      <trkpt lat="51.510085" lon="-0.089219">
        <ele>31.2</ele>
        <time>2026-04-26T11:17:24Z</time>
      </trkpt>
      <trkpt lat="51.510176" lon="-0.089476">
        <ele>33</ele>
        <time>2026-04-26T11:17:30Z</time>
      </trkpt>
      <trkpt lat="51.51024" lon="-0.089735">
        <ele>33.4</ele>
        <time>2026-04-26T11:17:35Z</time>
      </trkpt>
      <trkpt lat="51.510266" lon="-0.090017">
        <ele>32.4</ele>
        <time>2026-04-26T11:17:42Z</time>
      </trkpt>
      <trkpt lat="51.510317" lon="-0.090203">
        <ele>30.4</ele>
        <time>2026-04-26T11:17:54Z</time>
      </trkpt>
      <trkpt lat="51.510547" lon="-0.090569">
        <ele>24.8</ele>
        <time>2026-04-26T11:17:58Z</time>
      </trkpt>
      <trkpt lat="51.510685" lon="-0.091129">
        <ele>22</ele>
        <time>2026-04-26T11:18:02Z</time>
      </trkpt>
      <trkpt lat="51.510831" lon="-0.091302">
        <ele>19</ele>
        <time>2026-04-26T11:18:08Z</time>
      </trkpt>
      <trkpt lat="51.510911" lon="-0.091571">
        <ele>18</ele>
        <time>2026-04-26T11:18:13Z</time>
      </trkpt>
      <trkpt lat="51.510976" lon="-0.091871">
        <ele>17.6</ele>
        <time>2026-04-26T11:18:19Z</time>
      </trkpt>
      <trkpt lat="51.511018" lon="-0.092165">
        <ele>18.2</ele>
        <time>2026-04-26T11:18:24Z</time>
      </trkpt>
      <trkpt lat="51.510988" lon="-0.092507">
        <ele>19.4</ele>
        <time>2026-04-26T11:18:29Z</time>
      </trkpt>
      <trkpt lat="51.510992" lon="-0.092854">
        <ele>20</ele>
        <time>2026-04-26T11:18:35Z</time>
      </trkpt>
      <trkpt lat="51.510987" lon="-0.093195">
        <ele>20</ele>
        <time>2026-04-26T11:18:41Z</time>
      </trkpt>
      <trkpt lat="51.511028" lon="-0.093523">
        <ele>19.2</ele>
        <time>2026-04-26T11:18:47Z</time>
      </trkpt>
      <trkpt lat="51.511045" lon="-0.093849">
        <ele>18</ele>
        <time>2026-04-26T11:18:53Z</time>
      </trkpt>
      <trkpt lat="51.511089" lon="-0.094174">
        <ele>16</ele>
        <time>2026-04-26T11:18:59Z</time>
      </trkpt>
      <trkpt lat="51.511166" lon="-0.094464">
        <ele>15.2</ele>
        <time>2026-04-26T11:19:05Z</time>
      </trkpt>
      <trkpt lat="51.511238" lon="-0.094631">
        <ele>15.4</ele>
        <time>2026-04-26T11:19:09Z</time>
      </trkpt>
      <trkpt lat="51.511296" lon="-0.094924">
        <ele>16</ele>
        <time>2026-04-26T11:19:18Z</time>
      </trkpt>
      <trkpt lat="51.511294" lon="-0.095281">
        <ele>16.4</ele>
        <time>2026-04-26T11:19:23Z</time>
      </trkpt>
      <trkpt lat="51.511236" lon="-0.095625">
        <ele>18.6</ele>
        <time>2026-04-26T11:19:28Z</time>
      </trkpt>
      <trkpt lat="51.511189" lon="-0.095919">
        <ele>19.2</ele>
        <time>2026-04-26T11:19:32Z</time>
      </trkpt>
      <trkpt lat="51.511181" lon="-0.096232">
        <ele>18.4</ele>
        <time>2026-04-26T11:19:37Z</time>
      </trkpt>
      <trkpt lat="51.511197" lon="-0.096523">
        <ele>17.4</ele>
        <time>2026-04-26T11:19:43Z</time>
      </trkpt>
      <trkpt lat="51.511186" lon="-0.096738">
        <ele>16</ele>
        <time>2026-04-26T11:19:49Z</time>
      </trkpt>
      <trkpt lat="51.511136" lon="-0.096909">
        <ele>15</ele>
        <time>2026-04-26T11:19:57Z</time>
      </trkpt>
      <trkpt lat="51.51077" lon="-0.101762">
        <ele>9.8</ele>
        <time>2026-04-26T11:21:09Z</time>
      </trkpt>
      <trkpt lat="51.510919" lon="-0.102025">
        <ele>11.4</ele>
        <time>2026-04-26T11:21:15Z</time>
      </trkpt>
      <trkpt lat="51.510883" lon="-0.102322">
        <ele>10</ele>
        <time>2026-04-26T11:21:20Z</time>
      </trkpt>
      <trkpt lat="51.51088" lon="-0.102378">
        <ele>10</ele>
        <time>2026-04-26T11:21:21Z</time>
      </trkpt>
      <trkpt lat="51.510888" lon="-0.102636">
        <ele>8.4</ele>
        <time>2026-04-26T11:21:26Z</time>
      </trkpt>
      <trkpt lat="51.510948" lon="-0.102918">
        <ele>7.8</ele>
        <time>2026-04-26T11:21:32Z</time>
      </trkpt>
      <trkpt lat="51.510988" lon="-0.10323">
        <ele>7.6</ele>
        <time>2026-04-26T11:21:38Z</time>
      </trkpt>
      <trkpt lat="51.510959" lon="-0.103552">
        <ele>7.4</ele>
        <time>2026-04-26T11:21:44Z</time>
      </trkpt>
      <trkpt lat="51.510992" lon="-0.103869">
        <ele>6.8</ele>
        <time>2026-04-26T11:21:49Z</time>
      </trkpt>
      <trkpt lat="51.510991" lon="-0.104188">
        <ele>6.8</ele>
        <time>2026-04-26T11:21:55Z</time>
      </trkpt>
      <trkpt lat="51.510977" lon="-0.104485">
        <ele>8.2</ele>
        <time>2026-04-26T11:22:01Z</time>
      </trkpt>
      <trkpt lat="51.511081" lon="-0.104749">
        <ele>13.4</ele>
        <time>2026-04-26T11:22:04Z</time>
      </trkpt>
      <trkpt lat="51.51105" lon="-0.105087">
        <ele>12.6</ele>
        <time>2026-04-26T11:22:10Z</time>
      </trkpt>
      <trkpt lat="51.511048" lon="-0.105393">
        <ele>12</ele>
        <time>2026-04-26T11:22:15Z</time>
      </trkpt>
      <trkpt lat="51.511023" lon="-0.105688">
        <ele>12.2</ele>
        <time>2026-04-26T11:22:20Z</time>
      </trkpt>
      <trkpt lat="51.511019" lon="-0.106026">
        <ele>13.8</ele>
        <time>2026-04-26T11:22:26Z</time>
      </trkpt>
      <trkpt lat="51.511006" lon="-0.106338">
        <ele>14.8</ele>
        <time>2026-04-26T11:22:32Z</time>
      </trkpt>
      <trkpt lat="51.511014" lon="-0.106673">
        <ele>15.6</ele>
        <time>2026-04-26T11:22:38Z</time>
      </trkpt>
      <trkpt lat="51.511018" lon="-0.106963">
        <ele>17.8</ele>
        <time>2026-04-26T11:22:43Z</time>
      </trkpt>
      <trkpt lat="51.511006" lon="-0.107305">
        <ele>20.2</ele>
        <time>2026-04-26T11:22:49Z</time>
      </trkpt>
      <trkpt lat="51.511007" lon="-0.107631">
        <ele>15.6</ele>
        <time>2026-04-26T11:22:55Z</time>
      </trkpt>
      <trkpt lat="51.511018" lon="-0.10792">
        <ele>7.6</ele>
        <time>2026-04-26T11:23:00Z</time>
      </trkpt>
      <trkpt lat="51.511023" lon="-0.10825">
        <ele>1</ele>
        <time>2026-04-26T11:23:06Z</time>
      </trkpt>
      <trkpt lat="51.511063" lon="-0.108544">
        <ele>1.8</ele>
        <time>2026-04-26T11:23:12Z</time>
      </trkpt>
      <trkpt lat="51.511066" lon="-0.108869">
        <ele>6.8</ele>
        <time>2026-04-26T11:23:18Z</time>
      </trkpt>
      <trkpt lat="51.511033" lon="-0.109155">
        <ele>9.4</ele>
        <time>2026-04-26T11:23:23Z</time>
      </trkpt>
      <trkpt lat="51.51105" lon="-0.109476">
        <ele>10.4</ele>
        <time>2026-04-26T11:23:29Z</time>
      </trkpt>
      <trkpt lat="51.511074" lon="-0.109802">
        <ele>9.4</ele>
        <time>2026-04-26T11:23:35Z</time>
      </trkpt>
      <trkpt lat="51.511064" lon="-0.110138">
        <ele>9</ele>
        <time>2026-04-26T11:23:41Z</time>
      </trkpt>
      <trkpt lat="51.511059" lon="-0.110468">
        <ele>9.2</ele>
        <time>2026-04-26T11:23:47Z</time>
      </trkpt>
      <trkpt lat="51.511047" lon="-0.110796">
        <ele>12</ele>
        <time>2026-04-26T11:23:53Z</time>
      </trkpt>
      <trkpt lat="51.511036" lon="-0.111099">
        <ele>14.6</ele>
        <time>2026-04-26T11:23:59Z</time>
      </trkpt>
      <trkpt lat="51.511046" lon="-0.11142">
        <ele>15.4</ele>
        <time>2026-04-26T11:24:05Z</time>
      </trkpt>
      <trkpt lat="51.511046" lon="-0.111739">
        <ele>14.4</ele>
        <time>2026-04-26T11:24:11Z</time>
      </trkpt>
      <trkpt lat="51.511039" lon="-0.112062">
        <ele>14</ele>
        <time>2026-04-26T11:24:17Z</time>
      </trkpt>
      <trkpt lat="51.511019" lon="-0.112362">
        <ele>14.2</ele>
        <time>2026-04-26T11:24:22Z</time>
      </trkpt>
      <trkpt lat="51.510973" lon="-0.112684">
        <ele>15</ele>
        <time>2026-04-26T11:24:28Z</time>
      </trkpt>
      <trkpt lat="51.510933" lon="-0.11302">
        <ele>16.6</ele>
        <time>2026-04-26T11:24:34Z</time>
      </trkpt>
      <trkpt lat="51.510897" lon="-0.11331">
        <ele>16.8</ele>
        <time>2026-04-26T11:24:39Z</time>
      </trkpt>
      <trkpt lat="51.510865" lon="-0.113595">
        <ele>15.2</ele>
        <time>2026-04-26T11:24:44Z</time>
      </trkpt>
      <trkpt lat="51.510838" lon="-0.11386">
        <ele>13.4</ele>
        <time>2026-04-26T11:24:49Z</time>
      </trkpt>
      <trkpt lat="51.510792" lon="-0.114179">
        <ele>11.2</ele>
        <time>2026-04-26T11:24:55Z</time>
      </trkpt>
      <trkpt lat="51.510736" lon="-0.114511">
        <ele>10.6</ele>
        <time>2026-04-26T11:25:01Z</time>
      </trkpt>
      <trkpt lat="51.51068" lon="-0.114828">
        <ele>11</ele>
        <time>2026-04-26T11:25:07Z</time>
      </trkpt>
      <trkpt lat="51.510625" lon="-0.115141">
        <ele>12.8</ele>
        <time>2026-04-26T11:25:13Z</time>
      </trkpt>
      <trkpt lat="51.510562" lon="-0.115464">
        <ele>15.2</ele>
        <time>2026-04-26T11:25:19Z</time>
      </trkpt>
      <trkpt lat="51.51052" lon="-0.115791">
        <ele>16.8</ele>
        <time>2026-04-26T11:25:25Z</time>
      </trkpt>
      <trkpt lat="51.510452" lon="-0.116112">
        <ele>17.4</ele>
        <time>2026-04-26T11:25:31Z</time>
      </trkpt>
      <trkpt lat="51.510387" lon="-0.116382">
        <ele>16.6</ele>
        <time>2026-04-26T11:25:36Z</time>
      </trkpt>
      <trkpt lat="51.510323" lon="-0.116695">
        <ele>15.8</ele>
        <time>2026-04-26T11:25:42Z</time>
      </trkpt>
      <trkpt lat="51.510245" lon="-0.116991">
        <ele>14.4</ele>
        <time>2026-04-26T11:25:48Z</time>
      </trkpt>
      <trkpt lat="51.510185" lon="-0.117301">
        <ele>14</ele>
        <time>2026-04-26T11:25:54Z</time>
      </trkpt>
      <trkpt lat="51.510091" lon="-0.117592">
        <ele>13.2</ele>
        <time>2026-04-26T11:26:00Z</time>
      </trkpt>
      <trkpt lat="51.509999" lon="-0.117885">
        <ele>13.4</ele>
        <time>2026-04-26T11:26:06Z</time>
      </trkpt>
      <trkpt lat="51.509894" lon="-0.118179">
        <ele>12.6</ele>
        <time>2026-04-26T11:26:12Z</time>
      </trkpt>
      <trkpt lat="51.509807" lon="-0.11845">
        <ele>11</ele>
        <time>2026-04-26T11:26:18Z</time>
      </trkpt>
      <trkpt lat="51.509699" lon="-0.118751">
        <ele>10.2</ele>
        <time>2026-04-26T11:26:24Z</time>
      </trkpt>
      <trkpt lat="51.509579" lon="-0.118986">
        <ele>10.4</ele>
        <time>2026-04-26T11:26:29Z</time>
      </trkpt>
      <trkpt lat="51.509454" lon="-0.119203">
        <ele>11.2</ele>
        <time>2026-04-26T11:26:34Z</time>
      </trkpt>
      <trkpt lat="51.509299" lon="-0.11943">
        <ele>11.6</ele>
        <time>2026-04-26T11:26:40Z</time>
      </trkpt>
      <trkpt lat="51.509147" lon="-0.119671">
        <ele>11.2</ele>
        <time>2026-04-26T11:26:46Z</time>
      </trkpt>
      <trkpt lat="51.509008" lon="-0.119914">
        <ele>11.2</ele>
        <time>2026-04-26T11:26:52Z</time>
      </trkpt>
      <trkpt lat="51.508847" lon="-0.120124">
        <ele>10.2</ele>
        <time>2026-04-26T11:26:58Z</time>
      </trkpt>
      <trkpt lat="51.508694" lon="-0.120316">
        <ele>9.4</ele>
        <time>2026-04-26T11:27:04Z</time>
      </trkpt>
      <trkpt lat="51.508523" lon="-0.120517">
        <ele>8.6</ele>
        <time>2026-04-26T11:27:10Z</time>
      </trkpt>
      <trkpt lat="51.50835" lon="-0.120674">
        <ele>8</ele>
        <time>2026-04-26T11:27:16Z</time>
      </trkpt>
      <trkpt lat="51.508175" lon="-0.120855">
        <ele>7.8</ele>
        <time>2026-04-26T11:27:22Z</time>
      </trkpt>
      <trkpt lat="51.508006" lon="-0.121029">
        <ele>7.4</ele>
        <time>2026-04-26T11:27:28Z</time>
      </trkpt>
      <trkpt lat="51.50784" lon="-0.121156">
        <ele>5.6</ele>
        <time>2026-04-26T11:27:33Z</time>
      </trkpt>
      <trkpt lat="51.50765" lon="-0.121296">
        <ele>3.8</ele>
        <time>2026-04-26T11:27:39Z</time>
      </trkpt>
      <trkpt lat="51.507473" lon="-0.121457">
        <ele>3.6</ele>
        <time>2026-04-26T11:27:45Z</time>
      </trkpt>
      <trkpt lat="51.507286" lon="-0.121602">
        <ele>2.6</ele>
        <time>2026-04-26T11:27:51Z</time>
      </trkpt>
      <trkpt lat="51.507097" lon="-0.121736">
        <ele>2</ele>
        <time>2026-04-26T11:27:57Z</time>
      </trkpt>
      <trkpt lat="51.506922" lon="-0.121838">
        <ele>2</ele>
        <time>2026-04-26T11:28:04Z</time>
      </trkpt>
      <trkpt lat="51.506732" lon="-0.121937">
        <ele>4.2</ele>
        <time>2026-04-26T11:28:10Z</time>
      </trkpt>
      <trkpt lat="51.506564" lon="-0.12216">
        <ele>5.8</ele>
        <time>2026-04-26T11:28:16Z</time>
      </trkpt>
      <trkpt lat="51.506455" lon="-0.122261">
        <ele>3.4</ele>
        <time>2026-04-26T11:28:20Z</time>
      </trkpt>
      <trkpt lat="51.506278" lon="-0.12233">
        <ele>2</ele>
        <time>2026-04-26T11:28:24Z</time>
      </trkpt>
      <trkpt lat="51.506092" lon="-0.122431">
        <ele>3.2</ele>
        <time>2026-04-26T11:28:29Z</time>
      </trkpt>
      <trkpt lat="51.505914" lon="-0.122544">
        <ele>6.8</ele>
        <time>2026-04-26T11:28:34Z</time>
      </trkpt>
      <trkpt lat="51.505745" lon="-0.122664">
        <ele>7.8</ele>
        <time>2026-04-26T11:28:39Z</time>
      </trkpt>
      <trkpt lat="51.505559" lon="-0.122801">
        <ele>2</ele>
        <time>2026-04-26T11:28:45Z</time>
      </trkpt>
      <trkpt lat="51.50536" lon="-0.122901">
        <ele>2</ele>
        <time>2026-04-26T11:28:51Z</time>
      </trkpt>
      <trkpt lat="51.505183" lon="-0.122953">
        <ele>2.2</ele>
        <time>2026-04-26T11:28:56Z</time>
      </trkpt>
      <trkpt lat="51.505105" lon="-0.122975">
        <ele>3.2</ele>
        <time>2026-04-26T11:28:58Z</time>
      </trkpt>
      <trkpt lat="51.505067" lon="-0.122984">
        <ele>3.6</ele>
        <time>2026-04-26T11:28:59Z</time>
      </trkpt>
      <trkpt lat="51.505032" lon="-0.122998">
        <ele>4.4</ele>
        <time>2026-04-26T11:29:00Z</time>
      </trkpt>
      <trkpt lat="51.504994" lon="-0.123006">
        <ele>4.8</ele>
        <time>2026-04-26T11:29:01Z</time>
      </trkpt>
      <trkpt lat="51.504922" lon="-0.123024">
        <ele>5.2</ele>
        <time>2026-04-26T11:29:03Z</time>
      </trkpt>
      <trkpt lat="51.50482" lon="-0.123062">
        <ele>6.8</ele>
        <time>2026-04-26T11:29:06Z</time>
      </trkpt>
      <trkpt lat="51.504634" lon="-0.123143">
        <ele>11</ele>
        <time>2026-04-26T11:29:12Z</time>
      </trkpt>
      <trkpt lat="51.504525" lon="-0.123171">
        <ele>13</ele>
        <time>2026-04-26T11:29:15Z</time>
      </trkpt>
      <trkpt lat="51.504453" lon="-0.12319">
        <ele>14</ele>
        <time>2026-04-26T11:29:17Z</time>
      </trkpt>
      <trkpt lat="51.504356" lon="-0.123223">
        <ele>16</ele>
        <time>2026-04-26T11:29:20Z</time>
      </trkpt>
      <trkpt lat="51.504322" lon="-0.123232">
        <ele>16.4</ele>
        <time>2026-04-26T11:29:21Z</time>
      </trkpt>
      <trkpt lat="51.504289" lon="-0.123242">
        <ele>16.6</ele>
        <time>2026-04-26T11:29:22Z</time>
      </trkpt>
      <trkpt lat="51.504257" lon="-0.123255">
        <ele>16.8</ele>
        <time>2026-04-26T11:29:23Z</time>
      </trkpt>
      <trkpt lat="51.50419" lon="-0.123289">
        <ele>17.2</ele>
        <time>2026-04-26T11:29:25Z</time>
      </trkpt>
      <trkpt lat="51.504084" lon="-0.123334">
        <ele>16.2</ele>
        <time>2026-04-26T11:29:28Z</time>
      </trkpt>
      <trkpt lat="51.503975" lon="-0.123371">
        <ele>15</ele>
        <time>2026-04-26T11:29:31Z</time>
      </trkpt>
      <trkpt lat="51.50387" lon="-0.123405">
        <ele>13.8</ele>
        <time>2026-04-26T11:29:34Z</time>
      </trkpt>
      <trkpt lat="51.503711" lon="-0.123452">
        <ele>12.8</ele>
        <time>2026-04-26T11:29:39Z</time>
      </trkpt>
      <trkpt lat="51.503614" lon="-0.123479">
        <ele>11.8</ele>
        <time>2026-04-26T11:29:42Z</time>
      </trkpt>
      <trkpt lat="51.503403" lon="-0.123514">
        <ele>12</ele>
        <time>2026-04-26T11:29:48Z</time>
      </trkpt>
      <trkpt lat="51.503213" lon="-0.123556">
        <ele>12.6</ele>
        <time>2026-04-26T11:29:53Z</time>
      </trkpt>
      <trkpt lat="51.503006" lon="-0.123614">
        <ele>13.4</ele>
        <time>2026-04-26T11:29:59Z</time>
      </trkpt>
      <trkpt lat="51.502795" lon="-0.123677">
        <ele>12.4</ele>
        <time>2026-04-26T11:30:05Z</time>
      </trkpt>
      <trkpt lat="51.502579" lon="-0.123698">
        <ele>13</ele>
        <time>2026-04-26T11:30:11Z</time>
      </trkpt>
      <trkpt lat="51.502383" lon="-0.123788">
        <ele>13</ele>
        <time>2026-04-26T11:30:17Z</time>
      </trkpt>
      <trkpt lat="51.502185" lon="-0.123855">
        <ele>13</ele>
        <time>2026-04-26T11:30:23Z</time>
      </trkpt>
      <trkpt lat="51.501992" lon="-0.123929">
        <ele>11.2</ele>
        <time>2026-04-26T11:30:29Z</time>
      </trkpt>
      <trkpt lat="51.50179" lon="-0.123991">
        <ele>10.6</ele>
        <time>2026-04-26T11:30:35Z</time>
      </trkpt>
      <trkpt lat="51.501582" lon="-0.124009">
        <ele>10.8</ele>
        <time>2026-04-26T11:30:41Z</time>
      </trkpt>
      <trkpt lat="51.501372" lon="-0.124038">
        <ele>12.8</ele>
        <time>2026-04-26T11:30:47Z</time>
      </trkpt>
      <trkpt lat="51.50118" lon="-0.124103">
        <ele>15</ele>
        <time>2026-04-26T11:30:53Z</time>
      </trkpt>
      <trkpt lat="51.501026" lon="-0.12432">
        <ele>16.8</ele>
        <time>2026-04-26T11:30:59Z</time>
      </trkpt>
      <trkpt lat="51.500999" lon="-0.124619">
        <ele>18.8</ele>
        <time>2026-04-26T11:31:04Z</time>
      </trkpt>
      <trkpt lat="51.501008" lon="-0.124935">
        <ele>19.8</ele>
        <time>2026-04-26T11:31:09Z</time>
      </trkpt>
      <trkpt lat="51.50102" lon="-0.125242">
        <ele>19.8</ele>
        <time>2026-04-26T11:31:14Z</time>
      </trkpt>
      <trkpt lat="51.501023" lon="-0.125533">
        <ele>18.4</ele>
        <time>2026-04-26T11:31:19Z</time>
      </trkpt>
      <trkpt lat="51.501033" lon="-0.125843">
        <ele>17.6</ele>
        <time>2026-04-26T11:31:24Z</time>
      </trkpt>
      <trkpt lat="51.501049" lon="-0.126155">
        <ele>17</ele>
        <time>2026-04-26T11:31:29Z</time>
      </trkpt>
      <trkpt lat="51.501076" lon="-0.126451">
        <ele>17.8</ele>
        <time>2026-04-26T11:31:34Z</time>
      </trkpt>
      <trkpt lat="51.50109" lon="-0.126764">
        <ele>18.6</ele>
        <time>2026-04-26T11:31:39Z</time>
      </trkpt>
      <trkpt lat="51.501086" lon="-0.126879">
        <ele>18.8</ele>
        <time>2026-04-26T11:31:41Z</time>
      </trkpt>
      <trkpt lat="51.501064" lon="-0.127185">
        <ele>18.4</ele>
        <time>2026-04-26T11:31:46Z</time>
      </trkpt>
      <trkpt lat="51.501093" lon="-0.127512">
        <ele>20.2</ele>
        <time>2026-04-26T11:31:52Z</time>
      </trkpt>
      <trkpt lat="51.5011" lon="-0.127565">
        <ele>20.4</ele>
        <time>2026-04-26T11:31:53Z</time>
      </trkpt>
      <trkpt lat="51.501154" lon="-0.12786">
        <ele>21.6</ele>
        <time>2026-04-26T11:31:59Z</time>
      </trkpt>
      <trkpt lat="51.501222" lon="-0.128106">
        <ele>21.6</ele>
        <time>2026-04-26T11:32:04Z</time>
      </trkpt>
      <trkpt lat="51.501282" lon="-0.128395">
        <ele>19</ele>
        <time>2026-04-26T11:32:09Z</time>
      </trkpt>
      <trkpt lat="51.501353" lon="-0.128713">
        <ele>16</ele>
        <time>2026-04-26T11:32:15Z</time>
      </trkpt>
      <trkpt lat="51.501385" lon="-0.129017">
        <ele>15</ele>
        <time>2026-04-26T11:32:20Z</time>
      </trkpt>
      <trkpt lat="51.501384" lon="-0.129327">
        <ele>15</ele>
        <time>2026-04-26T11:32:25Z</time>
      </trkpt>
      <trkpt lat="51.501405" lon="-0.129662">
        <ele>14.8</ele>
        <time>2026-04-26T11:32:31Z</time>
      </trkpt>
      <trkpt lat="51.501421" lon="-0.129973">
        <ele>13.6</ele>
        <time>2026-04-26T11:32:36Z</time>
      </trkpt>
      <trkpt lat="51.501357" lon="-0.130311">
        <ele>12.8</ele>
        <time>2026-04-26T11:32:41Z</time>
      </trkpt>
      <trkpt lat="51.501294" lon="-0.130625">
        <ele>12.4</ele>
        <time>2026-04-26T11:32:46Z</time>
      </trkpt>
      <trkpt lat="51.501258" lon="-0.130925">
        <ele>11</ele>
        <time>2026-04-26T11:32:51Z</time>
      </trkpt>
      <trkpt lat="51.501231" lon="-0.131248">
        <ele>10</ele>
        <time>2026-04-26T11:32:57Z</time>
      </trkpt>
      <trkpt lat="51.501209" lon="-0.13157">
        <ele>9.6</ele>
        <time>2026-04-26T11:33:03Z</time>
      </trkpt>
      <trkpt lat="51.501191" lon="-0.131903">
        <ele>10.6</ele>
        <time>2026-04-26T11:33:09Z</time>
      </trkpt>
      <trkpt lat="51.501157" lon="-0.132238">
        <ele>11.6</ele>
        <time>2026-04-26T11:33:15Z</time>
      </trkpt>
      <trkpt lat="51.501138" lon="-0.132462">
        <ele>12</ele>
        <time>2026-04-26T11:33:19Z</time>
      </trkpt>
      <trkpt lat="51.501119" lon="-0.132777">
        <ele>11.6</ele>
        <time>2026-04-26T11:33:25Z</time>
      </trkpt>
      <trkpt lat="51.501074" lon="-0.133114">
        <ele>11.4</ele>
        <time>2026-04-26T11:33:31Z</time>
      </trkpt>
      <trkpt lat="51.501032" lon="-0.133395">
        <ele>12.4</ele>
        <time>2026-04-26T11:33:36Z</time>
      </trkpt>
      <trkpt lat="51.501001" lon="-0.133712">
        <ele>12</ele>
        <time>2026-04-26T11:33:42Z</time>
      </trkpt>
      <trkpt lat="51.500949" lon="-0.133991">
        <ele>10.2</ele>
        <time>2026-04-26T11:33:47Z</time>
      </trkpt>
      <trkpt lat="51.500917" lon="-0.134327">
        <ele>8.6</ele>
        <time>2026-04-26T11:33:53Z</time>
      </trkpt>
      <trkpt lat="51.500919" lon="-0.13465">
        <ele>9</ele>
        <time>2026-04-26T11:33:59Z</time>
      </trkpt>
      <trkpt lat="51.500908" lon="-0.134988">
        <ele>9.8</ele>
        <time>2026-04-26T11:34:05Z</time>
      </trkpt>
      <trkpt lat="51.500903" lon="-0.135306">
        <ele>11.2</ele>
        <time>2026-04-26T11:34:11Z</time>
      </trkpt>
      <trkpt lat="51.500841" lon="-0.135593">
        <ele>12</ele>
        <time>2026-04-26T11:34:16Z</time>
      </trkpt>
      <trkpt lat="51.500786" lon="-0.135897">
        <ele>12</ele>
        <time>2026-04-26T11:34:21Z</time>
      </trkpt>
      <trkpt lat="51.500744" lon="-0.136189">
        <ele>11.8</ele>
        <time>2026-04-26T11:34:26Z</time>
      </trkpt>
      <trkpt lat="51.500713" lon="-0.136529">
        <ele>11.2</ele>
        <time>2026-04-26T11:34:32Z</time>
      </trkpt>
      <trkpt lat="51.500681" lon="-0.136858">
        <ele>10.4</ele>
        <time>2026-04-26T11:34:38Z</time>
      </trkpt>
      <trkpt lat="51.500651" lon="-0.137173">
        <ele>9.8</ele>
        <time>2026-04-26T11:34:44Z</time>
      </trkpt>
      <trkpt lat="51.500602" lon="-0.137505">
        <ele>9</ele>
        <time>2026-04-26T11:34:50Z</time>
      </trkpt>
      <trkpt lat="51.500555" lon="-0.137831">
        <ele>10</ele>
        <time>2026-04-26T11:34:56Z</time>
      </trkpt>
      <trkpt lat="51.500498" lon="-0.138136">
        <ele>11.4</ele>
        <time>2026-04-26T11:35:02Z</time>
      </trkpt>
      <trkpt lat="51.500473" lon="-0.138231">
        <ele>11.6</ele>
        <time>2026-04-26T11:35:04Z</time>
      </trkpt>
      <trkpt lat="51.500402" lon="-0.138538">
        <ele>13.8</ele>
        <time>2026-04-26T11:35:10Z</time>
      </trkpt>
      <trkpt lat="51.500379" lon="-0.13886">
        <ele>15.6</ele>
        <time>2026-04-26T11:35:16Z</time>
      </trkpt>
      <trkpt lat="51.500523" lon="-0.139103">
        <ele>16</ele>
        <time>2026-04-26T11:35:22Z</time>
      </trkpt>
      <trkpt lat="51.500688" lon="-0.139289">
        <ele>13.6</ele>
        <time>2026-04-26T11:35:27Z</time>
      </trkpt>
      <trkpt lat="51.500789" lon="-0.13939">
        <ele>12.4</ele>
        <time>2026-04-26T11:35:30Z</time>
      </trkpt>
      <trkpt lat="51.500878" lon="-0.139502">
        <ele>11</ele>
        <time>2026-04-26T11:35:33Z</time>
      </trkpt>
      <trkpt lat="51.501022" lon="-0.139688">
        <ele>9.4</ele>
        <time>2026-04-26T11:35:38Z</time>
      </trkpt>
      <trkpt lat="51.501169" lon="-0.139869">
        <ele>7.6</ele>
        <time>2026-04-26T11:35:43Z</time>
      </trkpt>
      <trkpt lat="51.501356" lon="-0.140035">
        <ele>8</ele>
        <time>2026-04-26T11:35:49Z</time>
      </trkpt>
      <trkpt lat="51.50156" lon="-0.140102">
        <ele>8.4</ele>
        <time>2026-04-26T11:35:55Z</time>
      </trkpt>
      <trkpt lat="51.501758" lon="-0.140037">
        <ele>8</ele>
        <time>2026-04-26T11:36:01Z</time>
      </trkpt>
      <trkpt lat="51.501935" lon="-0.139989">
        <ele>7.6</ele>
        <time>2026-04-26T11:36:06Z</time>
      </trkpt>
      <trkpt lat="51.502092" lon="-0.139828">
        <ele>8</ele>
        <time>2026-04-26T11:36:11Z</time>
      </trkpt>
      <trkpt lat="51.502237" lon="-0.13961">
        <ele>9.2</ele>
        <time>2026-04-26T11:36:16Z</time>
      </trkpt>
      <trkpt lat="51.502356" lon="-0.139364">
        <ele>10.8</ele>
        <time>2026-04-26T11:36:21Z</time>
      </trkpt>
      <trkpt lat="51.502473" lon="-0.139128">
        <ele>12.6</ele>
        <time>2026-04-26T11:36:26Z</time>
      </trkpt>
      <trkpt lat="51.502581" lon="-0.138889">
        <ele>13.4</ele>
        <time>2026-04-26T11:36:31Z</time>
      </trkpt>
      <trkpt lat="51.502683" lon="-0.138609">
        <ele>14</ele>
        <time>2026-04-26T11:36:36Z</time>
      </trkpt>
      <trkpt lat="51.5028" lon="-0.138359">
        <ele>14.4</ele>
        <time>2026-04-26T11:36:41Z</time>
      </trkpt>
      <trkpt lat="51.502916" lon="-0.138097">
        <ele>15.4</ele>
        <time>2026-04-26T11:36:46Z</time>
      </trkpt>
      <trkpt lat="51.503007" lon="-0.137905">
        <ele>16.4</ele>
        <time>2026-04-26T11:36:50Z</time>
      </trkpt>
      <trkpt lat="51.50313" lon="-0.137674">
        <ele>17</ele>
        <time>2026-04-26T11:36:55Z</time>
      </trkpt>
      <trkpt lat="51.503154" lon="-0.137631">
        <ele>16.8</ele>
        <time>2026-04-26T11:36:56Z</time>
      </trkpt>
    </trkseg>
  </trk>
</gpx>
