<?xml version="1.0" encoding="UTF-8"?>
<gpx creator="Garmin Connect" version="1.1"
  xsi:schemaLocation="http://www.topografix.com/GPX/1/1 http://www.topografix.com/GPX/11.xsd"
  xmlns:ns3="http://www.garmin.com/xmlschemas/TrackPointExtension/v1"
  xmlns="http://www.topografix.com/GPX/1/1"
  xmlns:xsi="http://www.w3.org/2001/XMLSchema-instance" xmlns:ns2="http://www.garmin.com/xmlschemas/GpxExtensions/v3">
  <metadata>
    <link href="connect.garmin.com">
      <text>Garmin Connect</text>
    </link>
    <time>2025-04-13T08:04:06.000Z</time>
  </metadata>
  <trk>
    <name>Newport marathon</name>
    <type>running</type>
    <trkseg>
      <trkpt lat="51.58484903164207935333251953125" lon="-2.98921843059360980987548828125">
        <ele>12.3999996185302734375</ele>
        <time>2025-04-13T08:04:06.000Z</time>
        <extensions>
          <ns3:TrackPointExtension>
            <ns3:hr>108</ns3:hr>
            <ns3:cad>61</ns3:cad>
          </ns3:TrackPointExtension>
        </extensions>
      </trkpt>
      <trkpt lat="51.584873758256435394287109375" lon="-2.9892664588987827301025390625">
        <ele>12.3999996185302734375</ele>
        <time>2025-04-13T08:04:08.000Z</time>
        <extensions>
          <ns3:TrackPointExtension>
            <ns3:hr>105</ns3:hr>
            <ns3:cad>61</ns3:cad>
          </ns3:TrackPointExtension>
        </extensions>
      </trkpt>
      <trkpt lat="51.58497241325676441192626953125" lon="-2.9894451610743999481201171875">
        <ele>12.19999980926513671875</ele>
        <time>2025-04-13T08:04:12.000Z</time>
        <extensions>
          <ns3:TrackPointExtension>
            <ns3:hr>108</ns3:hr>
            <ns3:cad>102</ns3:cad>
          </ns3:TrackPointExtension>
        </extensions>
      </trkpt>
      <trkpt lat="51.58504717983305454254150390625" lon="-2.98954498954117298126220703125">
        <ele>12</ele>
        <time>2025-04-13T08:04:14.000Z</time>
        <extensions>
          <ns3:TrackPointExtension>
            <ns3:hr>103</ns3:hr>
            <ns3:cad>101</ns3:cad>
          </ns3:TrackPointExtension>
        </extensions>
      </trkpt>
      <trkpt lat="51.58508406020700931549072265625" lon="-2.98959678970277309417724609375">
        <ele>11.80000019073486328125</ele>
        <time>2025-04-13T08:04:15.000Z</time>
        <extensions>
          <ns3:TrackPointExtension>
            <ns3:hr>103</ns3:hr>
            <ns3:cad>101</ns3:cad>
          </ns3:TrackPointExtension>
        </extensions>
      </trkpt>
      <trkpt lat="51.58522688783705234527587890625" lon="-2.989795692265033721923828125">
        <ele>11.80000019073486328125</ele>
        <time>2025-04-13T08:04:19.000Z</time>
        <extensions>
          <ns3:TrackPointExtension>
            <ns3:hr>103</ns3:hr>
            <ns3:cad>102</ns3:cad>
          </ns3:TrackPointExtension>
        </extensions>
      </trkpt>
      <trkpt lat="51.5853255428373813629150390625" lon="-2.989937178790569305419921875">
        <ele>11.80000019073486328125</ele>
        <time>2025-04-13T08:04:22.000Z</time>
        <extensions>
          <ns3:TrackPointExtension>
            <ns3:hr>100</ns3:hr>
            <ns3:cad>101</ns3:cad>
          </ns3:TrackPointExtension>
        </extensions>
      </trkpt>
      <trkpt lat="51.58536049537360668182373046875" lon="-2.989983446896076202392578125">
        <ele>11.6000003814697265625</ele>
        <time>2025-04-13T08:04:23.000Z</time>
        <extensions>
          <ns3:TrackPointExtension>
            <ns3:hr>98</ns3:hr>
            <ns3:cad>101</ns3:cad>
          </ns3:TrackPointExtension>
        </extensions>
      </trkpt>
      <trkpt lat="51.58544699661433696746826171875" lon="-2.99013557843863964080810546875">
        <ele>11.3999996185302734375</ele>
        <time>2025-04-13T08:04:26.000Z</time>
        <extensions>
          <ns3:TrackPointExtension>
            <ns3:hr>104</ns3:hr>
            <ns3:cad>101</ns3:cad>
          </ns3:TrackPointExtension>
        </extensions>
      </trkpt>
      <trkpt lat="51.58547482453286647796630859375" lon="-2.9901810921728610992431640625">
        <ele>11.19999980926513671875</ele>
        <time>2025-04-13T08:04:27.000Z</time>
        <extensions>
          <ns3:TrackPointExtension>
            <ns3:hr>109</ns3:hr>
            <ns3:cad>100</ns3:cad>
          </ns3:TrackPointExtension>
        </extensions>
      </trkpt>
      <trkpt lat="51.58550214953720569610595703125" lon="-2.99022794701159000396728515625">
        <ele>11</ele>
        <time>2025-04-13T08:04:28.000Z</time>
        <extensions>
          <ns3:TrackPointExtension>
            <ns3:hr>118</ns3:hr>
            <ns3:cad>100</ns3:cad>
          </ns3:TrackPointExtension>
        </extensions>
      </trkpt>
      <trkpt lat="51.58553190529346466064453125" lon="-2.99027421511709690093994140625">
        <ele>11</ele>
        <time>2025-04-13T08:04:29.000Z</time>
        <extensions>
          <ns3:TrackPointExtension>
            <ns3:hr>118</ns3:hr>
            <ns3:cad>100</ns3:cad>
          </ns3:TrackPointExtension>
        </extensions>
      </trkpt>
      <trkpt lat="51.58555998466908931732177734375" lon="-2.99032308161258697509765625">
        <ele>11</ele>
        <time>2025-04-13T08:04:30.000Z</time>
        <extensions>
          <ns3:TrackPointExtension>
            <ns3:hr>121</ns3:hr>
            <ns3:cad>100</ns3:cad>
          </ns3:TrackPointExtension>
        </extensions>
      </trkpt>
      <trkpt lat="51.58558714203536510467529296875" lon="-2.99037110991775989532470703125">
        <ele>11</ele>
        <time>2025-04-13T08:04:31.000Z</time>
        <extensions>
          <ns3:TrackPointExtension>
            <ns3:hr>124</ns3:hr>
            <ns3:cad>99</ns3:cad>
          </ns3:TrackPointExtension>
        </extensions>
      </trkpt>
      <trkpt lat="51.585614718496799468994140625" lon="-2.990420646965503692626953125">
        <ele>10.80000019073486328125</ele>
        <time>2025-04-13T08:04:32.000Z</time>
        <extensions>
          <ns3:TrackPointExtension>
            <ns3:hr>124</ns3:hr>
            <ns3:cad>99</ns3:cad>
          </ns3:TrackPointExtension>
        </extensions>
      </trkpt>
      <trkpt lat="51.58566207624971866607666015625" lon="-2.99050991423428058624267578125">
        <ele>10</ele>
        <time>2025-04-13T08:04:34.000Z</time>
        <extensions>
          <ns3:TrackPointExtension>
            <ns3:hr>124</ns3:hr>
            <ns3:cad>98</ns3:cad>
          </ns3:TrackPointExtension>
        </extensions>
      </trkpt>
      <trkpt lat="51.58569090999662876129150390625" lon="-2.99055576324462890625">
        <ele>9.6000003814697265625</ele>
        <time>2025-04-13T08:04:35.000Z</time>
        <extensions>
          <ns3:TrackPointExtension>
            <ns3:hr>127</ns3:hr>
            <ns3:cad>98</ns3:cad>
          </ns3:TrackPointExtension>
        </extensions>
      </trkpt>
      <trkpt lat="51.5857141278684139251708984375" lon="-2.99060404300689697265625">
        <ele>9.6000003814697265625</ele>
        <time>2025-04-13T08:04:36.000Z</time>
        <extensions>
          <ns3:TrackPointExtension>
            <ns3:hr>127</ns3:hr>
            <ns3:cad>98</ns3:cad>
          </ns3:TrackPointExtension>
        </extensions>
      </trkpt>
      <trkpt lat="51.5857751481235027313232421875" lon="-2.99070957116782665252685546875">
        <ele>9.19999980926513671875</ele>
        <time>2025-04-13T08:04:38.000Z</time>
        <extensions>
          <ns3:TrackPointExtension>
            <ns3:hr>130</ns3:hr>
            <ns3:cad>99</ns3:cad>
          </ns3:TrackPointExtension>
        </extensions>
      </trkpt>
      <trkpt lat="51.58587883226573467254638671875" lon="-2.9908452741801738739013671875">
        <ele>8.80000019073486328125</ele>
        <time>2025-04-13T08:04:41.000Z</time>
        <extensions>
          <ns3:TrackPointExtension>
            <ns3:hr>130</ns3:hr>
            <ns3:cad>100</ns3:cad>
          </ns3:TrackPointExtension>
        </extensions>
      </trkpt>
      <trkpt lat="51.5859662555158138275146484375" lon="-2.99097997136414051055908203125">
        <ele>8.19999980926513671875</ele>
        <time>2025-04-13T08:04:44.000Z</time>
        <extensions>
          <ns3:TrackPointExtension>
            <ns3:hr>135</ns3:hr>
            <ns3:cad>99</ns3:cad>
          </ns3:TrackPointExtension>
        </extensions>
      </trkpt>
      <trkpt lat="51.58599215559661388397216796875" lon="-2.99102523364126682281494140625">
        <ele>7.80000019073486328125</ele>
        <time>2025-04-13T08:04:45.000Z</time>
        <extensions>
          <ns3:TrackPointExtension>
            <ns3:hr>138</ns3:hr>
            <ns3:cad>98</ns3:cad>
          </ns3:TrackPointExtension>
        </extensions>
      </trkpt>
      <trkpt lat="51.58604932017624378204345703125" lon="-2.9911203682422637939453125">
        <ele>7.599999904632568359375</ele>
        <time>2025-04-13T08:04:47.000Z</time>
        <extensions>
          <ns3:TrackPointExtension>
            <ns3:hr>143</ns3:hr>
            <ns3:cad>98</ns3:cad>
          </ns3:TrackPointExtension>
        </extensions>
      </trkpt>
      <trkpt lat="51.58612425439059734344482421875" lon="-2.99127752892673015594482421875">
        <ele>8</ele>
        <time>2025-04-13T08:04:50.000Z</time>
        <extensions>
          <ns3:TrackPointExtension>
            <ns3:hr>138</ns3:hr>
            <ns3:cad>98</ns3:cad>
          </ns3:TrackPointExtension>
        </extensions>
      </trkpt>
      <trkpt lat="51.5861449576914310455322265625" lon="-2.99133150838315486907958984375">
        <ele>7.599999904632568359375</ele>
        <time>2025-04-13T08:04:51.000Z</time>
        <extensions>
          <ns3:TrackPointExtension>
            <ns3:hr>134</ns3:hr>
            <ns3:cad>98</ns3:cad>
          </ns3:TrackPointExtension>
        </extensions>
      </trkpt>
      <trkpt lat="51.586163900792598724365234375" lon="-2.9913843981921672821044921875">
        <ele>7.19999980926513671875</ele>
        <time>2025-04-13T08:04:52.000Z</time>
        <extensions>
          <ns3:TrackPointExtension>
            <ns3:hr>138</ns3:hr>
            <ns3:cad>97</ns3:cad>
          </ns3:TrackPointExtension>
        </extensions>
      </trkpt>
      <trkpt lat="51.58620606176555156707763671875" lon="-2.991491518914699554443359375">
        <ele>6.80000019073486328125</ele>
        <time>2025-04-13T08:04:54.000Z</time>
        <extensions>
          <ns3:TrackPointExtension>
            <ns3:hr>142</ns3:hr>
            <ns3:cad>97</ns3:cad>
          </ns3:TrackPointExtension>
        </extensions>
      </trkpt>
      <trkpt lat="51.5862297825515270233154296875" lon="-2.9915439896285533905029296875">
        <ele>7</ele>
        <time>2025-04-13T08:04:55.000Z</time>
        <extensions>
          <ns3:TrackPointExtension>
            <ns3:hr>149</ns3:hr>
            <ns3:cad>98</ns3:cad>
          </ns3:TrackPointExtension>
        </extensions>
      </trkpt>
      <trkpt lat="51.5863032080233097076416015625" lon="-2.99169695936143398284912109375">
        <ele>7.19999980926513671875</ele>
        <time>2025-04-13T08:04:58.000Z</time>
        <extensions>
          <ns3:TrackPointExtension>
            <ns3:hr>146</ns3:hr>
            <ns3:cad>98</ns3:cad>
          </ns3:TrackPointExtension>
        </extensions>
      </trkpt>
      <trkpt lat="51.586361043155193328857421875" lon="-2.99178463406860828399658203125">
        <ele>7.80000019073486328125</ele>
        <time>2025-04-13T08:05:00.000Z</time>
        <extensions>
          <ns3:TrackPointExtension>
            <ns3:hr>148</ns3:hr>
            <ns3:cad>98</ns3:cad>
          </ns3:TrackPointExtension>
        </extensions>
      </trkpt>
      <trkpt lat="51.5863913856446743011474609375" lon="-2.99182604067027568817138671875">
        <ele>8</ele>
        <time>2025-04-13T08:05:01.000Z</time>
        <extensions>
          <ns3:TrackPointExtension>
            <ns3:hr>144</ns3:hr>
            <ns3:cad>99</ns3:cad>
          </ns3:TrackPointExtension>
        </extensions>
      </trkpt>
      <trkpt lat="51.58645584248006343841552734375" lon="-2.9919003881514072418212890625">
        <ele>8.3999996185302734375</ele>
        <time>2025-04-13T08:05:03.000Z</time>
        <extensions>
          <ns3:TrackPointExtension>
            <ns3:hr>141</ns3:hr>
            <ns3:cad>99</ns3:cad>
          </ns3:TrackPointExtension>
        </extensions>
      </trkpt>
      <trkpt lat="51.586615182459354400634765625" lon="-2.9920596443116664886474609375">
        <ele>9.6000003814697265625</ele>
        <time>2025-04-13T08:05:08.000Z</time>
        <extensions>
          <ns3:TrackPointExtension>
            <ns3:hr>141</ns3:hr>
            <ns3:cad>99</ns3:cad>
          </ns3:TrackPointExtension>
        </extensions>
      </trkpt>
      <trkpt lat="51.58676345832645893096923828125" lon="-2.9922302998602390289306640625">
        <ele>11</ele>
        <time>2025-04-13T08:05:13.000Z</time>
        <extensions>
          <ns3:TrackPointExtension>
            <ns3:hr>141</ns3:hr>
            <ns3:cad>98</ns3:cad>
          </ns3:TrackPointExtension>
        </extensions>
      </trkpt>
      <trkpt lat="51.58685046248137950897216796875" lon="-2.9923479817807674407958984375">
        <ele>12</ele>
        <time>2025-04-13T08:05:16.000Z</time>
        <extensions>
          <ns3:TrackPointExtension>
            <ns3:hr>144</ns3:hr>
            <ns3:cad>97</ns3:cad>
          </ns3:TrackPointExtension>
        </extensions>
      </trkpt>
      <trkpt lat="51.58689983189105987548828125" lon="-2.99243859015405178070068359375">
        <ele>12.19999980926513671875</ele>
        <time>2025-04-13T08:05:18.000Z</time>
        <extensions>
          <ns3:TrackPointExtension>
            <ns3:hr>141</ns3:hr>
            <ns3:cad>97</ns3:cad>
          </ns3:TrackPointExtension>
        </extensions>
      </trkpt>
      <trkpt lat="51.58692933619022369384765625" lon="-2.99248100258409976959228515625">
        <ele>12.19999980926513671875</ele>
        <time>2025-04-13T08:05:19.000Z</time>
        <extensions>
          <ns3:TrackPointExtension>
            <ns3:hr>136</ns3:hr>
            <ns3:cad>98</ns3:cad>
          </ns3:TrackPointExtension>
        </extensions>
      </trkpt>
      <trkpt lat="51.5869616903364658355712890625" lon="-2.99252643249928951263427734375">
        <ele>12</ele>
        <time>2025-04-13T08:05:20.000Z</time>
        <extensions>
          <ns3:TrackPointExtension>
            <ns3:hr>136</ns3:hr>
            <ns3:cad>98</ns3:cad>
          </ns3:TrackPointExtension>
        </extensions>
      </trkpt>
      <trkpt lat="51.58709588460624217987060546875" lon="-2.99274989403784275054931640625">
        <ele>11.6000003814697265625</ele>
        <time>2025-04-13T08:05:25.000Z</time>
        <extensions>
          <ns3:TrackPointExtension>
            <ns3:hr>139</ns3:hr>
            <ns3:cad>99</ns3:cad>
          </ns3:TrackPointExtension>
        </extensions>
      </trkpt>
      <trkpt lat="51.58712170086801052093505859375" lon="-2.9927908815443515777587890625">
        <ele>11.3999996185302734375</ele>
        <time>2025-04-13T08:05:26.000Z</time>
        <extensions>
          <ns3:TrackPointExtension>
            <ns3:hr>142</ns3:hr>
            <ns3:cad>99</ns3:cad>
          </ns3:TrackPointExtension>
        </extensions>
      </trkpt>
      <trkpt lat="51.5872599184513092041015625" lon="-2.993037812411785125732421875">
        <ele>11</ele>
        <time>2025-04-13T08:05:32.000Z</time>
        <extensions>
          <ns3:TrackPointExtension>
            <ns3:hr>142</ns3:hr>
            <ns3:cad>97</ns3:cad>
          </ns3:TrackPointExtension>
        </extensions>
      </trkpt>
      <trkpt lat="51.58740836195647716522216796875" lon="-2.993275858461856842041015625">
        <ele>10.80000019073486328125</ele>
        <time>2025-04-13T08:05:38.000Z</time>
        <extensions>
          <ns3:TrackPointExtension>
            <ns3:hr>141</ns3:hr>
            <ns3:cad>97</ns3:cad>
          </ns3:TrackPointExtension>
        </extensions>
      </trkpt>
      <trkpt lat="51.587557978928089141845703125" lon="-2.99351030029356479644775390625">
        <ele>11.19999980926513671875</ele>
        <time>2025-04-13T08:05:44.000Z</time>
        <extensions>
          <ns3:TrackPointExtension>
            <ns3:hr>141</ns3:hr>
            <ns3:cad>98</ns3:cad>
          </ns3:TrackPointExtension>
        </extensions>
      </trkpt>
      <trkpt lat="51.58766317181289196014404296875" lon="-2.9937702231109142303466796875">
        <ele>12</ele>
        <time>2025-04-13T08:05:50.000Z</time>
        <extensions>
          <ns3:TrackPointExtension>
            <ns3:hr>141</ns3:hr>
            <ns3:cad>96</ns3:cad>
          </ns3:TrackPointExtension>
        </extensions>
      </trkpt>
      <trkpt lat="51.587804071605205535888671875" lon="-2.993988655507564544677734375">
        <ele>11.80000019073486328125</ele>
        <time>2025-04-13T08:05:55.000Z</time>
        <extensions>
          <ns3:TrackPointExtension>
            <ns3:hr>142</ns3:hr>
            <ns3:cad>95</ns3:cad>
          </ns3:TrackPointExtension>
        </extensions>
      </trkpt>
      <trkpt lat="51.58793340437114238739013671875" lon="-2.994207255542278289794921875">
        <ele>11.80000019073486328125</ele>
        <time>2025-04-13T08:06:00.000Z</time>
        <extensions>
          <ns3:TrackPointExtension>
            <ns3:hr>141</ns3:hr>
            <ns3:cad>97</ns3:cad>
          </ns3:TrackPointExtension>
        </extensions>
      </trkpt>
      <trkpt lat="51.5880379267036914825439453125" lon="-2.99449534155428409576416015625">
        <ele>12.19999980926513671875</ele>
        <time>2025-04-13T08:06:06.000Z</time>
        <extensions>
          <ns3:TrackPointExtension>
            <ns3:hr>142</ns3:hr>
            <ns3:cad>96</ns3:cad>
          </ns3:TrackPointExtension>
        </extensions>
      </trkpt>
      <trkpt lat="51.588164828717708587646484375" lon="-2.99474227242171764373779296875">
        <ele>13.3999996185302734375</ele>
        <time>2025-04-13T08:06:11.000Z</time>
        <extensions>
          <ns3:TrackPointExtension>
            <ns3:hr>142</ns3:hr>
            <ns3:cad>101</ns3:cad>
          </ns3:TrackPointExtension>
        </extensions>
      </trkpt>
      <trkpt lat="51.5882501564919948577880859375" lon="-2.99500755965709686279296875">
        <ele>14.80000019073486328125</ele>
        <time>2025-04-13T08:06:16.000Z</time>
        <extensions>
          <ns3:TrackPointExtension>
            <ns3:hr>143</ns3:hr>
            <ns3:cad>101</ns3:cad>
          </ns3:TrackPointExtension>
        </extensions>
      </trkpt>
      <trkpt lat="51.58828259445726871490478515625" lon="-2.99513907171785831451416015625">
        <ele>15.6000003814697265625</ele>
        <time>2025-04-13T08:06:18.000Z</time>
        <extensions>
          <ns3:TrackPointExtension>
            <ns3:hr>143</ns3:hr>
            <ns3:cad>102</ns3:cad>
          </ns3:TrackPointExtension>
        </extensions>
      </trkpt>
      <trkpt lat="51.58828997053205966949462890625" lon="-2.9954601824283599853515625">
        <ele>16.799999237060546875</ele>
        <time>2025-04-13T08:06:23.000Z</time>
        <extensions>
          <ns3:TrackPointExtension>
            <ns3:hr>145</ns3:hr>
            <ns3:cad>100</ns3:cad>
          </ns3:TrackPointExtension>
        </extensions>
      </trkpt>
      <trkpt lat="51.58827714622020721435546875" lon="-2.995585910975933074951171875">
        <ele>17.200000762939453125</ele>
        <time>2025-04-13T08:06:25.000Z</time>
        <extensions>
          <ns3:TrackPointExtension>
            <ns3:hr>148</ns3:hr>
            <ns3:cad>98</ns3:cad>
          </ns3:TrackPointExtension>
        </extensions>
      </trkpt>
      <trkpt lat="51.58821922726929187774658203125" lon="-2.99589537084102630615234375">
        <ele>18</ele>
        <time>2025-04-13T08:06:31.000Z</time>
        <extensions>
          <ns3:TrackPointExtension>
            <ns3:hr>150</ns3:hr>
            <ns3:cad>98</ns3:cad>
          </ns3:TrackPointExtension>
        </extensions>
      </trkpt>
      <trkpt lat="51.58818201161921024322509765625" lon="-2.99607818014919757843017578125">
        <ele>18.200000762939453125</ele>
        <time>2025-04-13T08:06:35.000Z</time>
        <extensions>
          <ns3:TrackPointExtension>
            <ns3:hr>153</ns3:hr>
            <ns3:cad>96</ns3:cad>
          </ns3:TrackPointExtension>
        </extensions>
      </trkpt>
      <trkpt lat="51.5881727077066898345947265625" lon="-2.99611858092248439788818359375">
        <ele>18.200000762939453125</ele>
        <time>2025-04-13T08:06:36.000Z</time>
        <extensions>
          <ns3:TrackPointExtension>
            <ns3:hr>148</ns3:hr>
            <ns3:cad>96</ns3:cad>
          </ns3:TrackPointExtension>
        </extensions>
      </trkpt>
      <trkpt lat="51.58804605714976787567138671875" lon="-2.99635008908808231353759765625">
        <ele>19</ele>
        <time>2025-04-13T08:06:41.000Z</time>
        <extensions>
          <ns3:TrackPointExtension>
            <ns3:hr>148</ns3:hr>
            <ns3:cad>98</ns3:cad>
          </ns3:TrackPointExtension>
        </extensions>
      </trkpt>
      <trkpt lat="51.58791949041187763214111328125" lon="-2.996558882296085357666015625">
        <ele>19.6000003814697265625</ele>
        <time>2025-04-13T08:06:46.000Z</time>
        <extensions>
          <ns3:TrackPointExtension>
            <ns3:hr>150</ns3:hr>
            <ns3:cad>97</ns3:cad>
          </ns3:TrackPointExtension>
        </extensions>
      </trkpt>
      <trkpt lat="51.5879782475531101226806640625" lon="-2.99680531024932861328125">
        <ele>18.3999996185302734375</ele>
        <time>2025-04-13T08:06:53.000Z</time>
        <extensions>
          <ns3:TrackPointExtension>
            <ns3:hr>149</ns3:hr>
            <ns3:cad>96</ns3:cad>
          </ns3:TrackPointExtension>
        </extensions>
      </trkpt>
      <trkpt lat="51.5881579555571079254150390625" lon="-2.996852584183216094970703125">
        <ele>17.200000762939453125</ele>
        <time>2025-04-13T08:06:59.000Z</time>
        <extensions>
          <ns3:TrackPointExtension>
            <ns3:hr>149</ns3:hr>
            <ns3:cad>97</ns3:cad>
          </ns3:TrackPointExtension>
        </extensions>
      </trkpt>
      <trkpt lat="51.58835065551102161407470703125" lon="-2.99691385589540004730224609375">
        <ele>16.3999996185302734375</ele>
        <time>2025-04-13T08:07:05.000Z</time>
        <extensions>
          <ns3:TrackPointExtension>
            <ns3:hr>149</ns3:hr>
            <ns3:cad>98</ns3:cad>
          </ns3:TrackPointExtension>
        </extensions>
      </trkpt>
      <trkpt lat="51.5885498933494091033935546875" lon="-2.99695911817252635955810546875">
        <ele>15.80000019073486328125</ele>
        <time>2025-04-13T08:07:11.000Z</time>
        <extensions>
          <ns3:TrackPointExtension>
            <ns3:hr>148</ns3:hr>
            <ns3:cad>97</ns3:cad>
          </ns3:TrackPointExtension>
        </extensions>
      </trkpt>
      <trkpt lat="51.58874829299747943878173828125" lon="-2.99702458083629608154296875">
        <ele>16</ele>
        <time>2025-04-13T08:07:16.000Z</time>
        <extensions>
          <ns3:TrackPointExtension>
            <ns3:hr>149</ns3:hr>
            <ns3:cad>97</ns3:cad>
          </ns3:TrackPointExtension>
        </extensions>
      </trkpt>
      <trkpt lat="51.5889257378876209259033203125" lon="-2.99712155945599079132080078125">
        <ele>16.200000762939453125</ele>
        <time>2025-04-13T08:07:20.000Z</time>
        <extensions>
          <ns3:TrackPointExtension>
            <ns3:hr>152</ns3:hr>
            <ns3:cad>97</ns3:cad>
          </ns3:TrackPointExtension>
        </extensions>
      </trkpt>
      <trkpt lat="51.589124388992786407470703125" lon="-2.9971472918987274169921875">
        <ele>16.200000762939453125</ele>
        <time>2025-04-13T08:07:25.000Z</time>
        <extensions>
          <ns3:TrackPointExtension>
            <ns3:hr>150</ns3:hr>
            <ns3:cad>98</ns3:cad>
          </ns3:TrackPointExtension>
        </extensions>
      </trkpt>
      <trkpt lat="51.5893341042101383209228515625" lon="-2.9972091503441333770751953125">
        <ele>18</ele>
        <time>2025-04-13T08:07:29.000Z</time>
        <extensions>
          <ns3:TrackPointExtension>
            <ns3:hr>149</ns3:hr>
            <ns3:cad>98</ns3:cad>
          </ns3:TrackPointExtension>
        </extensions>
      </trkpt>
      <trkpt lat="51.58951758407056331634521484375" lon="-2.99707462079823017120361328125">
        <ele>19.6000003814697265625</ele>
        <time>2025-04-13T08:07:35.000Z</time>
        <extensions>
          <ns3:TrackPointExtension>
            <ns3:hr>148</ns3:hr>
            <ns3:cad>99</ns3:cad>
          </ns3:TrackPointExtension>
        </extensions>
      </trkpt>
      <trkpt lat="51.58966627903282642364501953125" lon="-2.99685602076351642608642578125">
        <ele>21.200000762939453125</ele>
        <time>2025-04-13T08:07:40.000Z</time>
        <extensions>
          <ns3:TrackPointExtension>
            <ns3:hr>147</ns3:hr>
            <ns3:cad>98</ns3:cad>
          </ns3:TrackPointExtension>
        </extensions>
      </trkpt>
      <trkpt lat="51.5898135490715503692626953125" lon="-2.9966603033244609832763671875">
        <ele>21.799999237060546875</ele>
        <time>2025-04-13T08:07:44.000Z</time>
        <extensions>
          <ns3:TrackPointExtension>
            <ns3:hr>147</ns3:hr>
            <ns3:cad>98</ns3:cad>
          </ns3:TrackPointExtension>
        </extensions>
      </trkpt>
      <trkpt lat="51.58996266312897205352783203125" lon="-2.99647808074951171875">
        <ele>21.200000762939453125</ele>
        <time>2025-04-13T08:07:48.000Z</time>
        <extensions>
          <ns3:TrackPointExtension>
            <ns3:hr>148</ns3:hr>
            <ns3:cad>98</ns3:cad>
          </ns3:TrackPointExtension>
        </extensions>
      </trkpt>
      <trkpt lat="51.5900291316211223602294921875" lon="-2.99621279351413249969482421875">
        <ele>18.799999237060546875</ele>
        <time>2025-04-13T08:07:52.000Z</time>
        <extensions>
          <ns3:TrackPointExtension>
            <ns3:hr>147</ns3:hr>
            <ns3:cad>97</ns3:cad>
          </ns3:TrackPointExtension>
        </extensions>
      </trkpt>
      <trkpt lat="51.589954197406768798828125" lon="-2.9959134757518768310546875">
        <ele>16.3999996185302734375</ele>
        <time>2025-04-13T08:07:56.000Z</time>
        <extensions>
          <ns3:TrackPointExtension>
            <ns3:hr>147</ns3:hr>
            <ns3:cad>98</ns3:cad>
          </ns3:TrackPointExtension>
        </extensions>
      </trkpt>
      <trkpt lat="51.58981849439442157745361328125" lon="-2.995654642581939697265625">
        <ele>14.80000019073486328125</ele>
        <time>2025-04-13T08:08:01.000Z</time>
        <extensions>
          <ns3:TrackPointExtension>
            <ns3:hr>147</ns3:hr>
            <ns3:cad>98</ns3:cad>
          </ns3:TrackPointExtension>
        </extensions>
      </trkpt>
      <trkpt lat="51.5896797738969326019287109375" lon="-2.995452471077442169189453125">
        <ele>13.80000019073486328125</ele>
        <time>2025-04-13T08:08:05.000Z</time>
        <extensions>
          <ns3:TrackPointExtension>
            <ns3:hr>146</ns3:hr>
            <ns3:cad>98</ns3:cad>
          </ns3:TrackPointExtension>
        </extensions>
      </trkpt>
      <trkpt lat="51.58951154910027980804443359375" lon="-2.99527435563504695892333984375">
        <ele>12.80000019073486328125</ele>
        <time>2025-04-13T08:08:09.000Z</time>
        <extensions>
          <ns3:TrackPointExtension>
            <ns3:hr>146</ns3:hr>
            <ns3:cad>98</ns3:cad>
          </ns3:TrackPointExtension>
        </extensions>
      </trkpt>
      <trkpt lat="51.58938263542950153350830078125" lon="-2.99516404978930950164794921875">
        <ele>12.6000003814697265625</ele>
        <time>2025-04-13T08:08:12.000Z</time>
        <extensions>
          <ns3:TrackPointExtension>
            <ns3:hr>146</ns3:hr>
            <ns3:cad>98</ns3:cad>
          </ns3:TrackPointExtension>
        </extensions>
      </trkpt>
      <trkpt lat="51.58926260657608509063720703125" lon="-2.9950818233191967010498046875">
        <ele>11</ele>
        <time>2025-04-13T08:08:15.000Z</time>
        <extensions>
          <ns3:TrackPointExtension>
            <ns3:hr>146</ns3:hr>
            <ns3:cad>98</ns3:cad>
          </ns3:TrackPointExtension>
        </extensions>
      </trkpt>
      <trkpt lat="51.5890611894428730010986328125" lon="-2.99495634622871875762939453125">
        <ele>9.80000019073486328125</ele>
        <time>2025-04-13T08:08:20.000Z</time>
        <extensions>
          <ns3:TrackPointExtension>
            <ns3:hr>146</ns3:hr>
            <ns3:cad>98</ns3:cad>
          </ns3:TrackPointExtension>
        </extensions>
      </trkpt>
      <trkpt lat="51.5890221297740936279296875" lon="-2.99493120051920413970947265625">
        <ele>9.6000003814697265625</ele>
        <time>2025-04-13T08:08:21.000Z</time>
        <extensions>
          <ns3:TrackPointExtension>
            <ns3:hr>146</ns3:hr>
            <ns3:cad>98</ns3:cad>
          </ns3:TrackPointExtension>
        </extensions>
      </trkpt>
      <trkpt lat="51.5888285078108310699462890625" lon="-2.99480463378131389617919921875">
        <ele>9.19999980926513671875</ele>
        <time>2025-04-13T08:08:26.000Z</time>
        <extensions>
          <ns3:TrackPointExtension>
            <ns3:hr>147</ns3:hr>
            <ns3:cad>99</ns3:cad>
          </ns3:TrackPointExtension>
        </extensions>
      </trkpt>
      <trkpt lat="51.58863346092402935028076171875" lon="-2.9947049729526042938232421875">
        <ele>9.3999996185302734375</ele>
        <time>2025-04-13T08:08:31.000Z</time>
        <extensions>
          <ns3:TrackPointExtension>
            <ns3:hr>148</ns3:hr>
            <ns3:cad>100</ns3:cad>
          </ns3:TrackPointExtension>
        </extensions>
      </trkpt>
      <trkpt lat="51.588437743484973907470703125" lon="-2.99459860660135746002197265625">
        <ele>10.6000003814697265625</ele>
        <time>2025-04-13T08:08:36.000Z</time>
        <extensions>
          <ns3:TrackPointExtension>
            <ns3:hr>147</ns3:hr>
            <ns3:cad>99</ns3:cad>
          </ns3:TrackPointExtension>
        </extensions>
      </trkpt>
      <trkpt lat="51.58840279094874858856201171875" lon="-2.99456843174993991851806640625">
        <ele>10.6000003814697265625</ele>
        <time>2025-04-13T08:08:37.000Z</time>
        <extensions>
          <ns3:TrackPointExtension>
            <ns3:hr>147</ns3:hr>
            <ns3:cad>99</ns3:cad>
          </ns3:TrackPointExtension>
        </extensions>
      </trkpt>
      <trkpt lat="51.5883436985313892364501953125" lon="-2.9945031367242336273193359375">
        <ele>10.3999996185302734375</ele>
        <time>2025-04-13T08:08:39.000Z</time>
        <extensions>
          <ns3:TrackPointExtension>
            <ns3:hr>147</ns3:hr>
            <ns3:cad>99</ns3:cad>
          </ns3:TrackPointExtension>
        </extensions>
      </trkpt>
      <trkpt lat="51.58829382620751857757568359375" lon="-2.99442552030086517333984375">
        <ele>10.19999980926513671875</ele>
        <time>2025-04-13T08:08:41.000Z</time>
        <extensions>
          <ns3:TrackPointExtension>
            <ns3:hr>147</ns3:hr>
            <ns3:cad>98</ns3:cad>
          </ns3:TrackPointExtension>
        </extensions>
      </trkpt>
      <trkpt lat="51.588281504809856414794921875" lon="-2.9943321458995342254638671875">
        <ele>9.6000003814697265625</ele>
        <time>2025-04-13T08:08:43.000Z</time>
        <extensions>
          <ns3:TrackPointExtension>
            <ns3:hr>146</ns3:hr>
            <ns3:cad>97</ns3:cad>
          </ns3:TrackPointExtension>
        </extensions>
      </trkpt>
      <trkpt lat="51.588286869227886199951171875" lon="-2.994222007691860198974609375">
        <ele>9.6000003814697265625</ele>
        <time>2025-04-13T08:08:45.000Z</time>
        <extensions>
          <ns3:TrackPointExtension>
            <ns3:hr>146</ns3:hr>
            <ns3:cad>98</ns3:cad>
          </ns3:TrackPointExtension>
        </extensions>
      </trkpt>
      <trkpt lat="51.588268093764781951904296875" lon="-2.994117401540279388427734375">
        <ele>9.6000003814697265625</ele>
        <time>2025-04-13T08:08:47.000Z</time>
        <extensions>
          <ns3:TrackPointExtension>
            <ns3:hr>145</ns3:hr>
            <ns3:cad>97</ns3:cad>
          </ns3:TrackPointExtension>
        </extensions>
      </trkpt>
      <trkpt lat="51.588223837316036224365234375" lon="-2.99402327276766300201416015625">
        <ele>9.3999996185302734375</ele>
        <time>2025-04-13T08:08:49.000Z</time>
        <extensions>
          <ns3:TrackPointExtension>
            <ns3:hr>145</ns3:hr>
            <ns3:cad>98</ns3:cad>
          </ns3:TrackPointExtension>
        </extensions>
      </trkpt>
      <trkpt lat="51.58811378292739391326904296875" lon="-2.99390114843845367431640625">
        <ele>9.80000019073486328125</ele>
        <time>2025-04-13T08:08:52.000Z</time>
        <extensions>
          <ns3:TrackPointExtension>
            <ns3:hr>145</ns3:hr>
            <ns3:cad>98</ns3:cad>
          </ns3:TrackPointExtension>
        </extensions>
      </trkpt>
      <trkpt lat="51.58802057616412639617919921875" lon="-2.99379277043044567108154296875">
        <ele>10.3999996185302734375</ele>
        <time>2025-04-13T08:08:55.000Z</time>
        <extensions>
          <ns3:TrackPointExtension>
            <ns3:hr>146</ns3:hr>
            <ns3:cad>99</ns3:cad>
          </ns3:TrackPointExtension>
        </extensions>
      </trkpt>
      <trkpt lat="51.5879135392606258392333984375" lon="-2.99352019093930721282958984375">
        <ele>9.80000019073486328125</ele>
        <time>2025-04-13T08:09:02.000Z</time>
        <extensions>
          <ns3:TrackPointExtension>
            <ns3:hr>146</ns3:hr>
            <ns3:cad>99</ns3:cad>
          </ns3:TrackPointExtension>
        </extensions>
      </trkpt>
      <trkpt lat="51.58776350319385528564453125" lon="-2.99333696253597736358642578125">
        <ele>9.6000003814697265625</ele>
        <time>2025-04-13T08:09:07.000Z</time>
        <extensions>
          <ns3:TrackPointExtension>
            <ns3:hr>147</ns3:hr>
            <ns3:cad>98</ns3:cad>
          </ns3:TrackPointExtension>
        </extensions>
      </trkpt>
      <trkpt lat="51.58760885708034038543701171875" lon="-2.9931593500077724456787109375">
        <ele>9.6000003814697265625</ele>
        <time>2025-04-13T08:09:12.000Z</time>
        <extensions>
          <ns3:TrackPointExtension>
            <ns3:hr>147</ns3:hr>
            <ns3:cad>97</ns3:cad>
          </ns3:TrackPointExtension>
        </extensions>
      </trkpt>
      <trkpt lat="51.5874780155718326568603515625" lon="-2.99294234253466129302978515625">
        <ele>9.3999996185302734375</ele>
        <time>2025-04-13T08:09:17.000Z</time>
        <extensions>
          <ns3:TrackPointExtension>
            <ns3:hr>148</ns3:hr>
            <ns3:cad>98</ns3:cad>
          </ns3:TrackPointExtension>
        </extensions>
      </trkpt>
      <trkpt lat="51.58733795396983623504638671875" lon="-2.99272634088993072509765625">
        <ele>10.3999996185302734375</ele>
        <time>2025-04-13T08:09:22.000Z</time>
        <extensions>
          <ns3:TrackPointExtension>
            <ns3:hr>148</ns3:hr>
            <ns3:cad>98</ns3:cad>
          </ns3:TrackPointExtension>
        </extensions>
      </trkpt>
      <trkpt lat="51.5871853195130825042724609375" lon="-2.99247287213802337646484375">
        <ele>10.6000003814697265625</ele>
        <time>2025-04-13T08:09:28.000Z</time>
        <extensions>
          <ns3:TrackPointExtension>
            <ns3:hr>147</ns3:hr>
            <ns3:cad>98</ns3:cad>
          </ns3:TrackPointExtension>
        </extensions>
      </trkpt>
      <trkpt lat="51.5870656259357929229736328125" lon="-2.992215715348720550537109375">
        <ele>10.19999980926513671875</ele>
        <time>2025-04-13T08:09:33.000Z</time>
        <extensions>
          <ns3:TrackPointExtension>
            <ns3:hr>148</ns3:hr>
            <ns3:cad>99</ns3:cad>
          </ns3:TrackPointExtension>
        </extensions>
      </trkpt>
      <trkpt lat="51.58696328289806842803955078125" lon="-2.99195428378880023956298828125">
        <ele>9</ele>
        <time>2025-04-13T08:09:38.000Z</time>
        <extensions>
          <ns3:TrackPointExtension>
            <ns3:hr>147</ns3:hr>
            <ns3:cad>97</ns3:cad>
          </ns3:TrackPointExtension>
        </extensions>
      </trkpt>
      <trkpt lat="51.58680385909974575042724609375" lon="-2.991724871098995208740234375">
        <ele>7.400000095367431640625</ele>
        <time>2025-04-13T08:09:43.000Z</time>
        <extensions>
          <ns3:TrackPointExtension>
            <ns3:hr>148</ns3:hr>
            <ns3:cad>98</ns3:cad>
          </ns3:TrackPointExtension>
        </extensions>
      </trkpt>
      <trkpt lat="51.5866099856793880462646484375" lon="-2.99155983142554759979248046875">
        <ele>6.400000095367431640625</ele>
        <time>2025-04-13T08:09:48.000Z</time>
        <extensions>
          <ns3:TrackPointExtension>
            <ns3:hr>147</ns3:hr>
            <ns3:cad>98</ns3:cad>
          </ns3:TrackPointExtension>
        </extensions>
      </trkpt>
      <trkpt lat="51.586424745619297027587890625" lon="-2.9914035089313983917236328125">
        <ele>6.599999904632568359375</ele>
        <time>2025-04-13T08:09:53.000Z</time>
        <extensions>
          <ns3:TrackPointExtension>
            <ns3:hr>148</ns3:hr>
            <ns3:cad>98</ns3:cad>
          </ns3:TrackPointExtension>
        </extensions>
      </trkpt>
      <trkpt lat="51.5862502343952655792236328125" lon="-2.991242744028568267822265625">
        <ele>7.19999980926513671875</ele>
        <time>2025-04-13T08:09:58.000Z</time>
        <extensions>
          <ns3:TrackPointExtension>
            <ns3:hr>149</ns3:hr>
            <ns3:cad>98</ns3:cad>
          </ns3:TrackPointExtension>
        </extensions>
      </trkpt>
      <trkpt lat="51.58610179089009761810302734375" lon="-2.99105306155979633331298828125">
        <ele>7.400000095367431640625</ele>
        <time>2025-04-13T08:10:03.000Z</time>
        <extensions>
          <ns3:TrackPointExtension>
            <ns3:hr>149</ns3:hr>
            <ns3:cad>98</ns3:cad>
          </ns3:TrackPointExtension>
        </extensions>
      </trkpt>
      <trkpt lat="51.58595695160329341888427734375" lon="-2.99081032164394855499267578125">
        <ele>8</ele>
        <time>2025-04-13T08:10:09.000Z</time>
        <extensions>
          <ns3:TrackPointExtension>
            <ns3:hr>148</ns3:hr>
            <ns3:cad>97</ns3:cad>
          </ns3:TrackPointExtension>
        </extensions>
      </trkpt>
      <trkpt lat="51.585787050426006317138671875" lon="-2.9906001873314380645751953125">
        <ele>9.19999980926513671875</ele>
        <time>2025-04-13T08:10:15.000Z</time>
        <extensions>
          <ns3:TrackPointExtension>
            <ns3:hr>149</ns3:hr>
            <ns3:cad>98</ns3:cad>
          </ns3:TrackPointExtension>
        </extensions>
      </trkpt>
      <trkpt lat="51.5856346674263477325439453125" lon="-2.99040949903428554534912109375">
        <ele>10.6000003814697265625</ele>
        <time>2025-04-13T08:10:20.000Z</time>
        <extensions>
          <ns3:TrackPointExtension>
            <ns3:hr>148</ns3:hr>
            <ns3:cad>98</ns3:cad>
          </ns3:TrackPointExtension>
        </extensions>
      </trkpt>
      <trkpt lat="51.58560625277459621429443359375" lon="-2.9903735406696796417236328125">
        <ele>10.80000019073486328125</ele>
        <time>2025-04-13T08:10:21.000Z</time>
        <extensions>
          <ns3:TrackPointExtension>
            <ns3:hr>148</ns3:hr>
            <ns3:cad>98</ns3:cad>
          </ns3:TrackPointExtension>
        </extensions>
      </trkpt>
      <trkpt lat="51.58546761609613895416259765625" lon="-2.9901706986129283905029296875">
        <ele>11.19999980926513671875</ele>
        <time>2025-04-13T08:10:27.000Z</time>
        <extensions>
          <ns3:TrackPointExtension>
            <ns3:hr>146</ns3:hr>
            <ns3:cad>97</ns3:cad>
          </ns3:TrackPointExtension>
        </extensions>
      </trkpt>
      <trkpt lat="51.58534809015691280364990234375" lon="-2.98994849435985088348388671875">
        <ele>11.6000003814697265625</ele>
        <time>2025-04-13T08:10:32.000Z</time>
        <extensions>
          <ns3:TrackPointExtension>
            <ns3:hr>147</ns3:hr>
            <ns3:cad>97</ns3:cad>
          </ns3:TrackPointExtension>
        </extensions>
      </trkpt>
      <trkpt lat="51.58523594029247760772705078125" lon="-2.9897023178637027740478515625">
        <ele>11.3999996185302734375</ele>
        <time>2025-04-13T08:10:36.000Z</time>
        <extensions>
          <ns3:TrackPointExtension>
            <ns3:hr>147</ns3:hr>
            <ns3:cad>97</ns3:cad>
          </ns3:TrackPointExtension>
        </extensions>
      </trkpt>
      <trkpt lat="51.585123538970947265625" lon="-2.98943367786705493927001953125">
        <ele>11.6000003814697265625</ele>
        <time>2025-04-13T08:10:41.000Z</time>
        <extensions>
          <ns3:TrackPointExtension>
            <ns3:hr>148</ns3:hr>
            <ns3:cad>97</ns3:cad>
          </ns3:TrackPointExtension>
        </extensions>
      </trkpt>
      <trkpt lat="51.585004515945911407470703125" lon="-2.98918825574219226837158203125">
        <ele>11.6000003814697265625</ele>
        <time>2025-04-13T08:10:46.000Z</time>
        <extensions>
          <ns3:TrackPointExtension>
            <ns3:hr>147</ns3:hr>
            <ns3:cad>97</ns3:cad>
          </ns3:TrackPointExtension>
        </extensions>
      </trkpt>
      <trkpt lat="51.584877781569957733154296875" lon="-2.988962195813655853271484375">
        <ele>11.19999980926513671875</ele>
        <time>2025-04-13T08:10:51.000Z</time>
        <extensions>
          <ns3:TrackPointExtension>
            <ns3:hr>146</ns3:hr>
            <ns3:cad>97</ns3:cad>
          </ns3:TrackPointExtension>
        </extensions>
      </trkpt>
      <trkpt lat="51.5847502090036869049072265625" lon="-2.98874770291149616241455078125">
        <ele>11</ele>
        <time>2025-04-13T08:10:56.000Z</time>
        <extensions>
          <ns3:TrackPointExtension>
            <ns3:hr>146</ns3:hr>
            <ns3:cad>96</ns3:cad>
          </ns3:TrackPointExtension>
        </extensions>
      </trkpt>
      <trkpt lat="51.5846120752394199371337890625" lon="-2.98853279091417789459228515625">
        <ele>10.19999980926513671875</ele>
        <time>2025-04-13T08:11:01.000Z</time>
        <extensions>
          <ns3:TrackPointExtension>
            <ns3:hr>148</ns3:hr>
            <ns3:cad>96</ns3:cad>
          </ns3:TrackPointExtension>
        </extensions>
      </trkpt>
      <trkpt lat="51.58448760397732257843017578125" lon="-2.9883162863552570343017578125">
        <ele>10</ele>
        <time>2025-04-13T08:11:06.000Z</time>
        <extensions>
          <ns3:TrackPointExtension>
            <ns3:hr>149</ns3:hr>
            <ns3:cad>97</ns3:cad>
          </ns3:TrackPointExtension>
        </extensions>
      </trkpt>
      <trkpt lat="51.58435567282140254974365234375" lon="-2.98810891807079315185546875">
        <ele>9.80000019073486328125</ele>
        <time>2025-04-13T08:11:11.000Z</time>
        <extensions>
          <ns3:TrackPointExtension>
            <ns3:hr>149</ns3:hr>
            <ns3:cad>97</ns3:cad>
          </ns3:TrackPointExtension>
        </extensions>
      </trkpt>
      <trkpt lat="51.58421267755329608917236328125" lon="-2.98787062056362628936767578125">
        <ele>10</ele>
        <time>2025-04-13T08:11:16.000Z</time>
        <extensions>
          <ns3:TrackPointExtension>
            <ns3:hr>147</ns3:hr>
            <ns3:cad>97</ns3:cad>
          </ns3:TrackPointExtension>
        </extensions>
      </trkpt>
      <trkpt lat="51.58406599424779415130615234375" lon="-2.98764129169285297393798828125">
        <ele>10</ele>
        <time>2025-04-13T08:11:21.000Z</time>
        <extensions>
          <ns3:TrackPointExtension>
            <ns3:hr>147</ns3:hr>
            <ns3:cad>97</ns3:cad>
          </ns3:TrackPointExtension>
        </extensions>
      </trkpt>
      <trkpt lat="51.5839244239032268524169921875" lon="-2.98741833306849002838134765625">
        <ele>10</ele>
        <time>2025-04-13T08:11:26.000Z</time>
        <extensions>
          <ns3:TrackPointExtension>
            <ns3:hr>147</ns3:hr>
            <ns3:cad>97</ns3:cad>
          </ns3:TrackPointExtension>
        </extensions>
      </trkpt>
      <trkpt lat="51.58376558683812618255615234375" lon="-2.98721230588853359222412109375">
        <ele>10</ele>
        <time>2025-04-13T08:11:31.000Z</time>
        <extensions>
          <ns3:TrackPointExtension>
            <ns3:hr>148</ns3:hr>
            <ns3:cad>97</ns3:cad>
          </ns3:TrackPointExtension>
        </extensions>
      </trkpt>
      <trkpt lat="51.583620496094226837158203125" lon="-2.98703041858971118927001953125">
        <ele>10.19999980926513671875</ele>
        <time>2025-04-13T08:11:36.000Z</time>
        <extensions>
          <ns3:TrackPointExtension>
            <ns3:hr>148</ns3:hr>
            <ns3:cad>98</ns3:cad>
          </ns3:TrackPointExtension>
        </extensions>
      </trkpt>
      <trkpt lat="51.58349501900374889373779296875" lon="-2.9868135787546634674072265625">
        <ele>11</ele>
        <time>2025-04-13T08:11:41.000Z</time>
        <extensions>
          <ns3:TrackPointExtension>
            <ns3:hr>149</ns3:hr>
            <ns3:cad>98</ns3:cad>
          </ns3:TrackPointExtension>
        </extensions>
      </trkpt>
      <trkpt lat="51.583358980715274810791015625" lon="-2.9866000078618526458740234375">
        <ele>11.80000019073486328125</ele>
        <time>2025-04-13T08:11:46.000Z</time>
        <extensions>
          <ns3:TrackPointExtension>
            <ns3:hr>149</ns3:hr>
            <ns3:cad>98</ns3:cad>
          </ns3:TrackPointExtension>
        </extensions>
      </trkpt>
      <trkpt lat="51.58322252333164215087890625" lon="-2.9864032007753849029541015625">
        <ele>11.6000003814697265625</ele>
        <time>2025-04-13T08:11:51.000Z</time>
        <extensions>
          <ns3:TrackPointExtension>
            <ns3:hr>149</ns3:hr>
            <ns3:cad>97</ns3:cad>
          </ns3:TrackPointExtension>
        </extensions>
      </trkpt>
      <trkpt lat="51.583078019320964813232421875" lon="-2.98620647750794887542724609375">
        <ele>11</ele>
        <time>2025-04-13T08:11:59.000Z</time>
        <extensions>
          <ns3:TrackPointExtension>
            <ns3:hr>149</ns3:hr>
            <ns3:cad>97</ns3:cad>
          </ns3:TrackPointExtension>
        </extensions>
      </trkpt>
      <trkpt lat="51.58290065824985504150390625" lon="-2.98600179143249988555908203125">
        <ele>11</ele>
        <time>2025-04-13T08:12:05.000Z</time>
        <extensions>
          <ns3:TrackPointExtension>
            <ns3:hr>150</ns3:hr>
            <ns3:cad>98</ns3:cad>
          </ns3:TrackPointExtension>
        </extensions>
      </trkpt>
      <trkpt lat="51.58276545815169811248779296875" lon="-2.98580582253634929656982421875">
        <ele>10.19999980926513671875</ele>
        <time>2025-04-13T08:12:11.000Z</time>
        <extensions>
          <ns3:TrackPointExtension>
            <ns3:hr>148</ns3:hr>
            <ns3:cad>99</ns3:cad>
          </ns3:TrackPointExtension>
        </extensions>
      </trkpt>
      <trkpt lat="51.5826036036014556884765625" lon="-2.985669113695621490478515625">
        <ele>10</ele>
        <time>2025-04-13T08:12:16.000Z</time>
        <extensions>
          <ns3:TrackPointExtension>
            <ns3:hr>147</ns3:hr>
            <ns3:cad>98</ns3:cad>
          </ns3:TrackPointExtension>
        </extensions>
      </trkpt>
      <trkpt lat="51.58243085257709026336669921875" lon="-2.9855495877563953399658203125">
        <ele>10</ele>
        <time>2025-04-13T08:12:21.000Z</time>
        <extensions>
          <ns3:TrackPointExtension>
            <ns3:hr>146</ns3:hr>
            <ns3:cad>97</ns3:cad>
          </ns3:TrackPointExtension>
        </extensions>
      </trkpt>
      <trkpt lat="51.5822252444922924041748046875" lon="-2.985447831451892852783203125">
        <ele>10</ele>
        <time>2025-04-13T08:12:26.000Z</time>
        <extensions>
          <ns3:TrackPointExtension>
            <ns3:hr>148</ns3:hr>
            <ns3:cad>98</ns3:cad>
          </ns3:TrackPointExtension>
        </extensions>
      </trkpt>
      <trkpt lat="51.5821099095046520233154296875" lon="-2.9853943549096584320068359375">
        <ele>9.6000003814697265625</ele>
        <time>2025-04-13T08:12:29.000Z</time>
        <extensions>
          <ns3:TrackPointExtension>
            <ns3:hr>145</ns3:hr>
            <ns3:cad>98</ns3:cad>
          </ns3:TrackPointExtension>
        </extensions>
      </trkpt>
      <trkpt lat="51.5820703469216823577880859375" lon="-2.9853752441704273223876953125">
        <ele>9.3999996185302734375</ele>
        <time>2025-04-13T08:12:30.000Z</time>
        <extensions>
          <ns3:TrackPointExtension>
            <ns3:hr>139</ns3:hr>
            <ns3:cad>98</ns3:cad>
          </ns3:TrackPointExtension>
        </extensions>
      </trkpt>
      <trkpt lat="51.5820331312716007232666015625" lon="-2.9853598214685916900634765625">
        <ele>9.19999980926513671875</ele>
        <time>2025-04-13T08:12:31.000Z</time>
        <extensions>
          <ns3:TrackPointExtension>
            <ns3:hr>142</ns3:hr>
            <ns3:cad>98</ns3:cad>
          </ns3:TrackPointExtension>
        </extensions>
      </trkpt>
      <trkpt lat="51.5819989331066608428955078125" lon="-2.985342554748058319091796875">
        <ele>9.19999980926513671875</ele>
        <time>2025-04-13T08:12:32.000Z</time>
        <extensions>
          <ns3:TrackPointExtension>
            <ns3:hr>139</ns3:hr>
            <ns3:cad>98</ns3:cad>
          </ns3:TrackPointExtension>
        </extensions>
      </trkpt>
      <trkpt lat="51.58196263946592807769775390625" lon="-2.985321767628192901611328125">
        <ele>9</ele>
        <time>2025-04-13T08:12:33.000Z</time>
        <extensions>
          <ns3:TrackPointExtension>
            <ns3:hr>136</ns3:hr>
            <ns3:cad>98</ns3:cad>
          </ns3:TrackPointExtension>
        </extensions>
      </trkpt>
      <trkpt lat="51.5818437002599239349365234375" lon="-2.985254041850566864013671875">
        <ele>9</ele>
        <time>2025-04-13T08:12:36.000Z</time>
        <extensions>
          <ns3:TrackPointExtension>
            <ns3:hr>133</ns3:hr>
            <ns3:cad>97</ns3:cad>
          </ns3:TrackPointExtension>
        </extensions>
      </trkpt>
      <trkpt lat="51.581646390259265899658203125" lon="-2.98517189919948577880859375">
        <ele>9</ele>
        <time>2025-04-13T08:12:40.000Z</time>
        <extensions>
          <ns3:TrackPointExtension>
            <ns3:hr>131</ns3:hr>
            <ns3:cad>97</ns3:cad>
          </ns3:TrackPointExtension>
        </extensions>
      </trkpt>
      <trkpt lat="51.58146710135042667388916015625" lon="-2.98505949787795543670654296875">
        <ele>9</ele>
        <time>2025-04-13T08:12:44.000Z</time>
        <extensions>
          <ns3:TrackPointExtension>
            <ns3:hr>129</ns3:hr>
            <ns3:cad>97</ns3:cad>
          </ns3:TrackPointExtension>
        </extensions>
      </trkpt>
      <trkpt lat="51.581335924565792083740234375" lon="-2.98488833941519260406494140625">
        <ele>10.19999980926513671875</ele>
        <time>2025-04-13T08:12:48.000Z</time>
        <extensions>
          <ns3:TrackPointExtension>
            <ns3:hr>132</ns3:hr>
            <ns3:cad>97</ns3:cad>
          </ns3:TrackPointExtension>
        </extensions>
      </trkpt>
      <trkpt lat="51.58116065897047519683837890625" lon="-2.98469714820384979248046875">
        <ele>11</ele>
        <time>2025-04-13T08:12:53.000Z</time>
        <extensions>
          <ns3:TrackPointExtension>
            <ns3:hr>132</ns3:hr>
            <ns3:cad>97</ns3:cad>
          </ns3:TrackPointExtension>
        </extensions>
      </trkpt>
      <trkpt lat="51.5809674561023712158203125" lon="-2.9847496189177036285400390625">
        <ele>11</ele>
        <time>2025-04-13T08:12:58.000Z</time>
        <extensions>
          <ns3:TrackPointExtension>
            <ns3:hr>132</ns3:hr>
            <ns3:cad>97</ns3:cad>
          </ns3:TrackPointExtension>
        </extensions>
      </trkpt>
      <trkpt lat="51.5808767639100551605224609375" lon="-2.98487878404557704925537109375">
        <ele>11</ele>
        <time>2025-04-13T08:13:01.000Z</time>
        <extensions>
          <ns3:TrackPointExtension>
            <ns3:hr>135</ns3:hr>
            <ns3:cad>97</ns3:cad>
          </ns3:TrackPointExtension>
        </extensions>
      </trkpt>
      <trkpt lat="51.58076017163693904876708984375" lon="-2.9850299097597599029541015625">
        <ele>11</ele>
        <time>2025-04-13T08:13:05.000Z</time>
        <extensions>
          <ns3:TrackPointExtension>
            <ns3:hr>138</ns3:hr>
            <ns3:cad>97</ns3:cad>
          </ns3:TrackPointExtension>
        </extensions>
      </trkpt>
      <trkpt lat="51.58056956715881824493408203125" lon="-2.98508883453905582427978515625">
        <ele>11</ele>
        <time>2025-04-13T08:13:12.000Z</time>
        <extensions>
          <ns3:TrackPointExtension>
            <ns3:hr>138</ns3:hr>
            <ns3:cad>97</ns3:cad>
          </ns3:TrackPointExtension>
        </extensions>
      </trkpt>
      <trkpt lat="51.580389104783535003662109375" lon="-2.98507492057979106903076171875">
        <ele>10.3999996185302734375</ele>
        <time>2025-04-13T08:13:18.000Z</time>
        <extensions>
          <ns3:TrackPointExtension>
            <ns3:hr>139</ns3:hr>
            <ns3:cad>96</ns3:cad>
          </ns3:TrackPointExtension>
        </extensions>
      </trkpt>
      <trkpt lat="51.58020596019923686981201171875" lon="-2.98500300385057926177978515625">
        <ele>10</ele>
        <time>2025-04-13T08:13:23.000Z</time>
        <extensions>
          <ns3:TrackPointExtension>
            <ns3:hr>141</ns3:hr>
            <ns3:cad>98</ns3:cad>
          </ns3:TrackPointExtension>
        </extensions>
      </trkpt>
      <trkpt lat="51.58002105541527271270751953125" lon="-2.984898649156093597412109375">
        <ele>10</ele>
        <time>2025-04-13T08:13:28.000Z</time>
        <extensions>
          <ns3:TrackPointExtension>
            <ns3:hr>142</ns3:hr>
            <ns3:cad>97</ns3:cad>
          </ns3:TrackPointExtension>
        </extensions>
      </trkpt>
      <trkpt lat="51.57984268851578235626220703125" lon="-2.98478457145392894744873046875">
        <ele>10.6000003814697265625</ele>
        <time>2025-04-13T08:13:33.000Z</time>
        <extensions>
          <ns3:TrackPointExtension>
            <ns3:hr>142</ns3:hr>
            <ns3:cad>97</ns3:cad>
          </ns3:TrackPointExtension>
        </extensions>
      </trkpt>
      <trkpt lat="51.5796630643308162689208984375" lon="-2.9846369661390781402587890625">
        <ele>12</ele>
        <time>2025-04-13T08:13:38.000Z</time>
        <extensions>
          <ns3:TrackPointExtension>
            <ns3:hr>142</ns3:hr>
            <ns3:cad>96</ns3:cad>
          </ns3:TrackPointExtension>
        </extensions>
      </trkpt>
      <trkpt lat="51.57947455532848834991455078125" lon="-2.98447594977915287017822265625">
        <ele>13</ele>
        <time>2025-04-13T08:13:43.000Z</time>
        <extensions>
          <ns3:TrackPointExtension>
            <ns3:hr>141</ns3:hr>
            <ns3:cad>96</ns3:cad>
          </ns3:TrackPointExtension>
        </extensions>
      </trkpt>
      <trkpt lat="51.57930314540863037109375" lon="-2.984285093843936920166015625">
        <ele>12.3999996185302734375</ele>
        <time>2025-04-13T08:13:48.000Z</time>
        <extensions>
          <ns3:TrackPointExtension>
            <ns3:hr>142</ns3:hr>
            <ns3:cad>97</ns3:cad>
          </ns3:TrackPointExtension>
        </extensions>
      </trkpt>
      <trkpt lat="51.57912821508944034576416015625" lon="-2.9840636439621448516845703125">
        <ele>11.80000019073486328125</ele>
        <time>2025-04-13T08:13:53.000Z</time>
        <extensions>
          <ns3:TrackPointExtension>
            <ns3:hr>144</ns3:hr>
            <ns3:cad>98</ns3:cad>
          </ns3:TrackPointExtension>
        </extensions>
      </trkpt>
      <trkpt lat="51.57897348515689373016357421875" lon="-2.9838510788977146148681640625">
        <ele>10.3999996185302734375</ele>
        <time>2025-04-13T08:13:58.000Z</time>
        <extensions>
          <ns3:TrackPointExtension>
            <ns3:hr>144</ns3:hr>
            <ns3:cad>97</ns3:cad>
          </ns3:TrackPointExtension>
        </extensions>
      </trkpt>
      <trkpt lat="51.57881741411983966827392578125" lon="-2.98366039060056209564208984375">
        <ele>10</ele>
        <time>2025-04-13T08:14:03.000Z</time>
        <extensions>
          <ns3:TrackPointExtension>
            <ns3:hr>143</ns3:hr>
            <ns3:cad>97</ns3:cad>
          </ns3:TrackPointExtension>
        </extensions>
      </trkpt>
      <trkpt lat="51.578667461872100830078125" lon="-2.98345788381993770599365234375">
        <ele>9.19999980926513671875</ele>
        <time>2025-04-13T08:14:08.000Z</time>
        <extensions>
          <ns3:TrackPointExtension>
            <ns3:hr>142</ns3:hr>
            <ns3:cad>97</ns3:cad>
          </ns3:TrackPointExtension>
        </extensions>
      </trkpt>
      <trkpt lat="51.578514911234378814697265625" lon="-2.98324615694582462310791015625">
        <ele>10</ele>
        <time>2025-04-13T08:14:13.000Z</time>
        <extensions>
          <ns3:TrackPointExtension>
            <ns3:hr>143</ns3:hr>
            <ns3:cad>98</ns3:cad>
          </ns3:TrackPointExtension>
        </extensions>
      </trkpt>
      <trkpt lat="51.57835205085575580596923828125" lon="-2.98302638344466686248779296875">
        <ele>10</ele>
        <time>2025-04-13T08:14:18.000Z</time>
        <extensions>
          <ns3:TrackPointExtension>
            <ns3:hr>144</ns3:hr>
            <ns3:cad>98</ns3:cad>
          </ns3:TrackPointExtension>
        </extensions>
      </trkpt>
      <trkpt lat="51.5781992487609386444091796875" lon="-2.98281834460794925689697265625">
        <ele>11.19999980926513671875</ele>
        <time>2025-04-13T08:14:23.000Z</time>
        <extensions>
          <ns3:TrackPointExtension>
            <ns3:hr>143</ns3:hr>
            <ns3:cad>98</ns3:cad>
          </ns3:TrackPointExtension>
        </extensions>
      </trkpt>
      <trkpt lat="51.5780426748096942901611328125" lon="-2.9825984872877597808837890625">
        <ele>11.80000019073486328125</ele>
        <time>2025-04-13T08:14:28.000Z</time>
        <extensions>
          <ns3:TrackPointExtension>
            <ns3:hr>143</ns3:hr>
            <ns3:cad>97</ns3:cad>
          </ns3:TrackPointExtension>
        </extensions>
      </trkpt>
      <trkpt lat="51.5779109112918376922607421875" lon="-2.98239857889711856842041015625">
        <ele>11.3999996185302734375</ele>
        <time>2025-04-13T08:14:33.000Z</time>
        <extensions>
          <ns3:TrackPointExtension>
            <ns3:hr>145</ns3:hr>
            <ns3:cad>98</ns3:cad>
          </ns3:TrackPointExtension>
        </extensions>
      </trkpt>
      <trkpt lat="51.5777711011469364166259765625" lon="-2.98219959251582622528076171875">
        <ele>10.3999996185302734375</ele>
        <time>2025-04-13T08:14:38.000Z</time>
        <extensions>
          <ns3:TrackPointExtension>
            <ns3:hr>146</ns3:hr>
            <ns3:cad>97</ns3:cad>
          </ns3:TrackPointExtension>
        </extensions>
      </trkpt>
      <trkpt lat="51.57763137482106685638427734375" lon="-2.98200781457126140594482421875">
        <ele>9.19999980926513671875</ele>
        <time>2025-04-13T08:14:43.000Z</time>
        <extensions>
          <ns3:TrackPointExtension>
            <ns3:hr>145</ns3:hr>
            <ns3:cad>97</ns3:cad>
          </ns3:TrackPointExtension>
        </extensions>
      </trkpt>
      <trkpt lat="51.57748569734394550323486328125" lon="-2.981802038848400115966796875">
        <ele>8</ele>
        <time>2025-04-13T08:14:48.000Z</time>
        <extensions>
          <ns3:TrackPointExtension>
            <ns3:hr>145</ns3:hr>
            <ns3:cad>97</ns3:cad>
          </ns3:TrackPointExtension>
        </extensions>
      </trkpt>
      <trkpt lat="51.57733348198235034942626953125" lon="-2.9815980233252048492431640625">
        <ele>8.3999996185302734375</ele>
        <time>2025-04-13T08:14:53.000Z</time>
        <extensions>
          <ns3:TrackPointExtension>
            <ns3:hr>146</ns3:hr>
            <ns3:cad>98</ns3:cad>
          </ns3:TrackPointExtension>
        </extensions>
      </trkpt>
      <trkpt lat="51.5772024728357791900634765625" lon="-2.98138906247913837432861328125">
        <ele>9.19999980926513671875</ele>
        <time>2025-04-13T08:14:58.000Z</time>
        <extensions>
          <ns3:TrackPointExtension>
            <ns3:hr>145</ns3:hr>
            <ns3:cad>97</ns3:cad>
          </ns3:TrackPointExtension>
        </extensions>
      </trkpt>
      <trkpt lat="51.5770576335489749908447265625" lon="-2.98119007609784603118896484375">
        <ele>10.80000019073486328125</ele>
        <time>2025-04-13T08:15:03.000Z</time>
        <extensions>
          <ns3:TrackPointExtension>
            <ns3:hr>145</ns3:hr>
            <ns3:cad>97</ns3:cad>
          </ns3:TrackPointExtension>
        </extensions>
      </trkpt>
      <trkpt lat="51.5769114531576633453369140625" lon="-2.98096426762640476226806640625">
        <ele>11</ele>
        <time>2025-04-13T08:15:09.000Z</time>
        <extensions>
          <ns3:TrackPointExtension>
            <ns3:hr>145</ns3:hr>
            <ns3:cad>97</ns3:cad>
          </ns3:TrackPointExtension>
        </extensions>
      </trkpt>
      <trkpt lat="51.57677122391760349273681640625" lon="-2.9807645268738269805908203125">
        <ele>11</ele>
        <time>2025-04-13T08:15:14.000Z</time>
        <extensions>
          <ns3:TrackPointExtension>
            <ns3:hr>148</ns3:hr>
            <ns3:cad>97</ns3:cad>
          </ns3:TrackPointExtension>
        </extensions>
      </trkpt>
      <trkpt lat="51.576625294983386993408203125" lon="-2.98056260682642459869384765625">
        <ele>10.3999996185302734375</ele>
        <time>2025-04-13T08:15:19.000Z</time>
        <extensions>
          <ns3:TrackPointExtension>
            <ns3:hr>149</ns3:hr>
            <ns3:cad>97</ns3:cad>
          </ns3:TrackPointExtension>
        </extensions>
      </trkpt>
      <trkpt lat="51.5764881670475006103515625" lon="-2.98034551553428173065185546875">
        <ele>10</ele>
        <time>2025-04-13T08:15:24.000Z</time>
        <extensions>
          <ns3:TrackPointExtension>
            <ns3:hr>149</ns3:hr>
            <ns3:cad>96</ns3:cad>
          </ns3:TrackPointExtension>
        </extensions>
      </trkpt>
      <trkpt lat="51.57634525559842586517333984375" lon="-2.98014099709689617156982421875">
        <ele>10</ele>
        <time>2025-04-13T08:15:29.000Z</time>
        <extensions>
          <ns3:TrackPointExtension>
            <ns3:hr>146</ns3:hr>
            <ns3:cad>97</ns3:cad>
          </ns3:TrackPointExtension>
        </extensions>
      </trkpt>
      <trkpt lat="51.57631474547088146209716796875" lon="-2.9800959862768650054931640625">
        <ele>10</ele>
        <time>2025-04-13T08:15:30.000Z</time>
        <extensions>
          <ns3:TrackPointExtension>
            <ns3:hr>142</ns3:hr>
            <ns3:cad>97</ns3:cad>
          </ns3:TrackPointExtension>
        </extensions>
      </trkpt>
      <trkpt lat="51.5762844868004322052001953125" lon="-2.98005156219005584716796875">
        <ele>10</ele>
        <time>2025-04-13T08:15:31.000Z</time>
        <extensions>
          <ns3:TrackPointExtension>
            <ns3:hr>147</ns3:hr>
            <ns3:cad>97</ns3:cad>
          </ns3:TrackPointExtension>
        </extensions>
      </trkpt>
      <trkpt lat="51.57614291645586490631103515625" lon="-2.97985299490392208099365234375">
        <ele>10</ele>
        <time>2025-04-13T08:15:36.000Z</time>
        <extensions>
          <ns3:TrackPointExtension>
            <ns3:hr>146</ns3:hr>
            <ns3:cad>97</ns3:cad>
          </ns3:TrackPointExtension>
        </extensions>
      </trkpt>
      <trkpt lat="51.57604685984551906585693359375" lon="-2.97960321418941020965576171875">
        <ele>10</ele>
        <time>2025-04-13T08:15:41.000Z</time>
        <extensions>
          <ns3:TrackPointExtension>
            <ns3:hr>145</ns3:hr>
            <ns3:cad>97</ns3:cad>
          </ns3:TrackPointExtension>
        </extensions>
      </trkpt>
      <trkpt lat="51.57606094144284725189208984375" lon="-2.97930632717907428741455078125">
        <ele>10</ele>
        <time>2025-04-13T08:15:46.000Z</time>
        <extensions>
          <ns3:TrackPointExtension>
            <ns3:hr>150</ns3:hr>
            <ns3:cad>97</ns3:cad>
          </ns3:TrackPointExtension>
        </extensions>
      </trkpt>
      <trkpt lat="51.5760735981166362762451171875" lon="-2.97924631275236606597900390625">
        <ele>10.19999980926513671875</ele>
        <time>2025-04-13T08:15:47.000Z</time>
        <extensions>
          <ns3:TrackPointExtension>
            <ns3:hr>147</ns3:hr>
            <ns3:cad>97</ns3:cad>
          </ns3:TrackPointExtension>
        </extensions>
      </trkpt>
      <trkpt lat="51.57615884207189083099365234375" lon="-2.978950180113315582275390625">
        <ele>11</ele>
        <time>2025-04-13T08:15:52.000Z</time>
        <extensions>
          <ns3:TrackPointExtension>
            <ns3:hr>148</ns3:hr>
            <ns3:cad>98</ns3:cad>
          </ns3:TrackPointExtension>
        </extensions>
      </trkpt>
      <trkpt lat="51.5762653760612010955810546875" lon="-2.978681288659572601318359375">
        <ele>10</ele>
        <time>2025-04-13T08:15:57.000Z</time>
        <extensions>
          <ns3:TrackPointExtension>
            <ns3:hr>149</ns3:hr>
            <ns3:cad>98</ns3:cad>
          </ns3:TrackPointExtension>
        </extensions>
      </trkpt>
      <trkpt lat="51.57636704854667186737060546875" lon="-2.9784185998141765594482421875">
        <ele>8.19999980926513671875</ele>
        <time>2025-04-13T08:16:02.000Z</time>
        <extensions>
          <ns3:TrackPointExtension>
            <ns3:hr>149</ns3:hr>
            <ns3:cad>98</ns3:cad>
          </ns3:TrackPointExtension>
        </extensions>
      </trkpt>
      <trkpt lat="51.57645941711962223052978515625" lon="-2.9781533963978290557861328125">
        <ele>7</ele>
        <time>2025-04-13T08:16:07.000Z</time>
        <extensions>
          <ns3:TrackPointExtension>
            <ns3:hr>148</ns3:hr>
            <ns3:cad>97</ns3:cad>
          </ns3:TrackPointExtension>
        </extensions>
      </trkpt>
      <trkpt lat="51.57653317786753177642822265625" lon="-2.9778855107724666595458984375">
        <ele>7</ele>
        <time>2025-04-13T08:16:12.000Z</time>
        <extensions>
          <ns3:TrackPointExtension>
            <ns3:hr>148</ns3:hr>
            <ns3:cad>97</ns3:cad>
          </ns3:TrackPointExtension>
        </extensions>
      </trkpt>
      <trkpt lat="51.576591432094573974609375" lon="-2.9775612987577915191650390625">
        <ele>7.80000019073486328125</ele>
        <time>2025-04-13T08:16:18.000Z</time>
        <extensions>
          <ns3:TrackPointExtension>
            <ns3:hr>146</ns3:hr>
            <ns3:cad>97</ns3:cad>
          </ns3:TrackPointExtension>
        </extensions>
      </trkpt>
      <trkpt lat="51.57663099467754364013671875" lon="-2.97723717056214809417724609375">
        <ele>9.19999980926513671875</ele>
        <time>2025-04-13T08:16:24.000Z</time>
        <extensions>
          <ns3:TrackPointExtension>
            <ns3:hr>149</ns3:hr>
            <ns3:cad>96</ns3:cad>
          </ns3:TrackPointExtension>
        </extensions>
      </trkpt>
      <trkpt lat="51.57665102742612361907958984375" lon="-2.97707271762192249298095703125">
        <ele>10</ele>
        <time>2025-04-13T08:16:27.000Z</time>
        <extensions>
          <ns3:TrackPointExtension>
            <ns3:hr>152</ns3:hr>
            <ns3:cad>96</ns3:cad>
          </ns3:TrackPointExtension>
        </extensions>
      </trkpt>
      <trkpt lat="51.5766583196818828582763671875" lon="-2.97701672650873661041259765625">
        <ele>10.19999980926513671875</ele>
        <time>2025-04-13T08:16:28.000Z</time>
        <extensions>
          <ns3:TrackPointExtension>
            <ns3:hr>149</ns3:hr>
            <ns3:cad>96</ns3:cad>
          </ns3:TrackPointExtension>
        </extensions>
      </trkpt>
      <trkpt lat="51.576670221984386444091796875" lon="-2.9769051633775234222412109375">
        <ele>10.6000003814697265625</ele>
        <time>2025-04-13T08:16:30.000Z</time>
        <extensions>
          <ns3:TrackPointExtension>
            <ns3:hr>146</ns3:hr>
            <ns3:cad>96</ns3:cad>
          </ns3:TrackPointExtension>
        </extensions>
      </trkpt>
      <trkpt lat="51.5767119638621807098388671875" lon="-2.976569719612598419189453125">
        <ele>10.19999980926513671875</ele>
        <time>2025-04-13T08:16:36.000Z</time>
        <extensions>
          <ns3:TrackPointExtension>
            <ns3:hr>147</ns3:hr>
            <ns3:cad>97</ns3:cad>
          </ns3:TrackPointExtension>
        </extensions>
      </trkpt>
      <trkpt lat="51.57674641348421573638916015625" lon="-2.9762305878102779388427734375">
        <ele>8</ele>
        <time>2025-04-13T08:16:42.000Z</time>
        <extensions>
          <ns3:TrackPointExtension>
            <ns3:hr>149</ns3:hr>
            <ns3:cad>97</ns3:cad>
          </ns3:TrackPointExtension>
        </extensions>
      </trkpt>
      <trkpt lat="51.576763428747653961181640625" lon="-2.9759020172059535980224609375">
        <ele>6.400000095367431640625</ele>
        <time>2025-04-13T08:16:48.000Z</time>
        <extensions>
          <ns3:TrackPointExtension>
            <ns3:hr>150</ns3:hr>
            <ns3:cad>97</ns3:cad>
          </ns3:TrackPointExtension>
        </extensions>
      </trkpt>
      <trkpt lat="51.57678614370524883270263671875" lon="-2.9755593650043010711669921875">
        <ele>4.19999980926513671875</ele>
        <time>2025-04-13T08:16:54.000Z</time>
        <extensions>
          <ns3:TrackPointExtension>
            <ns3:hr>151</ns3:hr>
            <ns3:cad>97</ns3:cad>
          </ns3:TrackPointExtension>
        </extensions>
      </trkpt>
      <trkpt lat="51.5768075175583362579345703125" lon="-2.97521294094622135162353515625">
        <ele>2.400000095367431640625</ele>
        <time>2025-04-13T08:17:00.000Z</time>
        <extensions>
          <ns3:TrackPointExtension>
            <ns3:hr>150</ns3:hr>
            <ns3:cad>97</ns3:cad>
          </ns3:TrackPointExtension>
        </extensions>
      </trkpt>
      <trkpt lat="51.57682872377336025238037109375" lon="-2.97487095929682254791259765625">
        <ele>0.20000000298023223876953125</ele>
        <time>2025-04-13T08:17:06.000Z</time>
        <extensions>
          <ns3:TrackPointExtension>
            <ns3:hr>151</ns3:hr>
            <ns3:cad>96</ns3:cad>
          </ns3:TrackPointExtension>
        </extensions>
      </trkpt>
      <trkpt lat="51.5768430568277835845947265625" lon="-2.974563427269458770751953125">
        <ele>-1.60000002384185791015625</ele>
        <time>2025-04-13T08:17:11.000Z</time>
        <extensions>
          <ns3:TrackPointExtension>
            <ns3:hr>153</ns3:hr>
            <ns3:cad>96</ns3:cad>
          </ns3:TrackPointExtension>
        </extensions>
      </trkpt>
      <trkpt lat="51.5768671967089176177978515625" lon="-2.974266372621059417724609375">
        <ele>-2.599999904632568359375</ele>
        <time>2025-04-13T08:17:16.000Z</time>
        <extensions>
          <ns3:TrackPointExtension>
            <ns3:hr>152</ns3:hr>
            <ns3:cad>97</ns3:cad>
          </ns3:TrackPointExtension>
        </extensions>
      </trkpt>
      <trkpt lat="51.57687784172594547271728515625" lon="-2.97395464964210987091064453125">
        <ele>-1.7999999523162841796875</ele>
        <time>2025-04-13T08:17:21.000Z</time>
        <extensions>
          <ns3:TrackPointExtension>
            <ns3:hr>150</ns3:hr>
            <ns3:cad>96</ns3:cad>
          </ns3:TrackPointExtension>
        </extensions>
      </trkpt>
      <trkpt lat="51.57687968574464321136474609375" lon="-2.973648793995380401611328125">
        <ele>0.60000002384185791015625</ele>
        <time>2025-04-13T08:17:26.000Z</time>
        <extensions>
          <ns3:TrackPointExtension>
            <ns3:hr>151</ns3:hr>
            <ns3:cad>97</ns3:cad>
          </ns3:TrackPointExtension>
        </extensions>
      </trkpt>
      <trkpt lat="51.57688873820006847381591796875" lon="-2.9733133502304553985595703125">
        <ele>4</ele>
        <time>2025-04-13T08:17:31.000Z</time>
        <extensions>
          <ns3:TrackPointExtension>
            <ns3:hr>151</ns3:hr>
            <ns3:cad>99</ns3:cad>
          </ns3:TrackPointExtension>
        </extensions>
      </trkpt>
      <trkpt lat="51.576904915273189544677734375" lon="-2.9729717038571834564208984375">
        <ele>6.599999904632568359375</ele>
        <time>2025-04-13T08:17:36.000Z</time>
        <extensions>
          <ns3:TrackPointExtension>
            <ns3:hr>150</ns3:hr>
            <ns3:cad>99</ns3:cad>
          </ns3:TrackPointExtension>
        </extensions>
      </trkpt>
      <trkpt lat="51.57693676650524139404296875" lon="-2.97265226952731609344482421875">
        <ele>8</ele>
        <time>2025-04-13T08:17:41.000Z</time>
        <extensions>
          <ns3:TrackPointExtension>
            <ns3:hr>149</ns3:hr>
            <ns3:cad>99</ns3:cad>
          </ns3:TrackPointExtension>
        </extensions>
      </trkpt>
      <trkpt lat="51.57695093192160129547119140625" lon="-2.97232210636138916015625">
        <ele>8</ele>
        <time>2025-04-13T08:17:46.000Z</time>
        <extensions>
          <ns3:TrackPointExtension>
            <ns3:hr>147</ns3:hr>
            <ns3:cad>98</ns3:cad>
          </ns3:TrackPointExtension>
        </extensions>
      </trkpt>
      <trkpt lat="51.576956547796726226806640625" lon="-2.971989847719669342041015625">
        <ele>8</ele>
        <time>2025-04-13T08:17:51.000Z</time>
        <extensions>
          <ns3:TrackPointExtension>
            <ns3:hr>146</ns3:hr>
            <ns3:cad>99</ns3:cad>
          </ns3:TrackPointExtension>
        </extensions>
      </trkpt>
      <trkpt lat="51.57697557471692562103271484375" lon="-2.9716564156115055084228515625">
        <ele>8</ele>
        <time>2025-04-13T08:17:56.000Z</time>
        <extensions>
          <ns3:TrackPointExtension>
            <ns3:hr>147</ns3:hr>
            <ns3:cad>98</ns3:cad>
          </ns3:TrackPointExtension>
        </extensions>
      </trkpt>
      <trkpt lat="51.57698906958103179931640625" lon="-2.9713281802833080291748046875">
        <ele>7.19999980926513671875</ele>
        <time>2025-04-13T08:18:01.000Z</time>
        <extensions>
          <ns3:TrackPointExtension>
            <ns3:hr>147</ns3:hr>
            <ns3:cad>98</ns3:cad>
          </ns3:TrackPointExtension>
        </extensions>
      </trkpt>
      <trkpt lat="51.576992087066173553466796875" lon="-2.97099516727030277252197265625">
        <ele>7</ele>
        <time>2025-04-13T08:18:06.000Z</time>
        <extensions>
          <ns3:TrackPointExtension>
            <ns3:hr>147</ns3:hr>
            <ns3:cad>99</ns3:cad>
          </ns3:TrackPointExtension>
        </extensions>
      </trkpt>
      <trkpt lat="51.576996780931949615478515625" lon="-2.9706653393805027008056640625">
        <ele>8</ele>
        <time>2025-04-13T08:18:11.000Z</time>
        <extensions>
          <ns3:TrackPointExtension>
            <ns3:hr>146</ns3:hr>
            <ns3:cad>99</ns3:cad>
          </ns3:TrackPointExtension>
        </extensions>
      </trkpt>
      <trkpt lat="51.57698026858270168304443359375" lon="-2.97033903189003467559814453125">
        <ele>9.19999980926513671875</ele>
        <time>2025-04-13T08:18:16.000Z</time>
        <extensions>
          <ns3:TrackPointExtension>
            <ns3:hr>147</ns3:hr>
            <ns3:cad>98</ns3:cad>
          </ns3:TrackPointExtension>
        </extensions>
      </trkpt>
      <trkpt lat="51.5769588947296142578125" lon="-2.97001079656183719635009765625">
        <ele>9.6000003814697265625</ele>
        <time>2025-04-13T08:18:21.000Z</time>
        <extensions>
          <ns3:TrackPointExtension>
            <ns3:hr>148</ns3:hr>
            <ns3:cad>97</ns3:cad>
          </ns3:TrackPointExtension>
        </extensions>
      </trkpt>
      <trkpt lat="51.57693131826817989349365234375" lon="-2.96976663172245025634765625">
        <ele>9.19999980926513671875</ele>
        <time>2025-04-13T08:18:25.000Z</time>
        <extensions>
          <ns3:TrackPointExtension>
            <ns3:hr>148</ns3:hr>
            <ns3:cad>97</ns3:cad>
          </ns3:TrackPointExtension>
        </extensions>
      </trkpt>
      <trkpt lat="51.57687767408788204193115234375" lon="-2.9694808088243007659912109375">
        <ele>9.3999996185302734375</ele>
        <time>2025-04-13T08:18:30.000Z</time>
        <extensions>
          <ns3:TrackPointExtension>
            <ns3:hr>151</ns3:hr>
            <ns3:cad>96</ns3:cad>
          </ns3:TrackPointExtension>
        </extensions>
      </trkpt>
      <trkpt lat="51.5768239460885524749755859375" lon="-2.9691904596984386444091796875">
        <ele>9.6000003814697265625</ele>
        <time>2025-04-13T08:18:35.000Z</time>
        <extensions>
          <ns3:TrackPointExtension>
            <ns3:hr>153</ns3:hr>
            <ns3:cad>96</ns3:cad>
          </ns3:TrackPointExtension>
        </extensions>
      </trkpt>
      <trkpt lat="51.5767563879489898681640625" lon="-2.96890622936189174652099609375">
        <ele>10</ele>
        <time>2025-04-13T08:18:40.000Z</time>
        <extensions>
          <ns3:TrackPointExtension>
            <ns3:hr>152</ns3:hr>
            <ns3:cad>97</ns3:cad>
          </ns3:TrackPointExtension>
        </extensions>
      </trkpt>
      <trkpt lat="51.5766854770481586456298828125" lon="-2.968619652092456817626953125">
        <ele>10.3999996185302734375</ele>
        <time>2025-04-13T08:18:45.000Z</time>
        <extensions>
          <ns3:TrackPointExtension>
            <ns3:hr>150</ns3:hr>
            <ns3:cad>97</ns3:cad>
          </ns3:TrackPointExtension>
        </extensions>
      </trkpt>
      <trkpt lat="51.5765962935984134674072265625" lon="-2.96833475120365619659423828125">
        <ele>11</ele>
        <time>2025-04-13T08:18:50.000Z</time>
        <extensions>
          <ns3:TrackPointExtension>
            <ns3:hr>150</ns3:hr>
            <ns3:cad>97</ns3:cad>
          </ns3:TrackPointExtension>
        </extensions>
      </trkpt>
      <trkpt lat="51.57651490531861782073974609375" lon="-2.9680478386580944061279296875">
        <ele>10.6000003814697265625</ele>
        <time>2025-04-13T08:18:55.000Z</time>
        <extensions>
          <ns3:TrackPointExtension>
            <ns3:hr>150</ns3:hr>
            <ns3:cad>97</ns3:cad>
          </ns3:TrackPointExtension>
        </extensions>
      </trkpt>
      <trkpt lat="51.5764333494007587432861328125" lon="-2.96776494942605495452880859375">
        <ele>10.3999996185302734375</ele>
        <time>2025-04-13T08:19:00.000Z</time>
        <extensions>
          <ns3:TrackPointExtension>
            <ns3:hr>149</ns3:hr>
            <ns3:cad>98</ns3:cad>
          </ns3:TrackPointExtension>
        </extensions>
      </trkpt>
      <trkpt lat="51.57635129056870937347412109375" lon="-2.96748281456530094146728515625">
        <ele>8.80000019073486328125</ele>
        <time>2025-04-13T08:19:05.000Z</time>
        <extensions>
          <ns3:TrackPointExtension>
            <ns3:hr>146</ns3:hr>
            <ns3:cad>98</ns3:cad>
          </ns3:TrackPointExtension>
        </extensions>
      </trkpt>
      <trkpt lat="51.5762633644044399261474609375" lon="-2.967206127941608428955078125">
        <ele>7.400000095367431640625</ele>
        <time>2025-04-13T08:19:10.000Z</time>
        <extensions>
          <ns3:TrackPointExtension>
            <ns3:hr>145</ns3:hr>
            <ns3:cad>98</ns3:cad>
          </ns3:TrackPointExtension>
        </extensions>
      </trkpt>
      <trkpt lat="51.57617828808724880218505859375" lon="-2.96692776493728160858154296875">
        <ele>7</ele>
        <time>2025-04-13T08:19:15.000Z</time>
        <extensions>
          <ns3:TrackPointExtension>
            <ns3:hr>143</ns3:hr>
            <ns3:cad>97</ns3:cad>
          </ns3:TrackPointExtension>
        </extensions>
      </trkpt>
      <trkpt lat="51.57609815709292888641357421875" lon="-2.9666604660451412200927734375">
        <ele>6.599999904632568359375</ele>
        <time>2025-04-13T08:19:20.000Z</time>
        <extensions>
          <ns3:TrackPointExtension>
            <ns3:hr>144</ns3:hr>
            <ns3:cad>97</ns3:cad>
          </ns3:TrackPointExtension>
        </extensions>
      </trkpt>
      <trkpt lat="51.57602925784885883331298828125" lon="-2.96638436615467071533203125">
        <ele>5.599999904632568359375</ele>
        <time>2025-04-13T08:19:25.000Z</time>
        <extensions>
          <ns3:TrackPointExtension>
            <ns3:hr>144</ns3:hr>
            <ns3:cad>97</ns3:cad>
          </ns3:TrackPointExtension>
        </extensions>
      </trkpt>
      <trkpt lat="51.57593890093266963958740234375" lon="-2.966098375618457794189453125">
        <ele>5.599999904632568359375</ele>
        <time>2025-04-13T08:19:30.000Z</time>
        <extensions>
          <ns3:TrackPointExtension>
            <ns3:hr>144</ns3:hr>
            <ns3:cad>97</ns3:cad>
          </ns3:TrackPointExtension>
        </extensions>
      </trkpt>
      <trkpt lat="51.5758417546749114990234375" lon="-2.96581783331930637359619140625">
        <ele>6.599999904632568359375</ele>
        <time>2025-04-13T08:19:35.000Z</time>
        <extensions>
          <ns3:TrackPointExtension>
            <ns3:hr>145</ns3:hr>
            <ns3:cad>98</ns3:cad>
          </ns3:TrackPointExtension>
        </extensions>
      </trkpt>
      <trkpt lat="51.575759612023830413818359375" lon="-2.9655305854976177215576171875">
        <ele>7.80000019073486328125</ele>
        <time>2025-04-13T08:19:40.000Z</time>
        <extensions>
          <ns3:TrackPointExtension>
            <ns3:hr>148</ns3:hr>
            <ns3:cad>97</ns3:cad>
          </ns3:TrackPointExtension>
        </extensions>
      </trkpt>
      <trkpt lat="51.57573605887591838836669921875" lon="-2.965422458946704864501953125">
        <ele>8.3999996185302734375</ele>
        <time>2025-04-13T08:19:42.000Z</time>
        <extensions>
          <ns3:TrackPointExtension>
            <ns3:hr>145</ns3:hr>
            <ns3:cad>97</ns3:cad>
          </ns3:TrackPointExtension>
        </extensions>
      </trkpt>
      <trkpt lat="51.575655676424503326416015625" lon="-2.96510520391166210174560546875">
        <ele>9.80000019073486328125</ele>
        <time>2025-04-13T08:19:48.000Z</time>
        <extensions>
          <ns3:TrackPointExtension>
            <ns3:hr>146</ns3:hr>
            <ns3:cad>97</ns3:cad>
          </ns3:TrackPointExtension>
        </extensions>
      </trkpt>
      <trkpt lat="51.57558769918978214263916015625" lon="-2.96483027748763561248779296875">
        <ele>10.80000019073486328125</ele>
        <time>2025-04-13T08:19:53.000Z</time>
        <extensions>
          <ns3:TrackPointExtension>
            <ns3:hr>146</ns3:hr>
            <ns3:cad>96</ns3:cad>
          </ns3:TrackPointExtension>
        </extensions>
      </trkpt>
      <trkpt lat="51.575520895421504974365234375" lon="-2.964536659419536590576171875">
        <ele>10.3999996185302734375</ele>
        <time>2025-04-13T08:19:58.000Z</time>
        <extensions>
          <ns3:TrackPointExtension>
            <ns3:hr>146</ns3:hr>
            <ns3:cad>98</ns3:cad>
          </ns3:TrackPointExtension>
        </extensions>
      </trkpt>
      <trkpt lat="51.57544805668294429779052734375" lon="-2.9642494954168796539306640625">
        <ele>10.19999980926513671875</ele>
        <time>2025-04-13T08:20:03.000Z</time>
        <extensions>
          <ns3:TrackPointExtension>
            <ns3:hr>147</ns3:hr>
            <ns3:cad>97</ns3:cad>
          </ns3:TrackPointExtension>
        </extensions>
      </trkpt>
      <trkpt lat="51.57538536004722118377685546875" lon="-2.96396694146096706390380859375">
        <ele>9.6000003814697265625</ele>
        <time>2025-04-13T08:20:08.000Z</time>
        <extensions>
          <ns3:TrackPointExtension>
            <ns3:hr>147</ns3:hr>
            <ns3:cad>96</ns3:cad>
          </ns3:TrackPointExtension>
        </extensions>
      </trkpt>
      <trkpt lat="51.57533406279981136322021484375" lon="-2.96367994509637355804443359375">
        <ele>8.6000003814697265625</ele>
        <time>2025-04-13T08:20:13.000Z</time>
        <extensions>
          <ns3:TrackPointExtension>
            <ns3:hr>147</ns3:hr>
            <ns3:cad>96</ns3:cad>
          </ns3:TrackPointExtension>
        </extensions>
      </trkpt>
      <trkpt lat="51.5752742998301982879638671875" lon="-2.96339261345565319061279296875">
        <ele>7.599999904632568359375</ele>
        <time>2025-04-13T08:20:18.000Z</time>
        <extensions>
          <ns3:TrackPointExtension>
            <ns3:hr>144</ns3:hr>
            <ns3:cad>97</ns3:cad>
          </ns3:TrackPointExtension>
        </extensions>
      </trkpt>
      <trkpt lat="51.57518989406526088714599609375" lon="-2.9631350375711917877197265625">
        <ele>6.80000019073486328125</ele>
        <time>2025-04-13T08:20:23.000Z</time>
        <extensions>
          <ns3:TrackPointExtension>
            <ns3:hr>144</ns3:hr>
            <ns3:cad>97</ns3:cad>
          </ns3:TrackPointExtension>
        </extensions>
      </trkpt>
      <trkpt lat="51.57501102425158023834228515625" lon="-2.963067479431629180908203125">
        <ele>7.599999904632568359375</ele>
        <time>2025-04-13T08:20:28.000Z</time>
        <extensions>
          <ns3:TrackPointExtension>
            <ns3:hr>145</ns3:hr>
            <ns3:cad>96</ns3:cad>
          </ns3:TrackPointExtension>
        </extensions>
      </trkpt>
      <trkpt lat="51.5748163126409053802490234375" lon="-2.9630978219211101531982421875">
        <ele>7.599999904632568359375</ele>
        <time>2025-04-13T08:20:33.000Z</time>
        <extensions>
          <ns3:TrackPointExtension>
            <ns3:hr>146</ns3:hr>
            <ns3:cad>97</ns3:cad>
          </ns3:TrackPointExtension>
        </extensions>
      </trkpt>
      <trkpt lat="51.5746144764125347137451171875" lon="-2.9631320200860500335693359375">
        <ele>7.80000019073486328125</ele>
        <time>2025-04-13T08:20:38.000Z</time>
        <extensions>
          <ns3:TrackPointExtension>
            <ns3:hr>147</ns3:hr>
            <ns3:cad>97</ns3:cad>
          </ns3:TrackPointExtension>
        </extensions>
      </trkpt>
      <trkpt lat="51.5744186751544475555419921875" lon="-2.96318189240992069244384765625">
        <ele>8.19999980926513671875</ele>
        <time>2025-04-13T08:20:43.000Z</time>
        <extensions>
          <ns3:TrackPointExtension>
            <ns3:hr>146</ns3:hr>
            <ns3:cad>97</ns3:cad>
          </ns3:TrackPointExtension>
        </extensions>
      </trkpt>
      <trkpt lat="51.574234105646610260009765625" lon="-2.96327392570674419403076171875">
        <ele>8.6000003814697265625</ele>
        <time>2025-04-13T08:20:48.000Z</time>
        <extensions>
          <ns3:TrackPointExtension>
            <ns3:hr>147</ns3:hr>
            <ns3:cad>97</ns3:cad>
          </ns3:TrackPointExtension>
        </extensions>
      </trkpt>
      <trkpt lat="51.57406101934611797332763671875" lon="-2.96338926069438457489013671875">
        <ele>8.80000019073486328125</ele>
        <time>2025-04-13T08:20:53.000Z</time>
        <extensions>
          <ns3:TrackPointExtension>
            <ns3:hr>148</ns3:hr>
            <ns3:cad>98</ns3:cad>
          </ns3:TrackPointExtension>
        </extensions>
      </trkpt>
      <trkpt lat="51.57385800965130329132080078125" lon="-2.9635048471391201019287109375">
        <ele>8.80000019073486328125</ele>
        <time>2025-04-13T08:20:59.000Z</time>
        <extensions>
          <ns3:TrackPointExtension>
            <ns3:hr>149</ns3:hr>
            <ns3:cad>97</ns3:cad>
          </ns3:TrackPointExtension>
        </extensions>
      </trkpt>
      <trkpt lat="51.5736492164433002471923828125" lon="-2.9635708965361118316650390625">
        <ele>8.6000003814697265625</ele>
        <time>2025-04-13T08:21:05.000Z</time>
        <extensions>
          <ns3:TrackPointExtension>
            <ns3:hr>149</ns3:hr>
            <ns3:cad>98</ns3:cad>
          </ns3:TrackPointExtension>
        </extensions>
      </trkpt>
      <trkpt lat="51.57347001135349273681640625" lon="-2.96360417269170284271240234375">
        <ele>9</ele>
        <time>2025-04-13T08:21:10.000Z</time>
        <extensions>
          <ns3:TrackPointExtension>
            <ns3:hr>149</ns3:hr>
            <ns3:cad>97</ns3:cad>
          </ns3:TrackPointExtension>
        </extensions>
      </trkpt>
      <trkpt lat="51.57327345572412014007568359375" lon="-2.96364641748368740081787109375">
        <ele>8.80000019073486328125</ele>
        <time>2025-04-13T08:21:16.000Z</time>
        <extensions>
          <ns3:TrackPointExtension>
            <ns3:hr>149</ns3:hr>
            <ns3:cad>97</ns3:cad>
          </ns3:TrackPointExtension>
        </extensions>
      </trkpt>
      <trkpt lat="51.573083437979221343994140625" lon="-2.96367893926799297332763671875">
        <ele>8</ele>
        <time>2025-04-13T08:21:22.000Z</time>
        <extensions>
          <ns3:TrackPointExtension>
            <ns3:hr>150</ns3:hr>
            <ns3:cad>98</ns3:cad>
          </ns3:TrackPointExtension>
        </extensions>
      </trkpt>
      <trkpt lat="51.572893671691417694091796875" lon="-2.96362345106899738311767578125">
        <ele>8</ele>
        <time>2025-04-13T08:21:28.000Z</time>
        <extensions>
          <ns3:TrackPointExtension>
            <ns3:hr>147</ns3:hr>
            <ns3:cad>97</ns3:cad>
          </ns3:TrackPointExtension>
        </extensions>
      </trkpt>
      <trkpt lat="51.57285318709909915924072265625" lon="-2.9634518735110759735107421875">
        <ele>8</ele>
        <time>2025-04-13T08:21:31.000Z</time>
        <extensions>
          <ns3:TrackPointExtension>
            <ns3:hr>151</ns3:hr>
            <ns3:cad>97</ns3:cad>
          </ns3:TrackPointExtension>
        </extensions>
      </trkpt>
      <trkpt lat="51.57284681685268878936767578125" lon="-2.96338892541825771331787109375">
        <ele>8</ele>
        <time>2025-04-13T08:21:32.000Z</time>
        <extensions>
          <ns3:TrackPointExtension>
            <ns3:hr>147</ns3:hr>
            <ns3:cad>97</ns3:cad>
          </ns3:TrackPointExtension>
        </extensions>
      </trkpt>
      <trkpt lat="51.5728197433054447174072265625" lon="-2.96307996846735477447509765625">
        <ele>7</ele>
        <time>2025-04-13T08:21:37.000Z</time>
        <extensions>
          <ns3:TrackPointExtension>
            <ns3:hr>147</ns3:hr>
            <ns3:cad>98</ns3:cad>
          </ns3:TrackPointExtension>
        </extensions>
      </trkpt>
      <trkpt lat="51.5727902390062808990478515625" lon="-2.962770760059356689453125">
        <ele>7.400000095367431640625</ele>
        <time>2025-04-13T08:21:42.000Z</time>
        <extensions>
          <ns3:TrackPointExtension>
            <ns3:hr>148</ns3:hr>
            <ns3:cad>97</ns3:cad>
          </ns3:TrackPointExtension>
        </extensions>
      </trkpt>
      <trkpt lat="51.57278495840728282928466796875" lon="-2.9624296166002750396728515625">
        <ele>8</ele>
        <time>2025-04-13T08:21:48.000Z</time>
        <extensions>
          <ns3:TrackPointExtension>
            <ns3:hr>149</ns3:hr>
            <ns3:cad>97</ns3:cad>
          </ns3:TrackPointExtension>
        </extensions>
      </trkpt>
      <trkpt lat="51.57286089845001697540283203125" lon="-2.9621533490717411041259765625">
        <ele>8.80000019073486328125</ele>
        <time>2025-04-13T08:21:53.000Z</time>
        <extensions>
          <ns3:TrackPointExtension>
            <ns3:hr>149</ns3:hr>
            <ns3:cad>97</ns3:cad>
          </ns3:TrackPointExtension>
        </extensions>
      </trkpt>
      <trkpt lat="51.5730106830596923828125" lon="-2.96196534298360347747802734375">
        <ele>8.6000003814697265625</ele>
        <time>2025-04-13T08:21:58.000Z</time>
        <extensions>
          <ns3:TrackPointExtension>
            <ns3:hr>148</ns3:hr>
            <ns3:cad>98</ns3:cad>
          </ns3:TrackPointExtension>
        </extensions>
      </trkpt>
      <trkpt lat="51.57319500111043453216552734375" lon="-2.96181564219295978546142578125">
        <ele>8</ele>
        <time>2025-04-13T08:22:04.000Z</time>
        <extensions>
          <ns3:TrackPointExtension>
            <ns3:hr>148</ns3:hr>
            <ns3:cad>97</ns3:cad>
          </ns3:TrackPointExtension>
        </extensions>
      </trkpt>
      <trkpt lat="51.5733136050403118133544921875" lon="-2.96159720979630947113037109375">
        <ele>8</ele>
        <time>2025-04-13T08:22:09.000Z</time>
        <extensions>
          <ns3:TrackPointExtension>
            <ns3:hr>148</ns3:hr>
            <ns3:cad>98</ns3:cad>
          </ns3:TrackPointExtension>
        </extensions>
      </trkpt>
      <trkpt lat="51.573376469314098358154296875" lon="-2.96128976158797740936279296875">
        <ele>8.6000003814697265625</ele>
        <time>2025-04-13T08:22:14.000Z</time>
        <extensions>
          <ns3:TrackPointExtension>
            <ns3:hr>148</ns3:hr>
            <ns3:cad>97</ns3:cad>
          </ns3:TrackPointExtension>
        </extensions>
      </trkpt>
      <trkpt lat="51.57346288673579692840576171875" lon="-2.960999496281147003173828125">
        <ele>7.400000095367431640625</ele>
        <time>2025-04-13T08:22:19.000Z</time>
        <extensions>
          <ns3:TrackPointExtension>
            <ns3:hr>148</ns3:hr>
            <ns3:cad>98</ns3:cad>
          </ns3:TrackPointExtension>
        </extensions>
      </trkpt>
      <trkpt lat="51.57352038659155368804931640625" lon="-2.96071710996329784393310546875">
        <ele>6.80000019073486328125</ele>
        <time>2025-04-13T08:22:24.000Z</time>
        <extensions>
          <ns3:TrackPointExtension>
            <ns3:hr>148</ns3:hr>
            <ns3:cad>97</ns3:cad>
          </ns3:TrackPointExtension>
        </extensions>
      </trkpt>
      <trkpt lat="51.5734467096626758575439453125" lon="-2.9604317061603069305419921875">
        <ele>6.80000019073486328125</ele>
        <time>2025-04-13T08:22:29.000Z</time>
        <extensions>
          <ns3:TrackPointExtension>
            <ns3:hr>148</ns3:hr>
            <ns3:cad>96</ns3:cad>
          </ns3:TrackPointExtension>
        </extensions>
      </trkpt>
      <trkpt lat="51.57343891449272632598876953125" lon="-2.9602253437042236328125">
        <ele>6</ele>
        <time>2025-04-13T08:22:33.000Z</time>
        <extensions>
          <ns3:TrackPointExtension>
            <ns3:hr>149</ns3:hr>
            <ns3:cad>96</ns3:cad>
          </ns3:TrackPointExtension>
        </extensions>
      </trkpt>
      <trkpt lat="51.5736200474202632904052734375" lon="-2.96007044613361358642578125">
        <ele>5</ele>
        <time>2025-04-13T08:22:39.000Z</time>
        <extensions>
          <ns3:TrackPointExtension>
            <ns3:hr>149</ns3:hr>
            <ns3:cad>97</ns3:cad>
          </ns3:TrackPointExtension>
        </extensions>
      </trkpt>
      <trkpt lat="51.57380587421357631683349609375" lon="-2.9599532671272754669189453125">
        <ele>5.599999904632568359375</ele>
        <time>2025-04-13T08:22:44.000Z</time>
        <extensions>
          <ns3:TrackPointExtension>
            <ns3:hr>150</ns3:hr>
            <ns3:cad>97</ns3:cad>
          </ns3:TrackPointExtension>
        </extensions>
      </trkpt>
      <trkpt lat="51.57398541457951068878173828125" lon="-2.9598580487072467803955078125">
        <ele>6.19999980926513671875</ele>
        <time>2025-04-13T08:22:49.000Z</time>
        <extensions>
          <ns3:TrackPointExtension>
            <ns3:hr>148</ns3:hr>
            <ns3:cad>97</ns3:cad>
          </ns3:TrackPointExtension>
        </extensions>
      </trkpt>
      <trkpt lat="51.5741642005741596221923828125" lon="-2.95976961962878704071044921875">
        <ele>6.599999904632568359375</ele>
        <time>2025-04-13T08:22:54.000Z</time>
        <extensions>
          <ns3:TrackPointExtension>
            <ns3:hr>146</ns3:hr>
            <ns3:cad>96</ns3:cad>
          </ns3:TrackPointExtension>
        </extensions>
      </trkpt>
      <trkpt lat="51.57433510757982730865478515625" lon="-2.9596607387065887451171875">
        <ele>6.80000019073486328125</ele>
        <time>2025-04-13T08:22:59.000Z</time>
        <extensions>
          <ns3:TrackPointExtension>
            <ns3:hr>147</ns3:hr>
            <ns3:cad>96</ns3:cad>
          </ns3:TrackPointExtension>
        </extensions>
      </trkpt>
      <trkpt lat="51.5744237042963504791259765625" lon="-2.95953710563480854034423828125">
        <ele>6.80000019073486328125</ele>
        <time>2025-04-13T08:23:02.000Z</time>
        <extensions>
          <ns3:TrackPointExtension>
            <ns3:hr>148</ns3:hr>
            <ns3:cad>97</ns3:cad>
          </ns3:TrackPointExtension>
        </extensions>
      </trkpt>
      <trkpt lat="51.57451431266963481903076171875" lon="-2.9592320881783962249755859375">
        <ele>7.19999980926513671875</ele>
        <time>2025-04-13T08:23:07.000Z</time>
        <extensions>
          <ns3:TrackPointExtension>
            <ns3:hr>148</ns3:hr>
            <ns3:cad>96</ns3:cad>
          </ns3:TrackPointExtension>
        </extensions>
      </trkpt>
      <trkpt lat="51.574471481144428253173828125" lon="-2.95891173183917999267578125">
        <ele>5.599999904632568359375</ele>
        <time>2025-04-13T08:23:12.000Z</time>
        <extensions>
          <ns3:TrackPointExtension>
            <ns3:hr>149</ns3:hr>
            <ns3:cad>96</ns3:cad>
          </ns3:TrackPointExtension>
        </extensions>
      </trkpt>
      <trkpt lat="51.57434432767331600189208984375" lon="-2.95867963694036006927490234375">
        <ele>5</ele>
        <time>2025-04-13T08:23:17.000Z</time>
        <extensions>
          <ns3:TrackPointExtension>
            <ns3:hr>147</ns3:hr>
            <ns3:cad>97</ns3:cad>
          </ns3:TrackPointExtension>
        </extensions>
      </trkpt>
      <trkpt lat="51.574246175587177276611328125" lon="-2.95861610211431980133056640625">
        <ele>5</ele>
        <time>2025-04-13T08:23:20.000Z</time>
        <extensions>
          <ns3:TrackPointExtension>
            <ns3:hr>151</ns3:hr>
            <ns3:cad>96</ns3:cad>
          </ns3:TrackPointExtension>
        </extensions>
      </trkpt>
      <trkpt lat="51.57420837320387363433837890625" lon="-2.95860738493502140045166015625">
        <ele>5</ele>
        <time>2025-04-13T08:23:21.000Z</time>
        <extensions>
          <ns3:TrackPointExtension>
            <ns3:hr>151</ns3:hr>
            <ns3:cad>97</ns3:cad>
          </ns3:TrackPointExtension>
        </extensions>
      </trkpt>
      <trkpt lat="51.574015505611896514892578125" lon="-2.95865423977375030517578125">
        <ele>4.400000095367431640625</ele>
        <time>2025-04-13T08:23:26.000Z</time>
        <extensions>
          <ns3:TrackPointExtension>
            <ns3:hr>151</ns3:hr>
            <ns3:cad>96</ns3:cad>
          </ns3:TrackPointExtension>
        </extensions>
      </trkpt>
      <trkpt lat="51.573832444846630096435546875" lon="-2.9587516374886035919189453125">
        <ele>4</ele>
        <time>2025-04-13T08:23:31.000Z</time>
        <extensions>
          <ns3:TrackPointExtension>
            <ns3:hr>152</ns3:hr>
            <ns3:cad>97</ns3:cad>
          </ns3:TrackPointExtension>
        </extensions>
      </trkpt>
      <trkpt lat="51.5736421756446361541748046875" lon="-2.95885062776505947113037109375">
        <ele>4</ele>
        <time>2025-04-13T08:23:36.000Z</time>
        <extensions>
          <ns3:TrackPointExtension>
            <ns3:hr>152</ns3:hr>
            <ns3:cad>97</ns3:cad>
          </ns3:TrackPointExtension>
        </extensions>
      </trkpt>
      <trkpt lat="51.5734473802149295806884765625" lon="-2.958930172026157379150390625">
        <ele>4.599999904632568359375</ele>
        <time>2025-04-13T08:23:41.000Z</time>
        <extensions>
          <ns3:TrackPointExtension>
            <ns3:hr>151</ns3:hr>
            <ns3:cad>97</ns3:cad>
          </ns3:TrackPointExtension>
        </extensions>
      </trkpt>
      <trkpt lat="51.57326473854482173919677734375" lon="-2.95903787948191165924072265625">
        <ele>5.599999904632568359375</ele>
        <time>2025-04-13T08:23:46.000Z</time>
        <extensions>
          <ns3:TrackPointExtension>
            <ns3:hr>151</ns3:hr>
            <ns3:cad>96</ns3:cad>
          </ns3:TrackPointExtension>
        </extensions>
      </trkpt>
      <trkpt lat="51.57311730086803436279296875" lon="-2.9592344351112842559814453125">
        <ele>6</ele>
        <time>2025-04-13T08:23:51.000Z</time>
        <extensions>
          <ns3:TrackPointExtension>
            <ns3:hr>151</ns3:hr>
            <ns3:cad>96</ns3:cad>
          </ns3:TrackPointExtension>
        </extensions>
      </trkpt>
      <trkpt lat="51.57303457148373126983642578125" lon="-2.95933124609291553497314453125">
        <ele>6.19999980926513671875</ele>
        <time>2025-04-13T08:23:54.000Z</time>
        <extensions>
          <ns3:TrackPointExtension>
            <ns3:hr>149</ns3:hr>
            <ns3:cad>96</ns3:cad>
          </ns3:TrackPointExtension>
        </extensions>
      </trkpt>
      <trkpt lat="51.57297338359057903289794921875" lon="-2.95929000712931156158447265625">
        <ele>6.80000019073486328125</ele>
        <time>2025-04-13T08:23:56.000Z</time>
        <extensions>
          <ns3:TrackPointExtension>
            <ns3:hr>149</ns3:hr>
            <ns3:cad>96</ns3:cad>
          </ns3:TrackPointExtension>
        </extensions>
      </trkpt>
      <trkpt lat="51.5728817693889141082763671875" lon="-2.95902916230261325836181640625">
        <ele>7.599999904632568359375</ele>
        <time>2025-04-13T08:24:01.000Z</time>
        <extensions>
          <ns3:TrackPointExtension>
            <ns3:hr>149</ns3:hr>
            <ns3:cad>97</ns3:cad>
          </ns3:TrackPointExtension>
        </extensions>
      </trkpt>
      <trkpt lat="51.5728106908500194549560546875" lon="-2.95886873267590999603271484375">
        <ele>8</ele>
        <time>2025-04-13T08:24:05.000Z</time>
        <extensions>
          <ns3:TrackPointExtension>
            <ns3:hr>148</ns3:hr>
            <ns3:cad>95</ns3:cad>
          </ns3:TrackPointExtension>
        </extensions>
      </trkpt>
      <trkpt lat="51.57265185378491878509521484375" lon="-2.9590034298598766326904296875">
        <ele>7.400000095367431640625</ele>
        <time>2025-04-13T08:24:10.000Z</time>
        <extensions>
          <ns3:TrackPointExtension>
            <ns3:hr>146</ns3:hr>
            <ns3:cad>97</ns3:cad>
          </ns3:TrackPointExtension>
        </extensions>
      </trkpt>
      <trkpt lat="51.572629474103450775146484375" lon="-2.959315069019794464111328125">
        <ele>8</ele>
        <time>2025-04-13T08:24:15.000Z</time>
        <extensions>
          <ns3:TrackPointExtension>
            <ns3:hr>145</ns3:hr>
            <ns3:cad>97</ns3:cad>
          </ns3:TrackPointExtension>
        </extensions>
      </trkpt>
      <trkpt lat="51.57268680632114410400390625" lon="-2.959642298519611358642578125">
        <ele>7.400000095367431640625</ele>
        <time>2025-04-13T08:24:20.000Z</time>
        <extensions>
          <ns3:TrackPointExtension>
            <ns3:hr>147</ns3:hr>
            <ns3:cad>97</ns3:cad>
          </ns3:TrackPointExtension>
        </extensions>
      </trkpt>
      <trkpt lat="51.57275394536554813385009765625" lon="-2.95995083637535572052001953125">
        <ele>7.19999980926513671875</ele>
        <time>2025-04-13T08:24:25.000Z</time>
        <extensions>
          <ns3:TrackPointExtension>
            <ns3:hr>146</ns3:hr>
            <ns3:cad>97</ns3:cad>
          </ns3:TrackPointExtension>
        </extensions>
      </trkpt>
      <trkpt lat="51.5728096850216388702392578125" lon="-2.96024537645280361175537109375">
        <ele>7</ele>
        <time>2025-04-13T08:24:30.000Z</time>
        <extensions>
          <ns3:TrackPointExtension>
            <ns3:hr>147</ns3:hr>
            <ns3:cad>97</ns3:cad>
          </ns3:TrackPointExtension>
        </extensions>
      </trkpt>
      <trkpt lat="51.572850756347179412841796875" lon="-2.96053580939769744873046875">
        <ele>7</ele>
        <time>2025-04-13T08:24:35.000Z</time>
        <extensions>
          <ns3:TrackPointExtension>
            <ns3:hr>147</ns3:hr>
            <ns3:cad>97</ns3:cad>
          </ns3:TrackPointExtension>
        </extensions>
      </trkpt>
      <trkpt lat="51.57282368279993534088134765625" lon="-2.96061568893492221832275390625">
        <ele>7</ele>
        <time>2025-04-13T08:24:37.000Z</time>
        <extensions>
          <ns3:TrackPointExtension>
            <ns3:hr>148</ns3:hr>
            <ns3:cad>96</ns3:cad>
          </ns3:TrackPointExtension>
        </extensions>
      </trkpt>
      <trkpt lat="51.57264883629977703094482421875" lon="-2.9606761224567890167236328125">
        <ele>7</ele>
        <time>2025-04-13T08:24:42.000Z</time>
        <extensions>
          <ns3:TrackPointExtension>
            <ns3:hr>146</ns3:hr>
            <ns3:cad>97</ns3:cad>
          </ns3:TrackPointExtension>
        </extensions>
      </trkpt>
      <trkpt lat="51.572453789412975311279296875" lon="-2.96067033894360065460205078125">
        <ele>6.19999980926513671875</ele>
        <time>2025-04-13T08:24:47.000Z</time>
        <extensions>
          <ns3:TrackPointExtension>
            <ns3:hr>146</ns3:hr>
            <ns3:cad>97</ns3:cad>
          </ns3:TrackPointExtension>
        </extensions>
      </trkpt>
      <trkpt lat="51.5722621791064739227294921875" lon="-2.960671596229076385498046875">
        <ele>4.19999980926513671875</ele>
        <time>2025-04-13T08:24:52.000Z</time>
        <extensions>
          <ns3:TrackPointExtension>
            <ns3:hr>150</ns3:hr>
            <ns3:cad>96</ns3:cad>
          </ns3:TrackPointExtension>
        </extensions>
      </trkpt>
      <trkpt lat="51.572076939046382904052734375" lon="-2.96067704446613788604736328125">
        <ele>3.400000095367431640625</ele>
        <time>2025-04-13T08:24:57.000Z</time>
        <extensions>
          <ns3:TrackPointExtension>
            <ns3:hr>150</ns3:hr>
            <ns3:cad>96</ns3:cad>
          </ns3:TrackPointExtension>
        </extensions>
      </trkpt>
      <trkpt lat="51.5718866698443889617919921875" lon="-2.96068358235061168670654296875">
        <ele>3.599999904632568359375</ele>
        <time>2025-04-13T08:25:02.000Z</time>
        <extensions>
          <ns3:TrackPointExtension>
            <ns3:hr>149</ns3:hr>
            <ns3:cad>96</ns3:cad>
          </ns3:TrackPointExtension>
        </extensions>
      </trkpt>
      <trkpt lat="51.5717017650604248046875" lon="-2.96068173833191394805908203125">
        <ele>4.80000019073486328125</ele>
        <time>2025-04-13T08:25:07.000Z</time>
        <extensions>
          <ns3:TrackPointExtension>
            <ns3:hr>149</ns3:hr>
            <ns3:cad>97</ns3:cad>
          </ns3:TrackPointExtension>
        </extensions>
      </trkpt>
      <trkpt lat="51.5715182013809680938720703125" lon="-2.9605118371546268463134765625">
        <ele>6.400000095367431640625</ele>
        <time>2025-04-13T08:25:13.000Z</time>
        <extensions>
          <ns3:TrackPointExtension>
            <ns3:hr>146</ns3:hr>
            <ns3:cad>96</ns3:cad>
          </ns3:TrackPointExtension>
        </extensions>
      </trkpt>
      <trkpt lat="51.57141334377229213714599609375" lon="-2.96032098121941089630126953125">
        <ele>8</ele>
        <time>2025-04-13T08:25:17.000Z</time>
        <extensions>
          <ns3:TrackPointExtension>
            <ns3:hr>151</ns3:hr>
            <ns3:cad>96</ns3:cad>
          </ns3:TrackPointExtension>
        </extensions>
      </trkpt>
      <trkpt lat="51.5712825022637844085693359375" lon="-2.96027840115129947662353515625">
        <ele>9</ele>
        <time>2025-04-13T08:25:21.000Z</time>
        <extensions>
          <ns3:TrackPointExtension>
            <ns3:hr>154</ns3:hr>
            <ns3:cad>96</ns3:cad>
          </ns3:TrackPointExtension>
        </extensions>
      </trkpt>
      <trkpt lat="51.57121536321938037872314453125" lon="-2.9603374935686588287353515625">
        <ele>9.3999996185302734375</ele>
        <time>2025-04-13T08:25:23.000Z</time>
        <extensions>
          <ns3:TrackPointExtension>
            <ns3:hr>150</ns3:hr>
            <ns3:cad>96</ns3:cad>
          </ns3:TrackPointExtension>
        </extensions>
      </trkpt>
      <trkpt lat="51.5710400976240634918212890625" lon="-2.96046431176364421844482421875">
        <ele>10</ele>
        <time>2025-04-13T08:25:28.000Z</time>
        <extensions>
          <ns3:TrackPointExtension>
            <ns3:hr>149</ns3:hr>
            <ns3:cad>97</ns3:cad>
          </ns3:TrackPointExtension>
        </extensions>
      </trkpt>
      <trkpt lat="51.570829041302204132080078125" lon="-2.96051301062107086181640625">
        <ele>10</ele>
        <time>2025-04-13T08:25:34.000Z</time>
        <extensions>
          <ns3:TrackPointExtension>
            <ns3:hr>151</ns3:hr>
            <ns3:cad>96</ns3:cad>
          </ns3:TrackPointExtension>
        </extensions>
      </trkpt>
      <trkpt lat="51.5706451423466205596923828125" lon="-2.96049985103309154510498046875">
        <ele>9.19999980926513671875</ele>
        <time>2025-04-13T08:25:39.000Z</time>
        <extensions>
          <ns3:TrackPointExtension>
            <ns3:hr>151</ns3:hr>
            <ns3:cad>95</ns3:cad>
          </ns3:TrackPointExtension>
        </extensions>
      </trkpt>
      <trkpt lat="51.57043601386249065399169921875" lon="-2.96045936644077301025390625">
        <ele>8.3999996185302734375</ele>
        <time>2025-04-13T08:25:45.000Z</time>
        <extensions>
          <ns3:TrackPointExtension>
            <ns3:hr>152</ns3:hr>
            <ns3:cad>96</ns3:cad>
          </ns3:TrackPointExtension>
        </extensions>
      </trkpt>
      <trkpt lat="51.5702515281736850738525390625" lon="-2.96040982939302921295166015625">
        <ele>8.19999980926513671875</ele>
        <time>2025-04-13T08:25:50.000Z</time>
        <extensions>
          <ns3:TrackPointExtension>
            <ns3:hr>151</ns3:hr>
            <ns3:cad>96</ns3:cad>
          </ns3:TrackPointExtension>
        </extensions>
      </trkpt>
      <trkpt lat="51.5700669586658477783203125" lon="-2.9603351466357707977294921875">
        <ele>9</ele>
        <time>2025-04-13T08:25:55.000Z</time>
        <extensions>
          <ns3:TrackPointExtension>
            <ns3:hr>152</ns3:hr>
            <ns3:cad>96</ns3:cad>
          </ns3:TrackPointExtension>
        </extensions>
      </trkpt>
      <trkpt lat="51.56990862451493740081787109375" lon="-2.9601247608661651611328125">
        <ele>9.80000019073486328125</ele>
        <time>2025-04-13T08:26:00.000Z</time>
        <extensions>
          <ns3:TrackPointExtension>
            <ns3:hr>150</ns3:hr>
            <ns3:cad>97</ns3:cad>
          </ns3:TrackPointExtension>
        </extensions>
      </trkpt>
      <trkpt lat="51.5697638690471649169921875" lon="-2.95988545753061771392822265625">
        <ele>10.19999980926513671875</ele>
        <time>2025-04-13T08:26:05.000Z</time>
        <extensions>
          <ns3:TrackPointExtension>
            <ns3:hr>150</ns3:hr>
            <ns3:cad>97</ns3:cad>
          </ns3:TrackPointExtension>
        </extensions>
      </trkpt>
      <trkpt lat="51.56962866894900798797607421875" lon="-2.95966543257236480712890625">
        <ele>10</ele>
        <time>2025-04-13T08:26:10.000Z</time>
        <extensions>
          <ns3:TrackPointExtension>
            <ns3:hr>149</ns3:hr>
            <ns3:cad>97</ns3:cad>
          </ns3:TrackPointExtension>
        </extensions>
      </trkpt>
      <trkpt lat="51.56957619823515415191650390625" lon="-2.95957750640809535980224609375">
        <ele>9.6000003814697265625</ele>
        <time>2025-04-13T08:26:12.000Z</time>
        <extensions>
          <ns3:TrackPointExtension>
            <ns3:hr>151</ns3:hr>
            <ns3:cad>97</ns3:cad>
          </ns3:TrackPointExtension>
        </extensions>
      </trkpt>
      <trkpt lat="51.56944476999342441558837890625" lon="-2.9593598283827304840087890625">
        <ele>8.3999996185302734375</ele>
        <time>2025-04-13T08:26:17.000Z</time>
        <extensions>
          <ns3:TrackPointExtension>
            <ns3:hr>152</ns3:hr>
            <ns3:cad>96</ns3:cad>
          </ns3:TrackPointExtension>
        </extensions>
      </trkpt>
      <trkpt lat="51.56933798454701900482177734375" lon="-2.9591217823326587677001953125">
        <ele>7.19999980926513671875</ele>
        <time>2025-04-13T08:26:22.000Z</time>
        <extensions>
          <ns3:TrackPointExtension>
            <ns3:hr>151</ns3:hr>
            <ns3:cad>96</ns3:cad>
          </ns3:TrackPointExtension>
        </extensions>
      </trkpt>
      <trkpt lat="51.569425575435161590576171875" lon="-2.95885833911597728729248046875">
        <ele>5.80000019073486328125</ele>
        <time>2025-04-13T08:26:28.000Z</time>
        <extensions>
          <ns3:TrackPointExtension>
            <ns3:hr>153</ns3:hr>
            <ns3:cad>95</ns3:cad>
          </ns3:TrackPointExtension>
        </extensions>
      </trkpt>
      <trkpt lat="51.56957536004483699798583984375" lon="-2.95864108018577098846435546875">
        <ele>5</ele>
        <time>2025-04-13T08:26:34.000Z</time>
        <extensions>
          <ns3:TrackPointExtension>
            <ns3:hr>153</ns3:hr>
            <ns3:cad>97</ns3:cad>
          </ns3:TrackPointExtension>
        </extensions>
      </trkpt>
      <trkpt lat="51.56972724013030529022216796875" lon="-2.95840437524020671844482421875">
        <ele>5.19999980926513671875</ele>
        <time>2025-04-13T08:26:40.000Z</time>
        <extensions>
          <ns3:TrackPointExtension>
            <ns3:hr>152</ns3:hr>
            <ns3:cad>96</ns3:cad>
          </ns3:TrackPointExtension>
        </extensions>
      </trkpt>
      <trkpt lat="51.5698897652328014373779296875" lon="-2.9581887088716030120849609375">
        <ele>6.599999904632568359375</ele>
        <time>2025-04-13T08:26:46.000Z</time>
        <extensions>
          <ns3:TrackPointExtension>
            <ns3:hr>154</ns3:hr>
            <ns3:cad>96</ns3:cad>
          </ns3:TrackPointExtension>
        </extensions>
      </trkpt>
      <trkpt lat="51.57005715183913707733154296875" lon="-2.9580019600689411163330078125">
        <ele>7.599999904632568359375</ele>
        <time>2025-04-13T08:26:51.000Z</time>
        <extensions>
          <ns3:TrackPointExtension>
            <ns3:hr>155</ns3:hr>
            <ns3:cad>96</ns3:cad>
          </ns3:TrackPointExtension>
        </extensions>
      </trkpt>
      <trkpt lat="51.5702247060835361480712890625" lon="-2.9578180611133575439453125">
        <ele>7.19999980926513671875</ele>
        <time>2025-04-13T08:26:56.000Z</time>
        <extensions>
          <ns3:TrackPointExtension>
            <ns3:hr>153</ns3:hr>
            <ns3:cad>96</ns3:cad>
          </ns3:TrackPointExtension>
        </extensions>
      </trkpt>
      <trkpt lat="51.57039443962275981903076171875" lon="-2.9576710425317287445068359375">
        <ele>7</ele>
        <time>2025-04-13T08:27:01.000Z</time>
        <extensions>
          <ns3:TrackPointExtension>
            <ns3:hr>152</ns3:hr>
            <ns3:cad>97</ns3:cad>
          </ns3:TrackPointExtension>
        </extensions>
      </trkpt>
      <trkpt lat="51.5705697052180767059326171875" lon="-2.95752746053040027618408203125">
        <ele>7</ele>
        <time>2025-04-13T08:27:06.000Z</time>
        <extensions>
          <ns3:TrackPointExtension>
            <ns3:hr>152</ns3:hr>
            <ns3:cad>95</ns3:cad>
          </ns3:TrackPointExtension>
        </extensions>
      </trkpt>
      <trkpt lat="51.57075318507850170135498046875" lon="-2.95735194347798824310302734375">
        <ele>6.400000095367431640625</ele>
        <time>2025-04-13T08:27:12.000Z</time>
        <extensions>
          <ns3:TrackPointExtension>
            <ns3:hr>151</ns3:hr>
            <ns3:cad>95</ns3:cad>
          </ns3:TrackPointExtension>
        </extensions>
      </trkpt>
      <trkpt lat="51.57090690918266773223876953125" lon="-2.95718313194811344146728515625">
        <ele>6.599999904632568359375</ele>
        <time>2025-04-13T08:27:17.000Z</time>
        <extensions>
          <ns3:TrackPointExtension>
            <ns3:hr>145</ns3:hr>
            <ns3:cad>96</ns3:cad>
          </ns3:TrackPointExtension>
        </extensions>
      </trkpt>
      <trkpt lat="51.57106331549584865570068359375" lon="-2.95700275339186191558837890625">
        <ele>7</ele>
        <time>2025-04-13T08:27:23.000Z</time>
        <extensions>
          <ns3:TrackPointExtension>
            <ns3:hr>146</ns3:hr>
            <ns3:cad>96</ns3:cad>
          </ns3:TrackPointExtension>
        </extensions>
      </trkpt>
      <trkpt lat="51.57121720723807811737060546875" lon="-2.95680795796215534210205078125">
        <ele>7</ele>
        <time>2025-04-13T08:27:29.000Z</time>
        <extensions>
          <ns3:TrackPointExtension>
            <ns3:hr>146</ns3:hr>
            <ns3:cad>96</ns3:cad>
          </ns3:TrackPointExtension>
        </extensions>
      </trkpt>
      <trkpt lat="51.57124335877597332000732421875" lon="-2.9567714966833591461181640625">
        <ele>7</ele>
        <time>2025-04-13T08:27:30.000Z</time>
        <extensions>
          <ns3:TrackPointExtension>
            <ns3:hr>150</ns3:hr>
            <ns3:cad>97</ns3:cad>
          </ns3:TrackPointExtension>
        </extensions>
      </trkpt>
      <trkpt lat="51.5713767148554325103759765625" lon="-2.95660813339054584503173828125">
        <ele>7</ele>
        <time>2025-04-13T08:27:34.000Z</time>
        <extensions>
          <ns3:TrackPointExtension>
            <ns3:hr>147</ns3:hr>
            <ns3:cad>96</ns3:cad>
          </ns3:TrackPointExtension>
        </extensions>
      </trkpt>
      <trkpt lat="51.57155466265976428985595703125" lon="-2.956420965492725372314453125">
        <ele>7.400000095367431640625</ele>
        <time>2025-04-13T08:27:39.000Z</time>
        <extensions>
          <ns3:TrackPointExtension>
            <ns3:hr>147</ns3:hr>
            <ns3:cad>96</ns3:cad>
          </ns3:TrackPointExtension>
        </extensions>
      </trkpt>
      <trkpt lat="51.57172313891351222991943359375" lon="-2.95623765327036380767822265625">
        <ele>8</ele>
        <time>2025-04-13T08:27:44.000Z</time>
        <extensions>
          <ns3:TrackPointExtension>
            <ns3:hr>148</ns3:hr>
            <ns3:cad>96</ns3:cad>
          </ns3:TrackPointExtension>
        </extensions>
      </trkpt>
      <trkpt lat="51.57188641838729381561279296875" lon="-2.95606716535985469818115234375">
        <ele>8</ele>
        <time>2025-04-13T08:27:49.000Z</time>
        <extensions>
          <ns3:TrackPointExtension>
            <ns3:hr>149</ns3:hr>
            <ns3:cad>96</ns3:cad>
          </ns3:TrackPointExtension>
        </extensions>
      </trkpt>
      <trkpt lat="51.57205740921199321746826171875" lon="-2.95590363442897796630859375">
        <ele>7.80000019073486328125</ele>
        <time>2025-04-13T08:27:54.000Z</time>
        <extensions>
          <ns3:TrackPointExtension>
            <ns3:hr>149</ns3:hr>
            <ns3:cad>96</ns3:cad>
          </ns3:TrackPointExtension>
        </extensions>
      </trkpt>
      <trkpt lat="51.57222756184637546539306640625" lon="-2.9557499103248119354248046875">
        <ele>7.19999980926513671875</ele>
        <time>2025-04-13T08:27:59.000Z</time>
        <extensions>
          <ns3:TrackPointExtension>
            <ns3:hr>150</ns3:hr>
            <ns3:cad>95</ns3:cad>
          </ns3:TrackPointExtension>
        </extensions>
      </trkpt>
      <trkpt lat="51.57238866202533245086669921875" lon="-2.95557715930044651031494140625">
        <ele>7</ele>
        <time>2025-04-13T08:28:04.000Z</time>
        <extensions>
          <ns3:TrackPointExtension>
            <ns3:hr>150</ns3:hr>
            <ns3:cad>96</ns3:cad>
          </ns3:TrackPointExtension>
        </extensions>
      </trkpt>
      <trkpt lat="51.57252931036055088043212890625" lon="-2.95532830059528350830078125">
        <ele>6.80000019073486328125</ele>
        <time>2025-04-13T08:28:09.000Z</time>
        <extensions>
          <ns3:TrackPointExtension>
            <ns3:hr>148</ns3:hr>
            <ns3:cad>97</ns3:cad>
          </ns3:TrackPointExtension>
        </extensions>
      </trkpt>
      <trkpt lat="51.57262234948575496673583984375" lon="-2.9550260491669178009033203125">
        <ele>6.80000019073486328125</ele>
        <time>2025-04-13T08:28:14.000Z</time>
        <extensions>
          <ns3:TrackPointExtension>
            <ns3:hr>149</ns3:hr>
            <ns3:cad>96</ns3:cad>
          </ns3:TrackPointExtension>
        </extensions>
      </trkpt>
      <trkpt lat="51.572689823806285858154296875" lon="-2.95472220517694950103759765625">
        <ele>8</ele>
        <time>2025-04-13T08:28:19.000Z</time>
        <extensions>
          <ns3:TrackPointExtension>
            <ns3:hr>149</ns3:hr>
            <ns3:cad>96</ns3:cad>
          </ns3:TrackPointExtension>
        </extensions>
      </trkpt>
      <trkpt lat="51.57271304167807102203369140625" lon="-2.9544084705412387847900390625">
        <ele>9.19999980926513671875</ele>
        <time>2025-04-13T08:28:24.000Z</time>
        <extensions>
          <ns3:TrackPointExtension>
            <ns3:hr>149</ns3:hr>
            <ns3:cad>96</ns3:cad>
          </ns3:TrackPointExtension>
        </extensions>
      </trkpt>
      <trkpt lat="51.5726407058537006378173828125" lon="-2.95428584329783916473388671875">
        <ele>10</ele>
        <time>2025-04-13T08:28:27.000Z</time>
        <extensions>
          <ns3:TrackPointExtension>
            <ns3:hr>148</ns3:hr>
            <ns3:cad>95</ns3:cad>
          </ns3:TrackPointExtension>
        </extensions>
      </trkpt>
      <trkpt lat="51.57251925207674503326416015625" lon="-2.95425214804708957672119140625">
        <ele>10</ele>
        <time>2025-04-13T08:28:30.000Z</time>
        <extensions>
          <ns3:TrackPointExtension>
            <ns3:hr>151</ns3:hr>
            <ns3:cad>96</ns3:cad>
          </ns3:TrackPointExtension>
        </extensions>
      </trkpt>
      <trkpt lat="51.57232546247541904449462890625" lon="-2.9542319476604461669921875">
        <ele>9.19999980926513671875</ele>
        <time>2025-04-13T08:28:35.000Z</time>
        <extensions>
          <ns3:TrackPointExtension>
            <ns3:hr>150</ns3:hr>
            <ns3:cad>96</ns3:cad>
          </ns3:TrackPointExtension>
        </extensions>
      </trkpt>
      <trkpt lat="51.57213485799729824066162109375" lon="-2.9542217217385768890380859375">
        <ele>9</ele>
        <time>2025-04-13T08:28:40.000Z</time>
        <extensions>
          <ns3:TrackPointExtension>
            <ns3:hr>148</ns3:hr>
            <ns3:cad>95</ns3:cad>
          </ns3:TrackPointExtension>
        </extensions>
      </trkpt>
      <trkpt lat="51.57193687744438648223876953125" lon="-2.9542032815515995025634765625">
        <ele>8.6000003814697265625</ele>
        <time>2025-04-13T08:28:45.000Z</time>
        <extensions>
          <ns3:TrackPointExtension>
            <ns3:hr>148</ns3:hr>
            <ns3:cad>95</ns3:cad>
          </ns3:TrackPointExtension>
        </extensions>
      </trkpt>
      <trkpt lat="51.5717515535652637481689453125" lon="-2.95417486689984798431396484375">
        <ele>8.80000019073486328125</ele>
        <time>2025-04-13T08:28:50.000Z</time>
        <extensions>
          <ns3:TrackPointExtension>
            <ns3:hr>148</ns3:hr>
            <ns3:cad>97</ns3:cad>
          </ns3:TrackPointExtension>
        </extensions>
      </trkpt>
      <trkpt lat="51.57167368568480014801025390625" lon="-2.954167909920215606689453125">
        <ele>9</ele>
        <time>2025-04-13T08:28:52.000Z</time>
        <extensions>
          <ns3:TrackPointExtension>
            <ns3:hr>145</ns3:hr>
            <ns3:cad>97</ns3:cad>
          </ns3:TrackPointExtension>
        </extensions>
      </trkpt>
      <trkpt lat="51.571479141712188720703125" lon="-2.9541315324604511260986328125">
        <ele>8.6000003814697265625</ele>
        <time>2025-04-13T08:28:57.000Z</time>
        <extensions>
          <ns3:TrackPointExtension>
            <ns3:hr>148</ns3:hr>
            <ns3:cad>96</ns3:cad>
          </ns3:TrackPointExtension>
        </extensions>
      </trkpt>
      <trkpt lat="51.57129867933690547943115234375" lon="-2.9541090689599514007568359375">
        <ele>8</ele>
        <time>2025-04-13T08:29:02.000Z</time>
        <extensions>
          <ns3:TrackPointExtension>
            <ns3:hr>147</ns3:hr>
            <ns3:cad>95</ns3:cad>
          </ns3:TrackPointExtension>
        </extensions>
      </trkpt>
      <trkpt lat="51.57111905515193939208984375" lon="-2.95408199541270732879638671875">
        <ele>7.19999980926513671875</ele>
        <time>2025-04-13T08:29:07.000Z</time>
        <extensions>
          <ns3:TrackPointExtension>
            <ns3:hr>146</ns3:hr>
            <ns3:cad>95</ns3:cad>
          </ns3:TrackPointExtension>
        </extensions>
      </trkpt>
      <trkpt lat="51.570937000215053558349609375" lon="-2.95402734540402889251708984375">
        <ele>7.599999904632568359375</ele>
        <time>2025-04-13T08:29:12.000Z</time>
        <extensions>
          <ns3:TrackPointExtension>
            <ns3:hr>145</ns3:hr>
            <ns3:cad>96</ns3:cad>
          </ns3:TrackPointExtension>
        </extensions>
      </trkpt>
      <trkpt lat="51.57074153423309326171875" lon="-2.95398359186947345733642578125">
        <ele>8.3999996185302734375</ele>
        <time>2025-04-13T08:29:17.000Z</time>
        <extensions>
          <ns3:TrackPointExtension>
            <ns3:hr>145</ns3:hr>
            <ns3:cad>95</ns3:cad>
          </ns3:TrackPointExtension>
        </extensions>
      </trkpt>
      <trkpt lat="51.57055570743978023529052734375" lon="-2.95395626686513423919677734375">
        <ele>9.19999980926513671875</ele>
        <time>2025-04-13T08:29:22.000Z</time>
        <extensions>
          <ns3:TrackPointExtension>
            <ns3:hr>147</ns3:hr>
            <ns3:cad>97</ns3:cad>
          </ns3:TrackPointExtension>
        </extensions>
      </trkpt>
      <trkpt lat="51.5705204196274280548095703125" lon="-2.95394386164844036102294921875">
        <ele>9.19999980926513671875</ele>
        <time>2025-04-13T08:29:23.000Z</time>
        <extensions>
          <ns3:TrackPointExtension>
            <ns3:hr>147</ns3:hr>
            <ns3:cad>96</ns3:cad>
          </ns3:TrackPointExtension>
        </extensions>
      </trkpt>
      <trkpt lat="51.5703192539513111114501953125" lon="-2.95388971455395221710205078125">
        <ele>9.3999996185302734375</ele>
        <time>2025-04-13T08:29:29.000Z</time>
        <extensions>
          <ns3:TrackPointExtension>
            <ns3:hr>149</ns3:hr>
            <ns3:cad>94</ns3:cad>
          </ns3:TrackPointExtension>
        </extensions>
      </trkpt>
      <trkpt lat="51.5702144801616668701171875" lon="-2.95384847559034824371337890625">
        <ele>9.3999996185302734375</ele>
        <time>2025-04-13T08:29:32.000Z</time>
        <extensions>
          <ns3:TrackPointExtension>
            <ns3:hr>152</ns3:hr>
            <ns3:cad>95</ns3:cad>
          </ns3:TrackPointExtension>
        </extensions>
      </trkpt>
      <trkpt lat="51.57001339830458164215087890625" lon="-2.953742444515228271484375">
        <ele>8</ele>
        <time>2025-04-13T08:29:38.000Z</time>
        <extensions>
          <ns3:TrackPointExtension>
            <ns3:hr>154</ns3:hr>
            <ns3:cad>95</ns3:cad>
          </ns3:TrackPointExtension>
        </extensions>
      </trkpt>
      <trkpt lat="51.56984190456569194793701171875" lon="-2.95362618751823902130126953125">
        <ele>8</ele>
        <time>2025-04-13T08:29:43.000Z</time>
        <extensions>
          <ns3:TrackPointExtension>
            <ns3:hr>152</ns3:hr>
            <ns3:cad>97</ns3:cad>
          </ns3:TrackPointExtension>
        </extensions>
      </trkpt>
      <trkpt lat="51.5696735121309757232666015625" lon="-2.95349903404712677001953125">
        <ele>9.19999980926513671875</ele>
        <time>2025-04-13T08:29:48.000Z</time>
        <extensions>
          <ns3:TrackPointExtension>
            <ns3:hr>152</ns3:hr>
            <ns3:cad>96</ns3:cad>
          </ns3:TrackPointExtension>
        </extensions>
      </trkpt>
      <trkpt lat="51.5694984979927539825439453125" lon="-2.95335914008319377899169921875">
        <ele>9.80000019073486328125</ele>
        <time>2025-04-13T08:29:53.000Z</time>
        <extensions>
          <ns3:TrackPointExtension>
            <ns3:hr>152</ns3:hr>
            <ns3:cad>96</ns3:cad>
          </ns3:TrackPointExtension>
        </extensions>
      </trkpt>
      <trkpt lat="51.56934477388858795166015625" lon="-2.9532011412084102630615234375">
        <ele>10</ele>
        <time>2025-04-13T08:29:58.000Z</time>
        <extensions>
          <ns3:TrackPointExtension>
            <ns3:hr>150</ns3:hr>
            <ns3:cad>95</ns3:cad>
          </ns3:TrackPointExtension>
        </extensions>
      </trkpt>
      <trkpt lat="51.56918962486088275909423828125" lon="-2.9530465789139270782470703125">
        <ele>9.6000003814697265625</ele>
        <time>2025-04-13T08:30:03.000Z</time>
        <extensions>
          <ns3:TrackPointExtension>
            <ns3:hr>150</ns3:hr>
            <ns3:cad>95</ns3:cad>
          </ns3:TrackPointExtension>
        </extensions>
      </trkpt>
      <trkpt lat="51.5690254233777523040771484375" lon="-2.95288908295333385467529296875">
        <ele>9</ele>
        <time>2025-04-13T08:30:08.000Z</time>
        <extensions>
          <ns3:TrackPointExtension>
            <ns3:hr>150</ns3:hr>
            <ns3:cad>95</ns3:cad>
          </ns3:TrackPointExtension>
        </extensions>
      </trkpt>
      <trkpt lat="51.56886591576039791107177734375" lon="-2.95270853675901889801025390625">
        <ele>7.80000019073486328125</ele>
        <time>2025-04-13T08:30:13.000Z</time>
        <extensions>
          <ns3:TrackPointExtension>
            <ns3:hr>150</ns3:hr>
            <ns3:cad>95</ns3:cad>
          </ns3:TrackPointExtension>
        </extensions>
      </trkpt>
      <trkpt lat="51.56871705316007137298583984375" lon="-2.95252195559442043304443359375">
        <ele>8.3999996185302734375</ele>
        <time>2025-04-13T08:30:18.000Z</time>
        <extensions>
          <ns3:TrackPointExtension>
            <ns3:hr>149</ns3:hr>
            <ns3:cad>95</ns3:cad>
          </ns3:TrackPointExtension>
        </extensions>
      </trkpt>
      <trkpt lat="51.568562574684619903564453125" lon="-2.95229715295135974884033203125">
        <ele>8.3999996185302734375</ele>
        <time>2025-04-13T08:30:24.000Z</time>
        <extensions>
          <ns3:TrackPointExtension>
            <ns3:hr>150</ns3:hr>
            <ns3:cad>95</ns3:cad>
          </ns3:TrackPointExtension>
        </extensions>
      </trkpt>
      <trkpt lat="51.56839719973504543304443359375" lon="-2.95208416879177093505859375">
        <ele>8.80000019073486328125</ele>
        <time>2025-04-13T08:30:30.000Z</time>
        <extensions>
          <ns3:TrackPointExtension>
            <ns3:hr>150</ns3:hr>
            <ns3:cad>96</ns3:cad>
          </ns3:TrackPointExtension>
        </extensions>
      </trkpt>
      <trkpt lat="51.56824733130633831024169921875" lon="-2.9518997669219970703125">
        <ele>8.3999996185302734375</ele>
        <time>2025-04-13T08:30:35.000Z</time>
        <extensions>
          <ns3:TrackPointExtension>
            <ns3:hr>151</ns3:hr>
            <ns3:cad>96</ns3:cad>
          </ns3:TrackPointExtension>
        </extensions>
      </trkpt>
      <trkpt lat="51.56809209845960140228271484375" lon="-2.9517289437353610992431640625">
        <ele>9</ele>
        <time>2025-04-13T08:30:40.000Z</time>
        <extensions>
          <ns3:TrackPointExtension>
            <ns3:hr>151</ns3:hr>
            <ns3:cad>95</ns3:cad>
          </ns3:TrackPointExtension>
        </extensions>
      </trkpt>
      <trkpt lat="51.567938625812530517578125" lon="-2.95154160819947719573974609375">
        <ele>9</ele>
        <time>2025-04-13T08:30:45.000Z</time>
        <extensions>
          <ns3:TrackPointExtension>
            <ns3:hr>151</ns3:hr>
            <ns3:cad>96</ns3:cad>
          </ns3:TrackPointExtension>
        </extensions>
      </trkpt>
      <trkpt lat="51.56778733246028423309326171875" lon="-2.9513430409133434295654296875">
        <ele>9.6000003814697265625</ele>
        <time>2025-04-13T08:30:50.000Z</time>
        <extensions>
          <ns3:TrackPointExtension>
            <ns3:hr>149</ns3:hr>
            <ns3:cad>96</ns3:cad>
          </ns3:TrackPointExtension>
        </extensions>
      </trkpt>
      <trkpt lat="51.567639894783496856689453125" lon="-2.9511328227818012237548828125">
        <ele>9.3999996185302734375</ele>
        <time>2025-04-13T08:30:55.000Z</time>
        <extensions>
          <ns3:TrackPointExtension>
            <ns3:hr>149</ns3:hr>
            <ns3:cad>95</ns3:cad>
          </ns3:TrackPointExtension>
        </extensions>
      </trkpt>
      <trkpt lat="51.56749329529702663421630859375" lon="-2.950925789773464202880859375">
        <ele>9</ele>
        <time>2025-04-13T08:31:00.000Z</time>
        <extensions>
          <ns3:TrackPointExtension>
            <ns3:hr>149</ns3:hr>
            <ns3:cad>96</ns3:cad>
          </ns3:TrackPointExtension>
        </extensions>
      </trkpt>
      <trkpt lat="51.5673523955047130584716796875" lon="-2.9507167451083660125732421875">
        <ele>9</ele>
        <time>2025-04-13T08:31:05.000Z</time>
        <extensions>
          <ns3:TrackPointExtension>
            <ns3:hr>149</ns3:hr>
            <ns3:cad>96</ns3:cad>
          </ns3:TrackPointExtension>
        </extensions>
      </trkpt>
      <trkpt lat="51.56720579601824283599853515625" lon="-2.9505004920065402984619140625">
        <ele>8.19999980926513671875</ele>
        <time>2025-04-13T08:31:10.000Z</time>
        <extensions>
          <ns3:TrackPointExtension>
            <ns3:hr>150</ns3:hr>
            <ns3:cad>97</ns3:cad>
          </ns3:TrackPointExtension>
        </extensions>
      </trkpt>
      <trkpt lat="51.56707369722425937652587890625" lon="-2.950298488140106201171875">
        <ele>7.599999904632568359375</ele>
        <time>2025-04-13T08:31:15.000Z</time>
        <extensions>
          <ns3:TrackPointExtension>
            <ns3:hr>151</ns3:hr>
            <ns3:cad>97</ns3:cad>
          </ns3:TrackPointExtension>
        </extensions>
      </trkpt>
      <trkpt lat="51.5669292770326137542724609375" lon="-2.9500971548259258270263671875">
        <ele>7.80000019073486328125</ele>
        <time>2025-04-13T08:31:20.000Z</time>
        <extensions>
          <ns3:TrackPointExtension>
            <ns3:hr>152</ns3:hr>
            <ns3:cad>96</ns3:cad>
          </ns3:TrackPointExtension>
        </extensions>
      </trkpt>
      <trkpt lat="51.56675166450440883636474609375" lon="-2.94992423616349697113037109375">
        <ele>7.80000019073486328125</ele>
        <time>2025-04-13T08:31:26.000Z</time>
        <extensions>
          <ns3:TrackPointExtension>
            <ns3:hr>153</ns3:hr>
            <ns3:cad>96</ns3:cad>
          </ns3:TrackPointExtension>
        </extensions>
      </trkpt>
      <trkpt lat="51.56657405197620391845703125" lon="-2.949827425181865692138671875">
        <ele>8</ele>
        <time>2025-04-13T08:31:31.000Z</time>
        <extensions>
          <ns3:TrackPointExtension>
            <ns3:hr>152</ns3:hr>
            <ns3:cad>96</ns3:cad>
          </ns3:TrackPointExtension>
        </extensions>
      </trkpt>
      <trkpt lat="51.566367857158184051513671875" lon="-2.94976850040256977081298828125">
        <ele>7.80000019073486328125</ele>
        <time>2025-04-13T08:31:37.000Z</time>
        <extensions>
          <ns3:TrackPointExtension>
            <ns3:hr>151</ns3:hr>
            <ns3:cad>97</ns3:cad>
          </ns3:TrackPointExtension>
        </extensions>
      </trkpt>
      <trkpt lat="51.56618110835552215576171875" lon="-2.949740253388881683349609375">
        <ele>7.19999980926513671875</ele>
        <time>2025-04-13T08:31:43.000Z</time>
        <extensions>
          <ns3:TrackPointExtension>
            <ns3:hr>150</ns3:hr>
            <ns3:cad>96</ns3:cad>
          </ns3:TrackPointExtension>
        </extensions>
      </trkpt>
      <trkpt lat="51.565972231328487396240234375" lon="-2.94969390146434307098388671875">
        <ele>6.400000095367431640625</ele>
        <time>2025-04-13T08:31:49.000Z</time>
        <extensions>
          <ns3:TrackPointExtension>
            <ns3:hr>151</ns3:hr>
            <ns3:cad>96</ns3:cad>
          </ns3:TrackPointExtension>
        </extensions>
      </trkpt>
      <trkpt lat="51.5657745860517024993896484375" lon="-2.949645034968852996826171875">
        <ele>6</ele>
        <time>2025-04-13T08:31:55.000Z</time>
        <extensions>
          <ns3:TrackPointExtension>
            <ns3:hr>152</ns3:hr>
            <ns3:cad>96</ns3:cad>
          </ns3:TrackPointExtension>
        </extensions>
      </trkpt>
      <trkpt lat="51.5655888430774211883544921875" lon="-2.94960848987102508544921875">
        <ele>5.19999980926513671875</ele>
        <time>2025-04-13T08:32:00.000Z</time>
        <extensions>
          <ns3:TrackPointExtension>
            <ns3:hr>151</ns3:hr>
            <ns3:cad>96</ns3:cad>
          </ns3:TrackPointExtension>
        </extensions>
      </trkpt>
      <trkpt lat="51.5653891861438751220703125" lon="-2.94954721815884113311767578125">
        <ele>5.599999904632568359375</ele>
        <time>2025-04-13T08:32:06.000Z</time>
        <extensions>
          <ns3:TrackPointExtension>
            <ns3:hr>149</ns3:hr>
            <ns3:cad>96</ns3:cad>
          </ns3:TrackPointExtension>
        </extensions>
      </trkpt>
      <trkpt lat="51.56518542207777500152587890625" lon="-2.9494782350957393646240234375">
        <ele>6</ele>
        <time>2025-04-13T08:32:12.000Z</time>
        <extensions>
          <ns3:TrackPointExtension>
            <ns3:hr>150</ns3:hr>
            <ns3:cad>95</ns3:cad>
          </ns3:TrackPointExtension>
        </extensions>
      </trkpt>
      <trkpt lat="51.56500361859798431396484375" lon="-2.9494128562510013580322265625">
        <ele>6.599999904632568359375</ele>
        <time>2025-04-13T08:32:17.000Z</time>
        <extensions>
          <ns3:TrackPointExtension>
            <ns3:hr>151</ns3:hr>
            <ns3:cad>96</ns3:cad>
          </ns3:TrackPointExtension>
        </extensions>
      </trkpt>
      <trkpt lat="51.56483606435358524322509765625" lon="-2.94930129311978816986083984375">
        <ele>7</ele>
        <time>2025-04-13T08:32:22.000Z</time>
        <extensions>
          <ns3:TrackPointExtension>
            <ns3:hr>151</ns3:hr>
            <ns3:cad>95</ns3:cad>
          </ns3:TrackPointExtension>
        </extensions>
      </trkpt>
      <trkpt lat="51.56465887092053890228271484375" lon="-2.94916081242263317108154296875">
        <ele>8</ele>
        <time>2025-04-13T08:32:27.000Z</time>
        <extensions>
          <ns3:TrackPointExtension>
            <ns3:hr>151</ns3:hr>
            <ns3:cad>96</ns3:cad>
          </ns3:TrackPointExtension>
        </extensions>
      </trkpt>
      <trkpt lat="51.564485616981983184814453125" lon="-2.9489588923752307891845703125">
        <ele>9</ele>
        <time>2025-04-13T08:32:33.000Z</time>
        <extensions>
          <ns3:TrackPointExtension>
            <ns3:hr>151</ns3:hr>
            <ns3:cad>95</ns3:cad>
          </ns3:TrackPointExtension>
        </extensions>
      </trkpt>
      <trkpt lat="51.5643174760043621063232421875" lon="-2.9488013125956058502197265625">
        <ele>8.19999980926513671875</ele>
        <time>2025-04-13T08:32:37.000Z</time>
        <extensions>
          <ns3:TrackPointExtension>
            <ns3:hr>150</ns3:hr>
            <ns3:cad>95</ns3:cad>
          </ns3:TrackPointExtension>
        </extensions>
      </trkpt>
      <trkpt lat="51.5642363391816616058349609375" lon="-2.94873383827507495880126953125">
        <ele>7.400000095367431640625</ele>
        <time>2025-04-13T08:32:39.000Z</time>
        <extensions>
          <ns3:TrackPointExtension>
            <ns3:hr>150</ns3:hr>
            <ns3:cad>94</ns3:cad>
          </ns3:TrackPointExtension>
        </extensions>
      </trkpt>
      <trkpt lat="51.56416165642440319061279296875" lon="-2.948662005364894866943359375">
        <ele>7.19999980926513671875</ele>
        <time>2025-04-13T08:32:41.000Z</time>
        <extensions>
          <ns3:TrackPointExtension>
            <ns3:hr>147</ns3:hr>
            <ns3:cad>95</ns3:cad>
          </ns3:TrackPointExtension>
        </extensions>
      </trkpt>
      <trkpt lat="51.5639984607696533203125" lon="-2.94850283302366733551025390625">
        <ele>7.19999980926513671875</ele>
        <time>2025-04-13T08:32:45.000Z</time>
        <extensions>
          <ns3:TrackPointExtension>
            <ns3:hr>147</ns3:hr>
            <ns3:cad>96</ns3:cad>
          </ns3:TrackPointExtension>
        </extensions>
      </trkpt>
      <trkpt lat="51.563840210437774658203125" lon="-2.9482973925769329071044921875">
        <ele>7.599999904632568359375</ele>
        <time>2025-04-13T08:32:50.000Z</time>
        <extensions>
          <ns3:TrackPointExtension>
            <ns3:hr>151</ns3:hr>
            <ns3:cad>95</ns3:cad>
          </ns3:TrackPointExtension>
        </extensions>
      </trkpt>
      <trkpt lat="51.5636854805052280426025390625" lon="-2.94811978004872798919677734375">
        <ele>8.19999980926513671875</ele>
        <time>2025-04-13T08:32:55.000Z</time>
        <extensions>
          <ns3:TrackPointExtension>
            <ns3:hr>152</ns3:hr>
            <ns3:cad>96</ns3:cad>
          </ns3:TrackPointExtension>
        </extensions>
      </trkpt>
      <trkpt lat="51.5635309182107448577880859375" lon="-2.9479497112333774566650390625">
        <ele>8.3999996185302734375</ele>
        <time>2025-04-13T08:33:00.000Z</time>
        <extensions>
          <ns3:TrackPointExtension>
            <ns3:hr>150</ns3:hr>
            <ns3:cad>95</ns3:cad>
          </ns3:TrackPointExtension>
        </extensions>
      </trkpt>
      <trkpt lat="51.56337660737335681915283203125" lon="-2.94778685085475444793701171875">
        <ele>8.3999996185302734375</ele>
        <time>2025-04-13T08:33:05.000Z</time>
        <extensions>
          <ns3:TrackPointExtension>
            <ns3:hr>152</ns3:hr>
            <ns3:cad>95</ns3:cad>
          </ns3:TrackPointExtension>
        </extensions>
      </trkpt>
      <trkpt lat="51.5632110647857189178466796875" lon="-2.94757562689483165740966796875">
        <ele>8</ele>
        <time>2025-04-13T08:33:10.000Z</time>
        <extensions>
          <ns3:TrackPointExtension>
            <ns3:hr>150</ns3:hr>
            <ns3:cad>95</ns3:cad>
          </ns3:TrackPointExtension>
        </extensions>
      </trkpt>
      <trkpt lat="51.56309665180742740631103515625" lon="-2.94731251895427703857421875">
        <ele>7</ele>
        <time>2025-04-13T08:33:15.000Z</time>
        <extensions>
          <ns3:TrackPointExtension>
            <ns3:hr>149</ns3:hr>
            <ns3:cad>97</ns3:cad>
          </ns3:TrackPointExtension>
        </extensions>
      </trkpt>
      <trkpt lat="51.5629874356091022491455078125" lon="-2.94705997221171855926513671875">
        <ele>6.599999904632568359375</ele>
        <time>2025-04-13T08:33:20.000Z</time>
        <extensions>
          <ns3:TrackPointExtension>
            <ns3:hr>150</ns3:hr>
            <ns3:cad>94</ns3:cad>
          </ns3:TrackPointExtension>
        </extensions>
      </trkpt>
      <trkpt lat="51.56279616057872772216796875" lon="-2.94696240685880184173583984375">
        <ele>6</ele>
        <time>2025-04-13T08:33:25.000Z</time>
        <extensions>
          <ns3:TrackPointExtension>
            <ns3:hr>150</ns3:hr>
            <ns3:cad>96</ns3:cad>
          </ns3:TrackPointExtension>
        </extensions>
      </trkpt>
      <trkpt lat="51.56259004957973957061767578125" lon="-2.94693206436932086944580078125">
        <ele>6</ele>
        <time>2025-04-13T08:33:30.000Z</time>
        <extensions>
          <ns3:TrackPointExtension>
            <ns3:hr>148</ns3:hr>
            <ns3:cad>96</ns3:cad>
          </ns3:TrackPointExtension>
        </extensions>
      </trkpt>
      <trkpt lat="51.562402211129665374755859375" lon="-2.94688864611089229583740234375">
        <ele>6</ele>
        <time>2025-04-13T08:33:35.000Z</time>
        <extensions>
          <ns3:TrackPointExtension>
            <ns3:hr>149</ns3:hr>
            <ns3:cad>96</ns3:cad>
          </ns3:TrackPointExtension>
        </extensions>
      </trkpt>
      <trkpt lat="51.5622159652411937713623046875" lon="-2.9468459822237491607666015625">
        <ele>5.19999980926513671875</ele>
        <time>2025-04-13T08:33:40.000Z</time>
        <extensions>
          <ns3:TrackPointExtension>
            <ns3:hr>150</ns3:hr>
            <ns3:cad>96</ns3:cad>
          </ns3:TrackPointExtension>
        </extensions>
      </trkpt>
      <trkpt lat="51.562037430703639984130859375" lon="-2.94677062891423702239990234375">
        <ele>5.80000019073486328125</ele>
        <time>2025-04-13T08:33:45.000Z</time>
        <extensions>
          <ns3:TrackPointExtension>
            <ns3:hr>151</ns3:hr>
            <ns3:cad>97</ns3:cad>
          </ns3:TrackPointExtension>
        </extensions>
      </trkpt>
      <trkpt lat="51.56186048872768878936767578125" lon="-2.9466967843472957611083984375">
        <ele>6</ele>
        <time>2025-04-13T08:33:50.000Z</time>
        <extensions>
          <ns3:TrackPointExtension>
            <ns3:hr>154</ns3:hr>
            <ns3:cad>96</ns3:cad>
          </ns3:TrackPointExtension>
        </extensions>
      </trkpt>
      <trkpt lat="51.561687402427196502685546875" lon="-2.946606762707233428955078125">
        <ele>6.400000095367431640625</ele>
        <time>2025-04-13T08:33:55.000Z</time>
        <extensions>
          <ns3:TrackPointExtension>
            <ns3:hr>155</ns3:hr>
            <ns3:cad>97</ns3:cad>
          </ns3:TrackPointExtension>
        </extensions>
      </trkpt>
      <trkpt lat="51.56151062808930873870849609375" lon="-2.94650659896433353424072265625">
        <ele>6</ele>
        <time>2025-04-13T08:34:00.000Z</time>
        <extensions>
          <ns3:TrackPointExtension>
            <ns3:hr>153</ns3:hr>
            <ns3:cad>95</ns3:cad>
          </ns3:TrackPointExtension>
        </extensions>
      </trkpt>
      <trkpt lat="51.5613806247711181640625" lon="-2.94631096534430980682373046875">
        <ele>6</ele>
        <time>2025-04-13T08:34:05.000Z</time>
        <extensions>
          <ns3:TrackPointExtension>
            <ns3:hr>152</ns3:hr>
            <ns3:cad>95</ns3:cad>
          </ns3:TrackPointExtension>
        </extensions>
      </trkpt>
      <trkpt lat="51.56135313212871551513671875" lon="-2.9459880106151103973388671875">
        <ele>8</ele>
        <time>2025-04-13T08:34:10.000Z</time>
        <extensions>
          <ns3:TrackPointExtension>
            <ns3:hr>151</ns3:hr>
            <ns3:cad>96</ns3:cad>
          </ns3:TrackPointExtension>
        </extensions>
      </trkpt>
      <trkpt lat="51.561361514031887054443359375" lon="-2.94568039476871490478515625">
        <ele>9.19999980926513671875</ele>
        <time>2025-04-13T08:34:15.000Z</time>
        <extensions>
          <ns3:TrackPointExtension>
            <ns3:hr>152</ns3:hr>
            <ns3:cad>95</ns3:cad>
          </ns3:TrackPointExtension>
        </extensions>
      </trkpt>
      <trkpt lat="51.5613744221627712249755859375" lon="-2.9453861899673938751220703125">
        <ele>10.19999980926513671875</ele>
        <time>2025-04-13T08:34:20.000Z</time>
        <extensions>
          <ns3:TrackPointExtension>
            <ns3:hr>151</ns3:hr>
            <ns3:cad>97</ns3:cad>
          </ns3:TrackPointExtension>
        </extensions>
      </trkpt>
      <trkpt lat="51.56135388650000095367431640625" lon="-2.945089973509311676025390625">
        <ele>10.19999980926513671875</ele>
        <time>2025-04-13T08:34:25.000Z</time>
        <extensions>
          <ns3:TrackPointExtension>
            <ns3:hr>151</ns3:hr>
            <ns3:cad>95</ns3:cad>
          </ns3:TrackPointExtension>
        </extensions>
      </trkpt>
      <trkpt lat="51.5613271482288837432861328125" lon="-2.94478981755673885345458984375">
        <ele>9.6000003814697265625</ele>
        <time>2025-04-13T08:34:30.000Z</time>
        <extensions>
          <ns3:TrackPointExtension>
            <ns3:hr>151</ns3:hr>
            <ns3:cad>96</ns3:cad>
          </ns3:TrackPointExtension>
        </extensions>
      </trkpt>
      <trkpt lat="51.56129973940551280975341796875" lon="-2.94450416229665279388427734375">
        <ele>9.3999996185302734375</ele>
        <time>2025-04-13T08:34:35.000Z</time>
        <extensions>
          <ns3:TrackPointExtension>
            <ns3:hr>150</ns3:hr>
            <ns3:cad>96</ns3:cad>
          </ns3:TrackPointExtension>
        </extensions>
      </trkpt>
      <trkpt lat="51.56133544631302356719970703125" lon="-2.94416896998882293701171875">
        <ele>9.19999980926513671875</ele>
        <time>2025-04-13T08:34:41.000Z</time>
        <extensions>
          <ns3:TrackPointExtension>
            <ns3:hr>152</ns3:hr>
            <ns3:cad>96</ns3:cad>
          </ns3:TrackPointExtension>
        </extensions>
      </trkpt>
      <trkpt lat="51.56139361672103404998779296875" lon="-2.9438744299113750457763671875">
        <ele>9</ele>
        <time>2025-04-13T08:34:46.000Z</time>
        <extensions>
          <ns3:TrackPointExtension>
            <ns3:hr>153</ns3:hr>
            <ns3:cad>96</ns3:cad>
          </ns3:TrackPointExtension>
        </extensions>
      </trkpt>
      <trkpt lat="51.56145815737545490264892578125" lon="-2.9435938037931919097900390625">
        <ele>8.80000019073486328125</ele>
        <time>2025-04-13T08:34:51.000Z</time>
        <extensions>
          <ns3:TrackPointExtension>
            <ns3:hr>154</ns3:hr>
            <ns3:cad>97</ns3:cad>
          </ns3:TrackPointExtension>
        </extensions>
      </trkpt>
      <trkpt lat="51.56153619289398193359375" lon="-2.94327369891107082366943359375">
        <ele>8.6000003814697265625</ele>
        <time>2025-04-13T08:34:57.000Z</time>
        <extensions>
          <ns3:TrackPointExtension>
            <ns3:hr>153</ns3:hr>
            <ns3:cad>95</ns3:cad>
          </ns3:TrackPointExtension>
        </extensions>
      </trkpt>
      <trkpt lat="51.56160794198513031005859375" lon="-2.94299156405031681060791015625">
        <ele>8.19999980926513671875</ele>
        <time>2025-04-13T08:35:02.000Z</time>
        <extensions>
          <ns3:TrackPointExtension>
            <ns3:hr>152</ns3:hr>
            <ns3:cad>96</ns3:cad>
          </ns3:TrackPointExtension>
        </extensions>
      </trkpt>
      <trkpt lat="51.56167591921985149383544921875" lon="-2.9427200742065906524658203125">
        <ele>8.6000003814697265625</ele>
        <time>2025-04-13T08:35:07.000Z</time>
        <extensions>
          <ns3:TrackPointExtension>
            <ns3:hr>150</ns3:hr>
            <ns3:cad>95</ns3:cad>
          </ns3:TrackPointExtension>
        </extensions>
      </trkpt>
      <trkpt lat="51.56173534691333770751953125" lon="-2.942391671240329742431640625">
        <ele>8.80000019073486328125</ele>
        <time>2025-04-13T08:35:13.000Z</time>
        <extensions>
          <ns3:TrackPointExtension>
            <ns3:hr>148</ns3:hr>
            <ns3:cad>96</ns3:cad>
          </ns3:TrackPointExtension>
        </extensions>
      </trkpt>
      <trkpt lat="51.56179628334939479827880859375" lon="-2.9420600831508636474609375">
        <ele>8</ele>
        <time>2025-04-13T08:35:19.000Z</time>
        <extensions>
          <ns3:TrackPointExtension>
            <ns3:hr>149</ns3:hr>
            <ns3:cad>95</ns3:cad>
          </ns3:TrackPointExtension>
        </extensions>
      </trkpt>
      <trkpt lat="51.5618521906435489654541015625" lon="-2.94177099131047725677490234375">
        <ele>7.400000095367431640625</ele>
        <time>2025-04-13T08:35:24.000Z</time>
        <extensions>
          <ns3:TrackPointExtension>
            <ns3:hr>150</ns3:hr>
            <ns3:cad>96</ns3:cad>
          </ns3:TrackPointExtension>
        </extensions>
      </trkpt>
      <trkpt lat="51.561896614730358123779296875" lon="-2.941549122333526611328125">
        <ele>8</ele>
        <time>2025-04-13T08:35:28.000Z</time>
        <extensions>
          <ns3:TrackPointExtension>
            <ns3:hr>146</ns3:hr>
            <ns3:cad>96</ns3:cad>
          </ns3:TrackPointExtension>
        </extensions>
      </trkpt>
      <trkpt lat="51.561919413506984710693359375" lon="-2.9414299316704273223876953125">
        <ele>8</ele>
        <time>2025-04-13T08:35:30.000Z</time>
        <extensions>
          <ns3:TrackPointExtension>
            <ns3:hr>150</ns3:hr>
            <ns3:cad>96</ns3:cad>
          </ns3:TrackPointExtension>
        </extensions>
      </trkpt>
      <trkpt lat="51.56193559058010578155517578125" lon="-2.94110898859798908233642578125">
        <ele>8</ele>
        <time>2025-04-13T08:35:35.000Z</time>
        <extensions>
          <ns3:TrackPointExtension>
            <ns3:hr>150</ns3:hr>
            <ns3:cad>96</ns3:cad>
          </ns3:TrackPointExtension>
        </extensions>
      </trkpt>
      <trkpt lat="51.56184665858745574951171875" lon="-2.94081226922571659088134765625">
        <ele>8</ele>
        <time>2025-04-13T08:35:40.000Z</time>
        <extensions>
          <ns3:TrackPointExtension>
            <ns3:hr>149</ns3:hr>
            <ns3:cad>95</ns3:cad>
          </ns3:TrackPointExtension>
        </extensions>
      </trkpt>
      <trkpt lat="51.56180734746158123016357421875" lon="-2.9407154582440853118896484375">
        <ele>7.599999904632568359375</ele>
        <time>2025-04-13T08:35:42.000Z</time>
        <extensions>
          <ns3:TrackPointExtension>
            <ns3:hr>152</ns3:hr>
            <ns3:cad>95</ns3:cad>
          </ns3:TrackPointExtension>
        </extensions>
      </trkpt>
      <trkpt lat="51.56172872520983219146728515625" lon="-2.94058009050786495208740234375">
        <ele>7</ele>
        <time>2025-04-13T08:35:45.000Z</time>
        <extensions>
          <ns3:TrackPointExtension>
            <ns3:hr>149</ns3:hr>
            <ns3:cad>95</ns3:cad>
          </ns3:TrackPointExtension>
        </extensions>
      </trkpt>
      <trkpt lat="51.56162998639047145843505859375" lon="-2.94043759815394878387451171875">
        <ele>7</ele>
        <time>2025-04-13T08:35:49.000Z</time>
        <extensions>
          <ns3:TrackPointExtension>
            <ns3:hr>149</ns3:hr>
            <ns3:cad>96</ns3:cad>
          </ns3:TrackPointExtension>
        </extensions>
      </trkpt>
      <trkpt lat="51.56148179434239864349365234375" lon="-2.94022033922374248504638671875">
        <ele>7.400000095367431640625</ele>
        <time>2025-04-13T08:35:54.000Z</time>
        <extensions>
          <ns3:TrackPointExtension>
            <ns3:hr>147</ns3:hr>
            <ns3:cad>95</ns3:cad>
          </ns3:TrackPointExtension>
        </extensions>
      </trkpt>
      <trkpt lat="51.561335362493991851806640625" lon="-2.93998145498335361480712890625">
        <ele>8</ele>
        <time>2025-04-13T08:35:59.000Z</time>
        <extensions>
          <ns3:TrackPointExtension>
            <ns3:hr>149</ns3:hr>
            <ns3:cad>96</ns3:cad>
          </ns3:TrackPointExtension>
        </extensions>
      </trkpt>
      <trkpt lat="51.561194546520709991455078125" lon="-2.9397686384618282318115234375">
        <ele>7.80000019073486328125</ele>
        <time>2025-04-13T08:36:04.000Z</time>
        <extensions>
          <ns3:TrackPointExtension>
            <ns3:hr>152</ns3:hr>
            <ns3:cad>95</ns3:cad>
          </ns3:TrackPointExtension>
        </extensions>
      </trkpt>
      <trkpt lat="51.56105750240385532379150390625" lon="-2.93955557048320770263671875">
        <ele>7.19999980926513671875</ele>
        <time>2025-04-13T08:36:09.000Z</time>
        <extensions>
          <ns3:TrackPointExtension>
            <ns3:hr>152</ns3:hr>
            <ns3:cad>95</ns3:cad>
          </ns3:TrackPointExtension>
        </extensions>
      </trkpt>
      <trkpt lat="51.56100042164325714111328125" lon="-2.93947133235633373260498046875">
        <ele>7.400000095367431640625</ele>
        <time>2025-04-13T08:36:11.000Z</time>
        <extensions>
          <ns3:TrackPointExtension>
            <ns3:hr>149</ns3:hr>
            <ns3:cad>95</ns3:cad>
          </ns3:TrackPointExtension>
        </extensions>
      </trkpt>
      <trkpt lat="51.560852229595184326171875" lon="-2.9392767883837223052978515625">
        <ele>8</ele>
        <time>2025-04-13T08:36:16.000Z</time>
        <extensions>
          <ns3:TrackPointExtension>
            <ns3:hr>151</ns3:hr>
            <ns3:cad>95</ns3:cad>
          </ns3:TrackPointExtension>
        </extensions>
      </trkpt>
      <trkpt lat="51.56070512719452381134033203125" lon="-2.9390581883490085601806640625">
        <ele>8.80000019073486328125</ele>
        <time>2025-04-13T08:36:21.000Z</time>
        <extensions>
          <ns3:TrackPointExtension>
            <ns3:hr>150</ns3:hr>
            <ns3:cad>95</ns3:cad>
          </ns3:TrackPointExtension>
        </extensions>
      </trkpt>
      <trkpt lat="51.560649387538433074951171875" lon="-2.9389730282127857208251953125">
        <ele>9.19999980926513671875</ele>
        <time>2025-04-13T08:36:23.000Z</time>
        <extensions>
          <ns3:TrackPointExtension>
            <ns3:hr>147</ns3:hr>
            <ns3:cad>95</ns3:cad>
          </ns3:TrackPointExtension>
        </extensions>
      </trkpt>
      <trkpt lat="51.5605030395090579986572265625" lon="-2.93878041207790374755859375">
        <ele>9.6000003814697265625</ele>
        <time>2025-04-13T08:36:28.000Z</time>
        <extensions>
          <ns3:TrackPointExtension>
            <ns3:hr>148</ns3:hr>
            <ns3:cad>95</ns3:cad>
          </ns3:TrackPointExtension>
        </extensions>
      </trkpt>
      <trkpt lat="51.56035828404128551483154296875" lon="-2.93860615231096744537353515625">
        <ele>8.6000003814697265625</ele>
        <time>2025-04-13T08:36:33.000Z</time>
        <extensions>
          <ns3:TrackPointExtension>
            <ns3:hr>148</ns3:hr>
            <ns3:cad>96</ns3:cad>
          </ns3:TrackPointExtension>
        </extensions>
      </trkpt>
      <trkpt lat="51.5602093376219272613525390625" lon="-2.9384436272084712982177734375">
        <ele>8.3999996185302734375</ele>
        <time>2025-04-13T08:36:38.000Z</time>
        <extensions>
          <ns3:TrackPointExtension>
            <ns3:hr>146</ns3:hr>
            <ns3:cad>95</ns3:cad>
          </ns3:TrackPointExtension>
        </extensions>
      </trkpt>
      <trkpt lat="51.56012459658086299896240234375" lon="-2.93836106546223163604736328125">
        <ele>7.80000019073486328125</ele>
        <time>2025-04-13T08:36:41.000Z</time>
        <extensions>
          <ns3:TrackPointExtension>
            <ns3:hr>149</ns3:hr>
            <ns3:cad>96</ns3:cad>
          </ns3:TrackPointExtension>
        </extensions>
      </trkpt>
      <trkpt lat="51.55995343811810016632080078125" lon="-2.938193343579769134521484375">
        <ele>7.80000019073486328125</ele>
        <time>2025-04-13T08:36:47.000Z</time>
        <extensions>
          <ns3:TrackPointExtension>
            <ns3:hr>149</ns3:hr>
            <ns3:cad>96</ns3:cad>
          </ns3:TrackPointExtension>
        </extensions>
      </trkpt>
      <trkpt lat="51.55980952084064483642578125" lon="-2.9379946924746036529541015625">
        <ele>7.19999980926513671875</ele>
        <time>2025-04-13T08:36:52.000Z</time>
        <extensions>
          <ns3:TrackPointExtension>
            <ns3:hr>147</ns3:hr>
            <ns3:cad>96</ns3:cad>
          </ns3:TrackPointExtension>
        </extensions>
      </trkpt>
      <trkpt lat="51.559688150882720947265625" lon="-2.9377395473420619964599609375">
        <ele>7.19999980926513671875</ele>
        <time>2025-04-13T08:36:57.000Z</time>
        <extensions>
          <ns3:TrackPointExtension>
            <ns3:hr>147</ns3:hr>
            <ns3:cad>95</ns3:cad>
          </ns3:TrackPointExtension>
        </extensions>
      </trkpt>
      <trkpt lat="51.559569798409938812255859375" lon="-2.93749387376010417938232421875">
        <ele>7.599999904632568359375</ele>
        <time>2025-04-13T08:37:02.000Z</time>
        <extensions>
          <ns3:TrackPointExtension>
            <ns3:hr>148</ns3:hr>
            <ns3:cad>96</ns3:cad>
          </ns3:TrackPointExtension>
        </extensions>
      </trkpt>
      <trkpt lat="51.55946644954383373260498046875" lon="-2.9372383095324039459228515625">
        <ele>7.599999904632568359375</ele>
        <time>2025-04-13T08:37:07.000Z</time>
        <extensions>
          <ns3:TrackPointExtension>
            <ns3:hr>150</ns3:hr>
            <ns3:cad>96</ns3:cad>
          </ns3:TrackPointExtension>
        </extensions>
      </trkpt>
      <trkpt lat="51.5593944489955902099609375" lon="-2.93696950189769268035888671875">
        <ele>7.19999980926513671875</ele>
        <time>2025-04-13T08:37:12.000Z</time>
        <extensions>
          <ns3:TrackPointExtension>
            <ns3:hr>150</ns3:hr>
            <ns3:cad>96</ns3:cad>
          </ns3:TrackPointExtension>
        </extensions>
      </trkpt>
      <trkpt lat="51.55933384783565998077392578125" lon="-2.936678566038608551025390625">
        <ele>7.400000095367431640625</ele>
        <time>2025-04-13T08:37:17.000Z</time>
        <extensions>
          <ns3:TrackPointExtension>
            <ns3:hr>149</ns3:hr>
            <ns3:cad>97</ns3:cad>
          </ns3:TrackPointExtension>
        </extensions>
      </trkpt>
      <trkpt lat="51.55927576124668121337890625" lon="-2.93638763017952442169189453125">
        <ele>6.80000019073486328125</ele>
        <time>2025-04-13T08:37:22.000Z</time>
        <extensions>
          <ns3:TrackPointExtension>
            <ns3:hr>148</ns3:hr>
            <ns3:cad>95</ns3:cad>
          </ns3:TrackPointExtension>
        </extensions>
      </trkpt>
      <trkpt lat="51.55922404490411281585693359375" lon="-2.93609929271042346954345703125">
        <ele>6.400000095367431640625</ele>
        <time>2025-04-13T08:37:27.000Z</time>
        <extensions>
          <ns3:TrackPointExtension>
            <ns3:hr>150</ns3:hr>
            <ns3:cad>97</ns3:cad>
          </ns3:TrackPointExtension>
        </extensions>
      </trkpt>
      <trkpt lat="51.55914458446204662322998046875" lon="-2.93582419864833354949951171875">
        <ele>6.80000019073486328125</ele>
        <time>2025-04-13T08:37:32.000Z</time>
        <extensions>
          <ns3:TrackPointExtension>
            <ns3:hr>150</ns3:hr>
            <ns3:cad>95</ns3:cad>
          </ns3:TrackPointExtension>
        </extensions>
      </trkpt>
      <trkpt lat="51.559025309979915618896484375" lon="-2.935598306357860565185546875">
        <ele>6.80000019073486328125</ele>
        <time>2025-04-13T08:37:37.000Z</time>
        <extensions>
          <ns3:TrackPointExtension>
            <ns3:hr>150</ns3:hr>
            <ns3:cad>96</ns3:cad>
          </ns3:TrackPointExtension>
        </extensions>
      </trkpt>
      <trkpt lat="51.5588585101068019866943359375" lon="-2.93539739213883876800537109375">
        <ele>7.400000095367431640625</ele>
        <time>2025-04-13T08:37:43.000Z</time>
        <extensions>
          <ns3:TrackPointExtension>
            <ns3:hr>151</ns3:hr>
            <ns3:cad>97</ns3:cad>
          </ns3:TrackPointExtension>
        </extensions>
      </trkpt>
      <trkpt lat="51.55868357978761196136474609375" lon="-2.93522992171347141265869140625">
        <ele>8.19999980926513671875</ele>
        <time>2025-04-13T08:37:49.000Z</time>
        <extensions>
          <ns3:TrackPointExtension>
            <ns3:hr>153</ns3:hr>
            <ns3:cad>95</ns3:cad>
          </ns3:TrackPointExtension>
        </extensions>
      </trkpt>
      <trkpt lat="51.5585482120513916015625" lon="-2.93500176630914211273193359375">
        <ele>7.80000019073486328125</ele>
        <time>2025-04-13T08:37:54.000Z</time>
        <extensions>
          <ns3:TrackPointExtension>
            <ns3:hr>156</ns3:hr>
            <ns3:cad>97</ns3:cad>
          </ns3:TrackPointExtension>
        </extensions>
      </trkpt>
      <trkpt lat="51.55844938941299915313720703125" lon="-2.93470622040331363677978515625">
        <ele>6.19999980926513671875</ele>
        <time>2025-04-13T08:37:59.000Z</time>
        <extensions>
          <ns3:TrackPointExtension>
            <ns3:hr>155</ns3:hr>
            <ns3:cad>96</ns3:cad>
          </ns3:TrackPointExtension>
        </extensions>
      </trkpt>
      <trkpt lat="51.55843212269246578216552734375" lon="-2.93440614826977252960205078125">
        <ele>5.80000019073486328125</ele>
        <time>2025-04-13T08:38:04.000Z</time>
        <extensions>
          <ns3:TrackPointExtension>
            <ns3:hr>152</ns3:hr>
            <ns3:cad>95</ns3:cad>
          </ns3:TrackPointExtension>
        </extensions>
      </trkpt>
      <trkpt lat="51.5584598667919635772705078125" lon="-2.9341018013656139373779296875">
        <ele>6.19999980926513671875</ele>
        <time>2025-04-13T08:38:09.000Z</time>
        <extensions>
          <ns3:TrackPointExtension>
            <ns3:hr>154</ns3:hr>
            <ns3:cad>95</ns3:cad>
          </ns3:TrackPointExtension>
        </extensions>
      </trkpt>
      <trkpt lat="51.558513343334197998046875" lon="-2.93380667455494403839111328125">
        <ele>6.400000095367431640625</ele>
        <time>2025-04-13T08:38:14.000Z</time>
        <extensions>
          <ns3:TrackPointExtension>
            <ns3:hr>153</ns3:hr>
            <ns3:cad>95</ns3:cad>
          </ns3:TrackPointExtension>
        </extensions>
      </trkpt>
      <trkpt lat="51.5585735253989696502685546875" lon="-2.93351833708584308624267578125">
        <ele>7</ele>
        <time>2025-04-13T08:38:19.000Z</time>
        <extensions>
          <ns3:TrackPointExtension>
            <ns3:hr>153</ns3:hr>
            <ns3:cad>96</ns3:cad>
          </ns3:TrackPointExtension>
        </extensions>
      </trkpt>
      <trkpt lat="51.55863010324537754058837890625" lon="-2.9332274012267589569091796875">
        <ele>7</ele>
        <time>2025-04-13T08:38:24.000Z</time>
        <extensions>
          <ns3:TrackPointExtension>
            <ns3:hr>152</ns3:hr>
            <ns3:cad>95</ns3:cad>
          </ns3:TrackPointExtension>
        </extensions>
      </trkpt>
      <trkpt lat="51.55868995003402233123779296875" lon="-2.932932861149311065673828125">
        <ele>7</ele>
        <time>2025-04-13T08:38:29.000Z</time>
        <extensions>
          <ns3:TrackPointExtension>
            <ns3:hr>151</ns3:hr>
            <ns3:cad>95</ns3:cad>
          </ns3:TrackPointExtension>
        </extensions>
      </trkpt>
      <trkpt lat="51.5587609447538852691650390625" lon="-2.93263681232929229736328125">
        <ele>7</ele>
        <time>2025-04-13T08:38:34.000Z</time>
        <extensions>
          <ns3:TrackPointExtension>
            <ns3:hr>152</ns3:hr>
            <ns3:cad>96</ns3:cad>
          </ns3:TrackPointExtension>
        </extensions>
      </trkpt>
      <trkpt lat="51.55882515013217926025390625" lon="-2.93233933858573436737060546875">
        <ele>7.80000019073486328125</ele>
        <time>2025-04-13T08:38:39.000Z</time>
        <extensions>
          <ns3:TrackPointExtension>
            <ns3:hr>152</ns3:hr>
            <ns3:cad>96</ns3:cad>
          </ns3:TrackPointExtension>
        </extensions>
      </trkpt>
      <trkpt lat="51.55887468717992305755615234375" lon="-2.93203792534768581390380859375">
        <ele>7</ele>
        <time>2025-04-13T08:38:44.000Z</time>
        <extensions>
          <ns3:TrackPointExtension>
            <ns3:hr>155</ns3:hr>
            <ns3:cad>97</ns3:cad>
          </ns3:TrackPointExtension>
        </extensions>
      </trkpt>
      <trkpt lat="51.55892078764736652374267578125" lon="-2.9317491687834262847900390625">
        <ele>7</ele>
        <time>2025-04-13T08:38:49.000Z</time>
        <extensions>
          <ns3:TrackPointExtension>
            <ns3:hr>154</ns3:hr>
            <ns3:cad>95</ns3:cad>
          </ns3:TrackPointExtension>
        </extensions>
      </trkpt>
      <trkpt lat="51.5589652955532073974609375" lon="-2.9314584843814373016357421875">
        <ele>7.19999980926513671875</ele>
        <time>2025-04-13T08:38:54.000Z</time>
        <extensions>
          <ns3:TrackPointExtension>
            <ns3:hr>153</ns3:hr>
            <ns3:cad>95</ns3:cad>
          </ns3:TrackPointExtension>
        </extensions>
      </trkpt>
      <trkpt lat="51.55901080928742885589599609375" lon="-2.93116293847560882568359375">
        <ele>7.599999904632568359375</ele>
        <time>2025-04-13T08:38:59.000Z</time>
        <extensions>
          <ns3:TrackPointExtension>
            <ns3:hr>152</ns3:hr>
            <ns3:cad>96</ns3:cad>
          </ns3:TrackPointExtension>
        </extensions>
      </trkpt>
      <trkpt lat="51.559019275009632110595703125" lon="-2.931104600429534912109375">
        <ele>7.80000019073486328125</ele>
        <time>2025-04-13T08:39:00.000Z</time>
        <extensions>
          <ns3:TrackPointExtension>
            <ns3:hr>152</ns3:hr>
            <ns3:cad>96</ns3:cad>
          </ns3:TrackPointExtension>
        </extensions>
      </trkpt>
      <trkpt lat="51.55908658169209957122802734375" lon="-2.93083034455776214599609375">
        <ele>8.6000003814697265625</ele>
        <time>2025-04-13T08:39:05.000Z</time>
        <extensions>
          <ns3:TrackPointExtension>
            <ns3:hr>154</ns3:hr>
            <ns3:cad>95</ns3:cad>
          </ns3:TrackPointExtension>
        </extensions>
      </trkpt>
      <trkpt lat="51.559142656624317169189453125" lon="-2.930549047887325286865234375">
        <ele>8.3999996185302734375</ele>
        <time>2025-04-13T08:39:10.000Z</time>
        <extensions>
          <ns3:TrackPointExtension>
            <ns3:hr>153</ns3:hr>
            <ns3:cad>97</ns3:cad>
          </ns3:TrackPointExtension>
        </extensions>
      </trkpt>
      <trkpt lat="51.5592085383832454681396484375" lon="-2.93025710619986057281494140625">
        <ele>7</ele>
        <time>2025-04-13T08:39:15.000Z</time>
        <extensions>
          <ns3:TrackPointExtension>
            <ns3:hr>151</ns3:hr>
            <ns3:cad>95</ns3:cad>
          </ns3:TrackPointExtension>
        </extensions>
      </trkpt>
      <trkpt lat="51.55928322114050388336181640625" lon="-2.9299779050052165985107421875">
        <ele>5.80000019073486328125</ele>
        <time>2025-04-13T08:39:20.000Z</time>
        <extensions>
          <ns3:TrackPointExtension>
            <ns3:hr>149</ns3:hr>
            <ns3:cad>97</ns3:cad>
          </ns3:TrackPointExtension>
        </extensions>
      </trkpt>
      <trkpt lat="51.55937961302697658538818359375" lon="-2.9297103546559810638427734375">
        <ele>5.80000019073486328125</ele>
        <time>2025-04-13T08:39:25.000Z</time>
        <extensions>
          <ns3:TrackPointExtension>
            <ns3:hr>150</ns3:hr>
            <ns3:cad>95</ns3:cad>
          </ns3:TrackPointExtension>
        </extensions>
      </trkpt>
      <trkpt lat="51.55949125997722148895263671875" lon="-2.92943961918354034423828125">
        <ele>6</ele>
        <time>2025-04-13T08:39:30.000Z</time>
        <extensions>
          <ns3:TrackPointExtension>
            <ns3:hr>149</ns3:hr>
            <ns3:cad>97</ns3:cad>
          </ns3:TrackPointExtension>
        </extensions>
      </trkpt>
      <trkpt lat="51.55961900018155574798583984375" lon="-2.92921205051243305206298828125">
        <ele>6</ele>
        <time>2025-04-13T08:39:35.000Z</time>
        <extensions>
          <ns3:TrackPointExtension>
            <ns3:hr>149</ns3:hr>
            <ns3:cad>97</ns3:cad>
          </ns3:TrackPointExtension>
        </extensions>
      </trkpt>
      <trkpt lat="51.5597560442984104156494140625" lon="-2.92898607440292835235595703125">
        <ele>6</ele>
        <time>2025-04-13T08:39:40.000Z</time>
        <extensions>
          <ns3:TrackPointExtension>
            <ns3:hr>150</ns3:hr>
            <ns3:cad>95</ns3:cad>
          </ns3:TrackPointExtension>
        </extensions>
      </trkpt>
      <trkpt lat="51.55988638289272785186767578125" lon="-2.9287598468363285064697265625">
        <ele>6.599999904632568359375</ele>
        <time>2025-04-13T08:39:45.000Z</time>
        <extensions>
          <ns3:TrackPointExtension>
            <ns3:hr>149</ns3:hr>
            <ns3:cad>96</ns3:cad>
          </ns3:TrackPointExtension>
        </extensions>
      </trkpt>
      <trkpt lat="51.56002141535282135009765625" lon="-2.92850629426538944244384765625">
        <ele>7</ele>
        <time>2025-04-13T08:39:50.000Z</time>
        <extensions>
          <ns3:TrackPointExtension>
            <ns3:hr>149</ns3:hr>
            <ns3:cad>97</ns3:cad>
          </ns3:TrackPointExtension>
        </extensions>
      </trkpt>
      <trkpt lat="51.56014404259622097015380859375" lon="-2.92826841585338115692138671875">
        <ele>7</ele>
        <time>2025-04-13T08:39:55.000Z</time>
        <extensions>
          <ns3:TrackPointExtension>
            <ns3:hr>149</ns3:hr>
            <ns3:cad>96</ns3:cad>
          </ns3:TrackPointExtension>
        </extensions>
      </trkpt>
      <trkpt lat="51.56025367788970470428466796875" lon="-2.92802768759429454803466796875">
        <ele>7</ele>
        <time>2025-04-13T08:40:00.000Z</time>
        <extensions>
          <ns3:TrackPointExtension>
            <ns3:hr>150</ns3:hr>
            <ns3:cad>95</ns3:cad>
          </ns3:TrackPointExtension>
        </extensions>
      </trkpt>
      <trkpt lat="51.56035191379487514495849609375" lon="-2.92776801623404026031494140625">
        <ele>6.599999904632568359375</ele>
        <time>2025-04-13T08:40:05.000Z</time>
        <extensions>
          <ns3:TrackPointExtension>
            <ns3:hr>151</ns3:hr>
            <ns3:cad>96</ns3:cad>
          </ns3:TrackPointExtension>
        </extensions>
      </trkpt>
      <trkpt lat="51.56045417301356792449951171875" lon="-2.9275139607489109039306640625">
        <ele>6</ele>
        <time>2025-04-13T08:40:10.000Z</time>
        <extensions>
          <ns3:TrackPointExtension>
            <ns3:hr>150</ns3:hr>
            <ns3:cad>96</ns3:cad>
          </ns3:TrackPointExtension>
        </extensions>
      </trkpt>
      <trkpt lat="51.56056263484060764312744140625" lon="-2.9272581450641155242919921875">
        <ele>6</ele>
        <time>2025-04-13T08:40:15.000Z</time>
        <extensions>
          <ns3:TrackPointExtension>
            <ns3:hr>150</ns3:hr>
            <ns3:cad>96</ns3:cad>
          </ns3:TrackPointExtension>
        </extensions>
      </trkpt>
      <trkpt lat="51.560664810240268707275390625" lon="-2.9270033352077007293701171875">
        <ele>6</ele>
        <time>2025-04-13T08:40:20.000Z</time>
        <extensions>
          <ns3:TrackPointExtension>
            <ns3:hr>151</ns3:hr>
            <ns3:cad>96</ns3:cad>
          </ns3:TrackPointExtension>
        </extensions>
      </trkpt>
      <trkpt lat="51.560763381421566009521484375" lon="-2.92675514705479145050048828125">
        <ele>6.19999980926513671875</ele>
        <time>2025-04-13T08:40:25.000Z</time>
        <extensions>
          <ns3:TrackPointExtension>
            <ns3:hr>148</ns3:hr>
            <ns3:cad>95</ns3:cad>
          </ns3:TrackPointExtension>
        </extensions>
      </trkpt>
      <trkpt lat="51.56085650436580181121826171875" lon="-2.92650100775063037872314453125">
        <ele>7</ele>
        <time>2025-04-13T08:40:30.000Z</time>
        <extensions>
          <ns3:TrackPointExtension>
            <ns3:hr>150</ns3:hr>
            <ns3:cad>96</ns3:cad>
          </ns3:TrackPointExtension>
        </extensions>
      </trkpt>
      <trkpt lat="51.5609581768512725830078125" lon="-2.926253490149974822998046875">
        <ele>6.599999904632568359375</ele>
        <time>2025-04-13T08:40:35.000Z</time>
        <extensions>
          <ns3:TrackPointExtension>
            <ns3:hr>150</ns3:hr>
            <ns3:cad>96</ns3:cad>
          </ns3:TrackPointExtension>
        </extensions>
      </trkpt>
      <trkpt lat="51.56105012632906436920166015625" lon="-2.9259948246181011199951171875">
        <ele>6.400000095367431640625</ele>
        <time>2025-04-13T08:40:40.000Z</time>
        <extensions>
          <ns3:TrackPointExtension>
            <ns3:hr>151</ns3:hr>
            <ns3:cad>97</ns3:cad>
          </ns3:TrackPointExtension>
        </extensions>
      </trkpt>
      <trkpt lat="51.5611420758068561553955078125" lon="-2.92572618462145328521728515625">
        <ele>6.80000019073486328125</ele>
        <time>2025-04-13T08:40:45.000Z</time>
        <extensions>
          <ns3:TrackPointExtension>
            <ns3:hr>149</ns3:hr>
            <ns3:cad>95</ns3:cad>
          </ns3:TrackPointExtension>
        </extensions>
      </trkpt>
      <trkpt lat="51.56123922206461429595947265625" lon="-2.92545896954834461212158203125">
        <ele>6.599999904632568359375</ele>
        <time>2025-04-13T08:40:50.000Z</time>
        <extensions>
          <ns3:TrackPointExtension>
            <ns3:hr>150</ns3:hr>
            <ns3:cad>96</ns3:cad>
          </ns3:TrackPointExtension>
        </extensions>
      </trkpt>
      <trkpt lat="51.561338715255260467529296875" lon="-2.92519309557974338531494140625">
        <ele>6.19999980926513671875</ele>
        <time>2025-04-13T08:40:55.000Z</time>
        <extensions>
          <ns3:TrackPointExtension>
            <ns3:hr>150</ns3:hr>
            <ns3:cad>96</ns3:cad>
          </ns3:TrackPointExtension>
        </extensions>
      </trkpt>
      <trkpt lat="51.5614404715597629547119140625" lon="-2.9249390400946140289306640625">
        <ele>6</ele>
        <time>2025-04-13T08:41:00.000Z</time>
        <extensions>
          <ns3:TrackPointExtension>
            <ns3:hr>150</ns3:hr>
            <ns3:cad>96</ns3:cad>
          </ns3:TrackPointExtension>
        </extensions>
      </trkpt>
      <trkpt lat="51.5615491010248661041259765625" lon="-2.92468397878110408782958984375">
        <ele>6</ele>
        <time>2025-04-13T08:41:05.000Z</time>
        <extensions>
          <ns3:TrackPointExtension>
            <ns3:hr>153</ns3:hr>
            <ns3:cad>96</ns3:cad>
          </ns3:TrackPointExtension>
        </extensions>
      </trkpt>
      <trkpt lat="51.56165714375674724578857421875" lon="-2.924426905810832977294921875">
        <ele>6</ele>
        <time>2025-04-13T08:41:10.000Z</time>
        <extensions>
          <ns3:TrackPointExtension>
            <ns3:hr>151</ns3:hr>
            <ns3:cad>96</ns3:cad>
          </ns3:TrackPointExtension>
        </extensions>
      </trkpt>
      <trkpt lat="51.56174917705357074737548828125" lon="-2.924166060984134674072265625">
        <ele>6.400000095367431640625</ele>
        <time>2025-04-13T08:41:15.000Z</time>
        <extensions>
          <ns3:TrackPointExtension>
            <ns3:hr>150</ns3:hr>
            <ns3:cad>95</ns3:cad>
          </ns3:TrackPointExtension>
        </extensions>
      </trkpt>
      <trkpt lat="51.56183634884655475616455078125" lon="-2.9239122569561004638671875">
        <ele>7</ele>
        <time>2025-04-13T08:41:20.000Z</time>
        <extensions>
          <ns3:TrackPointExtension>
            <ns3:hr>149</ns3:hr>
            <ns3:cad>95</ns3:cad>
          </ns3:TrackPointExtension>
        </extensions>
      </trkpt>
      <trkpt lat="51.56192989088594913482666015625" lon="-2.92360137216746807098388671875">
        <ele>6.400000095367431640625</ele>
        <time>2025-04-13T08:41:26.000Z</time>
        <extensions>
          <ns3:TrackPointExtension>
            <ns3:hr>150</ns3:hr>
            <ns3:cad>96</ns3:cad>
          </ns3:TrackPointExtension>
        </extensions>
      </trkpt>
      <trkpt lat="51.56201429665088653564453125" lon="-2.9232864640653133392333984375">
        <ele>5.599999904632568359375</ele>
        <time>2025-04-13T08:41:32.000Z</time>
        <extensions>
          <ns3:TrackPointExtension>
            <ns3:hr>149</ns3:hr>
            <ns3:cad>96</ns3:cad>
          </ns3:TrackPointExtension>
        </extensions>
      </trkpt>
      <trkpt lat="51.56208830885589122772216796875" lon="-2.9230138845741748809814453125">
        <ele>5</ele>
        <time>2025-04-13T08:41:37.000Z</time>
        <extensions>
          <ns3:TrackPointExtension>
            <ns3:hr>150</ns3:hr>
            <ns3:cad>95</ns3:cad>
          </ns3:TrackPointExtension>
        </extensions>
      </trkpt>
      <trkpt lat="51.56215268187224864959716796875" lon="-2.92273677885532379150390625">
        <ele>5</ele>
        <time>2025-04-13T08:41:42.000Z</time>
        <extensions>
          <ns3:TrackPointExtension>
            <ns3:hr>149</ns3:hr>
            <ns3:cad>96</ns3:cad>
          </ns3:TrackPointExtension>
        </extensions>
      </trkpt>
      <trkpt lat="51.56222225166857242584228515625" lon="-2.9224611818790435791015625">
        <ele>5.400000095367431640625</ele>
        <time>2025-04-13T08:41:47.000Z</time>
        <extensions>
          <ns3:TrackPointExtension>
            <ns3:hr>149</ns3:hr>
            <ns3:cad>95</ns3:cad>
          </ns3:TrackPointExtension>
        </extensions>
      </trkpt>
      <trkpt lat="51.56229014508426189422607421875" lon="-2.92218835093080997467041015625">
        <ele>6.19999980926513671875</ele>
        <time>2025-04-13T08:41:52.000Z</time>
        <extensions>
          <ns3:TrackPointExtension>
            <ns3:hr>149</ns3:hr>
            <ns3:cad>96</ns3:cad>
          </ns3:TrackPointExtension>
        </extensions>
      </trkpt>
      <trkpt lat="51.56235837377607822418212890625" lon="-2.921909987926483154296875">
        <ele>6.400000095367431640625</ele>
        <time>2025-04-13T08:41:57.000Z</time>
        <extensions>
          <ns3:TrackPointExtension>
            <ns3:hr>152</ns3:hr>
            <ns3:cad>96</ns3:cad>
          </ns3:TrackPointExtension>
        </extensions>
      </trkpt>
      <trkpt lat="51.56242945231497287750244140625" lon="-2.92163581587374210357666015625">
        <ele>6.599999904632568359375</ele>
        <time>2025-04-13T08:42:02.000Z</time>
        <extensions>
          <ns3:TrackPointExtension>
            <ns3:hr>153</ns3:hr>
            <ns3:cad>95</ns3:cad>
          </ns3:TrackPointExtension>
        </extensions>
      </trkpt>
      <trkpt lat="51.56249986030161380767822265625" lon="-2.9213696904480457305908203125">
        <ele>7</ele>
        <time>2025-04-13T08:42:07.000Z</time>
        <extensions>
          <ns3:TrackPointExtension>
            <ns3:hr>150</ns3:hr>
            <ns3:cad>95</ns3:cad>
          </ns3:TrackPointExtension>
        </extensions>
      </trkpt>
      <trkpt lat="51.56256440095603466033935546875" lon="-2.9211132042109966278076171875">
        <ele>7.19999980926513671875</ele>
        <time>2025-04-13T08:42:12.000Z</time>
        <extensions>
          <ns3:TrackPointExtension>
            <ns3:hr>150</ns3:hr>
            <ns3:cad>95</ns3:cad>
          </ns3:TrackPointExtension>
        </extensions>
      </trkpt>
      <trkpt lat="51.5626320429146289825439453125" lon="-2.920844815671443939208984375">
        <ele>7</ele>
        <time>2025-04-13T08:42:17.000Z</time>
        <extensions>
          <ns3:TrackPointExtension>
            <ns3:hr>149</ns3:hr>
            <ns3:cad>96</ns3:cad>
          </ns3:TrackPointExtension>
        </extensions>
      </trkpt>
      <trkpt lat="51.56270303763449192047119140625" lon="-2.92057449929416179656982421875">
        <ele>7</ele>
        <time>2025-04-13T08:42:22.000Z</time>
        <extensions>
          <ns3:TrackPointExtension>
            <ns3:hr>150</ns3:hr>
            <ns3:cad>96</ns3:cad>
          </ns3:TrackPointExtension>
        </extensions>
      </trkpt>
      <trkpt lat="51.56277713365852832794189453125" lon="-2.92030627839267253875732421875">
        <ele>7</ele>
        <time>2025-04-13T08:42:27.000Z</time>
        <extensions>
          <ns3:TrackPointExtension>
            <ns3:hr>150</ns3:hr>
            <ns3:cad>94</ns3:cad>
          </ns3:TrackPointExtension>
        </extensions>
      </trkpt>
      <trkpt lat="51.5628519840538501739501953125" lon="-2.920037806034088134765625">
        <ele>7</ele>
        <time>2025-04-13T08:42:32.000Z</time>
        <extensions>
          <ns3:TrackPointExtension>
            <ns3:hr>150</ns3:hr>
            <ns3:cad>97</ns3:cad>
          </ns3:TrackPointExtension>
        </extensions>
      </trkpt>
      <trkpt lat="51.5629260800778865814208984375" lon="-2.91975324042141437530517578125">
        <ele>7</ele>
        <time>2025-04-13T08:42:37.000Z</time>
        <extensions>
          <ns3:TrackPointExtension>
            <ns3:hr>149</ns3:hr>
            <ns3:cad>95</ns3:cad>
          </ns3:TrackPointExtension>
        </extensions>
      </trkpt>
      <trkpt lat="51.56300545670092105865478515625" lon="-2.9194411821663379669189453125">
        <ele>7</ele>
        <time>2025-04-13T08:42:43.000Z</time>
        <extensions>
          <ns3:TrackPointExtension>
            <ns3:hr>148</ns3:hr>
            <ns3:cad>96</ns3:cad>
          </ns3:TrackPointExtension>
        </extensions>
      </trkpt>
      <trkpt lat="51.56310050748288631439208984375" lon="-2.91915158741176128387451171875">
        <ele>7</ele>
        <time>2025-04-13T08:42:49.000Z</time>
        <extensions>
          <ns3:TrackPointExtension>
            <ns3:hr>146</ns3:hr>
            <ns3:cad>95</ns3:cad>
          </ns3:TrackPointExtension>
        </extensions>
      </trkpt>
      <trkpt lat="51.5631849132478237152099609375" lon="-2.91884229518473148345947265625">
        <ele>7</ele>
        <time>2025-04-13T08:42:55.000Z</time>
        <extensions>
          <ns3:TrackPointExtension>
            <ns3:hr>146</ns3:hr>
            <ns3:cad>95</ns3:cad>
          </ns3:TrackPointExtension>
        </extensions>
      </trkpt>
      <trkpt lat="51.5632717497646808624267578125" lon="-2.9185439832508563995361328125">
        <ele>7</ele>
        <time>2025-04-13T08:43:01.000Z</time>
        <extensions>
          <ns3:TrackPointExtension>
            <ns3:hr>145</ns3:hr>
            <ns3:cad>96</ns3:cad>
          </ns3:TrackPointExtension>
        </extensions>
      </trkpt>
      <trkpt lat="51.56336923129856586456298828125" lon="-2.91829235851764678955078125">
        <ele>6.599999904632568359375</ele>
        <time>2025-04-13T08:43:06.000Z</time>
        <extensions>
          <ns3:TrackPointExtension>
            <ns3:hr>143</ns3:hr>
            <ns3:cad>95</ns3:cad>
          </ns3:TrackPointExtension>
        </extensions>
      </trkpt>
      <trkpt lat="51.56347719021141529083251953125" lon="-2.91800293140113353729248046875">
        <ele>7</ele>
        <time>2025-04-13T08:43:12.000Z</time>
        <extensions>
          <ns3:TrackPointExtension>
            <ns3:hr>143</ns3:hr>
            <ns3:cad>95</ns3:cad>
          </ns3:TrackPointExtension>
        </extensions>
      </trkpt>
      <trkpt lat="51.56356872059404850006103515625" lon="-2.91775901801884174346923828125">
        <ele>7.80000019073486328125</ele>
        <time>2025-04-13T08:43:17.000Z</time>
        <extensions>
          <ns3:TrackPointExtension>
            <ns3:hr>146</ns3:hr>
            <ns3:cad>96</ns3:cad>
          </ns3:TrackPointExtension>
        </extensions>
      </trkpt>
      <trkpt lat="51.5636760927736759185791015625" lon="-2.91751191951334476470947265625">
        <ele>7.80000019073486328125</ele>
        <time>2025-04-13T08:43:22.000Z</time>
        <extensions>
          <ns3:TrackPointExtension>
            <ns3:hr>145</ns3:hr>
            <ns3:cad>96</ns3:cad>
          </ns3:TrackPointExtension>
        </extensions>
      </trkpt>
      <trkpt lat="51.56378111802041530609130859375" lon="-2.91723716072738170623779296875">
        <ele>7.400000095367431640625</ele>
        <time>2025-04-13T08:43:27.000Z</time>
        <extensions>
          <ns3:TrackPointExtension>
            <ns3:hr>145</ns3:hr>
            <ns3:cad>96</ns3:cad>
          </ns3:TrackPointExtension>
        </extensions>
      </trkpt>
      <trkpt lat="51.563873402774333953857421875" lon="-2.91703012771904468536376953125">
        <ele>7.19999980926513671875</ele>
        <time>2025-04-13T08:43:31.000Z</time>
        <extensions>
          <ns3:TrackPointExtension>
            <ns3:hr>150</ns3:hr>
            <ns3:cad>95</ns3:cad>
          </ns3:TrackPointExtension>
        </extensions>
      </trkpt>
      <trkpt lat="51.56398379243910312652587890625" lon="-2.91676349937915802001953125">
        <ele>6.80000019073486328125</ele>
        <time>2025-04-13T08:43:36.000Z</time>
        <extensions>
          <ns3:TrackPointExtension>
            <ns3:hr>152</ns3:hr>
            <ns3:cad>95</ns3:cad>
          </ns3:TrackPointExtension>
        </extensions>
      </trkpt>
      <trkpt lat="51.56411455012857913970947265625" lon="-2.9164837114512920379638671875">
        <ele>6.19999980926513671875</ele>
        <time>2025-04-13T08:43:42.000Z</time>
        <extensions>
          <ns3:TrackPointExtension>
            <ns3:hr>150</ns3:hr>
            <ns3:cad>95</ns3:cad>
          </ns3:TrackPointExtension>
        </extensions>
      </trkpt>
      <trkpt lat="51.56425519846379756927490234375" lon="-2.9162416420876979827880859375">
        <ele>6</ele>
        <time>2025-04-13T08:43:47.000Z</time>
        <extensions>
          <ns3:TrackPointExtension>
            <ns3:hr>149</ns3:hr>
            <ns3:cad>96</ns3:cad>
          </ns3:TrackPointExtension>
        </extensions>
      </trkpt>
      <trkpt lat="51.56438411213457584381103515625" lon="-2.91600904427468776702880859375">
        <ele>6</ele>
        <time>2025-04-13T08:43:52.000Z</time>
        <extensions>
          <ns3:TrackPointExtension>
            <ns3:hr>148</ns3:hr>
            <ns3:cad>95</ns3:cad>
          </ns3:TrackPointExtension>
        </extensions>
      </trkpt>
      <trkpt lat="51.56451168470084667205810546875" lon="-2.915776781737804412841796875">
        <ele>6</ele>
        <time>2025-04-13T08:43:57.000Z</time>
        <extensions>
          <ns3:TrackPointExtension>
            <ns3:hr>148</ns3:hr>
            <ns3:cad>95</ns3:cad>
          </ns3:TrackPointExtension>
        </extensions>
      </trkpt>
      <trkpt lat="51.56462551094591617584228515625" lon="-2.91553647257387638092041015625">
        <ele>6.400000095367431640625</ele>
        <time>2025-04-13T08:44:02.000Z</time>
        <extensions>
          <ns3:TrackPointExtension>
            <ns3:hr>148</ns3:hr>
            <ns3:cad>95</ns3:cad>
          </ns3:TrackPointExtension>
        </extensions>
      </trkpt>
      <trkpt lat="51.564736403524875640869140625" lon="-2.9152918048202991485595703125">
        <ele>6.599999904632568359375</ele>
        <time>2025-04-13T08:44:07.000Z</time>
        <extensions>
          <ns3:TrackPointExtension>
            <ns3:hr>148</ns3:hr>
            <ns3:cad>95</ns3:cad>
          </ns3:TrackPointExtension>
        </extensions>
      </trkpt>
      <trkpt lat="51.5648535825312137603759765625" lon="-2.915002964437007904052734375">
        <ele>5.599999904632568359375</ele>
        <time>2025-04-13T08:44:13.000Z</time>
        <extensions>
          <ns3:TrackPointExtension>
            <ns3:hr>146</ns3:hr>
            <ns3:cad>96</ns3:cad>
          </ns3:TrackPointExtension>
        </extensions>
      </trkpt>
      <trkpt lat="51.56494863331317901611328125" lon="-2.91474538855254650115966796875">
        <ele>4.599999904632568359375</ele>
        <time>2025-04-13T08:44:18.000Z</time>
        <extensions>
          <ns3:TrackPointExtension>
            <ns3:hr>145</ns3:hr>
            <ns3:cad>96</ns3:cad>
          </ns3:TrackPointExtension>
        </extensions>
      </trkpt>
      <trkpt lat="51.56503169797360897064208984375" lon="-2.91446459479629993438720703125">
        <ele>4.19999980926513671875</ele>
        <time>2025-04-13T08:44:23.000Z</time>
        <extensions>
          <ns3:TrackPointExtension>
            <ns3:hr>146</ns3:hr>
            <ns3:cad>96</ns3:cad>
          </ns3:TrackPointExtension>
        </extensions>
      </trkpt>
      <trkpt lat="51.56509607098996639251708984375" lon="-2.9141669534146785736083984375">
        <ele>5.19999980926513671875</ele>
        <time>2025-04-13T08:44:28.000Z</time>
        <extensions>
          <ns3:TrackPointExtension>
            <ns3:hr>146</ns3:hr>
            <ns3:cad>95</ns3:cad>
          </ns3:TrackPointExtension>
        </extensions>
      </trkpt>
      <trkpt lat="51.56513026915490627288818359375" lon="-2.913863025605678558349609375">
        <ele>6.400000095367431640625</ele>
        <time>2025-04-13T08:44:33.000Z</time>
        <extensions>
          <ns3:TrackPointExtension>
            <ns3:hr>145</ns3:hr>
            <ns3:cad>95</ns3:cad>
          </ns3:TrackPointExtension>
        </extensions>
      </trkpt>
      <trkpt lat="51.5651405788958072662353515625" lon="-2.91355817578732967376708984375">
        <ele>7</ele>
        <time>2025-04-13T08:44:38.000Z</time>
        <extensions>
          <ns3:TrackPointExtension>
            <ns3:hr>145</ns3:hr>
            <ns3:cad>96</ns3:cad>
          </ns3:TrackPointExtension>
        </extensions>
      </trkpt>
      <trkpt lat="51.56515248119831085205078125" lon="-2.91326061822474002838134765625">
        <ele>7.400000095367431640625</ele>
        <time>2025-04-13T08:44:43.000Z</time>
        <extensions>
          <ns3:TrackPointExtension>
            <ns3:hr>143</ns3:hr>
            <ns3:cad>95</ns3:cad>
          </ns3:TrackPointExtension>
        </extensions>
      </trkpt>
      <trkpt lat="51.5651700831949710845947265625" lon="-2.9129599593579769134521484375">
        <ele>7.599999904632568359375</ele>
        <time>2025-04-13T08:44:48.000Z</time>
        <extensions>
          <ns3:TrackPointExtension>
            <ns3:hr>144</ns3:hr>
            <ns3:cad>96</ns3:cad>
          </ns3:TrackPointExtension>
        </extensions>
      </trkpt>
      <trkpt lat="51.5651717595756053924560546875" lon="-2.91265125386416912078857421875">
        <ele>7.599999904632568359375</ele>
        <time>2025-04-13T08:44:53.000Z</time>
        <extensions>
          <ns3:TrackPointExtension>
            <ns3:hr>145</ns3:hr>
            <ns3:cad>96</ns3:cad>
          </ns3:TrackPointExtension>
        </extensions>
      </trkpt>
      <trkpt lat="51.56515675596892833709716796875" lon="-2.91235939599573612213134765625">
        <ele>8</ele>
        <time>2025-04-13T08:44:58.000Z</time>
        <extensions>
          <ns3:TrackPointExtension>
            <ns3:hr>143</ns3:hr>
            <ns3:cad>96</ns3:cad>
          </ns3:TrackPointExtension>
        </extensions>
      </trkpt>
      <trkpt lat="51.56510177068412303924560546875" lon="-2.912059910595417022705078125">
        <ele>9.19999980926513671875</ele>
        <time>2025-04-13T08:45:03.000Z</time>
        <extensions>
          <ns3:TrackPointExtension>
            <ns3:hr>142</ns3:hr>
            <ns3:cad>96</ns3:cad>
          </ns3:TrackPointExtension>
        </extensions>
      </trkpt>
      <trkpt lat="51.56502968631684780120849609375" lon="-2.91177568025887012481689453125">
        <ele>10</ele>
        <time>2025-04-13T08:45:08.000Z</time>
        <extensions>
          <ns3:TrackPointExtension>
            <ns3:hr>144</ns3:hr>
            <ns3:cad>95</ns3:cad>
          </ns3:TrackPointExtension>
        </extensions>
      </trkpt>
      <trkpt lat="51.564926840364933013916015625" lon="-2.91152992285788059234619140625">
        <ele>11</ele>
        <time>2025-04-13T08:45:13.000Z</time>
        <extensions>
          <ns3:TrackPointExtension>
            <ns3:hr>144</ns3:hr>
            <ns3:cad>96</ns3:cad>
          </ns3:TrackPointExtension>
        </extensions>
      </trkpt>
      <trkpt lat="51.56477202661335468292236328125" lon="-2.9112943075597286224365234375">
        <ele>11.80000019073486328125</ele>
        <time>2025-04-13T08:45:19.000Z</time>
        <extensions>
          <ns3:TrackPointExtension>
            <ns3:hr>145</ns3:hr>
            <ns3:cad>96</ns3:cad>
          </ns3:TrackPointExtension>
        </extensions>
      </trkpt>
      <trkpt lat="51.5646034665405750274658203125" lon="-2.9111075587570667266845703125">
        <ele>11.6000003814697265625</ele>
        <time>2025-04-13T08:45:25.000Z</time>
        <extensions>
          <ns3:TrackPointExtension>
            <ns3:hr>146</ns3:hr>
            <ns3:cad>96</ns3:cad>
          </ns3:TrackPointExtension>
        </extensions>
      </trkpt>
      <trkpt lat="51.56454890035092830657958984375" lon="-2.91104494594037532806396484375">
        <ele>11.3999996185302734375</ele>
        <time>2025-04-13T08:45:27.000Z</time>
        <extensions>
          <ns3:TrackPointExtension>
            <ns3:hr>146</ns3:hr>
            <ns3:cad>96</ns3:cad>
          </ns3:TrackPointExtension>
        </extensions>
      </trkpt>
      <trkpt lat="51.56438075937330722808837890625" lon="-2.91091703809797763824462890625">
        <ele>10.3999996185302734375</ele>
        <time>2025-04-13T08:45:32.000Z</time>
        <extensions>
          <ns3:TrackPointExtension>
            <ns3:hr>146</ns3:hr>
            <ns3:cad>95</ns3:cad>
          </ns3:TrackPointExtension>
        </extensions>
      </trkpt>
      <trkpt lat="51.56419669277966022491455078125" lon="-2.91084763593971729278564453125">
        <ele>8.80000019073486328125</ele>
        <time>2025-04-13T08:45:37.000Z</time>
        <extensions>
          <ns3:TrackPointExtension>
            <ns3:hr>145</ns3:hr>
            <ns3:cad>96</ns3:cad>
          </ns3:TrackPointExtension>
        </extensions>
      </trkpt>
      <trkpt lat="51.5640073455870151519775390625" lon="-2.91082601062953472137451171875">
        <ele>7.400000095367431640625</ele>
        <time>2025-04-13T08:45:42.000Z</time>
        <extensions>
          <ns3:TrackPointExtension>
            <ns3:hr>147</ns3:hr>
            <ns3:cad>94</ns3:cad>
          </ns3:TrackPointExtension>
        </extensions>
      </trkpt>
      <trkpt lat="51.56381799839437007904052734375" lon="-2.910783849656581878662109375">
        <ele>6.599999904632568359375</ele>
        <time>2025-04-13T08:45:47.000Z</time>
        <extensions>
          <ns3:TrackPointExtension>
            <ns3:hr>146</ns3:hr>
            <ns3:cad>96</ns3:cad>
          </ns3:TrackPointExtension>
        </extensions>
      </trkpt>
      <trkpt lat="51.563620269298553466796875" lon="-2.91075007058680057525634765625">
        <ele>6</ele>
        <time>2025-04-13T08:45:52.000Z</time>
        <extensions>
          <ns3:TrackPointExtension>
            <ns3:hr>146</ns3:hr>
            <ns3:cad>96</ns3:cad>
          </ns3:TrackPointExtension>
        </extensions>
      </trkpt>
      <trkpt lat="51.5634313412010669708251953125" lon="-2.91074059903621673583984375">
        <ele>5.80000019073486328125</ele>
        <time>2025-04-13T08:45:57.000Z</time>
        <extensions>
          <ns3:TrackPointExtension>
            <ns3:hr>145</ns3:hr>
            <ns3:cad>95</ns3:cad>
          </ns3:TrackPointExtension>
        </extensions>
      </trkpt>
      <trkpt lat="51.56323344446718692779541015625" lon="-2.91070246137678623199462890625">
        <ele>6</ele>
        <time>2025-04-13T08:46:02.000Z</time>
        <extensions>
          <ns3:TrackPointExtension>
            <ns3:hr>146</ns3:hr>
            <ns3:cad>95</ns3:cad>
          </ns3:TrackPointExtension>
        </extensions>
      </trkpt>
      <trkpt lat="51.5630394034087657928466796875" lon="-2.91062065400183200836181640625">
        <ele>6.19999980926513671875</ele>
        <time>2025-04-13T08:46:07.000Z</time>
        <extensions>
          <ns3:TrackPointExtension>
            <ns3:hr>145</ns3:hr>
            <ns3:cad>96</ns3:cad>
          </ns3:TrackPointExtension>
        </extensions>
      </trkpt>
      <trkpt lat="51.56285106204450130462646484375" lon="-2.91052593849599361419677734375">
        <ele>6.400000095367431640625</ele>
        <time>2025-04-13T08:46:12.000Z</time>
        <extensions>
          <ns3:TrackPointExtension>
            <ns3:hr>145</ns3:hr>
            <ns3:cad>95</ns3:cad>
          </ns3:TrackPointExtension>
        </extensions>
      </trkpt>
      <trkpt lat="51.562669090926647186279296875" lon="-2.9104252718389034271240234375">
        <ele>5.599999904632568359375</ele>
        <time>2025-04-13T08:46:17.000Z</time>
        <extensions>
          <ns3:TrackPointExtension>
            <ns3:hr>146</ns3:hr>
            <ns3:cad>96</ns3:cad>
          </ns3:TrackPointExtension>
        </extensions>
      </trkpt>
      <trkpt lat="51.56249575316905975341796875" lon="-2.91029610671103000640869140625">
        <ele>5</ele>
        <time>2025-04-13T08:46:22.000Z</time>
        <extensions>
          <ns3:TrackPointExtension>
            <ns3:hr>147</ns3:hr>
            <ns3:cad>95</ns3:cad>
          </ns3:TrackPointExtension>
        </extensions>
      </trkpt>
      <trkpt lat="51.56233155168592929840087890625" lon="-2.91012025438249111175537109375">
        <ele>5</ele>
        <time>2025-04-13T08:46:27.000Z</time>
        <extensions>
          <ns3:TrackPointExtension>
            <ns3:hr>148</ns3:hr>
            <ns3:cad>95</ns3:cad>
          </ns3:TrackPointExtension>
        </extensions>
      </trkpt>
      <trkpt lat="51.56218000687658786773681640625" lon="-2.90995278395712375640869140625">
        <ele>5.400000095367431640625</ele>
        <time>2025-04-13T08:46:32.000Z</time>
        <extensions>
          <ns3:TrackPointExtension>
            <ns3:hr>149</ns3:hr>
            <ns3:cad>95</ns3:cad>
          </ns3:TrackPointExtension>
        </extensions>
      </trkpt>
      <trkpt lat="51.56200197525322437286376953125" lon="-2.90987315587699413299560546875">
        <ele>5</ele>
        <time>2025-04-13T08:46:37.000Z</time>
        <extensions>
          <ns3:TrackPointExtension>
            <ns3:hr>149</ns3:hr>
            <ns3:cad>96</ns3:cad>
          </ns3:TrackPointExtension>
        </extensions>
      </trkpt>
      <trkpt lat="51.56181891448795795440673828125" lon="-2.90983895771205425262451171875">
        <ele>5</ele>
        <time>2025-04-13T08:46:42.000Z</time>
        <extensions>
          <ns3:TrackPointExtension>
            <ns3:hr>148</ns3:hr>
            <ns3:cad>95</ns3:cad>
          </ns3:TrackPointExtension>
        </extensions>
      </trkpt>
      <trkpt lat="51.5616376139223575592041015625" lon="-2.90980584919452667236328125">
        <ele>5.19999980926513671875</ele>
        <time>2025-04-13T08:46:47.000Z</time>
        <extensions>
          <ns3:TrackPointExtension>
            <ns3:hr>148</ns3:hr>
            <ns3:cad>96</ns3:cad>
          </ns3:TrackPointExtension>
        </extensions>
      </trkpt>
      <trkpt lat="51.5614542178809642791748046875" lon="-2.9097674600780010223388671875">
        <ele>5.80000019073486328125</ele>
        <time>2025-04-13T08:46:52.000Z</time>
        <extensions>
          <ns3:TrackPointExtension>
            <ns3:hr>149</ns3:hr>
            <ns3:cad>95</ns3:cad>
          </ns3:TrackPointExtension>
        </extensions>
      </trkpt>
      <trkpt lat="51.5612451732158660888671875" lon="-2.9098164103925228118896484375">
        <ele>7.19999980926513671875</ele>
        <time>2025-04-13T08:46:58.000Z</time>
        <extensions>
          <ns3:TrackPointExtension>
            <ns3:hr>148</ns3:hr>
            <ns3:cad>96</ns3:cad>
          </ns3:TrackPointExtension>
        </extensions>
      </trkpt>
      <trkpt lat="51.56107007525861263275146484375" lon="-2.9098896682262420654296875">
        <ele>8</ele>
        <time>2025-04-13T08:47:03.000Z</time>
        <extensions>
          <ns3:TrackPointExtension>
            <ns3:hr>148</ns3:hr>
            <ns3:cad>95</ns3:cad>
          </ns3:TrackPointExtension>
        </extensions>
      </trkpt>
      <trkpt lat="51.56089405529201030731201171875" lon="-2.9099532030522823333740234375">
        <ele>8</ele>
        <time>2025-04-13T08:47:08.000Z</time>
        <extensions>
          <ns3:TrackPointExtension>
            <ns3:hr>148</ns3:hr>
            <ns3:cad>95</ns3:cad>
          </ns3:TrackPointExtension>
        </extensions>
      </trkpt>
      <trkpt lat="51.56083169393241405487060546875" lon="-2.90990618057548999786376953125">
        <ele>8</ele>
        <time>2025-04-13T08:47:10.000Z</time>
        <extensions>
          <ns3:TrackPointExtension>
            <ns3:hr>148</ns3:hr>
            <ns3:cad>96</ns3:cad>
          </ns3:TrackPointExtension>
        </extensions>
      </trkpt>
      <trkpt lat="51.56079900451004505157470703125" lon="-2.9097879119217395782470703125">
        <ele>8.19999980926513671875</ele>
        <time>2025-04-13T08:47:12.000Z</time>
        <extensions>
          <ns3:TrackPointExtension>
            <ns3:hr>148</ns3:hr>
            <ns3:cad>96</ns3:cad>
          </ns3:TrackPointExtension>
        </extensions>
      </trkpt>
      <trkpt lat="51.5608347952365875244140625" lon="-2.90959722362458705902099609375">
        <ele>8</ele>
        <time>2025-04-13T08:47:15.000Z</time>
        <extensions>
          <ns3:TrackPointExtension>
            <ns3:hr>153</ns3:hr>
            <ns3:cad>93</ns3:cad>
          </ns3:TrackPointExtension>
        </extensions>
      </trkpt>
      <trkpt lat="51.56101609580218791961669921875" lon="-2.90942539460957050323486328125">
        <ele>7.599999904632568359375</ele>
        <time>2025-04-13T08:47:21.000Z</time>
        <extensions>
          <ns3:TrackPointExtension>
            <ns3:hr>150</ns3:hr>
            <ns3:cad>94</ns3:cad>
          </ns3:TrackPointExtension>
        </extensions>
      </trkpt>
      <trkpt lat="51.561084575951099395751953125" lon="-2.90938801132142543792724609375">
        <ele>7.400000095367431640625</ele>
        <time>2025-04-13T08:47:23.000Z</time>
        <extensions>
          <ns3:TrackPointExtension>
            <ns3:hr>146</ns3:hr>
            <ns3:cad>94</ns3:cad>
          </ns3:TrackPointExtension>
        </extensions>
      </trkpt>
      <trkpt lat="51.56129672192037105560302734375" lon="-2.90930720977485179901123046875">
        <ele>6.400000095367431640625</ele>
        <time>2025-04-13T08:47:29.000Z</time>
        <extensions>
          <ns3:TrackPointExtension>
            <ns3:hr>144</ns3:hr>
            <ns3:cad>96</ns3:cad>
          </ns3:TrackPointExtension>
        </extensions>
      </trkpt>
      <trkpt lat="51.5614763461053371429443359375" lon="-2.90926999412477016448974609375">
        <ele>5.400000095367431640625</ele>
        <time>2025-04-13T08:47:34.000Z</time>
        <extensions>
          <ns3:TrackPointExtension>
            <ns3:hr>145</ns3:hr>
            <ns3:cad>95</ns3:cad>
          </ns3:TrackPointExtension>
        </extensions>
      </trkpt>
      <trkpt lat="51.56165890395641326904296875" lon="-2.90924535132944583892822265625">
        <ele>4</ele>
        <time>2025-04-13T08:47:39.000Z</time>
        <extensions>
          <ns3:TrackPointExtension>
            <ns3:hr>147</ns3:hr>
            <ns3:cad>96</ns3:cad>
          </ns3:TrackPointExtension>
        </extensions>
      </trkpt>
      <trkpt lat="51.5618593990802764892578125" lon="-2.90921442210674285888671875">
        <ele>4.400000095367431640625</ele>
        <time>2025-04-13T08:47:44.000Z</time>
        <extensions>
          <ns3:TrackPointExtension>
            <ns3:hr>146</ns3:hr>
            <ns3:cad>95</ns3:cad>
          </ns3:TrackPointExtension>
        </extensions>
      </trkpt>
      <trkpt lat="51.56205897219479084014892578125" lon="-2.909116856753826141357421875">
        <ele>4.400000095367431640625</ele>
        <time>2025-04-13T08:47:49.000Z</time>
        <extensions>
          <ns3:TrackPointExtension>
            <ns3:hr>148</ns3:hr>
            <ns3:cad>95</ns3:cad>
          </ns3:TrackPointExtension>
        </extensions>
      </trkpt>
      <trkpt lat="51.56222476623952388763427734375" lon="-2.908921055495738983154296875">
        <ele>4.19999980926513671875</ele>
        <time>2025-04-13T08:47:54.000Z</time>
        <extensions>
          <ns3:TrackPointExtension>
            <ns3:hr>147</ns3:hr>
            <ns3:cad>95</ns3:cad>
          </ns3:TrackPointExtension>
        </extensions>
      </trkpt>
      <trkpt lat="51.5623594634234905242919921875" lon="-2.90868812240660190582275390625">
        <ele>4.599999904632568359375</ele>
        <time>2025-04-13T08:47:59.000Z</time>
        <extensions>
          <ns3:TrackPointExtension>
            <ns3:hr>148</ns3:hr>
            <ns3:cad>96</ns3:cad>
          </ns3:TrackPointExtension>
        </extensions>
      </trkpt>
      <trkpt lat="51.56247152946889400482177734375" lon="-2.908446975052356719970703125">
        <ele>4.19999980926513671875</ele>
        <time>2025-04-13T08:48:04.000Z</time>
        <extensions>
          <ns3:TrackPointExtension>
            <ns3:hr>147</ns3:hr>
            <ns3:cad>94</ns3:cad>
          </ns3:TrackPointExtension>
        </extensions>
      </trkpt>
      <trkpt lat="51.562584601342678070068359375" lon="-2.90820180438458919525146484375">
        <ele>3.7999999523162841796875</ele>
        <time>2025-04-13T08:48:09.000Z</time>
        <extensions>
          <ns3:TrackPointExtension>
            <ns3:hr>146</ns3:hr>
            <ns3:cad>96</ns3:cad>
          </ns3:TrackPointExtension>
        </extensions>
      </trkpt>
      <trkpt lat="51.56270404346287250518798828125" lon="-2.90797012858092784881591796875">
        <ele>3.400000095367431640625</ele>
        <time>2025-04-13T08:48:14.000Z</time>
        <extensions>
          <ns3:TrackPointExtension>
            <ns3:hr>146</ns3:hr>
            <ns3:cad>94</ns3:cad>
          </ns3:TrackPointExtension>
        </extensions>
      </trkpt>
      <trkpt lat="51.5628208033740520477294921875" lon="-2.9077303223311901092529296875">
        <ele>3.599999904632568359375</ele>
        <time>2025-04-13T08:48:19.000Z</time>
        <extensions>
          <ns3:TrackPointExtension>
            <ns3:hr>145</ns3:hr>
            <ns3:cad>96</ns3:cad>
          </ns3:TrackPointExtension>
        </extensions>
      </trkpt>
      <trkpt lat="51.56295214779675006866455078125" lon="-2.90746000595390796661376953125">
        <ele>5.19999980926513671875</ele>
        <time>2025-04-13T08:48:25.000Z</time>
        <extensions>
          <ns3:TrackPointExtension>
            <ns3:hr>149</ns3:hr>
            <ns3:cad>95</ns3:cad>
          </ns3:TrackPointExtension>
        </extensions>
      </trkpt>
      <trkpt lat="51.56308290548622608184814453125" lon="-2.907190360128879547119140625">
        <ele>7</ele>
        <time>2025-04-13T08:48:31.000Z</time>
        <extensions>
          <ns3:TrackPointExtension>
            <ns3:hr>147</ns3:hr>
            <ns3:cad>96</ns3:cad>
          </ns3:TrackPointExtension>
        </extensions>
      </trkpt>
      <trkpt lat="51.56319840811192989349365234375" lon="-2.90696228854358196258544921875">
        <ele>8.80000019073486328125</ele>
        <time>2025-04-13T08:48:36.000Z</time>
        <extensions>
          <ns3:TrackPointExtension>
            <ns3:hr>147</ns3:hr>
            <ns3:cad>95</ns3:cad>
          </ns3:TrackPointExtension>
        </extensions>
      </trkpt>
      <trkpt lat="51.5632469393312931060791015625" lon="-2.90686338208615779876708984375">
        <ele>9.3999996185302734375</ele>
        <time>2025-04-13T08:48:38.000Z</time>
        <extensions>
          <ns3:TrackPointExtension>
            <ns3:hr>147</ns3:hr>
            <ns3:cad>95</ns3:cad>
          </ns3:TrackPointExtension>
        </extensions>
      </trkpt>
      <trkpt lat="51.56336252577602863311767578125" lon="-2.90663874708116054534912109375">
        <ele>11</ele>
        <time>2025-04-13T08:48:43.000Z</time>
        <extensions>
          <ns3:TrackPointExtension>
            <ns3:hr>147</ns3:hr>
            <ns3:cad>95</ns3:cad>
          </ns3:TrackPointExtension>
        </extensions>
      </trkpt>
      <trkpt lat="51.56347098760306835174560546875" lon="-2.9063975997269153594970703125">
        <ele>11.6000003814697265625</ele>
        <time>2025-04-13T08:48:48.000Z</time>
        <extensions>
          <ns3:TrackPointExtension>
            <ns3:hr>147</ns3:hr>
            <ns3:cad>95</ns3:cad>
          </ns3:TrackPointExtension>
        </extensions>
      </trkpt>
      <trkpt lat="51.56360710971057415008544921875" lon="-2.9061399400234222412109375">
        <ele>10.3999996185302734375</ele>
        <time>2025-04-13T08:48:54.000Z</time>
        <extensions>
          <ns3:TrackPointExtension>
            <ns3:hr>146</ns3:hr>
            <ns3:cad>94</ns3:cad>
          </ns3:TrackPointExtension>
        </extensions>
      </trkpt>
      <trkpt lat="51.5637414716184139251708984375" lon="-2.90594338439404964447021484375">
        <ele>8.6000003814697265625</ele>
        <time>2025-04-13T08:48:59.000Z</time>
        <extensions>
          <ns3:TrackPointExtension>
            <ns3:hr>147</ns3:hr>
            <ns3:cad>96</ns3:cad>
          </ns3:TrackPointExtension>
        </extensions>
      </trkpt>
      <trkpt lat="51.563794277608394622802734375" lon="-2.90586694143712520599365234375">
        <ele>8.19999980926513671875</ele>
        <time>2025-04-13T08:49:01.000Z</time>
        <extensions>
          <ns3:TrackPointExtension>
            <ns3:hr>144</ns3:hr>
            <ns3:cad>96</ns3:cad>
          </ns3:TrackPointExtension>
        </extensions>
      </trkpt>
      <trkpt lat="51.56393802724778652191162109375" lon="-2.90565538220107555389404296875">
        <ele>7</ele>
        <time>2025-04-13T08:49:06.000Z</time>
        <extensions>
          <ns3:TrackPointExtension>
            <ns3:hr>144</ns3:hr>
            <ns3:cad>95</ns3:cad>
          </ns3:TrackPointExtension>
        </extensions>
      </trkpt>
      <trkpt lat="51.56399502418935298919677734375" lon="-2.90557508356869220733642578125">
        <ele>7</ele>
        <time>2025-04-13T08:49:08.000Z</time>
        <extensions>
          <ns3:TrackPointExtension>
            <ns3:hr>147</ns3:hr>
            <ns3:cad>96</ns3:cad>
          </ns3:TrackPointExtension>
        </extensions>
      </trkpt>
      <trkpt lat="51.56407750211656093597412109375" lon="-2.90545438416302204132080078125">
        <ele>6.80000019073486328125</ele>
        <time>2025-04-13T08:49:11.000Z</time>
        <extensions>
          <ns3:TrackPointExtension>
            <ns3:hr>151</ns3:hr>
            <ns3:cad>96</ns3:cad>
          </ns3:TrackPointExtension>
        </extensions>
      </trkpt>
      <trkpt lat="51.5641055814921855926513671875" lon="-2.90541180409491062164306640625">
        <ele>6.80000019073486328125</ele>
        <time>2025-04-13T08:49:12.000Z</time>
        <extensions>
          <ns3:TrackPointExtension>
            <ns3:hr>155</ns3:hr>
            <ns3:cad>96</ns3:cad>
          </ns3:TrackPointExtension>
        </extensions>
      </trkpt>
      <trkpt lat="51.5641310624778270721435546875" lon="-2.9053713195025920867919921875">
        <ele>6.80000019073486328125</ele>
        <time>2025-04-13T08:49:13.000Z</time>
        <extensions>
          <ns3:TrackPointExtension>
            <ns3:hr>155</ns3:hr>
            <ns3:cad>96</ns3:cad>
          </ns3:TrackPointExtension>
        </extensions>
      </trkpt>
      <trkpt lat="51.564267687499523162841796875" lon="-2.90517040528357028961181640625">
        <ele>6.80000019073486328125</ele>
        <time>2025-04-13T08:49:18.000Z</time>
        <extensions>
          <ns3:TrackPointExtension>
            <ns3:hr>154</ns3:hr>
            <ns3:cad>95</ns3:cad>
          </ns3:TrackPointExtension>
        </extensions>
      </trkpt>
      <trkpt lat="51.56438394449651241302490234375" lon="-2.905004359781742095947265625">
        <ele>6.19999980926513671875</ele>
        <time>2025-04-13T08:49:22.000Z</time>
        <extensions>
          <ns3:TrackPointExtension>
            <ns3:hr>151</ns3:hr>
            <ns3:cad>95</ns3:cad>
          </ns3:TrackPointExtension>
        </extensions>
      </trkpt>
      <trkpt lat="51.5645219944417476654052734375" lon="-2.90479992516338825225830078125">
        <ele>6</ele>
        <time>2025-04-13T08:49:27.000Z</time>
        <extensions>
          <ns3:TrackPointExtension>
            <ns3:hr>150</ns3:hr>
            <ns3:cad>95</ns3:cad>
          </ns3:TrackPointExtension>
        </extensions>
      </trkpt>
      <trkpt lat="51.56465820036828517913818359375" lon="-2.90459641255438327789306640625">
        <ele>6</ele>
        <time>2025-04-13T08:49:32.000Z</time>
        <extensions>
          <ns3:TrackPointExtension>
            <ns3:hr>149</ns3:hr>
            <ns3:cad>97</ns3:cad>
          </ns3:TrackPointExtension>
        </extensions>
      </trkpt>
      <trkpt lat="51.56475928612053394317626953125" lon="-2.9044233262538909912109375">
        <ele>6</ele>
        <time>2025-04-13T08:49:36.000Z</time>
        <extensions>
          <ns3:TrackPointExtension>
            <ns3:hr>145</ns3:hr>
            <ns3:cad>95</ns3:cad>
          </ns3:TrackPointExtension>
        </extensions>
      </trkpt>
      <trkpt lat="51.56486959196627140045166015625" lon="-2.9041827656328678131103515625">
        <ele>6</ele>
        <time>2025-04-13T08:49:41.000Z</time>
        <extensions>
          <ns3:TrackPointExtension>
            <ns3:hr>146</ns3:hr>
            <ns3:cad>96</ns3:cad>
          </ns3:TrackPointExtension>
        </extensions>
      </trkpt>
      <trkpt lat="51.56493480317294597625732421875" lon="-2.9039118625223636627197265625">
        <ele>6</ele>
        <time>2025-04-13T08:49:46.000Z</time>
        <extensions>
          <ns3:TrackPointExtension>
            <ns3:hr>145</ns3:hr>
            <ns3:cad>95</ns3:cad>
          </ns3:TrackPointExtension>
        </extensions>
      </trkpt>
      <trkpt lat="51.564967073500156402587890625" lon="-2.90362059138715267181396484375">
        <ele>6</ele>
        <time>2025-04-13T08:49:51.000Z</time>
        <extensions>
          <ns3:TrackPointExtension>
            <ns3:hr>146</ns3:hr>
            <ns3:cad>95</ns3:cad>
          </ns3:TrackPointExtension>
        </extensions>
      </trkpt>
      <trkpt lat="51.5649850107729434967041015625" lon="-2.90331448428332805633544921875">
        <ele>6.19999980926513671875</ele>
        <time>2025-04-13T08:49:56.000Z</time>
        <extensions>
          <ns3:TrackPointExtension>
            <ns3:hr>147</ns3:hr>
            <ns3:cad>96</ns3:cad>
          </ns3:TrackPointExtension>
        </extensions>
      </trkpt>
      <trkpt lat="51.56500990502536296844482421875" lon="-2.90300737135112285614013671875">
        <ele>6</ele>
        <time>2025-04-13T08:50:01.000Z</time>
        <extensions>
          <ns3:TrackPointExtension>
            <ns3:hr>148</ns3:hr>
            <ns3:cad>95</ns3:cad>
          </ns3:TrackPointExtension>
        </extensions>
      </trkpt>
      <trkpt lat="51.56502985395491123199462890625" lon="-2.90270713157951831817626953125">
        <ele>6</ele>
        <time>2025-04-13T08:50:06.000Z</time>
        <extensions>
          <ns3:TrackPointExtension>
            <ns3:hr>148</ns3:hr>
            <ns3:cad>95</ns3:cad>
          </ns3:TrackPointExtension>
        </extensions>
      </trkpt>
      <trkpt lat="51.56504921615123748779296875" lon="-2.902415357530117034912109375">
        <ele>5.400000095367431640625</ele>
        <time>2025-04-13T08:50:11.000Z</time>
        <extensions>
          <ns3:TrackPointExtension>
            <ns3:hr>146</ns3:hr>
            <ns3:cad>95</ns3:cad>
          </ns3:TrackPointExtension>
        </extensions>
      </trkpt>
      <trkpt lat="51.56507461331784725189208984375" lon="-2.90212760679423809051513671875">
        <ele>5.19999980926513671875</ele>
        <time>2025-04-13T08:50:16.000Z</time>
        <extensions>
          <ns3:TrackPointExtension>
            <ns3:hr>147</ns3:hr>
            <ns3:cad>95</ns3:cad>
          </ns3:TrackPointExtension>
        </extensions>
      </trkpt>
      <trkpt lat="51.5650929696857929229736328125" lon="-2.9018331505358219146728515625">
        <ele>5.19999980926513671875</ele>
        <time>2025-04-13T08:50:21.000Z</time>
        <extensions>
          <ns3:TrackPointExtension>
            <ns3:hr>147</ns3:hr>
            <ns3:cad>96</ns3:cad>
          </ns3:TrackPointExtension>
        </extensions>
      </trkpt>
      <trkpt lat="51.56511090695858001708984375" lon="-2.90154598653316497802734375">
        <ele>5.400000095367431640625</ele>
        <time>2025-04-13T08:50:26.000Z</time>
        <extensions>
          <ns3:TrackPointExtension>
            <ns3:hr>146</ns3:hr>
            <ns3:cad>96</ns3:cad>
          </ns3:TrackPointExtension>
        </extensions>
      </trkpt>
      <trkpt lat="51.56512859277427196502685546875" lon="-2.90125094354152679443359375">
        <ele>5</ele>
        <time>2025-04-13T08:50:31.000Z</time>
        <extensions>
          <ns3:TrackPointExtension>
            <ns3:hr>147</ns3:hr>
            <ns3:cad>96</ns3:cad>
          </ns3:TrackPointExtension>
        </extensions>
      </trkpt>
      <trkpt lat="51.5651395730674266815185546875" lon="-2.9009560681879520416259765625">
        <ele>5</ele>
        <time>2025-04-13T08:50:36.000Z</time>
        <extensions>
          <ns3:TrackPointExtension>
            <ns3:hr>146</ns3:hr>
            <ns3:cad>95</ns3:cad>
          </ns3:TrackPointExtension>
        </extensions>
      </trkpt>
      <trkpt lat="51.565138734877109527587890625" lon="-2.9006548225879669189453125">
        <ele>4.599999904632568359375</ele>
        <time>2025-04-13T08:50:41.000Z</time>
        <extensions>
          <ns3:TrackPointExtension>
            <ns3:hr>146</ns3:hr>
            <ns3:cad>96</ns3:cad>
          </ns3:TrackPointExtension>
        </extensions>
      </trkpt>
      <trkpt lat="51.565111577510833740234375" lon="-2.90034796111285686492919921875">
        <ele>5.19999980926513671875</ele>
        <time>2025-04-13T08:50:46.000Z</time>
        <extensions>
          <ns3:TrackPointExtension>
            <ns3:hr>146</ns3:hr>
            <ns3:cad>96</ns3:cad>
          </ns3:TrackPointExtension>
        </extensions>
      </trkpt>
      <trkpt lat="51.56503236852586269378662109375" lon="-2.9000585339963436126708984375">
        <ele>6.19999980926513671875</ele>
        <time>2025-04-13T08:50:51.000Z</time>
        <extensions>
          <ns3:TrackPointExtension>
            <ns3:hr>147</ns3:hr>
            <ns3:cad>97</ns3:cad>
          </ns3:TrackPointExtension>
        </extensions>
      </trkpt>
      <trkpt lat="51.5648924745619297027587890625" lon="-2.8998188115656375885009765625">
        <ele>6</ele>
        <time>2025-04-13T08:50:56.000Z</time>
        <extensions>
          <ns3:TrackPointExtension>
            <ns3:hr>146</ns3:hr>
            <ns3:cad>95</ns3:cad>
          </ns3:TrackPointExtension>
        </extensions>
      </trkpt>
      <trkpt lat="51.56474218703806400299072265625" lon="-2.899615466594696044921875">
        <ele>5</ele>
        <time>2025-04-13T08:51:01.000Z</time>
        <extensions>
          <ns3:TrackPointExtension>
            <ns3:hr>147</ns3:hr>
            <ns3:cad>95</ns3:cad>
          </ns3:TrackPointExtension>
        </extensions>
      </trkpt>
      <trkpt lat="51.56458309851586818695068359375" lon="-2.89943316020071506500244140625">
        <ele>3.400000095367431640625</ele>
        <time>2025-04-13T08:51:06.000Z</time>
        <extensions>
          <ns3:TrackPointExtension>
            <ns3:hr>148</ns3:hr>
            <ns3:cad>96</ns3:cad>
          </ns3:TrackPointExtension>
        </extensions>
      </trkpt>
      <trkpt lat="51.5644177235662937164306640625" lon="-2.89925529621541500091552734375">
        <ele>2.2000000476837158203125</ele>
        <time>2025-04-13T08:51:11.000Z</time>
        <extensions>
          <ns3:TrackPointExtension>
            <ns3:hr>148</ns3:hr>
            <ns3:cad>95</ns3:cad>
          </ns3:TrackPointExtension>
        </extensions>
      </trkpt>
      <trkpt lat="51.56427179463207721710205078125" lon="-2.899076007306575775146484375">
        <ele>2.599999904632568359375</ele>
        <time>2025-04-13T08:51:16.000Z</time>
        <extensions>
          <ns3:TrackPointExtension>
            <ns3:hr>146</ns3:hr>
            <ns3:cad>96</ns3:cad>
          </ns3:TrackPointExtension>
        </extensions>
      </trkpt>
      <trkpt lat="51.5641156397759914398193359375" lon="-2.898912727832794189453125">
        <ele>3.400000095367431640625</ele>
        <time>2025-04-13T08:51:21.000Z</time>
        <extensions>
          <ns3:TrackPointExtension>
            <ns3:hr>147</ns3:hr>
            <ns3:cad>96</ns3:cad>
          </ns3:TrackPointExtension>
        </extensions>
      </trkpt>
      <trkpt lat="51.56396049074828624725341796875" lon="-2.89873310364782810211181640625">
        <ele>4.599999904632568359375</ele>
        <time>2025-04-13T08:51:26.000Z</time>
        <extensions>
          <ns3:TrackPointExtension>
            <ns3:hr>148</ns3:hr>
            <ns3:cad>95</ns3:cad>
          </ns3:TrackPointExtension>
        </extensions>
      </trkpt>
      <trkpt lat="51.5638195909559726715087890625" lon="-2.89854568429291248321533203125">
        <ele>4.400000095367431640625</ele>
        <time>2025-04-13T08:51:31.000Z</time>
        <extensions>
          <ns3:TrackPointExtension>
            <ns3:hr>147</ns3:hr>
            <ns3:cad>95</ns3:cad>
          </ns3:TrackPointExtension>
        </extensions>
      </trkpt>
      <trkpt lat="51.5636831335723400115966796875" lon="-2.89834954775869846343994140625">
        <ele>5</ele>
        <time>2025-04-13T08:51:36.000Z</time>
        <extensions>
          <ns3:TrackPointExtension>
            <ns3:hr>146</ns3:hr>
            <ns3:cad>95</ns3:cad>
          </ns3:TrackPointExtension>
        </extensions>
      </trkpt>
      <trkpt lat="51.56353904865682125091552734375" lon="-2.89815709926187992095947265625">
        <ele>4.599999904632568359375</ele>
        <time>2025-04-13T08:51:41.000Z</time>
        <extensions>
          <ns3:TrackPointExtension>
            <ns3:hr>147</ns3:hr>
            <ns3:cad>95</ns3:cad>
          </ns3:TrackPointExtension>
        </extensions>
      </trkpt>
      <trkpt lat="51.56339856795966625213623046875" lon="-2.89797018282115459442138671875">
        <ele>4.19999980926513671875</ele>
        <time>2025-04-13T08:51:46.000Z</time>
        <extensions>
          <ns3:TrackPointExtension>
            <ns3:hr>146</ns3:hr>
            <ns3:cad>97</ns3:cad>
          </ns3:TrackPointExtension>
        </extensions>
      </trkpt>
      <trkpt lat="51.563251130282878875732421875" lon="-2.89778930135071277618408203125">
        <ele>4.400000095367431640625</ele>
        <time>2025-04-13T08:51:51.000Z</time>
        <extensions>
          <ns3:TrackPointExtension>
            <ns3:hr>147</ns3:hr>
            <ns3:cad>96</ns3:cad>
          </ns3:TrackPointExtension>
        </extensions>
      </trkpt>
      <trkpt lat="51.56322170980274677276611328125" lon="-2.897754348814487457275390625">
        <ele>4.400000095367431640625</ele>
        <time>2025-04-13T08:51:52.000Z</time>
        <extensions>
          <ns3:TrackPointExtension>
            <ns3:hr>147</ns3:hr>
            <ns3:cad>96</ns3:cad>
          </ns3:TrackPointExtension>
        </extensions>
      </trkpt>
      <trkpt lat="51.56305692158639430999755859375" lon="-2.89753482677042484283447265625">
        <ele>5</ele>
        <time>2025-04-13T08:51:58.000Z</time>
        <extensions>
          <ns3:TrackPointExtension>
            <ns3:hr>147</ns3:hr>
            <ns3:cad>97</ns3:cad>
          </ns3:TrackPointExtension>
        </extensions>
      </trkpt>
      <trkpt lat="51.5628848411142826080322265625" lon="-2.897328548133373260498046875">
        <ele>5</ele>
        <time>2025-04-13T08:52:04.000Z</time>
        <extensions>
          <ns3:TrackPointExtension>
            <ns3:hr>147</ns3:hr>
            <ns3:cad>96</ns3:cad>
          </ns3:TrackPointExtension>
        </extensions>
      </trkpt>
      <trkpt lat="51.562739498913288116455078125" lon="-2.8971456550061702728271484375">
        <ele>5</ele>
        <time>2025-04-13T08:52:09.000Z</time>
        <extensions>
          <ns3:TrackPointExtension>
            <ns3:hr>147</ns3:hr>
            <ns3:cad>96</ns3:cad>
          </ns3:TrackPointExtension>
        </extensions>
      </trkpt>
      <trkpt lat="51.56259206123650074005126953125" lon="-2.89696988649666309356689453125">
        <ele>5.19999980926513671875</ele>
        <time>2025-04-13T08:52:14.000Z</time>
        <extensions>
          <ns3:TrackPointExtension>
            <ns3:hr>147</ns3:hr>
            <ns3:cad>96</ns3:cad>
          </ns3:TrackPointExtension>
        </extensions>
      </trkpt>
      <trkpt lat="51.562449149787425994873046875" lon="-2.8967825509607791900634765625">
        <ele>4.80000019073486328125</ele>
        <time>2025-04-13T08:52:19.000Z</time>
        <extensions>
          <ns3:TrackPointExtension>
            <ns3:hr>147</ns3:hr>
            <ns3:cad>96</ns3:cad>
          </ns3:TrackPointExtension>
        </extensions>
      </trkpt>
      <trkpt lat="51.56230573542416095733642578125" lon="-2.8966072015464305877685546875">
        <ele>4</ele>
        <time>2025-04-13T08:52:24.000Z</time>
        <extensions>
          <ns3:TrackPointExtension>
            <ns3:hr>145</ns3:hr>
            <ns3:cad>95</ns3:cad>
          </ns3:TrackPointExtension>
        </extensions>
      </trkpt>
      <trkpt lat="51.5621437132358551025390625" lon="-2.8963939659297466278076171875">
        <ele>3.2000000476837158203125</ele>
        <time>2025-04-13T08:52:30.000Z</time>
        <extensions>
          <ns3:TrackPointExtension>
            <ns3:hr>145</ns3:hr>
            <ns3:cad>95</ns3:cad>
          </ns3:TrackPointExtension>
        </extensions>
      </trkpt>
      <trkpt lat="51.5619812719523906707763671875" lon="-2.89616857655346393585205078125">
        <ele>3</ele>
        <time>2025-04-13T08:52:36.000Z</time>
        <extensions>
          <ns3:TrackPointExtension>
            <ns3:hr>145</ns3:hr>
            <ns3:cad>95</ns3:cad>
          </ns3:TrackPointExtension>
        </extensions>
      </trkpt>
      <trkpt lat="51.56183651648461818695068359375" lon="-2.8959850966930389404296875">
        <ele>3.7999999523162841796875</ele>
        <time>2025-04-13T08:52:41.000Z</time>
        <extensions>
          <ns3:TrackPointExtension>
            <ns3:hr>145</ns3:hr>
            <ns3:cad>95</ns3:cad>
          </ns3:TrackPointExtension>
        </extensions>
      </trkpt>
      <trkpt lat="51.561697460711002349853515625" lon="-2.89579323492944240570068359375">
        <ele>5</ele>
        <time>2025-04-13T08:52:46.000Z</time>
        <extensions>
          <ns3:TrackPointExtension>
            <ns3:hr>146</ns3:hr>
            <ns3:cad>96</ns3:cad>
          </ns3:TrackPointExtension>
        </extensions>
      </trkpt>
      <trkpt lat="51.56156578101217746734619140625" lon="-2.8955916501581668853759765625">
        <ele>6.19999980926513671875</ele>
        <time>2025-04-13T08:52:51.000Z</time>
        <extensions>
          <ns3:TrackPointExtension>
            <ns3:hr>147</ns3:hr>
            <ns3:cad>94</ns3:cad>
          </ns3:TrackPointExtension>
        </extensions>
      </trkpt>
      <trkpt lat="51.5614173375070095062255859375" lon="-2.89535678923130035400390625">
        <ele>7</ele>
        <time>2025-04-13T08:52:57.000Z</time>
        <extensions>
          <ns3:TrackPointExtension>
            <ns3:hr>148</ns3:hr>
            <ns3:cad>95</ns3:cad>
          </ns3:TrackPointExtension>
        </extensions>
      </trkpt>
      <trkpt lat="51.5612661279737949371337890625" lon="-2.89511203765869140625">
        <ele>7.599999904632568359375</ele>
        <time>2025-04-13T08:53:03.000Z</time>
        <extensions>
          <ns3:TrackPointExtension>
            <ns3:hr>145</ns3:hr>
            <ns3:cad>96</ns3:cad>
          </ns3:TrackPointExtension>
        </extensions>
      </trkpt>
      <trkpt lat="51.561121456325054168701171875" lon="-2.89486317895352840423583984375">
        <ele>8</ele>
        <time>2025-04-13T08:53:09.000Z</time>
        <extensions>
          <ns3:TrackPointExtension>
            <ns3:hr>145</ns3:hr>
            <ns3:cad>95</ns3:cad>
          </ns3:TrackPointExtension>
        </extensions>
      </trkpt>
      <trkpt lat="51.56098122708499431610107421875" lon="-2.8946079500019550323486328125">
        <ele>7</ele>
        <time>2025-04-13T08:53:15.000Z</time>
        <extensions>
          <ns3:TrackPointExtension>
            <ns3:hr>145</ns3:hr>
            <ns3:cad>96</ns3:cad>
          </ns3:TrackPointExtension>
        </extensions>
      </trkpt>
      <trkpt lat="51.56086036004126071929931640625" lon="-2.8943953849375247955322265625">
        <ele>6.400000095367431640625</ele>
        <time>2025-04-13T08:53:20.000Z</time>
        <extensions>
          <ns3:TrackPointExtension>
            <ns3:hr>145</ns3:hr>
            <ns3:cad>97</ns3:cad>
          </ns3:TrackPointExtension>
        </extensions>
      </trkpt>
      <trkpt lat="51.56072683632373809814453125" lon="-2.89419849403202533721923828125">
        <ele>5.80000019073486328125</ele>
        <time>2025-04-13T08:53:25.000Z</time>
        <extensions>
          <ns3:TrackPointExtension>
            <ns3:hr>145</ns3:hr>
            <ns3:cad>95</ns3:cad>
          </ns3:TrackPointExtension>
        </extensions>
      </trkpt>
      <trkpt lat="51.5605818293988704681396484375" lon="-2.8940098173916339874267578125">
        <ele>5</ele>
        <time>2025-04-13T08:53:30.000Z</time>
        <extensions>
          <ns3:TrackPointExtension>
            <ns3:hr>147</ns3:hr>
            <ns3:cad>96</ns3:cad>
          </ns3:TrackPointExtension>
        </extensions>
      </trkpt>
      <trkpt lat="51.56044260598719120025634765625" lon="-2.8938210569322109222412109375">
        <ele>4.400000095367431640625</ele>
        <time>2025-04-13T08:53:35.000Z</time>
        <extensions>
          <ns3:TrackPointExtension>
            <ns3:hr>147</ns3:hr>
            <ns3:cad>96</ns3:cad>
          </ns3:TrackPointExtension>
        </extensions>
      </trkpt>
      <trkpt lat="51.56029231846332550048828125" lon="-2.893619723618030548095703125">
        <ele>3.599999904632568359375</ele>
        <time>2025-04-13T08:53:40.000Z</time>
        <extensions>
          <ns3:TrackPointExtension>
            <ns3:hr>146</ns3:hr>
            <ns3:cad>95</ns3:cad>
          </ns3:TrackPointExtension>
        </extensions>
      </trkpt>
      <trkpt lat="51.560149490833282470703125" lon="-2.89341897703707218170166015625">
        <ele>3.599999904632568359375</ele>
        <time>2025-04-13T08:53:45.000Z</time>
        <extensions>
          <ns3:TrackPointExtension>
            <ns3:hr>146</ns3:hr>
            <ns3:cad>97</ns3:cad>
          </ns3:TrackPointExtension>
        </extensions>
      </trkpt>
      <trkpt lat="51.5599987842142581939697265625" lon="-2.893231473863124847412109375">
        <ele>4.80000019073486328125</ele>
        <time>2025-04-13T08:53:50.000Z</time>
        <extensions>
          <ns3:TrackPointExtension>
            <ns3:hr>147</ns3:hr>
            <ns3:cad>95</ns3:cad>
          </ns3:TrackPointExtension>
        </extensions>
      </trkpt>
      <trkpt lat="51.559852100908756256103515625" lon="-2.8930348344147205352783203125">
        <ele>5.599999904632568359375</ele>
        <time>2025-04-13T08:53:55.000Z</time>
        <extensions>
          <ns3:TrackPointExtension>
            <ns3:hr>147</ns3:hr>
            <ns3:cad>96</ns3:cad>
          </ns3:TrackPointExtension>
        </extensions>
      </trkpt>
      <trkpt lat="51.559705920517444610595703125" lon="-2.89283526130020618438720703125">
        <ele>7</ele>
        <time>2025-04-13T08:54:00.000Z</time>
        <extensions>
          <ns3:TrackPointExtension>
            <ns3:hr>144</ns3:hr>
            <ns3:cad>95</ns3:cad>
          </ns3:TrackPointExtension>
        </extensions>
      </trkpt>
      <trkpt lat="51.5595706366002559661865234375" lon="-2.89264247752726078033447265625">
        <ele>7.400000095367431640625</ele>
        <time>2025-04-13T08:54:05.000Z</time>
        <extensions>
          <ns3:TrackPointExtension>
            <ns3:hr>144</ns3:hr>
            <ns3:cad>96</ns3:cad>
          </ns3:TrackPointExtension>
        </extensions>
      </trkpt>
      <trkpt lat="51.5594274736940860748291015625" lon="-2.89245204068720340728759765625">
        <ele>8</ele>
        <time>2025-04-13T08:54:10.000Z</time>
        <extensions>
          <ns3:TrackPointExtension>
            <ns3:hr>145</ns3:hr>
            <ns3:cad>96</ns3:cad>
          </ns3:TrackPointExtension>
        </extensions>
      </trkpt>
      <trkpt lat="51.55935178510844707489013671875" lon="-2.892182730138301849365234375">
        <ele>7</ele>
        <time>2025-04-13T08:54:15.000Z</time>
        <extensions>
          <ns3:TrackPointExtension>
            <ns3:hr>145</ns3:hr>
            <ns3:cad>95</ns3:cad>
          </ns3:TrackPointExtension>
        </extensions>
      </trkpt>
      <trkpt lat="51.559430323541164398193359375" lon="-2.89190587587654590606689453125">
        <ele>7</ele>
        <time>2025-04-13T08:54:20.000Z</time>
        <extensions>
          <ns3:TrackPointExtension>
            <ns3:hr>144</ns3:hr>
            <ns3:cad>95</ns3:cad>
          </ns3:TrackPointExtension>
        </extensions>
      </trkpt>
      <trkpt lat="51.55952495522797107696533203125" lon="-2.8916263394057750701904296875">
        <ele>7</ele>
        <time>2025-04-13T08:54:25.000Z</time>
        <extensions>
          <ns3:TrackPointExtension>
            <ns3:hr>144</ns3:hr>
            <ns3:cad>95</ns3:cad>
          </ns3:TrackPointExtension>
        </extensions>
      </trkpt>
      <trkpt lat="51.55961648561060428619384765625" lon="-2.89135786704719066619873046875">
        <ele>6.400000095367431640625</ele>
        <time>2025-04-13T08:54:30.000Z</time>
        <extensions>
          <ns3:TrackPointExtension>
            <ns3:hr>144</ns3:hr>
            <ns3:cad>96</ns3:cad>
          </ns3:TrackPointExtension>
        </extensions>
      </trkpt>
      <trkpt lat="51.55970399267971515655517578125" lon="-2.891088388860225677490234375">
        <ele>5.599999904632568359375</ele>
        <time>2025-04-13T08:54:35.000Z</time>
        <extensions>
          <ns3:TrackPointExtension>
            <ns3:hr>145</ns3:hr>
            <ns3:cad>96</ns3:cad>
          </ns3:TrackPointExtension>
        </extensions>
      </trkpt>
      <trkpt lat="51.5597892366349697113037109375" lon="-2.8908260352909564971923828125">
        <ele>4.80000019073486328125</ele>
        <time>2025-04-13T08:54:40.000Z</time>
        <extensions>
          <ns3:TrackPointExtension>
            <ns3:hr>145</ns3:hr>
            <ns3:cad>97</ns3:cad>
          </ns3:TrackPointExtension>
        </extensions>
      </trkpt>
      <trkpt lat="51.55986123718321323394775390625" lon="-2.890564016997814178466796875">
        <ele>4.599999904632568359375</ele>
        <time>2025-04-13T08:54:45.000Z</time>
        <extensions>
          <ns3:TrackPointExtension>
            <ns3:hr>148</ns3:hr>
            <ns3:cad>96</ns3:cad>
          </ns3:TrackPointExtension>
        </extensions>
      </trkpt>
      <trkpt lat="51.5599635802209377288818359375" lon="-2.89026671089231967926025390625">
        <ele>4.19999980926513671875</ele>
        <time>2025-04-13T08:54:51.000Z</time>
        <extensions>
          <ns3:TrackPointExtension>
            <ns3:hr>147</ns3:hr>
            <ns3:cad>96</ns3:cad>
          </ns3:TrackPointExtension>
        </extensions>
      </trkpt>
      <trkpt lat="51.56005033291876316070556640625" lon="-2.889952473342418670654296875">
        <ele>4.599999904632568359375</ele>
        <time>2025-04-13T08:54:57.000Z</time>
        <extensions>
          <ns3:TrackPointExtension>
            <ns3:hr>149</ns3:hr>
            <ns3:cad>95</ns3:cad>
          </ns3:TrackPointExtension>
        </extensions>
      </trkpt>
      <trkpt lat="51.5601322241127490997314453125" lon="-2.889637649059295654296875">
        <ele>5.400000095367431640625</ele>
        <time>2025-04-13T08:55:03.000Z</time>
        <extensions>
          <ns3:TrackPointExtension>
            <ns3:hr>148</ns3:hr>
            <ns3:cad>96</ns3:cad>
          </ns3:TrackPointExtension>
        </extensions>
      </trkpt>
      <trkpt lat="51.56021931208670139312744140625" lon="-2.8893276862800121307373046875">
        <ele>5.80000019073486328125</ele>
        <time>2025-04-13T08:55:09.000Z</time>
        <extensions>
          <ns3:TrackPointExtension>
            <ns3:hr>147</ns3:hr>
            <ns3:cad>97</ns3:cad>
          </ns3:TrackPointExtension>
        </extensions>
      </trkpt>
      <trkpt lat="51.56030899845063686370849609375" lon="-2.88905234076082706451416015625">
        <ele>6.80000019073486328125</ele>
        <time>2025-04-13T08:55:14.000Z</time>
        <extensions>
          <ns3:TrackPointExtension>
            <ns3:hr>146</ns3:hr>
            <ns3:cad>95</ns3:cad>
          </ns3:TrackPointExtension>
        </extensions>
      </trkpt>
      <trkpt lat="51.5603917278349399566650390625" lon="-2.88878764025866985321044921875">
        <ele>8.19999980926513671875</ele>
        <time>2025-04-13T08:55:19.000Z</time>
        <extensions>
          <ns3:TrackPointExtension>
            <ns3:hr>145</ns3:hr>
            <ns3:cad>96</ns3:cad>
          </ns3:TrackPointExtension>
        </extensions>
      </trkpt>
      <trkpt lat="51.56047982163727283477783203125" lon="-2.888524197041988372802734375">
        <ele>9.3999996185302734375</ele>
        <time>2025-04-13T08:55:24.000Z</time>
        <extensions>
          <ns3:TrackPointExtension>
            <ns3:hr>145</ns3:hr>
            <ns3:cad>95</ns3:cad>
          </ns3:TrackPointExtension>
        </extensions>
      </trkpt>
      <trkpt lat="51.56057931482791900634765625" lon="-2.888257317245006561279296875">
        <ele>10</ele>
        <time>2025-04-13T08:55:29.000Z</time>
        <extensions>
          <ns3:TrackPointExtension>
            <ns3:hr>143</ns3:hr>
            <ns3:cad>96</ns3:cad>
          </ns3:TrackPointExtension>
        </extensions>
      </trkpt>
      <trkpt lat="51.5606854297220706939697265625" lon="-2.8880170919001102447509765625">
        <ele>10.3999996185302734375</ele>
        <time>2025-04-13T08:55:34.000Z</time>
        <extensions>
          <ns3:TrackPointExtension>
            <ns3:hr>142</ns3:hr>
            <ns3:cad>96</ns3:cad>
          </ns3:TrackPointExtension>
        </extensions>
      </trkpt>
      <trkpt lat="51.56073932535946369171142578125" lon="-2.88785557262599468231201171875">
        <ele>10.6000003814697265625</ele>
        <time>2025-04-13T08:55:37.000Z</time>
        <extensions>
          <ns3:TrackPointExtension>
            <ns3:hr>146</ns3:hr>
            <ns3:cad>97</ns3:cad>
          </ns3:TrackPointExtension>
        </extensions>
      </trkpt>
      <trkpt lat="51.560838483273983001708984375" lon="-2.88754762150347232818603515625">
        <ele>10.6000003814697265625</ele>
        <time>2025-04-13T08:55:43.000Z</time>
        <extensions>
          <ns3:TrackPointExtension>
            <ns3:hr>148</ns3:hr>
            <ns3:cad>95</ns3:cad>
          </ns3:TrackPointExtension>
        </extensions>
      </trkpt>
      <trkpt lat="51.560926325619220733642578125" lon="-2.8872905485332012176513671875">
        <ele>9.6000003814697265625</ele>
        <time>2025-04-13T08:55:48.000Z</time>
        <extensions>
          <ns3:TrackPointExtension>
            <ns3:hr>147</ns3:hr>
            <ns3:cad>96</ns3:cad>
          </ns3:TrackPointExtension>
        </extensions>
      </trkpt>
      <trkpt lat="51.56098189763724803924560546875" lon="-2.88713313639163970947265625">
        <ele>8.6000003814697265625</ele>
        <time>2025-04-13T08:55:51.000Z</time>
        <extensions>
          <ns3:TrackPointExtension>
            <ns3:hr>150</ns3:hr>
            <ns3:cad>95</ns3:cad>
          </ns3:TrackPointExtension>
        </extensions>
      </trkpt>
      <trkpt lat="51.56107778660953044891357421875" lon="-2.886864244937896728515625">
        <ele>7.400000095367431640625</ele>
        <time>2025-04-13T08:55:56.000Z</time>
        <extensions>
          <ns3:TrackPointExtension>
            <ns3:hr>151</ns3:hr>
            <ns3:cad>95</ns3:cad>
          </ns3:TrackPointExtension>
        </extensions>
      </trkpt>
      <trkpt lat="51.56117518432438373565673828125" lon="-2.88659208454191684722900390625">
        <ele>6.400000095367431640625</ele>
        <time>2025-04-13T08:56:01.000Z</time>
        <extensions>
          <ns3:TrackPointExtension>
            <ns3:hr>150</ns3:hr>
            <ns3:cad>95</ns3:cad>
          </ns3:TrackPointExtension>
        </extensions>
      </trkpt>
      <trkpt lat="51.56126269139349460601806640625" lon="-2.8863148950040340423583984375">
        <ele>5.400000095367431640625</ele>
        <time>2025-04-13T08:56:06.000Z</time>
        <extensions>
          <ns3:TrackPointExtension>
            <ns3:hr>148</ns3:hr>
            <ns3:cad>96</ns3:cad>
          </ns3:TrackPointExtension>
        </extensions>
      </trkpt>
      <trkpt lat="51.561349444091320037841796875" lon="-2.88604675792157649993896484375">
        <ele>5</ele>
        <time>2025-04-13T08:56:11.000Z</time>
        <extensions>
          <ns3:TrackPointExtension>
            <ns3:hr>147</ns3:hr>
            <ns3:cad>96</ns3:cad>
          </ns3:TrackPointExtension>
        </extensions>
      </trkpt>
      <trkpt lat="51.56143418513238430023193359375" lon="-2.88577996194362640380859375">
        <ele>5.599999904632568359375</ele>
        <time>2025-04-13T08:56:16.000Z</time>
        <extensions>
          <ns3:TrackPointExtension>
            <ns3:hr>149</ns3:hr>
            <ns3:cad>95</ns3:cad>
          </ns3:TrackPointExtension>
        </extensions>
      </trkpt>
      <trkpt lat="51.561522781848907470703125" lon="-2.8855078853666782379150390625">
        <ele>6.599999904632568359375</ele>
        <time>2025-04-13T08:56:21.000Z</time>
        <extensions>
          <ns3:TrackPointExtension>
            <ns3:hr>149</ns3:hr>
            <ns3:cad>96</ns3:cad>
          </ns3:TrackPointExtension>
        </extensions>
      </trkpt>
      <trkpt lat="51.5616044215857982635498046875" lon="-2.88522197864949703216552734375">
        <ele>7</ele>
        <time>2025-04-13T08:56:26.000Z</time>
        <extensions>
          <ns3:TrackPointExtension>
            <ns3:hr>149</ns3:hr>
            <ns3:cad>97</ns3:cad>
          </ns3:TrackPointExtension>
        </extensions>
      </trkpt>
      <trkpt lat="51.5616892464458942413330078125" lon="-2.884950153529644012451171875">
        <ele>7</ele>
        <time>2025-04-13T08:56:31.000Z</time>
        <extensions>
          <ns3:TrackPointExtension>
            <ns3:hr>148</ns3:hr>
            <ns3:cad>96</ns3:cad>
          </ns3:TrackPointExtension>
        </extensions>
      </trkpt>
      <trkpt lat="51.5617482550442218780517578125" lon="-2.88466843776404857635498046875">
        <ele>7.19999980926513671875</ele>
        <time>2025-04-13T08:56:36.000Z</time>
        <extensions>
          <ns3:TrackPointExtension>
            <ns3:hr>147</ns3:hr>
            <ns3:cad>96</ns3:cad>
          </ns3:TrackPointExtension>
        </extensions>
      </trkpt>
      <trkpt lat="51.561808772385120391845703125" lon="-2.8843796811997890472412109375">
        <ele>7.400000095367431640625</ele>
        <time>2025-04-13T08:56:41.000Z</time>
        <extensions>
          <ns3:TrackPointExtension>
            <ns3:hr>146</ns3:hr>
            <ns3:cad>96</ns3:cad>
          </ns3:TrackPointExtension>
        </extensions>
      </trkpt>
      <trkpt lat="51.5618719719350337982177734375" lon="-2.884096540510654449462890625">
        <ele>7.599999904632568359375</ele>
        <time>2025-04-13T08:56:46.000Z</time>
        <extensions>
          <ns3:TrackPointExtension>
            <ns3:hr>147</ns3:hr>
            <ns3:cad>96</ns3:cad>
          </ns3:TrackPointExtension>
        </extensions>
      </trkpt>
      <trkpt lat="51.561938188970088958740234375" lon="-2.883827984333038330078125">
        <ele>8.6000003814697265625</ele>
        <time>2025-04-13T08:56:51.000Z</time>
        <extensions>
          <ns3:TrackPointExtension>
            <ns3:hr>146</ns3:hr>
            <ns3:cad>96</ns3:cad>
          </ns3:TrackPointExtension>
        </extensions>
      </trkpt>
      <trkpt lat="51.562009938061237335205078125" lon="-2.8835552372038364410400390625">
        <ele>8.3999996185302734375</ele>
        <time>2025-04-13T08:56:56.000Z</time>
        <extensions>
          <ns3:TrackPointExtension>
            <ns3:hr>143</ns3:hr>
            <ns3:cad>97</ns3:cad>
          </ns3:TrackPointExtension>
        </extensions>
      </trkpt>
      <trkpt lat="51.5621002949774265289306640625" lon="-2.8832400776445865631103515625">
        <ele>7.19999980926513671875</ele>
        <time>2025-04-13T08:57:02.000Z</time>
        <extensions>
          <ns3:TrackPointExtension>
            <ns3:hr>144</ns3:hr>
            <ns3:cad>97</ns3:cad>
          </ns3:TrackPointExtension>
        </extensions>
      </trkpt>
      <trkpt lat="51.5621790848672389984130859375" lon="-2.88296054117381572723388671875">
        <ele>7</ele>
        <time>2025-04-13T08:57:07.000Z</time>
        <extensions>
          <ns3:TrackPointExtension>
            <ns3:hr>145</ns3:hr>
            <ns3:cad>96</ns3:cad>
          </ns3:TrackPointExtension>
        </extensions>
      </trkpt>
      <trkpt lat="51.56227757222950458526611328125" lon="-2.88269181735813617706298828125">
        <ele>7</ele>
        <time>2025-04-13T08:57:12.000Z</time>
        <extensions>
          <ns3:TrackPointExtension>
            <ns3:hr>149</ns3:hr>
            <ns3:cad>96</ns3:cad>
          </ns3:TrackPointExtension>
        </extensions>
      </trkpt>
      <trkpt lat="51.56235569156706333160400390625" lon="-2.88242963142693042755126953125">
        <ele>7</ele>
        <time>2025-04-13T08:57:17.000Z</time>
        <extensions>
          <ns3:TrackPointExtension>
            <ns3:hr>149</ns3:hr>
            <ns3:cad>96</ns3:cad>
          </ns3:TrackPointExtension>
        </extensions>
      </trkpt>
      <trkpt lat="51.562410928308963775634765625" lon="-2.88226869888603687286376953125">
        <ele>7</ele>
        <time>2025-04-13T08:57:20.000Z</time>
        <extensions>
          <ns3:TrackPointExtension>
            <ns3:hr>146</ns3:hr>
            <ns3:cad>96</ns3:cad>
          </ns3:TrackPointExtension>
        </extensions>
      </trkpt>
      <trkpt lat="51.56248577870428562164306640625" lon="-2.8819945268332958221435546875">
        <ele>7</ele>
        <time>2025-04-13T08:57:25.000Z</time>
        <extensions>
          <ns3:TrackPointExtension>
            <ns3:hr>145</ns3:hr>
            <ns3:cad>96</ns3:cad>
          </ns3:TrackPointExtension>
        </extensions>
      </trkpt>
      <trkpt lat="51.562569849193096160888671875" lon="-2.88173644803464412689208984375">
        <ele>6.80000019073486328125</ele>
        <time>2025-04-13T08:57:30.000Z</time>
        <extensions>
          <ns3:TrackPointExtension>
            <ns3:hr>147</ns3:hr>
            <ns3:cad>95</ns3:cad>
          </ns3:TrackPointExtension>
        </extensions>
      </trkpt>
      <trkpt lat="51.5626524947583675384521484375" lon="-2.88145917467772960662841796875">
        <ele>7.19999980926513671875</ele>
        <time>2025-04-13T08:57:35.000Z</time>
        <extensions>
          <ns3:TrackPointExtension>
            <ns3:hr>147</ns3:hr>
            <ns3:cad>96</ns3:cad>
          </ns3:TrackPointExtension>
        </extensions>
      </trkpt>
      <trkpt lat="51.562746874988079071044921875" lon="-2.88115440867841243743896484375">
        <ele>7.19999980926513671875</ele>
        <time>2025-04-13T08:57:41.000Z</time>
        <extensions>
          <ns3:TrackPointExtension>
            <ns3:hr>147</ns3:hr>
            <ns3:cad>96</ns3:cad>
          </ns3:TrackPointExtension>
        </extensions>
      </trkpt>
      <trkpt lat="51.56283932738006114959716796875" lon="-2.88088451139628887176513671875">
        <ele>6.80000019073486328125</ele>
        <time>2025-04-13T08:57:46.000Z</time>
        <extensions>
          <ns3:TrackPointExtension>
            <ns3:hr>147</ns3:hr>
            <ns3:cad>95</ns3:cad>
          </ns3:TrackPointExtension>
        </extensions>
      </trkpt>
      <trkpt lat="51.56292046420276165008544921875" lon="-2.880609333515167236328125">
        <ele>6.599999904632568359375</ele>
        <time>2025-04-13T08:57:51.000Z</time>
        <extensions>
          <ns3:TrackPointExtension>
            <ns3:hr>147</ns3:hr>
            <ns3:cad>96</ns3:cad>
          </ns3:TrackPointExtension>
        </extensions>
      </trkpt>
      <trkpt lat="51.5629904530942440032958984375" lon="-2.88033884949982166290283203125">
        <ele>6</ele>
        <time>2025-04-13T08:57:56.000Z</time>
        <extensions>
          <ns3:TrackPointExtension>
            <ns3:hr>147</ns3:hr>
            <ns3:cad>96</ns3:cad>
          </ns3:TrackPointExtension>
        </extensions>
      </trkpt>
      <trkpt lat="51.56307854689657688140869140625" lon="-2.88002670742571353912353515625">
        <ele>6</ele>
        <time>2025-04-13T08:58:02.000Z</time>
        <extensions>
          <ns3:TrackPointExtension>
            <ns3:hr>147</ns3:hr>
            <ns3:cad>95</ns3:cad>
          </ns3:TrackPointExtension>
        </extensions>
      </trkpt>
      <trkpt lat="51.5631580911576747894287109375" lon="-2.87972445599734783172607421875">
        <ele>7</ele>
        <time>2025-04-13T08:58:08.000Z</time>
        <extensions>
          <ns3:TrackPointExtension>
            <ns3:hr>148</ns3:hr>
            <ns3:cad>96</ns3:cad>
          </ns3:TrackPointExtension>
        </extensions>
      </trkpt>
      <trkpt lat="51.56325389631092548370361328125" lon="-2.8794122301042079925537109375">
        <ele>8</ele>
        <time>2025-04-13T08:58:14.000Z</time>
        <extensions>
          <ns3:TrackPointExtension>
            <ns3:hr>146</ns3:hr>
            <ns3:cad>95</ns3:cad>
          </ns3:TrackPointExtension>
        </extensions>
      </trkpt>
      <trkpt lat="51.5633371286094188690185546875" lon="-2.87915079854428768157958984375">
        <ele>8</ele>
        <time>2025-04-13T08:58:19.000Z</time>
        <extensions>
          <ns3:TrackPointExtension>
            <ns3:hr>146</ns3:hr>
            <ns3:cad>96</ns3:cad>
          </ns3:TrackPointExtension>
        </extensions>
      </trkpt>
      <trkpt lat="51.5634015016257762908935546875" lon="-2.878944687545299530029296875">
        <ele>6.80000019073486328125</ele>
        <time>2025-04-13T08:58:23.000Z</time>
        <extensions>
          <ns3:TrackPointExtension>
            <ns3:hr>146</ns3:hr>
            <ns3:cad>96</ns3:cad>
          </ns3:TrackPointExtension>
        </extensions>
      </trkpt>
      <trkpt lat="51.563475094735622406005859375" lon="-2.87863321602344512939453125">
        <ele>5.80000019073486328125</ele>
        <time>2025-04-13T08:58:29.000Z</time>
        <extensions>
          <ns3:TrackPointExtension>
            <ns3:hr>150</ns3:hr>
            <ns3:cad>96</ns3:cad>
          </ns3:TrackPointExtension>
        </extensions>
      </trkpt>
      <trkpt lat="51.56355011276900768280029296875" lon="-2.87836692295968532562255859375">
        <ele>5</ele>
        <time>2025-04-13T08:58:34.000Z</time>
        <extensions>
          <ns3:TrackPointExtension>
            <ns3:hr>149</ns3:hr>
            <ns3:cad>96</ns3:cad>
          </ns3:TrackPointExtension>
        </extensions>
      </trkpt>
      <trkpt lat="51.56364373862743377685546875" lon="-2.87807623855769634246826171875">
        <ele>5.400000095367431640625</ele>
        <time>2025-04-13T08:58:39.000Z</time>
        <extensions>
          <ns3:TrackPointExtension>
            <ns3:hr>148</ns3:hr>
            <ns3:cad>96</ns3:cad>
          </ns3:TrackPointExtension>
        </extensions>
      </trkpt>
      <trkpt lat="51.5637414716184139251708984375" lon="-2.87779896520078182220458984375">
        <ele>6.400000095367431640625</ele>
        <time>2025-04-13T08:58:44.000Z</time>
        <extensions>
          <ns3:TrackPointExtension>
            <ns3:hr>146</ns3:hr>
            <ns3:cad>95</ns3:cad>
          </ns3:TrackPointExtension>
        </extensions>
      </trkpt>
      <trkpt lat="51.56383576802909374237060546875" lon="-2.87753191776573657989501953125">
        <ele>7</ele>
        <time>2025-04-13T08:58:49.000Z</time>
        <extensions>
          <ns3:TrackPointExtension>
            <ns3:hr>145</ns3:hr>
            <ns3:cad>96</ns3:cad>
          </ns3:TrackPointExtension>
        </extensions>
      </trkpt>
      <trkpt lat="51.56392277218401432037353515625" lon="-2.87721893750131130218505859375">
        <ele>7</ele>
        <time>2025-04-13T08:58:55.000Z</time>
        <extensions>
          <ns3:TrackPointExtension>
            <ns3:hr>146</ns3:hr>
            <ns3:cad>96</ns3:cad>
          </ns3:TrackPointExtension>
        </extensions>
      </trkpt>
      <trkpt lat="51.564006842672824859619140625" lon="-2.87694610655307769775390625">
        <ele>6.599999904632568359375</ele>
        <time>2025-04-13T08:59:00.000Z</time>
        <extensions>
          <ns3:TrackPointExtension>
            <ns3:hr>148</ns3:hr>
            <ns3:cad>95</ns3:cad>
          </ns3:TrackPointExtension>
        </extensions>
      </trkpt>
      <trkpt lat="51.56407984904944896697998046875" lon="-2.8766785562038421630859375">
        <ele>6</ele>
        <time>2025-04-13T08:59:05.000Z</time>
        <extensions>
          <ns3:TrackPointExtension>
            <ns3:hr>148</ns3:hr>
            <ns3:cad>95</ns3:cad>
          </ns3:TrackPointExtension>
        </extensions>
      </trkpt>
      <trkpt lat="51.5641582198441028594970703125" lon="-2.8764158673584461212158203125">
        <ele>5</ele>
        <time>2025-04-13T08:59:10.000Z</time>
        <extensions>
          <ns3:TrackPointExtension>
            <ns3:hr>147</ns3:hr>
            <ns3:cad>95</ns3:cad>
          </ns3:TrackPointExtension>
        </extensions>
      </trkpt>
      <trkpt lat="51.56424187123775482177734375" lon="-2.8761459700763225555419921875">
        <ele>5.19999980926513671875</ele>
        <time>2025-04-13T08:59:15.000Z</time>
        <extensions>
          <ns3:TrackPointExtension>
            <ns3:hr>148</ns3:hr>
            <ns3:cad>95</ns3:cad>
          </ns3:TrackPointExtension>
        </extensions>
      </trkpt>
      <trkpt lat="51.56433817930519580841064453125" lon="-2.8758479095995426177978515625">
        <ele>5.80000019073486328125</ele>
        <time>2025-04-13T08:59:21.000Z</time>
        <extensions>
          <ns3:TrackPointExtension>
            <ns3:hr>147</ns3:hr>
            <ns3:cad>95</ns3:cad>
          </ns3:TrackPointExtension>
        </extensions>
      </trkpt>
      <trkpt lat="51.56442501582205295562744140625" lon="-2.87558480165898799896240234375">
        <ele>7</ele>
        <time>2025-04-13T08:59:26.000Z</time>
        <extensions>
          <ns3:TrackPointExtension>
            <ns3:hr>146</ns3:hr>
            <ns3:cad>96</ns3:cad>
          </ns3:TrackPointExtension>
        </extensions>
      </trkpt>
      <trkpt lat="51.56451755203306674957275390625" lon="-2.87532965652644634246826171875">
        <ele>8.19999980926513671875</ele>
        <time>2025-04-13T08:59:31.000Z</time>
        <extensions>
          <ns3:TrackPointExtension>
            <ns3:hr>145</ns3:hr>
            <ns3:cad>97</ns3:cad>
          </ns3:TrackPointExtension>
        </extensions>
      </trkpt>
      <trkpt lat="51.5645947493612766265869140625" lon="-2.87506009452044963836669921875">
        <ele>8.3999996185302734375</ele>
        <time>2025-04-13T08:59:36.000Z</time>
        <extensions>
          <ns3:TrackPointExtension>
            <ns3:hr>147</ns3:hr>
            <ns3:cad>96</ns3:cad>
          </ns3:TrackPointExtension>
        </extensions>
      </trkpt>
      <trkpt lat="51.5646872855722904205322265625" lon="-2.87479304708540439605712890625">
        <ele>8</ele>
        <time>2025-04-13T08:59:41.000Z</time>
        <extensions>
          <ns3:TrackPointExtension>
            <ns3:hr>148</ns3:hr>
            <ns3:cad>96</ns3:cad>
          </ns3:TrackPointExtension>
        </extensions>
      </trkpt>
      <trkpt lat="51.564790047705173492431640625" lon="-2.87453102879226207733154296875">
        <ele>7.80000019073486328125</ele>
        <time>2025-04-13T08:59:46.000Z</time>
        <extensions>
          <ns3:TrackPointExtension>
            <ns3:hr>147</ns3:hr>
            <ns3:cad>95</ns3:cad>
          </ns3:TrackPointExtension>
        </extensions>
      </trkpt>
      <trkpt lat="51.56487747095525264739990234375" lon="-2.87426121532917022705078125">
        <ele>7.599999904632568359375</ele>
        <time>2025-04-13T08:59:51.000Z</time>
        <extensions>
          <ns3:TrackPointExtension>
            <ns3:hr>148</ns3:hr>
            <ns3:cad>95</ns3:cad>
          </ns3:TrackPointExtension>
        </extensions>
      </trkpt>
      <trkpt lat="51.5649571828544139862060546875" lon="-2.8739552758634090423583984375">
        <ele>7.19999980926513671875</ele>
        <time>2025-04-13T08:59:57.000Z</time>
        <extensions>
          <ns3:TrackPointExtension>
            <ns3:hr>147</ns3:hr>
            <ns3:cad>96</ns3:cad>
          </ns3:TrackPointExtension>
        </extensions>
      </trkpt>
      <trkpt lat="51.56504577957093715667724609375" lon="-2.873639278113842010498046875">
        <ele>7</ele>
        <time>2025-04-13T09:00:03.000Z</time>
        <extensions>
          <ns3:TrackPointExtension>
            <ns3:hr>146</ns3:hr>
            <ns3:cad>96</ns3:cad>
          </ns3:TrackPointExtension>
        </extensions>
      </trkpt>
      <trkpt lat="51.565125994384288787841796875" lon="-2.8733735717833042144775390625">
        <ele>6.400000095367431640625</ele>
        <time>2025-04-13T09:00:08.000Z</time>
        <extensions>
          <ns3:TrackPointExtension>
            <ns3:hr>146</ns3:hr>
            <ns3:cad>95</ns3:cad>
          </ns3:TrackPointExtension>
        </extensions>
      </trkpt>
      <trkpt lat="51.56521475873887538909912109375" lon="-2.87310610525310039520263671875">
        <ele>5.19999980926513671875</ele>
        <time>2025-04-13T09:00:13.000Z</time>
        <extensions>
          <ns3:TrackPointExtension>
            <ns3:hr>146</ns3:hr>
            <ns3:cad>96</ns3:cad>
          </ns3:TrackPointExtension>
        </extensions>
      </trkpt>
      <trkpt lat="51.565318442881107330322265625" lon="-2.872807793319225311279296875">
        <ele>4.80000019073486328125</ele>
        <time>2025-04-13T09:00:19.000Z</time>
        <extensions>
          <ns3:TrackPointExtension>
            <ns3:hr>146</ns3:hr>
            <ns3:cad>95</ns3:cad>
          </ns3:TrackPointExtension>
        </extensions>
      </trkpt>
      <trkpt lat="51.5654238872230052947998046875" lon="-2.872517444193363189697265625">
        <ele>4.400000095367431640625</ele>
        <time>2025-04-13T09:00:25.000Z</time>
        <extensions>
          <ns3:TrackPointExtension>
            <ns3:hr>145</ns3:hr>
            <ns3:cad>95</ns3:cad>
          </ns3:TrackPointExtension>
        </extensions>
      </trkpt>
      <trkpt lat="51.5655063651502132415771484375" lon="-2.87225366570055484771728515625">
        <ele>5</ele>
        <time>2025-04-13T09:00:30.000Z</time>
        <extensions>
          <ns3:TrackPointExtension>
            <ns3:hr>144</ns3:hr>
            <ns3:cad>95</ns3:cad>
          </ns3:TrackPointExtension>
        </extensions>
      </trkpt>
      <trkpt lat="51.5655834786593914031982421875" lon="-2.87198225967586040496826171875">
        <ele>6</ele>
        <time>2025-04-13T09:00:35.000Z</time>
        <extensions>
          <ns3:TrackPointExtension>
            <ns3:hr>145</ns3:hr>
            <ns3:cad>95</ns3:cad>
          </ns3:TrackPointExtension>
        </extensions>
      </trkpt>
      <trkpt lat="51.56566838733851909637451171875" lon="-2.871682941913604736328125">
        <ele>6.400000095367431640625</ele>
        <time>2025-04-13T09:00:40.000Z</time>
        <extensions>
          <ns3:TrackPointExtension>
            <ns3:hr>144</ns3:hr>
            <ns3:cad>96</ns3:cad>
          </ns3:TrackPointExtension>
        </extensions>
      </trkpt>
      <trkpt lat="51.56574927270412445068359375" lon="-2.87141413427889347076416015625">
        <ele>7</ele>
        <time>2025-04-13T09:00:45.000Z</time>
        <extensions>
          <ns3:TrackPointExtension>
            <ns3:hr>146</ns3:hr>
            <ns3:cad>96</ns3:cad>
          </ns3:TrackPointExtension>
        </extensions>
      </trkpt>
      <trkpt lat="51.56582764349877834320068359375" lon="-2.87114985287189483642578125">
        <ele>8</ele>
        <time>2025-04-13T09:00:50.000Z</time>
        <extensions>
          <ns3:TrackPointExtension>
            <ns3:hr>145</ns3:hr>
            <ns3:cad>95</ns3:cad>
          </ns3:TrackPointExtension>
        </extensions>
      </trkpt>
      <trkpt lat="51.56592428684234619140625" lon="-2.8708623535931110382080078125">
        <ele>9</ele>
        <time>2025-04-13T09:00:56.000Z</time>
        <extensions>
          <ns3:TrackPointExtension>
            <ns3:hr>144</ns3:hr>
            <ns3:cad>95</ns3:cad>
          </ns3:TrackPointExtension>
        </extensions>
      </trkpt>
      <trkpt lat="51.566022522747516632080078125" lon="-2.870568148791790008544921875">
        <ele>9</ele>
        <time>2025-04-13T09:01:02.000Z</time>
        <extensions>
          <ns3:TrackPointExtension>
            <ns3:hr>142</ns3:hr>
            <ns3:cad>95</ns3:cad>
          </ns3:TrackPointExtension>
        </extensions>
      </trkpt>
      <trkpt lat="51.5661122091114521026611328125" lon="-2.87029850296676158905029296875">
        <ele>8.80000019073486328125</ele>
        <time>2025-04-13T09:01:07.000Z</time>
        <extensions>
          <ns3:TrackPointExtension>
            <ns3:hr>142</ns3:hr>
            <ns3:cad>96</ns3:cad>
          </ns3:TrackPointExtension>
        </extensions>
      </trkpt>
      <trkpt lat="51.56617364846169948577880859375" lon="-2.87014243192970752716064453125">
        <ele>8</ele>
        <time>2025-04-13T09:01:10.000Z</time>
        <extensions>
          <ns3:TrackPointExtension>
            <ns3:hr>145</ns3:hr>
            <ns3:cad>95</ns3:cad>
          </ns3:TrackPointExtension>
        </extensions>
      </trkpt>
      <trkpt lat="51.5662674419581890106201171875" lon="-2.869876138865947723388671875">
        <ele>7.599999904632568359375</ele>
        <time>2025-04-13T09:01:15.000Z</time>
        <extensions>
          <ns3:TrackPointExtension>
            <ns3:hr>145</ns3:hr>
            <ns3:cad>95</ns3:cad>
          </ns3:TrackPointExtension>
        </extensions>
      </trkpt>
      <trkpt lat="51.56635654158890247344970703125" lon="-2.8695975244045257568359375">
        <ele>7.19999980926513671875</ele>
        <time>2025-04-13T09:01:20.000Z</time>
        <extensions>
          <ns3:TrackPointExtension>
            <ns3:hr>144</ns3:hr>
            <ns3:cad>95</ns3:cad>
          </ns3:TrackPointExtension>
        </extensions>
      </trkpt>
      <trkpt lat="51.56641806475818157196044921875" lon="-2.8693049959838390350341796875">
        <ele>6.19999980926513671875</ele>
        <time>2025-04-13T09:01:25.000Z</time>
        <extensions>
          <ns3:TrackPointExtension>
            <ns3:hr>144</ns3:hr>
            <ns3:cad>95</ns3:cad>
          </ns3:TrackPointExtension>
        </extensions>
      </trkpt>
      <trkpt lat="51.56631949357688426971435546875" lon="-2.86902277730405330657958984375">
        <ele>5.400000095367431640625</ele>
        <time>2025-04-13T09:01:30.000Z</time>
        <extensions>
          <ns3:TrackPointExtension>
            <ns3:hr>144</ns3:hr>
            <ns3:cad>96</ns3:cad>
          </ns3:TrackPointExtension>
        </extensions>
      </trkpt>
      <trkpt lat="51.56612687744200229644775390625" lon="-2.868857569992542266845703125">
        <ele>6</ele>
        <time>2025-04-13T09:01:35.000Z</time>
        <extensions>
          <ns3:TrackPointExtension>
            <ns3:hr>144</ns3:hr>
            <ns3:cad>96</ns3:cad>
          </ns3:TrackPointExtension>
        </extensions>
      </trkpt>
      <trkpt lat="51.5660508535802364349365234375" lon="-2.86879965104162693023681640625">
        <ele>6.599999904632568359375</ele>
        <time>2025-04-13T09:01:37.000Z</time>
        <extensions>
          <ns3:TrackPointExtension>
            <ns3:hr>144</ns3:hr>
            <ns3:cad>96</ns3:cad>
          </ns3:TrackPointExtension>
        </extensions>
      </trkpt>
      <trkpt lat="51.565868966281414031982421875" lon="-2.8686401434242725372314453125">
        <ele>7</ele>
        <time>2025-04-13T09:01:42.000Z</time>
        <extensions>
          <ns3:TrackPointExtension>
            <ns3:hr>143</ns3:hr>
            <ns3:cad>96</ns3:cad>
          </ns3:TrackPointExtension>
        </extensions>
      </trkpt>
      <trkpt lat="51.56570660881698131561279296875" lon="-2.86848382093012332916259765625">
        <ele>7.599999904632568359375</ele>
        <time>2025-04-13T09:01:47.000Z</time>
        <extensions>
          <ns3:TrackPointExtension>
            <ns3:hr>144</ns3:hr>
            <ns3:cad>96</ns3:cad>
          </ns3:TrackPointExtension>
        </extensions>
      </trkpt>
      <trkpt lat="51.56554131768643856048583984375" lon="-2.868334539234638214111328125">
        <ele>7.599999904632568359375</ele>
        <time>2025-04-13T09:01:52.000Z</time>
        <extensions>
          <ns3:TrackPointExtension>
            <ns3:hr>144</ns3:hr>
            <ns3:cad>96</ns3:cad>
          </ns3:TrackPointExtension>
        </extensions>
      </trkpt>
      <trkpt lat="51.5653823129832744598388671875" lon="-2.86818257533013820648193359375">
        <ele>7.599999904632568359375</ele>
        <time>2025-04-13T09:01:57.000Z</time>
        <extensions>
          <ns3:TrackPointExtension>
            <ns3:hr>145</ns3:hr>
            <ns3:cad>96</ns3:cad>
          </ns3:TrackPointExtension>
        </extensions>
      </trkpt>
      <trkpt lat="51.56523101963102817535400390625" lon="-2.86800898611545562744140625">
        <ele>7</ele>
        <time>2025-04-13T09:02:02.000Z</time>
        <extensions>
          <ns3:TrackPointExtension>
            <ns3:hr>144</ns3:hr>
            <ns3:cad>96</ns3:cad>
          </ns3:TrackPointExtension>
        </extensions>
      </trkpt>
      <trkpt lat="51.56507872045040130615234375" lon="-2.8678297810256481170654296875">
        <ele>6</ele>
        <time>2025-04-13T09:02:07.000Z</time>
        <extensions>
          <ns3:TrackPointExtension>
            <ns3:hr>145</ns3:hr>
            <ns3:cad>96</ns3:cad>
          </ns3:TrackPointExtension>
        </extensions>
      </trkpt>
      <trkpt lat="51.5649260021746158599853515625" lon="-2.86766507662832736968994140625">
        <ele>5.599999904632568359375</ele>
        <time>2025-04-13T09:02:12.000Z</time>
        <extensions>
          <ns3:TrackPointExtension>
            <ns3:hr>145</ns3:hr>
            <ns3:cad>97</ns3:cad>
          </ns3:TrackPointExtension>
        </extensions>
      </trkpt>
      <trkpt lat="51.5647747926414012908935546875" lon="-2.86749358288943767547607421875">
        <ele>5</ele>
        <time>2025-04-13T09:02:17.000Z</time>
        <extensions>
          <ns3:TrackPointExtension>
            <ns3:hr>145</ns3:hr>
            <ns3:cad>96</ns3:cad>
          </ns3:TrackPointExtension>
        </extensions>
      </trkpt>
      <trkpt lat="51.56462148763239383697509765625" lon="-2.867337428033351898193359375">
        <ele>5</ele>
        <time>2025-04-13T09:02:22.000Z</time>
        <extensions>
          <ns3:TrackPointExtension>
            <ns3:hr>145</ns3:hr>
            <ns3:cad>94</ns3:cad>
          </ns3:TrackPointExtension>
        </extensions>
      </trkpt>
      <trkpt lat="51.56446575187146663665771484375" lon="-2.86717523820698261260986328125">
        <ele>5</ele>
        <time>2025-04-13T09:02:27.000Z</time>
        <extensions>
          <ns3:TrackPointExtension>
            <ns3:hr>144</ns3:hr>
            <ns3:cad>97</ns3:cad>
          </ns3:TrackPointExtension>
        </extensions>
      </trkpt>
      <trkpt lat="51.564309261739253997802734375" lon="-2.86700089462101459503173828125">
        <ele>5</ele>
        <time>2025-04-13T09:02:32.000Z</time>
        <extensions>
          <ns3:TrackPointExtension>
            <ns3:hr>143</ns3:hr>
            <ns3:cad>95</ns3:cad>
          </ns3:TrackPointExtension>
        </extensions>
      </trkpt>
      <trkpt lat="51.5641565434634685516357421875" lon="-2.8668293170630931854248046875">
        <ele>5</ele>
        <time>2025-04-13T09:02:37.000Z</time>
        <extensions>
          <ns3:TrackPointExtension>
            <ns3:hr>144</ns3:hr>
            <ns3:cad>95</ns3:cad>
          </ns3:TrackPointExtension>
        </extensions>
      </trkpt>
      <trkpt lat="51.5640113689005374908447265625" lon="-2.8666563145816326141357421875">
        <ele>5.599999904632568359375</ele>
        <time>2025-04-13T09:02:42.000Z</time>
        <extensions>
          <ns3:TrackPointExtension>
            <ns3:hr>144</ns3:hr>
            <ns3:cad>96</ns3:cad>
          </ns3:TrackPointExtension>
        </extensions>
      </trkpt>
      <trkpt lat="51.56386309303343296051025390625" lon="-2.866478450596332550048828125">
        <ele>6</ele>
        <time>2025-04-13T09:02:47.000Z</time>
        <extensions>
          <ns3:TrackPointExtension>
            <ns3:hr>144</ns3:hr>
            <ns3:cad>94</ns3:cad>
          </ns3:TrackPointExtension>
        </extensions>
      </trkpt>
      <trkpt lat="51.56372546218335628509521484375" lon="-2.86628021858632564544677734375">
        <ele>6</ele>
        <time>2025-04-13T09:02:52.000Z</time>
        <extensions>
          <ns3:TrackPointExtension>
            <ns3:hr>145</ns3:hr>
            <ns3:cad>96</ns3:cad>
          </ns3:TrackPointExtension>
        </extensions>
      </trkpt>
      <trkpt lat="51.56356888823211193084716796875" lon="-2.86605675704777240753173828125">
        <ele>6</ele>
        <time>2025-04-13T09:02:58.000Z</time>
        <extensions>
          <ns3:TrackPointExtension>
            <ns3:hr>145</ns3:hr>
            <ns3:cad>96</ns3:cad>
          </ns3:TrackPointExtension>
        </extensions>
      </trkpt>
      <trkpt lat="51.56340644694864749908447265625" lon="-2.86584435962140560150146484375">
        <ele>5</ele>
        <time>2025-04-13T09:03:04.000Z</time>
        <extensions>
          <ns3:TrackPointExtension>
            <ns3:hr>142</ns3:hr>
            <ns3:cad>95</ns3:cad>
          </ns3:TrackPointExtension>
        </extensions>
      </trkpt>
      <trkpt lat="51.56326076947152614593505859375" lon="-2.86565023474395275115966796875">
        <ele>5</ele>
        <time>2025-04-13T09:03:09.000Z</time>
        <extensions>
          <ns3:TrackPointExtension>
            <ns3:hr>142</ns3:hr>
            <ns3:cad>96</ns3:cad>
          </ns3:TrackPointExtension>
        </extensions>
      </trkpt>
      <trkpt lat="51.56311693601310253143310546875" lon="-2.8654590435326099395751953125">
        <ele>4.80000019073486328125</ele>
        <time>2025-04-13T09:03:14.000Z</time>
        <extensions>
          <ns3:TrackPointExtension>
            <ns3:hr>141</ns3:hr>
            <ns3:cad>96</ns3:cad>
          </ns3:TrackPointExtension>
        </extensions>
      </trkpt>
      <trkpt lat="51.56297427602112293243408203125" lon="-2.86527187563478946685791015625">
        <ele>5.400000095367431640625</ele>
        <time>2025-04-13T09:03:19.000Z</time>
        <extensions>
          <ns3:TrackPointExtension>
            <ns3:hr>142</ns3:hr>
            <ns3:cad>96</ns3:cad>
          </ns3:TrackPointExtension>
        </extensions>
      </trkpt>
      <trkpt lat="51.5628107450902462005615234375" lon="-2.86504539661109447479248046875">
        <ele>6</ele>
        <time>2025-04-13T09:03:25.000Z</time>
        <extensions>
          <ns3:TrackPointExtension>
            <ns3:hr>146</ns3:hr>
            <ns3:cad>95</ns3:cad>
          </ns3:TrackPointExtension>
        </extensions>
      </trkpt>
      <trkpt lat="51.56275567598640918731689453125" lon="-2.8649680316448211669921875">
        <ele>6</ele>
        <time>2025-04-13T09:03:27.000Z</time>
        <extensions>
          <ns3:TrackPointExtension>
            <ns3:hr>143</ns3:hr>
            <ns3:cad>96</ns3:cad>
          </ns3:TrackPointExtension>
        </extensions>
      </trkpt>
      <trkpt lat="51.56259901821613311767578125" lon="-2.86473593674600124359130859375">
        <ele>7</ele>
        <time>2025-04-13T09:03:33.000Z</time>
        <extensions>
          <ns3:TrackPointExtension>
            <ns3:hr>145</ns3:hr>
            <ns3:cad>96</ns3:cad>
          </ns3:TrackPointExtension>
        </extensions>
      </trkpt>
      <trkpt lat="51.56243666075170040130615234375" lon="-2.8645098768174648284912109375">
        <ele>6</ele>
        <time>2025-04-13T09:03:39.000Z</time>
        <extensions>
          <ns3:TrackPointExtension>
            <ns3:hr>144</ns3:hr>
            <ns3:cad>95</ns3:cad>
          </ns3:TrackPointExtension>
        </extensions>
      </trkpt>
      <trkpt lat="51.5622960962355136871337890625" lon="-2.8643278218805789947509765625">
        <ele>5.400000095367431640625</ele>
        <time>2025-04-13T09:03:44.000Z</time>
        <extensions>
          <ns3:TrackPointExtension>
            <ns3:hr>144</ns3:hr>
            <ns3:cad>97</ns3:cad>
          </ns3:TrackPointExtension>
        </extensions>
      </trkpt>
      <trkpt lat="51.5621613152325153350830078125" lon="-2.86413629539310932159423828125">
        <ele>5</ele>
        <time>2025-04-13T09:03:49.000Z</time>
        <extensions>
          <ns3:TrackPointExtension>
            <ns3:hr>144</ns3:hr>
            <ns3:cad>96</ns3:cad>
          </ns3:TrackPointExtension>
        </extensions>
      </trkpt>
      <trkpt lat="51.56202410347759723663330078125" lon="-2.86393831484019756317138671875">
        <ele>5</ele>
        <time>2025-04-13T09:03:54.000Z</time>
        <extensions>
          <ns3:TrackPointExtension>
            <ns3:hr>143</ns3:hr>
            <ns3:cad>96</ns3:cad>
          </ns3:TrackPointExtension>
        </extensions>
      </trkpt>
      <trkpt lat="51.56187976710498332977294921875" lon="-2.863743267953395843505859375">
        <ele>5</ele>
        <time>2025-04-13T09:03:59.000Z</time>
        <extensions>
          <ns3:TrackPointExtension>
            <ns3:hr>142</ns3:hr>
            <ns3:cad>96</ns3:cad>
          </ns3:TrackPointExtension>
        </extensions>
      </trkpt>
      <trkpt lat="51.56173962168395519256591796875" lon="-2.86354302428662776947021484375">
        <ele>5.599999904632568359375</ele>
        <time>2025-04-13T09:04:04.000Z</time>
        <extensions>
          <ns3:TrackPointExtension>
            <ns3:hr>145</ns3:hr>
            <ns3:cad>95</ns3:cad>
          </ns3:TrackPointExtension>
        </extensions>
      </trkpt>
      <trkpt lat="51.5616587363183498382568359375" lon="-2.863421738147735595703125">
        <ele>6.19999980926513671875</ele>
        <time>2025-04-13T09:04:07.000Z</time>
        <extensions>
          <ns3:TrackPointExtension>
            <ns3:hr>148</ns3:hr>
            <ns3:cad>96</ns3:cad>
          </ns3:TrackPointExtension>
        </extensions>
      </trkpt>
      <trkpt lat="51.56152001582086086273193359375" lon="-2.86322752945125102996826171875">
        <ele>7.400000095367431640625</ele>
        <time>2025-04-13T09:04:12.000Z</time>
        <extensions>
          <ns3:TrackPointExtension>
            <ns3:hr>148</ns3:hr>
            <ns3:cad>96</ns3:cad>
          </ns3:TrackPointExtension>
        </extensions>
      </trkpt>
      <trkpt lat="51.56137567944824695587158203125" lon="-2.86303541623055934906005859375">
        <ele>7.400000095367431640625</ele>
        <time>2025-04-13T09:04:17.000Z</time>
        <extensions>
          <ns3:TrackPointExtension>
            <ns3:hr>147</ns3:hr>
            <ns3:cad>96</ns3:cad>
          </ns3:TrackPointExtension>
        </extensions>
      </trkpt>
      <trkpt lat="51.5612362883985042572021484375" lon="-2.8628402017056941986083984375">
        <ele>7</ele>
        <time>2025-04-13T09:04:22.000Z</time>
        <extensions>
          <ns3:TrackPointExtension>
            <ns3:hr>142</ns3:hr>
            <ns3:cad>96</ns3:cad>
          </ns3:TrackPointExtension>
        </extensions>
      </trkpt>
      <trkpt lat="51.56112556345760822296142578125" lon="-2.86270651035010814666748046875">
        <ele>6.400000095367431640625</ele>
        <time>2025-04-13T09:04:26.000Z</time>
        <extensions>
          <ns3:TrackPointExtension>
            <ns3:hr>145</ns3:hr>
            <ns3:cad>96</ns3:cad>
          </ns3:TrackPointExtension>
        </extensions>
      </trkpt>
      <trkpt lat="51.561006121337413787841796875" lon="-2.86256854422390460968017578125">
        <ele>6</ele>
        <time>2025-04-13T09:04:30.000Z</time>
        <extensions>
          <ns3:TrackPointExtension>
            <ns3:hr>148</ns3:hr>
            <ns3:cad>95</ns3:cad>
          </ns3:TrackPointExtension>
        </extensions>
      </trkpt>
      <trkpt lat="51.56091886572539806365966796875" lon="-2.86246511153876781463623046875">
        <ele>6</ele>
        <time>2025-04-13T09:04:33.000Z</time>
        <extensions>
          <ns3:TrackPointExtension>
            <ns3:hr>145</ns3:hr>
            <ns3:cad>95</ns3:cad>
          </ns3:TrackPointExtension>
        </extensions>
      </trkpt>
      <trkpt lat="51.5608027763664722442626953125" lon="-2.862321697175502777099609375">
        <ele>6</ele>
        <time>2025-04-13T09:04:37.000Z</time>
        <extensions>
          <ns3:TrackPointExtension>
            <ns3:hr>149</ns3:hr>
            <ns3:cad>96</ns3:cad>
          </ns3:TrackPointExtension>
        </extensions>
      </trkpt>
      <trkpt lat="51.56065843999385833740234375" lon="-2.86214794032275676727294921875">
        <ele>6.400000095367431640625</ele>
        <time>2025-04-13T09:04:42.000Z</time>
        <extensions>
          <ns3:TrackPointExtension>
            <ns3:hr>150</ns3:hr>
            <ns3:cad>96</ns3:cad>
          </ns3:TrackPointExtension>
        </extensions>
      </trkpt>
      <trkpt lat="51.56051401980221271514892578125" lon="-2.8619711659848690032958984375">
        <ele>7</ele>
        <time>2025-04-13T09:04:47.000Z</time>
        <extensions>
          <ns3:TrackPointExtension>
            <ns3:hr>151</ns3:hr>
            <ns3:cad>96</ns3:cad>
          </ns3:TrackPointExtension>
        </extensions>
      </trkpt>
      <trkpt lat="51.56034152023494243621826171875" lon="-2.86177695728838443756103515625">
        <ele>7</ele>
        <time>2025-04-13T09:04:53.000Z</time>
        <extensions>
          <ns3:TrackPointExtension>
            <ns3:hr>150</ns3:hr>
            <ns3:cad>95</ns3:cad>
          </ns3:TrackPointExtension>
        </extensions>
      </trkpt>
      <trkpt lat="51.56031218357384204864501953125" lon="-2.86173772998154163360595703125">
        <ele>7</ele>
        <time>2025-04-13T09:04:54.000Z</time>
        <extensions>
          <ns3:TrackPointExtension>
            <ns3:hr>149</ns3:hr>
            <ns3:cad>95</ns3:cad>
          </ns3:TrackPointExtension>
        </extensions>
      </trkpt>
      <trkpt lat="51.560224927961826324462890625" lon="-2.8616653941571712493896484375">
        <ele>7</ele>
        <time>2025-04-13T09:04:57.000Z</time>
        <extensions>
          <ns3:TrackPointExtension>
            <ns3:hr>147</ns3:hr>
            <ns3:cad>96</ns3:cad>
          </ns3:TrackPointExtension>
        </extensions>
      </trkpt>
      <trkpt lat="51.56020782887935638427734375" lon="-2.8617103211581707000732421875">
        <ele>7</ele>
        <time>2025-04-13T09:04:59.000Z</time>
        <extensions>
          <ns3:TrackPointExtension>
            <ns3:hr>146</ns3:hr>
            <ns3:cad>96</ns3:cad>
          </ns3:TrackPointExtension>
        </extensions>
      </trkpt>
      <trkpt lat="51.56036247499287128448486328125" lon="-2.86190352402627468109130859375">
        <ele>7</ele>
        <time>2025-04-13T09:05:04.000Z</time>
        <extensions>
          <ns3:TrackPointExtension>
            <ns3:hr>147</ns3:hr>
            <ns3:cad>97</ns3:cad>
          </ns3:TrackPointExtension>
        </extensions>
      </trkpt>
      <trkpt lat="51.56054872088134288787841796875" lon="-2.86209404468536376953125">
        <ele>7</ele>
        <time>2025-04-13T09:05:09.000Z</time>
        <extensions>
          <ns3:TrackPointExtension>
            <ns3:hr>147</ns3:hr>
            <ns3:cad>97</ns3:cad>
          </ns3:TrackPointExtension>
        </extensions>
      </trkpt>
      <trkpt lat="51.5607132576406002044677734375" lon="-2.86228322423994541168212890625">
        <ele>6</ele>
        <time>2025-04-13T09:05:14.000Z</time>
        <extensions>
          <ns3:TrackPointExtension>
            <ns3:hr>147</ns3:hr>
            <ns3:cad>96</ns3:cad>
          </ns3:TrackPointExtension>
        </extensions>
      </trkpt>
      <trkpt lat="51.56086538918316364288330078125" lon="-2.86246745847165584564208984375">
        <ele>6</ele>
        <time>2025-04-13T09:05:19.000Z</time>
        <extensions>
          <ns3:TrackPointExtension>
            <ns3:hr>147</ns3:hr>
            <ns3:cad>95</ns3:cad>
          </ns3:TrackPointExtension>
        </extensions>
      </trkpt>
      <trkpt lat="51.5610180236399173736572265625" lon="-2.86264934577047824859619140625">
        <ele>6</ele>
        <time>2025-04-13T09:05:24.000Z</time>
        <extensions>
          <ns3:TrackPointExtension>
            <ns3:hr>147</ns3:hr>
            <ns3:cad>96</ns3:cad>
          </ns3:TrackPointExtension>
        </extensions>
      </trkpt>
      <trkpt lat="51.5611678920686244964599609375" lon="-2.8628244437277317047119140625">
        <ele>7</ele>
        <time>2025-04-13T09:05:29.000Z</time>
        <extensions>
          <ns3:TrackPointExtension>
            <ns3:hr>148</ns3:hr>
            <ns3:cad>96</ns3:cad>
          </ns3:TrackPointExtension>
        </extensions>
      </trkpt>
      <trkpt lat="51.56131465919315814971923828125" lon="-2.8630192391574382781982421875">
        <ele>7.19999980926513671875</ele>
        <time>2025-04-13T09:05:34.000Z</time>
        <extensions>
          <ns3:TrackPointExtension>
            <ns3:hr>148</ns3:hr>
            <ns3:cad>96</ns3:cad>
          </ns3:TrackPointExtension>
        </extensions>
      </trkpt>
      <trkpt lat="51.56144491396844387054443359375" lon="-2.86322384141385555267333984375">
        <ele>7.599999904632568359375</ele>
        <time>2025-04-13T09:05:39.000Z</time>
        <extensions>
          <ns3:TrackPointExtension>
            <ns3:hr>148</ns3:hr>
            <ns3:cad>96</ns3:cad>
          </ns3:TrackPointExtension>
        </extensions>
      </trkpt>
      <trkpt lat="51.5615846402943134307861328125" lon="-2.86341377533972263336181640625">
        <ele>6.400000095367431640625</ele>
        <time>2025-04-13T09:05:44.000Z</time>
        <extensions>
          <ns3:TrackPointExtension>
            <ns3:hr>147</ns3:hr>
            <ns3:cad>96</ns3:cad>
          </ns3:TrackPointExtension>
        </extensions>
      </trkpt>
      <trkpt lat="51.561722941696643829345703125" lon="-2.8635996021330356597900390625">
        <ele>5.400000095367431640625</ele>
        <time>2025-04-13T09:05:49.000Z</time>
        <extensions>
          <ns3:TrackPointExtension>
            <ns3:hr>147</ns3:hr>
            <ns3:cad>95</ns3:cad>
          </ns3:TrackPointExtension>
        </extensions>
      </trkpt>
      <trkpt lat="51.5618689544498920440673828125" lon="-2.86379263736307621002197265625">
        <ele>5</ele>
        <time>2025-04-13T09:05:54.000Z</time>
        <extensions>
          <ns3:TrackPointExtension>
            <ns3:hr>147</ns3:hr>
            <ns3:cad>96</ns3:cad>
          </ns3:TrackPointExtension>
        </extensions>
      </trkpt>
      <trkpt lat="51.56201538629829883575439453125" lon="-2.86397620104253292083740234375">
        <ele>5</ele>
        <time>2025-04-13T09:05:59.000Z</time>
        <extensions>
          <ns3:TrackPointExtension>
            <ns3:hr>147</ns3:hr>
            <ns3:cad>95</ns3:cad>
          </ns3:TrackPointExtension>
        </extensions>
      </trkpt>
      <trkpt lat="51.5621626563370227813720703125" lon="-2.86415641196072101593017578125">
        <ele>5</ele>
        <time>2025-04-13T09:06:04.000Z</time>
        <extensions>
          <ns3:TrackPointExtension>
            <ns3:hr>147</ns3:hr>
            <ns3:cad>97</ns3:cad>
          </ns3:TrackPointExtension>
        </extensions>
      </trkpt>
      <trkpt lat="51.5623038075864315032958984375" lon="-2.86434198729693889617919921875">
        <ele>5.400000095367431640625</ele>
        <time>2025-04-13T09:06:09.000Z</time>
        <extensions>
          <ns3:TrackPointExtension>
            <ns3:hr>147</ns3:hr>
            <ns3:cad>96</ns3:cad>
          </ns3:TrackPointExtension>
        </extensions>
      </trkpt>
      <trkpt lat="51.56243934296071529388427734375" lon="-2.86454047076404094696044921875">
        <ele>6</ele>
        <time>2025-04-13T09:06:14.000Z</time>
        <extensions>
          <ns3:TrackPointExtension>
            <ns3:hr>147</ns3:hr>
            <ns3:cad>95</ns3:cad>
          </ns3:TrackPointExtension>
        </extensions>
      </trkpt>
      <trkpt lat="51.562579236924648284912109375" lon="-2.86474113352596759796142578125">
        <ele>7</ele>
        <time>2025-04-13T09:06:19.000Z</time>
        <extensions>
          <ns3:TrackPointExtension>
            <ns3:hr>146</ns3:hr>
            <ns3:cad>96</ns3:cad>
          </ns3:TrackPointExtension>
        </extensions>
      </trkpt>
      <trkpt lat="51.56271778978407382965087890625" lon="-2.86493978463113307952880859375">
        <ele>6</ele>
        <time>2025-04-13T09:06:24.000Z</time>
        <extensions>
          <ns3:TrackPointExtension>
            <ns3:hr>145</ns3:hr>
            <ns3:cad>96</ns3:cad>
          </ns3:TrackPointExtension>
        </extensions>
      </trkpt>
      <trkpt lat="51.5628617070615291595458984375" lon="-2.86512133665382862091064453125">
        <ele>5.80000019073486328125</ele>
        <time>2025-04-13T09:06:29.000Z</time>
        <extensions>
          <ns3:TrackPointExtension>
            <ns3:hr>147</ns3:hr>
            <ns3:cad>96</ns3:cad>
          </ns3:TrackPointExtension>
        </extensions>
      </trkpt>
      <trkpt lat="51.5629998408257961273193359375" lon="-2.86532484926283359527587890625">
        <ele>5.19999980926513671875</ele>
        <time>2025-04-13T09:06:34.000Z</time>
        <extensions>
          <ns3:TrackPointExtension>
            <ns3:hr>149</ns3:hr>
            <ns3:cad>96</ns3:cad>
          </ns3:TrackPointExtension>
        </extensions>
      </trkpt>
      <trkpt lat="51.5630786307156085968017578125" lon="-2.86544655449688434600830078125">
        <ele>5</ele>
        <time>2025-04-13T09:06:37.000Z</time>
        <extensions>
          <ns3:TrackPointExtension>
            <ns3:hr>145</ns3:hr>
            <ns3:cad>96</ns3:cad>
          </ns3:TrackPointExtension>
        </extensions>
      </trkpt>
      <trkpt lat="51.56322238035500049591064453125" lon="-2.8656374104321002960205078125">
        <ele>5</ele>
        <time>2025-04-13T09:06:42.000Z</time>
        <extensions>
          <ns3:TrackPointExtension>
            <ns3:hr>145</ns3:hr>
            <ns3:cad>96</ns3:cad>
          </ns3:TrackPointExtension>
        </extensions>
      </trkpt>
      <trkpt lat="51.56336772255599498748779296875" lon="-2.8658285178244113922119140625">
        <ele>5</ele>
        <time>2025-04-13T09:06:47.000Z</time>
        <extensions>
          <ns3:TrackPointExtension>
            <ns3:hr>144</ns3:hr>
            <ns3:cad>95</ns3:cad>
          </ns3:TrackPointExtension>
        </extensions>
      </trkpt>
      <trkpt lat="51.5635108016431331634521484375" lon="-2.8660248219966888427734375">
        <ele>5.80000019073486328125</ele>
        <time>2025-04-13T09:06:52.000Z</time>
        <extensions>
          <ns3:TrackPointExtension>
            <ns3:hr>145</ns3:hr>
            <ns3:cad>96</ns3:cad>
          </ns3:TrackPointExtension>
        </extensions>
      </trkpt>
      <trkpt lat="51.56364600174129009246826171875" lon="-2.866224311292171478271484375">
        <ele>6</ele>
        <time>2025-04-13T09:06:57.000Z</time>
        <extensions>
          <ns3:TrackPointExtension>
            <ns3:hr>144</ns3:hr>
            <ns3:cad>96</ns3:cad>
          </ns3:TrackPointExtension>
        </extensions>
      </trkpt>
      <trkpt lat="51.5637853927910327911376953125" lon="-2.86640795879065990447998046875">
        <ele>6</ele>
        <time>2025-04-13T09:07:02.000Z</time>
        <extensions>
          <ns3:TrackPointExtension>
            <ns3:hr>145</ns3:hr>
            <ns3:cad>95</ns3:cad>
          </ns3:TrackPointExtension>
        </extensions>
      </trkpt>
      <trkpt lat="51.56395143829286098480224609375" lon="-2.86662588827311992645263671875">
        <ele>5.80000019073486328125</ele>
        <time>2025-04-13T09:07:08.000Z</time>
        <extensions>
          <ns3:TrackPointExtension>
            <ns3:hr>145</ns3:hr>
            <ns3:cad>97</ns3:cad>
          </ns3:TrackPointExtension>
        </extensions>
      </trkpt>
      <trkpt lat="51.56404380686581134796142578125" lon="-2.8667221963405609130859375">
        <ele>5.599999904632568359375</ele>
        <time>2025-04-13T09:07:11.000Z</time>
        <extensions>
          <ns3:TrackPointExtension>
            <ns3:hr>149</ns3:hr>
            <ns3:cad>96</ns3:cad>
          </ns3:TrackPointExtension>
        </extensions>
      </trkpt>
      <trkpt lat="51.5641954354941844940185546875" lon="-2.8668936900794506072998046875">
        <ele>5</ele>
        <time>2025-04-13T09:07:16.000Z</time>
        <extensions>
          <ns3:TrackPointExtension>
            <ns3:hr>149</ns3:hr>
            <ns3:cad>96</ns3:cad>
          </ns3:TrackPointExtension>
        </extensions>
      </trkpt>
      <trkpt lat="51.56435276381671428680419921875" lon="-2.8670529462397098541259765625">
        <ele>5</ele>
        <time>2025-04-13T09:07:21.000Z</time>
        <extensions>
          <ns3:TrackPointExtension>
            <ns3:hr>147</ns3:hr>
            <ns3:cad>97</ns3:cad>
          </ns3:TrackPointExtension>
        </extensions>
      </trkpt>
      <trkpt lat="51.56450665555894374847412109375" lon="-2.86720289848744869232177734375">
        <ele>5</ele>
        <time>2025-04-13T09:07:26.000Z</time>
        <extensions>
          <ns3:TrackPointExtension>
            <ns3:hr>149</ns3:hr>
            <ns3:cad>96</ns3:cad>
          </ns3:TrackPointExtension>
        </extensions>
      </trkpt>
      <trkpt lat="51.56466138549149036407470703125" lon="-2.8673580475151538848876953125">
        <ele>5</ele>
        <time>2025-04-13T09:07:31.000Z</time>
        <extensions>
          <ns3:TrackPointExtension>
            <ns3:hr>149</ns3:hr>
            <ns3:cad>96</ns3:cad>
          </ns3:TrackPointExtension>
        </extensions>
      </trkpt>
      <trkpt lat="51.56481720507144927978515625" lon="-2.86750850267708301544189453125">
        <ele>5</ele>
        <time>2025-04-13T09:07:36.000Z</time>
        <extensions>
          <ns3:TrackPointExtension>
            <ns3:hr>147</ns3:hr>
            <ns3:cad>95</ns3:cad>
          </ns3:TrackPointExtension>
        </extensions>
      </trkpt>
      <trkpt lat="51.5649943985044956207275390625" lon="-2.8676779009401798248291015625">
        <ele>6</ele>
        <time>2025-04-13T09:07:42.000Z</time>
        <extensions>
          <ns3:TrackPointExtension>
            <ns3:hr>146</ns3:hr>
            <ns3:cad>96</ns3:cad>
          </ns3:TrackPointExtension>
        </extensions>
      </trkpt>
      <trkpt lat="51.5651680715382099151611328125" lon="-2.86786775104701519012451171875">
        <ele>6.400000095367431640625</ele>
        <time>2025-04-13T09:07:48.000Z</time>
        <extensions>
          <ns3:TrackPointExtension>
            <ns3:hr>145</ns3:hr>
            <ns3:cad>96</ns3:cad>
          </ns3:TrackPointExtension>
        </extensions>
      </trkpt>
      <trkpt lat="51.5653437562286853790283203125" lon="-2.86806539632380008697509765625">
        <ele>7.400000095367431640625</ele>
        <time>2025-04-13T09:07:54.000Z</time>
        <extensions>
          <ns3:TrackPointExtension>
            <ns3:hr>145</ns3:hr>
            <ns3:cad>96</ns3:cad>
          </ns3:TrackPointExtension>
        </extensions>
      </trkpt>
      <trkpt lat="51.56551659107208251953125" lon="-2.86827527917921543121337890625">
        <ele>7.400000095367431640625</ele>
        <time>2025-04-13T09:08:00.000Z</time>
        <extensions>
          <ns3:TrackPointExtension>
            <ns3:hr>144</ns3:hr>
            <ns3:cad>95</ns3:cad>
          </ns3:TrackPointExtension>
        </extensions>
      </trkpt>
      <trkpt lat="51.56566319055855274200439453125" lon="-2.86845297552645206451416015625">
        <ele>7.599999904632568359375</ele>
        <time>2025-04-13T09:08:05.000Z</time>
        <extensions>
          <ns3:TrackPointExtension>
            <ns3:hr>145</ns3:hr>
            <ns3:cad>96</ns3:cad>
          </ns3:TrackPointExtension>
        </extensions>
      </trkpt>
      <trkpt lat="51.56582110561430454254150390625" lon="-2.8686200268566608428955078125">
        <ele>7.19999980926513671875</ele>
        <time>2025-04-13T09:08:10.000Z</time>
        <extensions>
          <ns3:TrackPointExtension>
            <ns3:hr>146</ns3:hr>
            <ns3:cad>95</ns3:cad>
          </ns3:TrackPointExtension>
        </extensions>
      </trkpt>
      <trkpt lat="51.56597114168107509613037109375" lon="-2.868787162005901336669921875">
        <ele>6.80000019073486328125</ele>
        <time>2025-04-13T09:08:15.000Z</time>
        <extensions>
          <ns3:TrackPointExtension>
            <ns3:hr>146</ns3:hr>
            <ns3:cad>96</ns3:cad>
          </ns3:TrackPointExtension>
        </extensions>
      </trkpt>
      <trkpt lat="51.56614179722964763641357421875" lon="-2.868934012949466705322265625">
        <ele>6</ele>
        <time>2025-04-13T09:08:20.000Z</time>
        <extensions>
          <ns3:TrackPointExtension>
            <ns3:hr>146</ns3:hr>
            <ns3:cad>95</ns3:cad>
          </ns3:TrackPointExtension>
        </extensions>
      </trkpt>
      <trkpt lat="51.56628294847905635833740234375" lon="-2.86912034265697002410888671875">
        <ele>6</ele>
        <time>2025-04-13T09:08:25.000Z</time>
        <extensions>
          <ns3:TrackPointExtension>
            <ns3:hr>146</ns3:hr>
            <ns3:cad>96</ns3:cad>
          </ns3:TrackPointExtension>
        </extensions>
      </trkpt>
      <trkpt lat="51.5662758238613605499267578125" lon="-2.86941178143024444580078125">
        <ele>7</ele>
        <time>2025-04-13T09:08:30.000Z</time>
        <extensions>
          <ns3:TrackPointExtension>
            <ns3:hr>145</ns3:hr>
            <ns3:cad>95</ns3:cad>
          </ns3:TrackPointExtension>
        </extensions>
      </trkpt>
      <trkpt lat="51.5661858022212982177734375" lon="-2.8696697764098644256591796875">
        <ele>7.80000019073486328125</ele>
        <time>2025-04-13T09:08:35.000Z</time>
        <extensions>
          <ns3:TrackPointExtension>
            <ns3:hr>146</ns3:hr>
            <ns3:cad>95</ns3:cad>
          </ns3:TrackPointExtension>
        </extensions>
      </trkpt>
      <trkpt lat="51.56608991324901580810546875" lon="-2.8699423559010028839111328125">
        <ele>8.19999980926513671875</ele>
        <time>2025-04-13T09:08:40.000Z</time>
        <extensions>
          <ns3:TrackPointExtension>
            <ns3:hr>146</ns3:hr>
            <ns3:cad>96</ns3:cad>
          </ns3:TrackPointExtension>
        </extensions>
      </trkpt>
      <trkpt lat="51.5660102851688861846923828125" lon="-2.8702149353921413421630859375">
        <ele>8.3999996185302734375</ele>
        <time>2025-04-13T09:08:45.000Z</time>
        <extensions>
          <ns3:TrackPointExtension>
            <ns3:hr>147</ns3:hr>
            <ns3:cad>96</ns3:cad>
          </ns3:TrackPointExtension>
        </extensions>
      </trkpt>
      <trkpt lat="51.56592495739459991455078125" lon="-2.87048357538878917694091796875">
        <ele>9</ele>
        <time>2025-04-13T09:08:50.000Z</time>
        <extensions>
          <ns3:TrackPointExtension>
            <ns3:hr>147</ns3:hr>
            <ns3:cad>95</ns3:cad>
          </ns3:TrackPointExtension>
        </extensions>
      </trkpt>
      <trkpt lat="51.565831415355205535888671875" lon="-2.87079068832099437713623046875">
        <ele>8.80000019073486328125</ele>
        <time>2025-04-13T09:08:56.000Z</time>
        <extensions>
          <ns3:TrackPointExtension>
            <ns3:hr>147</ns3:hr>
            <ns3:cad>95</ns3:cad>
          </ns3:TrackPointExtension>
        </extensions>
      </trkpt>
      <trkpt lat="51.5657477639615535736083984375" lon="-2.87104801274836063385009765625">
        <ele>7.80000019073486328125</ele>
        <time>2025-04-13T09:09:01.000Z</time>
        <extensions>
          <ns3:TrackPointExtension>
            <ns3:hr>146</ns3:hr>
            <ns3:cad>97</ns3:cad>
          </ns3:TrackPointExtension>
        </extensions>
      </trkpt>
      <trkpt lat="51.565658412873744964599609375" lon="-2.871316485106945037841796875">
        <ele>6.599999904632568359375</ele>
        <time>2025-04-13T09:09:06.000Z</time>
        <extensions>
          <ns3:TrackPointExtension>
            <ns3:hr>146</ns3:hr>
            <ns3:cad>95</ns3:cad>
          </ns3:TrackPointExtension>
        </extensions>
      </trkpt>
      <trkpt lat="51.56557224690914154052734375" lon="-2.871581017971038818359375">
        <ele>6</ele>
        <time>2025-04-13T09:09:11.000Z</time>
        <extensions>
          <ns3:TrackPointExtension>
            <ns3:hr>147</ns3:hr>
            <ns3:cad>95</ns3:cad>
          </ns3:TrackPointExtension>
        </extensions>
      </trkpt>
      <trkpt lat="51.5654795430600643157958984375" lon="-2.871893830597400665283203125">
        <ele>5.599999904632568359375</ele>
        <time>2025-04-13T09:09:17.000Z</time>
        <extensions>
          <ns3:TrackPointExtension>
            <ns3:hr>149</ns3:hr>
            <ns3:cad>96</ns3:cad>
          </ns3:TrackPointExtension>
        </extensions>
      </trkpt>
      <trkpt lat="51.5654024295508861541748046875" lon="-2.872167415916919708251953125">
        <ele>5</ele>
        <time>2025-04-13T09:09:22.000Z</time>
        <extensions>
          <ns3:TrackPointExtension>
            <ns3:hr>149</ns3:hr>
            <ns3:cad>97</ns3:cad>
          </ns3:TrackPointExtension>
        </extensions>
      </trkpt>
      <trkpt lat="51.56532389111816883087158203125" lon="-2.87243865430355072021484375">
        <ele>4.19999980926513671875</ele>
        <time>2025-04-13T09:09:27.000Z</time>
        <extensions>
          <ns3:TrackPointExtension>
            <ns3:hr>149</ns3:hr>
            <ns3:cad>96</ns3:cad>
          </ns3:TrackPointExtension>
        </extensions>
      </trkpt>
      <trkpt lat="51.56522381119430065155029296875" lon="-2.87273109890520572662353515625">
        <ele>4.400000095367431640625</ele>
        <time>2025-04-13T09:09:33.000Z</time>
        <extensions>
          <ns3:TrackPointExtension>
            <ns3:hr>149</ns3:hr>
            <ns3:cad>96</ns3:cad>
          </ns3:TrackPointExtension>
        </extensions>
      </trkpt>
      <trkpt lat="51.56513831578195095062255859375" lon="-2.872992195188999176025390625">
        <ele>5.400000095367431640625</ele>
        <time>2025-04-13T09:09:38.000Z</time>
        <extensions>
          <ns3:TrackPointExtension>
            <ns3:hr>149</ns3:hr>
            <ns3:cad>96</ns3:cad>
          </ns3:TrackPointExtension>
        </extensions>
      </trkpt>
      <trkpt lat="51.5650431811809539794921875" lon="-2.873297967016696929931640625">
        <ele>6.400000095367431640625</ele>
        <time>2025-04-13T09:09:44.000Z</time>
        <extensions>
          <ns3:TrackPointExtension>
            <ns3:hr>150</ns3:hr>
            <ns3:cad>96</ns3:cad>
          </ns3:TrackPointExtension>
        </extensions>
      </trkpt>
      <trkpt lat="51.56494972296059131622314453125" lon="-2.87354950793087482452392578125">
        <ele>7</ele>
        <time>2025-04-13T09:09:49.000Z</time>
        <extensions>
          <ns3:TrackPointExtension>
            <ns3:hr>152</ns3:hr>
            <ns3:cad>96</ns3:cad>
          </ns3:TrackPointExtension>
        </extensions>
      </trkpt>
      <trkpt lat="51.56486707739531993865966796875" lon="-2.8738107718527317047119140625">
        <ele>7.400000095367431640625</ele>
        <time>2025-04-13T09:09:54.000Z</time>
        <extensions>
          <ns3:TrackPointExtension>
            <ns3:hr>151</ns3:hr>
            <ns3:cad>95</ns3:cad>
          </ns3:TrackPointExtension>
        </extensions>
      </trkpt>
      <trkpt lat="51.56478309072554111480712890625" lon="-2.87410556338727474212646484375">
        <ele>7.80000019073486328125</ele>
        <time>2025-04-13T09:10:00.000Z</time>
        <extensions>
          <ns3:TrackPointExtension>
            <ns3:hr>149</ns3:hr>
            <ns3:cad>96</ns3:cad>
          </ns3:TrackPointExtension>
        </extensions>
      </trkpt>
      <trkpt lat="51.564692147076129913330078125" lon="-2.8744013607501983642578125">
        <ele>8</ele>
        <time>2025-04-13T09:10:06.000Z</time>
        <extensions>
          <ns3:TrackPointExtension>
            <ns3:hr>148</ns3:hr>
            <ns3:cad>95</ns3:cad>
          </ns3:TrackPointExtension>
        </extensions>
      </trkpt>
      <trkpt lat="51.5645883791148662567138671875" lon="-2.874687351286411285400390625">
        <ele>8</ele>
        <time>2025-04-13T09:10:12.000Z</time>
        <extensions>
          <ns3:TrackPointExtension>
            <ns3:hr>148</ns3:hr>
            <ns3:cad>97</ns3:cad>
          </ns3:TrackPointExtension>
        </extensions>
      </trkpt>
      <trkpt lat="51.5645538456737995147705078125" lon="-2.87478751502931118011474609375">
        <ele>8</ele>
        <time>2025-04-13T09:10:14.000Z</time>
        <extensions>
          <ns3:TrackPointExtension>
            <ns3:hr>145</ns3:hr>
            <ns3:cad>96</ns3:cad>
          </ns3:TrackPointExtension>
        </extensions>
      </trkpt>
      <trkpt lat="51.56446809880435466766357421875" lon="-2.8750626929104328155517578125">
        <ele>8</ele>
        <time>2025-04-13T09:10:19.000Z</time>
        <extensions>
          <ns3:TrackPointExtension>
            <ns3:hr>145</ns3:hr>
            <ns3:cad>94</ns3:cad>
          </ns3:TrackPointExtension>
        </extensions>
      </trkpt>
      <trkpt lat="51.5643882192671298980712890625" lon="-2.8753409720957279205322265625">
        <ele>7.400000095367431640625</ele>
        <time>2025-04-13T09:10:24.000Z</time>
        <extensions>
          <ns3:TrackPointExtension>
            <ns3:hr>144</ns3:hr>
            <ns3:cad>95</ns3:cad>
          </ns3:TrackPointExtension>
        </extensions>
      </trkpt>
      <trkpt lat="51.56430381350219249725341796875" lon="-2.87560994736850261688232421875">
        <ele>6</ele>
        <time>2025-04-13T09:10:29.000Z</time>
        <extensions>
          <ns3:TrackPointExtension>
            <ns3:hr>146</ns3:hr>
            <ns3:cad>96</ns3:cad>
          </ns3:TrackPointExtension>
        </extensions>
      </trkpt>
      <trkpt lat="51.56421479769051074981689453125" lon="-2.87586911581456661224365234375">
        <ele>5.19999980926513671875</ele>
        <time>2025-04-13T09:10:34.000Z</time>
        <extensions>
          <ns3:TrackPointExtension>
            <ns3:hr>145</ns3:hr>
            <ns3:cad>95</ns3:cad>
          </ns3:TrackPointExtension>
        </extensions>
      </trkpt>
      <trkpt lat="51.564133577048778533935546875" lon="-2.8761456348001956939697265625">
        <ele>5</ele>
        <time>2025-04-13T09:10:39.000Z</time>
        <extensions>
          <ns3:TrackPointExtension>
            <ns3:hr>145</ns3:hr>
            <ns3:cad>95</ns3:cad>
          </ns3:TrackPointExtension>
        </extensions>
      </trkpt>
      <trkpt lat="51.56406090594828128814697265625" lon="-2.87641695700585842132568359375">
        <ele>5.400000095367431640625</ele>
        <time>2025-04-13T09:10:44.000Z</time>
        <extensions>
          <ns3:TrackPointExtension>
            <ns3:hr>147</ns3:hr>
            <ns3:cad>95</ns3:cad>
          </ns3:TrackPointExtension>
        </extensions>
      </trkpt>
      <trkpt lat="51.5640105307102203369140625" lon="-2.87658107466995716094970703125">
        <ele>6</ele>
        <time>2025-04-13T09:10:47.000Z</time>
        <extensions>
          <ns3:TrackPointExtension>
            <ns3:hr>150</ns3:hr>
            <ns3:cad>95</ns3:cad>
          </ns3:TrackPointExtension>
        </extensions>
      </trkpt>
      <trkpt lat="51.56392679549753665924072265625" lon="-2.87686320953071117401123046875">
        <ele>7</ele>
        <time>2025-04-13T09:10:52.000Z</time>
        <extensions>
          <ns3:TrackPointExtension>
            <ns3:hr>151</ns3:hr>
            <ns3:cad>96</ns3:cad>
          </ns3:TrackPointExtension>
        </extensions>
      </trkpt>
      <trkpt lat="51.56387851573526859283447265625" lon="-2.8770119883120059967041015625">
        <ele>7</ele>
        <time>2025-04-13T09:10:55.000Z</time>
        <extensions>
          <ns3:TrackPointExtension>
            <ns3:hr>146</ns3:hr>
            <ns3:cad>96</ns3:cad>
          </ns3:TrackPointExtension>
        </extensions>
      </trkpt>
      <trkpt lat="51.56384758651256561279296875" lon="-2.87710972130298614501953125">
        <ele>7</ele>
        <time>2025-04-13T09:10:57.000Z</time>
        <extensions>
          <ns3:TrackPointExtension>
            <ns3:hr>149</ns3:hr>
            <ns3:cad>96</ns3:cad>
          </ns3:TrackPointExtension>
        </extensions>
      </trkpt>
      <trkpt lat="51.5638048388063907623291015625" lon="-2.8772579133510589599609375">
        <ele>7</ele>
        <time>2025-04-13T09:11:00.000Z</time>
        <extensions>
          <ns3:TrackPointExtension>
            <ns3:hr>152</ns3:hr>
            <ns3:cad>96</ns3:cad>
          </ns3:TrackPointExtension>
        </extensions>
      </trkpt>
      <trkpt lat="51.5637508593499660491943359375" lon="-2.8774186782538890838623046875">
        <ele>7</ele>
        <time>2025-04-13T09:11:03.000Z</time>
        <extensions>
          <ns3:TrackPointExtension>
            <ns3:hr>155</ns3:hr>
            <ns3:cad>96</ns3:cad>
          </ns3:TrackPointExtension>
        </extensions>
      </trkpt>
      <trkpt lat="51.5636667050421237945556640625" lon="-2.87769083864986896514892578125">
        <ele>6.599999904632568359375</ele>
        <time>2025-04-13T09:11:08.000Z</time>
        <extensions>
          <ns3:TrackPointExtension>
            <ns3:hr>157</ns3:hr>
            <ns3:cad>96</ns3:cad>
          </ns3:TrackPointExtension>
        </extensions>
      </trkpt>
      <trkpt lat="51.5635947883129119873046875" lon="-2.877967357635498046875">
        <ele>5.599999904632568359375</ele>
        <time>2025-04-13T09:11:13.000Z</time>
        <extensions>
          <ns3:TrackPointExtension>
            <ns3:hr>156</ns3:hr>
            <ns3:cad>96</ns3:cad>
          </ns3:TrackPointExtension>
        </extensions>
      </trkpt>
      <trkpt lat="51.5635124780237674713134765625" lon="-2.87824320606887340545654296875">
        <ele>5</ele>
        <time>2025-04-13T09:11:18.000Z</time>
        <extensions>
          <ns3:TrackPointExtension>
            <ns3:hr>158</ns3:hr>
            <ns3:cad>96</ns3:cad>
          </ns3:TrackPointExtension>
        </extensions>
      </trkpt>
      <trkpt lat="51.5634350292384624481201171875" lon="-2.87851645611226558685302734375">
        <ele>5.19999980926513671875</ele>
        <time>2025-04-13T09:11:23.000Z</time>
        <extensions>
          <ns3:TrackPointExtension>
            <ns3:hr>155</ns3:hr>
            <ns3:cad>95</ns3:cad>
          </ns3:TrackPointExtension>
        </extensions>
      </trkpt>
      <trkpt lat="51.563388593494892120361328125" lon="-2.87868308834731578826904296875">
        <ele>5.80000019073486328125</ele>
        <time>2025-04-13T09:11:26.000Z</time>
        <extensions>
          <ns3:TrackPointExtension>
            <ns3:hr>154</ns3:hr>
            <ns3:cad>95</ns3:cad>
          </ns3:TrackPointExtension>
        </extensions>
      </trkpt>
      <trkpt lat="51.5632970631122589111328125" lon="-2.8789465315639972686767578125">
        <ele>6.80000019073486328125</ele>
        <time>2025-04-13T09:11:31.000Z</time>
        <extensions>
          <ns3:TrackPointExtension>
            <ns3:hr>152</ns3:hr>
            <ns3:cad>96</ns3:cad>
          </ns3:TrackPointExtension>
        </extensions>
      </trkpt>
      <trkpt lat="51.56321299262344837188720703125" lon="-2.87920494563877582550048828125">
        <ele>7.599999904632568359375</ele>
        <time>2025-04-13T09:11:36.000Z</time>
        <extensions>
          <ns3:TrackPointExtension>
            <ns3:hr>153</ns3:hr>
            <ns3:cad>96</ns3:cad>
          </ns3:TrackPointExtension>
        </extensions>
      </trkpt>
      <trkpt lat="51.5631248988211154937744140625" lon="-2.8794685564935207366943359375">
        <ele>6.599999904632568359375</ele>
        <time>2025-04-13T09:11:41.000Z</time>
        <extensions>
          <ns3:TrackPointExtension>
            <ns3:hr>152</ns3:hr>
            <ns3:cad>96</ns3:cad>
          </ns3:TrackPointExtension>
        </extensions>
      </trkpt>
      <trkpt lat="51.56303093768656253814697265625" lon="-2.879729568958282470703125">
        <ele>5.599999904632568359375</ele>
        <time>2025-04-13T09:11:46.000Z</time>
        <extensions>
          <ns3:TrackPointExtension>
            <ns3:hr>151</ns3:hr>
            <ns3:cad>96</ns3:cad>
          </ns3:TrackPointExtension>
        </extensions>
      </trkpt>
      <trkpt lat="51.56294041313230991363525390625" lon="-2.879994101822376251220703125">
        <ele>5.599999904632568359375</ele>
        <time>2025-04-13T09:11:51.000Z</time>
        <extensions>
          <ns3:TrackPointExtension>
            <ns3:hr>152</ns3:hr>
            <ns3:cad>97</ns3:cad>
          </ns3:TrackPointExtension>
        </extensions>
      </trkpt>
      <trkpt lat="51.56285575591027736663818359375" lon="-2.8802780807018280029296875">
        <ele>5.80000019073486328125</ele>
        <time>2025-04-13T09:11:57.000Z</time>
        <extensions>
          <ns3:TrackPointExtension>
            <ns3:hr>150</ns3:hr>
            <ns3:cad>95</ns3:cad>
          </ns3:TrackPointExtension>
        </extensions>
      </trkpt>
      <trkpt lat="51.56276523135602474212646484375" lon="-2.8805784881114959716796875">
        <ele>6.80000019073486328125</ele>
        <time>2025-04-13T09:12:03.000Z</time>
        <extensions>
          <ns3:TrackPointExtension>
            <ns3:hr>148</ns3:hr>
            <ns3:cad>96</ns3:cad>
          </ns3:TrackPointExtension>
        </extensions>
      </trkpt>
      <trkpt lat="51.56271426938474178314208984375" lon="-2.8807932324707508087158203125">
        <ele>7.599999904632568359375</ele>
        <time>2025-04-13T09:12:07.000Z</time>
        <extensions>
          <ns3:TrackPointExtension>
            <ns3:hr>151</ns3:hr>
            <ns3:cad>96</ns3:cad>
          </ns3:TrackPointExtension>
        </extensions>
      </trkpt>
      <trkpt lat="51.5626307018101215362548828125" lon="-2.88111166097223758697509765625">
        <ele>7.599999904632568359375</ele>
        <time>2025-04-13T09:12:13.000Z</time>
        <extensions>
          <ns3:TrackPointExtension>
            <ns3:hr>151</ns3:hr>
            <ns3:cad>96</ns3:cad>
          </ns3:TrackPointExtension>
        </extensions>
      </trkpt>
      <trkpt lat="51.5625619702041149139404296875" lon="-2.88137979805469512939453125">
        <ele>7.80000019073486328125</ele>
        <time>2025-04-13T09:12:18.000Z</time>
        <extensions>
          <ns3:TrackPointExtension>
            <ns3:hr>150</ns3:hr>
            <ns3:cad>96</ns3:cad>
          </ns3:TrackPointExtension>
        </extensions>
      </trkpt>
      <trkpt lat="51.56247069127857685089111328125" lon="-2.881687581539154052734375">
        <ele>7.400000095367431640625</ele>
        <time>2025-04-13T09:12:24.000Z</time>
        <extensions>
          <ns3:TrackPointExtension>
            <ns3:hr>148</ns3:hr>
            <ns3:cad>96</ns3:cad>
          </ns3:TrackPointExtension>
        </extensions>
      </trkpt>
      <trkpt lat="51.56239592470228672027587890625" lon="-2.88196678273379802703857421875">
        <ele>7</ele>
        <time>2025-04-13T09:12:29.000Z</time>
        <extensions>
          <ns3:TrackPointExtension>
            <ns3:hr>145</ns3:hr>
            <ns3:cad>96</ns3:cad>
          </ns3:TrackPointExtension>
        </extensions>
      </trkpt>
      <trkpt lat="51.56232635490596294403076171875" lon="-2.8822342492640018463134765625">
        <ele>7</ele>
        <time>2025-04-13T09:12:34.000Z</time>
        <extensions>
          <ns3:TrackPointExtension>
            <ns3:hr>145</ns3:hr>
            <ns3:cad>96</ns3:cad>
          </ns3:TrackPointExtension>
        </extensions>
      </trkpt>
      <trkpt lat="51.562234573066234588623046875" lon="-2.88253172300755977630615234375">
        <ele>7</ele>
        <time>2025-04-13T09:12:40.000Z</time>
        <extensions>
          <ns3:TrackPointExtension>
            <ns3:hr>146</ns3:hr>
            <ns3:cad>96</ns3:cad>
          </ns3:TrackPointExtension>
        </extensions>
      </trkpt>
      <trkpt lat="51.56213876791298389434814453125" lon="-2.88284420035779476165771484375">
        <ele>6.599999904632568359375</ele>
        <time>2025-04-13T09:12:46.000Z</time>
        <extensions>
          <ns3:TrackPointExtension>
            <ns3:hr>144</ns3:hr>
            <ns3:cad>96</ns3:cad>
          </ns3:TrackPointExtension>
        </extensions>
      </trkpt>
      <trkpt lat="51.5620479919016361236572265625" lon="-2.88311242125928401947021484375">
        <ele>7</ele>
        <time>2025-04-13T09:12:51.000Z</time>
        <extensions>
          <ns3:TrackPointExtension>
            <ns3:hr>142</ns3:hr>
            <ns3:cad>96</ns3:cad>
          </ns3:TrackPointExtension>
        </extensions>
      </trkpt>
      <trkpt lat="51.56196828000247478485107421875" lon="-2.88337712176144123077392578125">
        <ele>7.80000019073486328125</ele>
        <time>2025-04-13T09:12:56.000Z</time>
        <extensions>
          <ns3:TrackPointExtension>
            <ns3:hr>141</ns3:hr>
            <ns3:cad>97</ns3:cad>
          </ns3:TrackPointExtension>
        </extensions>
      </trkpt>
      <trkpt lat="51.56189267523586750030517578125" lon="-2.88364584557712078094482421875">
        <ele>8.19999980926513671875</ele>
        <time>2025-04-13T09:13:01.000Z</time>
        <extensions>
          <ns3:TrackPointExtension>
            <ns3:hr>142</ns3:hr>
            <ns3:cad>96</ns3:cad>
          </ns3:TrackPointExtension>
        </extensions>
      </trkpt>
      <trkpt lat="51.5618129633367061614990234375" lon="-2.88391808979213237762451171875">
        <ele>7.80000019073486328125</ele>
        <time>2025-04-13T09:13:06.000Z</time>
        <extensions>
          <ns3:TrackPointExtension>
            <ns3:hr>143</ns3:hr>
            <ns3:cad>97</ns3:cad>
          </ns3:TrackPointExtension>
        </extensions>
      </trkpt>
      <trkpt lat="51.56173492781817913055419921875" lon="-2.884199135005474090576171875">
        <ele>7.19999980926513671875</ele>
        <time>2025-04-13T09:13:11.000Z</time>
        <extensions>
          <ns3:TrackPointExtension>
            <ns3:hr>143</ns3:hr>
            <ns3:cad>97</ns3:cad>
          </ns3:TrackPointExtension>
        </extensions>
      </trkpt>
      <trkpt lat="51.56169050373136997222900390625" lon="-2.884368784725666046142578125">
        <ele>7</ele>
        <time>2025-04-13T09:13:14.000Z</time>
        <extensions>
          <ns3:TrackPointExtension>
            <ns3:hr>146</ns3:hr>
            <ns3:cad>97</ns3:cad>
          </ns3:TrackPointExtension>
        </extensions>
      </trkpt>
      <trkpt lat="51.56163652427494525909423828125" lon="-2.88459450937807559967041015625">
        <ele>7</ele>
        <time>2025-04-13T09:13:18.000Z</time>
        <extensions>
          <ns3:TrackPointExtension>
            <ns3:hr>149</ns3:hr>
            <ns3:cad>96</ns3:cad>
          </ns3:TrackPointExtension>
        </extensions>
      </trkpt>
      <trkpt lat="51.561551280319690704345703125" lon="-2.88490095175802707672119140625">
        <ele>7</ele>
        <time>2025-04-13T09:13:24.000Z</time>
        <extensions>
          <ns3:TrackPointExtension>
            <ns3:hr>147</ns3:hr>
            <ns3:cad>96</ns3:cad>
          </ns3:TrackPointExtension>
        </extensions>
      </trkpt>
      <trkpt lat="51.56146167777478694915771484375" lon="-2.8852027840912342071533203125">
        <ele>7</ele>
        <time>2025-04-13T09:13:30.000Z</time>
        <extensions>
          <ns3:TrackPointExtension>
            <ns3:hr>146</ns3:hr>
            <ns3:cad>96</ns3:cad>
          </ns3:TrackPointExtension>
        </extensions>
      </trkpt>
      <trkpt lat="51.56135908327996730804443359375" lon="-2.88550495170056819915771484375">
        <ele>6.599999904632568359375</ele>
        <time>2025-04-13T09:13:36.000Z</time>
        <extensions>
          <ns3:TrackPointExtension>
            <ns3:hr>148</ns3:hr>
            <ns3:cad>95</ns3:cad>
          </ns3:TrackPointExtension>
        </extensions>
      </trkpt>
      <trkpt lat="51.56127140857279300689697265625" lon="-2.8857777826488018035888671875">
        <ele>5.599999904632568359375</ele>
        <time>2025-04-13T09:13:41.000Z</time>
        <extensions>
          <ns3:TrackPointExtension>
            <ns3:hr>150</ns3:hr>
            <ns3:cad>95</ns3:cad>
          </ns3:TrackPointExtension>
        </extensions>
      </trkpt>
      <trkpt lat="51.5611799620091915130615234375" lon="-2.88604977540671825408935546875">
        <ele>5</ele>
        <time>2025-04-13T09:13:46.000Z</time>
        <extensions>
          <ns3:TrackPointExtension>
            <ns3:hr>149</ns3:hr>
            <ns3:cad>96</ns3:cad>
          </ns3:TrackPointExtension>
        </extensions>
      </trkpt>
      <trkpt lat="51.561090610921382904052734375" lon="-2.88632981479167938232421875">
        <ele>5.400000095367431640625</ele>
        <time>2025-04-13T09:13:51.000Z</time>
        <extensions>
          <ns3:TrackPointExtension>
            <ns3:hr>149</ns3:hr>
            <ns3:cad>95</ns3:cad>
          </ns3:TrackPointExtension>
        </extensions>
      </trkpt>
      <trkpt lat="51.5610059536993503570556640625" lon="-2.8866213373839855194091796875">
        <ele>6.400000095367431640625</ele>
        <time>2025-04-13T09:13:56.000Z</time>
        <extensions>
          <ns3:TrackPointExtension>
            <ns3:hr>150</ns3:hr>
            <ns3:cad>95</ns3:cad>
          </ns3:TrackPointExtension>
        </extensions>
      </trkpt>
      <trkpt lat="51.56093378551304340362548828125" lon="-2.88688746280968189239501953125">
        <ele>7.400000095367431640625</ele>
        <time>2025-04-13T09:14:01.000Z</time>
        <extensions>
          <ns3:TrackPointExtension>
            <ns3:hr>149</ns3:hr>
            <ns3:cad>96</ns3:cad>
          </ns3:TrackPointExtension>
        </extensions>
      </trkpt>
      <trkpt lat="51.56085181050002574920654296875" lon="-2.8872110880911350250244140625">
        <ele>9.19999980926513671875</ele>
        <time>2025-04-13T09:14:07.000Z</time>
        <extensions>
          <ns3:TrackPointExtension>
            <ns3:hr>147</ns3:hr>
            <ns3:cad>96</ns3:cad>
          </ns3:TrackPointExtension>
        </extensions>
      </trkpt>
      <trkpt lat="51.5607715956866741180419921875" lon="-2.887529768049716949462890625">
        <ele>10.19999980926513671875</ele>
        <time>2025-04-13T09:14:13.000Z</time>
        <extensions>
          <ns3:TrackPointExtension>
            <ns3:hr>146</ns3:hr>
            <ns3:cad>95</ns3:cad>
          </ns3:TrackPointExtension>
        </extensions>
      </trkpt>
      <trkpt lat="51.56068836338818073272705078125" lon="-2.88779002614319324493408203125">
        <ele>10.3999996185302734375</ele>
        <time>2025-04-13T09:14:18.000Z</time>
        <extensions>
          <ns3:TrackPointExtension>
            <ns3:hr>145</ns3:hr>
            <ns3:cad>97</ns3:cad>
          </ns3:TrackPointExtension>
        </extensions>
      </trkpt>
      <trkpt lat="51.56059247441589832305908203125" lon="-2.88806009106338024139404296875">
        <ele>10</ele>
        <time>2025-04-13T09:14:23.000Z</time>
        <extensions>
          <ns3:TrackPointExtension>
            <ns3:hr>144</ns3:hr>
            <ns3:cad>95</ns3:cad>
          </ns3:TrackPointExtension>
        </extensions>
      </trkpt>
      <trkpt lat="51.56050580553710460662841796875" lon="-2.88832328282296657562255859375">
        <ele>9.80000019073486328125</ele>
        <time>2025-04-13T09:14:28.000Z</time>
        <extensions>
          <ns3:TrackPointExtension>
            <ns3:hr>143</ns3:hr>
            <ns3:cad>96</ns3:cad>
          </ns3:TrackPointExtension>
        </extensions>
      </trkpt>
      <trkpt lat="51.5604205615818500518798828125" lon="-2.88859804160892963409423828125">
        <ele>8.80000019073486328125</ele>
        <time>2025-04-13T09:14:33.000Z</time>
        <extensions>
          <ns3:TrackPointExtension>
            <ns3:hr>144</ns3:hr>
            <ns3:cad>95</ns3:cad>
          </ns3:TrackPointExtension>
        </extensions>
      </trkpt>
      <trkpt lat="51.56034185551106929779052734375" lon="-2.8888155519962310791015625">
        <ele>7.80000019073486328125</ele>
        <time>2025-04-13T09:14:37.000Z</time>
        <extensions>
          <ns3:TrackPointExtension>
            <ns3:hr>147</ns3:hr>
            <ns3:cad>95</ns3:cad>
          </ns3:TrackPointExtension>
        </extensions>
      </trkpt>
      <trkpt lat="51.560245715081691741943359375" lon="-2.889082431793212890625">
        <ele>6.599999904632568359375</ele>
        <time>2025-04-13T09:14:42.000Z</time>
        <extensions>
          <ns3:TrackPointExtension>
            <ns3:hr>149</ns3:hr>
            <ns3:cad>95</ns3:cad>
          </ns3:TrackPointExtension>
        </extensions>
      </trkpt>
      <trkpt lat="51.56022702343761920928955078125" lon="-2.8891352377831935882568359375">
        <ele>6.599999904632568359375</ele>
        <time>2025-04-13T09:14:43.000Z</time>
        <extensions>
          <ns3:TrackPointExtension>
            <ns3:hr>149</ns3:hr>
            <ns3:cad>95</ns3:cad>
          </ns3:TrackPointExtension>
        </extensions>
      </trkpt>
      <trkpt lat="51.56014119274914264678955078125" lon="-2.88939692080020904541015625">
        <ele>5.599999904632568359375</ele>
        <time>2025-04-13T09:14:48.000Z</time>
        <extensions>
          <ns3:TrackPointExtension>
            <ns3:hr>148</ns3:hr>
            <ns3:cad>97</ns3:cad>
          </ns3:TrackPointExtension>
        </extensions>
      </trkpt>
      <trkpt lat="51.56004681251943111419677734375" lon="-2.8896599449217319488525390625">
        <ele>5.19999980926513671875</ele>
        <time>2025-04-13T09:14:53.000Z</time>
        <extensions>
          <ns3:TrackPointExtension>
            <ns3:hr>147</ns3:hr>
            <ns3:cad>95</ns3:cad>
          </ns3:TrackPointExtension>
        </extensions>
      </trkpt>
      <trkpt lat="51.559962742030620574951171875" lon="-2.8899244777858257293701171875">
        <ele>4.80000019073486328125</ele>
        <time>2025-04-13T09:14:58.000Z</time>
        <extensions>
          <ns3:TrackPointExtension>
            <ns3:hr>145</ns3:hr>
            <ns3:cad>96</ns3:cad>
          </ns3:TrackPointExtension>
        </extensions>
      </trkpt>
      <trkpt lat="51.55988856218755245208740234375" lon="-2.890212647616863250732421875">
        <ele>4.400000095367431640625</ele>
        <time>2025-04-13T09:15:03.000Z</time>
        <extensions>
          <ns3:TrackPointExtension>
            <ns3:hr>145</ns3:hr>
            <ns3:cad>96</ns3:cad>
          </ns3:TrackPointExtension>
        </extensions>
      </trkpt>
      <trkpt lat="51.55980524607002735137939453125" lon="-2.89049335755407810211181640625">
        <ele>4.80000019073486328125</ele>
        <time>2025-04-13T09:15:08.000Z</time>
        <extensions>
          <ns3:TrackPointExtension>
            <ns3:hr>145</ns3:hr>
            <ns3:cad>95</ns3:cad>
          </ns3:TrackPointExtension>
        </extensions>
      </trkpt>
      <trkpt lat="51.55972477979958057403564453125" lon="-2.89075504057109355926513671875">
        <ele>5.19999980926513671875</ele>
        <time>2025-04-13T09:15:13.000Z</time>
        <extensions>
          <ns3:TrackPointExtension>
            <ns3:hr>146</ns3:hr>
            <ns3:cad>96</ns3:cad>
          </ns3:TrackPointExtension>
        </extensions>
      </trkpt>
      <trkpt lat="51.559642218053340911865234375" lon="-2.8910235129296779632568359375">
        <ele>5.599999904632568359375</ele>
        <time>2025-04-13T09:15:18.000Z</time>
        <extensions>
          <ns3:TrackPointExtension>
            <ns3:hr>148</ns3:hr>
            <ns3:cad>95</ns3:cad>
          </ns3:TrackPointExtension>
        </extensions>
      </trkpt>
      <trkpt lat="51.55955915339291095733642578125" lon="-2.89129433222115039825439453125">
        <ele>6.599999904632568359375</ele>
        <time>2025-04-13T09:15:23.000Z</time>
        <extensions>
          <ns3:TrackPointExtension>
            <ns3:hr>149</ns3:hr>
            <ns3:cad>96</ns3:cad>
          </ns3:TrackPointExtension>
        </extensions>
      </trkpt>
      <trkpt lat="51.5594841353595256805419921875" lon="-2.89156573824584484100341796875">
        <ele>7</ele>
        <time>2025-04-13T09:15:28.000Z</time>
        <extensions>
          <ns3:TrackPointExtension>
            <ns3:hr>148</ns3:hr>
            <ns3:cad>96</ns3:cad>
          </ns3:TrackPointExtension>
        </extensions>
      </trkpt>
      <trkpt lat="51.55940174125134944915771484375" lon="-2.8918422572314739227294921875">
        <ele>7</ele>
        <time>2025-04-13T09:15:33.000Z</time>
        <extensions>
          <ns3:TrackPointExtension>
            <ns3:hr>148</ns3:hr>
            <ns3:cad>95</ns3:cad>
          </ns3:TrackPointExtension>
        </extensions>
      </trkpt>
      <trkpt lat="51.55932546593248844146728515625" lon="-2.89212615229189395904541015625">
        <ele>7</ele>
        <time>2025-04-13T09:15:38.000Z</time>
        <extensions>
          <ns3:TrackPointExtension>
            <ns3:hr>151</ns3:hr>
            <ns3:cad>97</ns3:cad>
          </ns3:TrackPointExtension>
        </extensions>
      </trkpt>
      <trkpt lat="51.5593346022069454193115234375" lon="-2.89241516031324863433837890625">
        <ele>7.80000019073486328125</ele>
        <time>2025-04-13T09:15:43.000Z</time>
        <extensions>
          <ns3:TrackPointExtension>
            <ns3:hr>149</ns3:hr>
            <ns3:cad>95</ns3:cad>
          </ns3:TrackPointExtension>
        </extensions>
      </trkpt>
      <trkpt lat="51.5594775974750518798828125" lon="-2.89263141341507434844970703125">
        <ele>7.80000019073486328125</ele>
        <time>2025-04-13T09:15:48.000Z</time>
        <extensions>
          <ns3:TrackPointExtension>
            <ns3:hr>147</ns3:hr>
            <ns3:cad>96</ns3:cad>
          </ns3:TrackPointExtension>
        </extensions>
      </trkpt>
      <trkpt lat="51.55962469987571239471435546875" lon="-2.8928192518651485443115234375">
        <ele>7</ele>
        <time>2025-04-13T09:15:53.000Z</time>
        <extensions>
          <ns3:TrackPointExtension>
            <ns3:hr>145</ns3:hr>
            <ns3:cad>95</ns3:cad>
          </ns3:TrackPointExtension>
        </extensions>
      </trkpt>
      <trkpt lat="51.55976886861026287078857421875" lon="-2.89301044307649135589599609375">
        <ele>6</ele>
        <time>2025-04-13T09:15:58.000Z</time>
        <extensions>
          <ns3:TrackPointExtension>
            <ns3:hr>147</ns3:hr>
            <ns3:cad>96</ns3:cad>
          </ns3:TrackPointExtension>
        </extensions>
      </trkpt>
      <trkpt lat="51.5599317289888858795166015625" lon="-2.8932383470237255096435546875">
        <ele>4.80000019073486328125</ele>
        <time>2025-04-13T09:16:04.000Z</time>
        <extensions>
          <ns3:TrackPointExtension>
            <ns3:hr>148</ns3:hr>
            <ns3:cad>95</ns3:cad>
          </ns3:TrackPointExtension>
        </extensions>
      </trkpt>
      <trkpt lat="51.56007631681859493255615234375" lon="-2.8934318013489246368408203125">
        <ele>3.7999999523162841796875</ele>
        <time>2025-04-13T09:16:09.000Z</time>
        <extensions>
          <ns3:TrackPointExtension>
            <ns3:hr>148</ns3:hr>
            <ns3:cad>95</ns3:cad>
          </ns3:TrackPointExtension>
        </extensions>
      </trkpt>
      <trkpt lat="51.5602274425327777862548828125" lon="-2.893625758588314056396484375">
        <ele>3.599999904632568359375</ele>
        <time>2025-04-13T09:16:14.000Z</time>
        <extensions>
          <ns3:TrackPointExtension>
            <ns3:hr>148</ns3:hr>
            <ns3:cad>97</ns3:cad>
          </ns3:TrackPointExtension>
        </extensions>
      </trkpt>
      <trkpt lat="51.56037186272442340850830078125" lon="-2.8938277624547481536865234375">
        <ele>4.400000095367431640625</ele>
        <time>2025-04-13T09:16:19.000Z</time>
        <extensions>
          <ns3:TrackPointExtension>
            <ns3:hr>149</ns3:hr>
            <ns3:cad>95</ns3:cad>
          </ns3:TrackPointExtension>
        </extensions>
      </trkpt>
      <trkpt lat="51.56051636673510074615478515625" lon="-2.8940138407051563262939453125">
        <ele>5</ele>
        <time>2025-04-13T09:16:24.000Z</time>
        <extensions>
          <ns3:TrackPointExtension>
            <ns3:hr>150</ns3:hr>
            <ns3:cad>97</ns3:cad>
          </ns3:TrackPointExtension>
        </extensions>
      </trkpt>
      <trkpt lat="51.56065248884260654449462890625" lon="-2.89420804940164089202880859375">
        <ele>5.80000019073486328125</ele>
        <time>2025-04-13T09:16:29.000Z</time>
        <extensions>
          <ns3:TrackPointExtension>
            <ns3:hr>149</ns3:hr>
            <ns3:cad>95</ns3:cad>
          </ns3:TrackPointExtension>
        </extensions>
      </trkpt>
      <trkpt lat="51.56080705113708972930908203125" lon="-2.8944450058043003082275390625">
        <ele>6.400000095367431640625</ele>
        <time>2025-04-13T09:16:35.000Z</time>
        <extensions>
          <ns3:TrackPointExtension>
            <ns3:hr>147</ns3:hr>
            <ns3:cad>95</ns3:cad>
          </ns3:TrackPointExtension>
        </extensions>
      </trkpt>
      <trkpt lat="51.56093512661755084991455078125" lon="-2.894666455686092376708984375">
        <ele>7</ele>
        <time>2025-04-13T09:16:40.000Z</time>
        <extensions>
          <ns3:TrackPointExtension>
            <ns3:hr>149</ns3:hr>
            <ns3:cad>96</ns3:cad>
          </ns3:TrackPointExtension>
        </extensions>
      </trkpt>
      <trkpt lat="51.56106454320251941680908203125" lon="-2.89488312788307666778564453125">
        <ele>7.80000019073486328125</ele>
        <time>2025-04-13T09:16:45.000Z</time>
        <extensions>
          <ns3:TrackPointExtension>
            <ns3:hr>151</ns3:hr>
            <ns3:cad>96</ns3:cad>
          </ns3:TrackPointExtension>
        </extensions>
      </trkpt>
      <trkpt lat="51.56120904721319675445556640625" lon="-2.89513508789241313934326171875">
        <ele>7.80000019073486328125</ele>
        <time>2025-04-13T09:16:51.000Z</time>
        <extensions>
          <ns3:TrackPointExtension>
            <ns3:hr>149</ns3:hr>
            <ns3:cad>96</ns3:cad>
          </ns3:TrackPointExtension>
        </extensions>
      </trkpt>
      <trkpt lat="51.5613432414829730987548828125" lon="-2.895339019596576690673828125">
        <ele>7.19999980926513671875</ele>
        <time>2025-04-13T09:16:56.000Z</time>
        <extensions>
          <ns3:TrackPointExtension>
            <ns3:hr>149</ns3:hr>
            <ns3:cad>97</ns3:cad>
          </ns3:TrackPointExtension>
        </extensions>
      </trkpt>
      <trkpt lat="51.56147609464824199676513671875" lon="-2.89553574286401271820068359375">
        <ele>6.80000019073486328125</ele>
        <time>2025-04-13T09:17:01.000Z</time>
        <extensions>
          <ns3:TrackPointExtension>
            <ns3:hr>148</ns3:hr>
            <ns3:cad>96</ns3:cad>
          </ns3:TrackPointExtension>
        </extensions>
      </trkpt>
      <trkpt lat="51.56163275241851806640625" lon="-2.89576674811542034149169921875">
        <ele>5.19999980926513671875</ele>
        <time>2025-04-13T09:17:07.000Z</time>
        <extensions>
          <ns3:TrackPointExtension>
            <ns3:hr>147</ns3:hr>
            <ns3:cad>95</ns3:cad>
          </ns3:TrackPointExtension>
        </extensions>
      </trkpt>
      <trkpt lat="51.5617740713059902191162109375" lon="-2.8959621302783489227294921875">
        <ele>4.19999980926513671875</ele>
        <time>2025-04-13T09:17:12.000Z</time>
        <extensions>
          <ns3:TrackPointExtension>
            <ns3:hr>147</ns3:hr>
            <ns3:cad>95</ns3:cad>
          </ns3:TrackPointExtension>
        </extensions>
      </trkpt>
      <trkpt lat="51.5619215928018093109130859375" lon="-2.89614812470972537994384765625">
        <ele>3.2000000476837158203125</ele>
        <time>2025-04-13T09:17:17.000Z</time>
        <extensions>
          <ns3:TrackPointExtension>
            <ns3:hr>146</ns3:hr>
            <ns3:cad>96</ns3:cad>
          </ns3:TrackPointExtension>
        </extensions>
      </trkpt>
      <trkpt lat="51.56203709542751312255859375" lon="-2.89628642611205577850341796875">
        <ele>3</ele>
        <time>2025-04-13T09:17:21.000Z</time>
        <extensions>
          <ns3:TrackPointExtension>
            <ns3:hr>149</ns3:hr>
            <ns3:cad>96</ns3:cad>
          </ns3:TrackPointExtension>
        </extensions>
      </trkpt>
      <trkpt lat="51.562179587781429290771484375" lon="-2.8964740969240665435791015625">
        <ele>3.599999904632568359375</ele>
        <time>2025-04-13T09:17:26.000Z</time>
        <extensions>
          <ns3:TrackPointExtension>
            <ns3:hr>148</ns3:hr>
            <ns3:cad>95</ns3:cad>
          </ns3:TrackPointExtension>
        </extensions>
      </trkpt>
      <trkpt lat="51.5623292885720729827880859375" lon="-2.89666361175477504730224609375">
        <ele>4</ele>
        <time>2025-04-13T09:17:31.000Z</time>
        <extensions>
          <ns3:TrackPointExtension>
            <ns3:hr>147</ns3:hr>
            <ns3:cad>96</ns3:cad>
          </ns3:TrackPointExtension>
        </extensions>
      </trkpt>
      <trkpt lat="51.56249818392097949981689453125" lon="-2.89688221178948879241943359375">
        <ele>5</ele>
        <time>2025-04-13T09:17:37.000Z</time>
        <extensions>
          <ns3:TrackPointExtension>
            <ns3:hr>148</ns3:hr>
            <ns3:cad>96</ns3:cad>
          </ns3:TrackPointExtension>
        </extensions>
      </trkpt>
      <trkpt lat="51.56264117918908596038818359375" lon="-2.89706074632704257965087890625">
        <ele>5</ele>
        <time>2025-04-13T09:17:42.000Z</time>
        <extensions>
          <ns3:TrackPointExtension>
            <ns3:hr>148</ns3:hr>
            <ns3:cad>95</ns3:cad>
          </ns3:TrackPointExtension>
        </extensions>
      </trkpt>
      <trkpt lat="51.56278601847589015960693359375" lon="-2.89723777212202548980712890625">
        <ele>5</ele>
        <time>2025-04-13T09:17:47.000Z</time>
        <extensions>
          <ns3:TrackPointExtension>
            <ns3:hr>147</ns3:hr>
            <ns3:cad>96</ns3:cad>
          </ns3:TrackPointExtension>
        </extensions>
      </trkpt>
      <trkpt lat="51.56293186359107494354248046875" lon="-2.89741228334605693817138671875">
        <ele>4.80000019073486328125</ele>
        <time>2025-04-13T09:17:52.000Z</time>
        <extensions>
          <ns3:TrackPointExtension>
            <ns3:hr>147</ns3:hr>
            <ns3:cad>95</ns3:cad>
          </ns3:TrackPointExtension>
        </extensions>
      </trkpt>
      <trkpt lat="51.5630789659917354583740234375" lon="-2.89758394472301006317138671875">
        <ele>5</ele>
        <time>2025-04-13T09:17:57.000Z</time>
        <extensions>
          <ns3:TrackPointExtension>
            <ns3:hr>146</ns3:hr>
            <ns3:cad>95</ns3:cad>
          </ns3:TrackPointExtension>
        </extensions>
      </trkpt>
      <trkpt lat="51.56310687772929668426513671875" lon="-2.89762191474437713623046875">
        <ele>5</ele>
        <time>2025-04-13T09:17:58.000Z</time>
        <extensions>
          <ns3:TrackPointExtension>
            <ns3:hr>146</ns3:hr>
            <ns3:cad>95</ns3:cad>
          </ns3:TrackPointExtension>
        </extensions>
      </trkpt>
      <trkpt lat="51.56327334232628345489501953125" lon="-2.897827439010143280029296875">
        <ele>4.19999980926513671875</ele>
        <time>2025-04-13T09:18:04.000Z</time>
        <extensions>
          <ns3:TrackPointExtension>
            <ns3:hr>144</ns3:hr>
            <ns3:cad>95</ns3:cad>
          </ns3:TrackPointExtension>
        </extensions>
      </trkpt>
      <trkpt lat="51.5634192712604999542236328125" lon="-2.8980128467082977294921875">
        <ele>4.19999980926513671875</ele>
        <time>2025-04-13T09:18:09.000Z</time>
        <extensions>
          <ns3:TrackPointExtension>
            <ns3:hr>145</ns3:hr>
            <ns3:cad>95</ns3:cad>
          </ns3:TrackPointExtension>
        </extensions>
      </trkpt>
      <trkpt lat="51.5635667927563190460205078125" lon="-2.89819682948291301727294921875">
        <ele>4.80000019073486328125</ele>
        <time>2025-04-13T09:18:14.000Z</time>
        <extensions>
          <ns3:TrackPointExtension>
            <ns3:hr>149</ns3:hr>
            <ns3:cad>97</ns3:cad>
          </ns3:TrackPointExtension>
        </extensions>
      </trkpt>
      <trkpt lat="51.5636532939970493316650390625" lon="-2.89830361492931842803955078125">
        <ele>5</ele>
        <time>2025-04-13T09:18:17.000Z</time>
        <extensions>
          <ns3:TrackPointExtension>
            <ns3:hr>145</ns3:hr>
            <ns3:cad>95</ns3:cad>
          </ns3:TrackPointExtension>
        </extensions>
      </trkpt>
      <trkpt lat="51.5637066029012203216552734375" lon="-2.89837972261011600494384765625">
        <ele>5</ele>
        <time>2025-04-13T09:18:19.000Z</time>
        <extensions>
          <ns3:TrackPointExtension>
            <ns3:hr>149</ns3:hr>
            <ns3:cad>94</ns3:cad>
          </ns3:TrackPointExtension>
        </extensions>
      </trkpt>
      <trkpt lat="51.56376183964312076568603515625" lon="-2.89845951832830905914306640625">
        <ele>4.599999904632568359375</ele>
        <time>2025-04-13T09:18:21.000Z</time>
        <extensions>
          <ns3:TrackPointExtension>
            <ns3:hr>145</ns3:hr>
            <ns3:cad>96</ns3:cad>
          </ns3:TrackPointExtension>
        </extensions>
      </trkpt>
      <trkpt lat="51.56382017768919467926025390625" lon="-2.8985377214848995208740234375">
        <ele>4.400000095367431640625</ele>
        <time>2025-04-13T09:18:23.000Z</time>
        <extensions>
          <ns3:TrackPointExtension>
            <ns3:hr>151</ns3:hr>
            <ns3:cad>96</ns3:cad>
          </ns3:TrackPointExtension>
        </extensions>
      </trkpt>
      <trkpt lat="51.563963256776332855224609375" lon="-2.8987211175262928009033203125">
        <ele>4.599999904632568359375</ele>
        <time>2025-04-13T09:18:28.000Z</time>
        <extensions>
          <ns3:TrackPointExtension>
            <ns3:hr>152</ns3:hr>
            <ns3:cad>96</ns3:cad>
          </ns3:TrackPointExtension>
        </extensions>
      </trkpt>
      <trkpt lat="51.56412544660270214080810546875" lon="-2.89893929846584796905517578125">
        <ele>3.400000095367431640625</ele>
        <time>2025-04-13T09:18:34.000Z</time>
        <extensions>
          <ns3:TrackPointExtension>
            <ns3:hr>149</ns3:hr>
            <ns3:cad>95</ns3:cad>
          </ns3:TrackPointExtension>
        </extensions>
      </trkpt>
      <trkpt lat="51.564271040260791778564453125" lon="-2.8991157375276088714599609375">
        <ele>2.599999904632568359375</ele>
        <time>2025-04-13T09:18:39.000Z</time>
        <extensions>
          <ns3:TrackPointExtension>
            <ns3:hr>147</ns3:hr>
            <ns3:cad>95</ns3:cad>
          </ns3:TrackPointExtension>
        </extensions>
      </trkpt>
      <trkpt lat="51.56441696919500827789306640625" lon="-2.89929318241775035858154296875">
        <ele>2.2000000476837158203125</ele>
        <time>2025-04-13T09:18:44.000Z</time>
        <extensions>
          <ns3:TrackPointExtension>
            <ns3:hr>147</ns3:hr>
            <ns3:cad>95</ns3:cad>
          </ns3:TrackPointExtension>
        </extensions>
      </trkpt>
      <trkpt lat="51.56455694697797298431396484375" lon="-2.89948244579136371612548828125">
        <ele>3</ele>
        <time>2025-04-13T09:18:49.000Z</time>
        <extensions>
          <ns3:TrackPointExtension>
            <ns3:hr>148</ns3:hr>
            <ns3:cad>95</ns3:cad>
          </ns3:TrackPointExtension>
        </extensions>
      </trkpt>
      <trkpt lat="51.56469407491385936737060546875" lon="-2.89967657066881656646728515625">
        <ele>4.599999904632568359375</ele>
        <time>2025-04-13T09:18:54.000Z</time>
        <extensions>
          <ns3:TrackPointExtension>
            <ns3:hr>147</ns3:hr>
            <ns3:cad>95</ns3:cad>
          </ns3:TrackPointExtension>
        </extensions>
      </trkpt>
      <trkpt lat="51.5648364834487438201904296875" lon="-2.89988511241972446441650390625">
        <ele>5.599999904632568359375</ele>
        <time>2025-04-13T09:18:59.000Z</time>
        <extensions>
          <ns3:TrackPointExtension>
            <ns3:hr>148</ns3:hr>
            <ns3:cad>95</ns3:cad>
          </ns3:TrackPointExtension>
        </extensions>
      </trkpt>
      <trkpt lat="51.56494796276092529296875" lon="-2.90012265555560588836669921875">
        <ele>5.80000019073486328125</ele>
        <time>2025-04-13T09:19:04.000Z</time>
        <extensions>
          <ns3:TrackPointExtension>
            <ns3:hr>148</ns3:hr>
            <ns3:cad>97</ns3:cad>
          </ns3:TrackPointExtension>
        </extensions>
      </trkpt>
      <trkpt lat="51.565009988844394683837890625" lon="-2.90041032247245311737060546875">
        <ele>5</ele>
        <time>2025-04-13T09:19:09.000Z</time>
        <extensions>
          <ns3:TrackPointExtension>
            <ns3:hr>147</ns3:hr>
            <ns3:cad>95</ns3:cad>
          </ns3:TrackPointExtension>
        </extensions>
      </trkpt>
      <trkpt lat="51.5650232322514057159423828125" lon="-2.90071609430015087127685546875">
        <ele>5</ele>
        <time>2025-04-13T09:19:14.000Z</time>
        <extensions>
          <ns3:TrackPointExtension>
            <ns3:hr>148</ns3:hr>
            <ns3:cad>95</ns3:cad>
          </ns3:TrackPointExtension>
        </extensions>
      </trkpt>
      <trkpt lat="51.56500990502536296844482421875" lon="-2.901025973260402679443359375">
        <ele>5</ele>
        <time>2025-04-13T09:19:19.000Z</time>
        <extensions>
          <ns3:TrackPointExtension>
            <ns3:hr>148</ns3:hr>
            <ns3:cad>95</ns3:cad>
          </ns3:TrackPointExtension>
        </extensions>
      </trkpt>
      <trkpt lat="51.56500822864472866058349609375" lon="-2.9013258777558803558349609375">
        <ele>5</ele>
        <time>2025-04-13T09:19:24.000Z</time>
        <extensions>
          <ns3:TrackPointExtension>
            <ns3:hr>149</ns3:hr>
            <ns3:cad>95</ns3:cad>
          </ns3:TrackPointExtension>
        </extensions>
      </trkpt>
      <trkpt lat="51.56499196775257587432861328125" lon="-2.90164547972381114959716796875">
        <ele>5.19999980926513671875</ele>
        <time>2025-04-13T09:19:30.000Z</time>
        <extensions>
          <ns3:TrackPointExtension>
            <ns3:hr>149</ns3:hr>
            <ns3:cad>96</ns3:cad>
          </ns3:TrackPointExtension>
        </extensions>
      </trkpt>
      <trkpt lat="51.56497637741267681121826171875" lon="-2.9019444622099399566650390625">
        <ele>5.400000095367431640625</ele>
        <time>2025-04-13T09:19:35.000Z</time>
        <extensions>
          <ns3:TrackPointExtension>
            <ns3:hr>148</ns3:hr>
            <ns3:cad>95</ns3:cad>
          </ns3:TrackPointExtension>
        </extensions>
      </trkpt>
      <trkpt lat="51.56497051008045673370361328125" lon="-2.9022344760596752166748046875">
        <ele>5.400000095367431640625</ele>
        <time>2025-04-13T09:19:40.000Z</time>
        <extensions>
          <ns3:TrackPointExtension>
            <ns3:hr>148</ns3:hr>
            <ns3:cad>95</ns3:cad>
          </ns3:TrackPointExtension>
        </extensions>
      </trkpt>
      <trkpt lat="51.5649600327014923095703125" lon="-2.90257168002426624298095703125">
        <ele>6</ele>
        <time>2025-04-13T09:19:46.000Z</time>
        <extensions>
          <ns3:TrackPointExtension>
            <ns3:hr>148</ns3:hr>
            <ns3:cad>96</ns3:cad>
          </ns3:TrackPointExtension>
        </extensions>
      </trkpt>
      <trkpt lat="51.56494536437094211578369140625" lon="-2.902871668338775634765625">
        <ele>6</ele>
        <time>2025-04-13T09:19:51.000Z</time>
        <extensions>
          <ns3:TrackPointExtension>
            <ns3:hr>149</ns3:hr>
            <ns3:cad>96</ns3:cad>
          </ns3:TrackPointExtension>
        </extensions>
      </trkpt>
      <trkpt lat="51.564926840364933013916015625" lon="-2.90317542850971221923828125">
        <ele>6</ele>
        <time>2025-04-13T09:19:56.000Z</time>
        <extensions>
          <ns3:TrackPointExtension>
            <ns3:hr>148</ns3:hr>
            <ns3:cad>95</ns3:cad>
          </ns3:TrackPointExtension>
        </extensions>
      </trkpt>
      <trkpt lat="51.56493027694523334503173828125" lon="-2.90340878069400787353515625">
        <ele>6.400000095367431640625</ele>
        <time>2025-04-13T09:20:00.000Z</time>
        <extensions>
          <ns3:TrackPointExtension>
            <ns3:hr>145</ns3:hr>
            <ns3:cad>95</ns3:cad>
          </ns3:TrackPointExtension>
        </extensions>
      </trkpt>
      <trkpt lat="51.5649139322340488433837890625" lon="-2.90375336073338985443115234375">
        <ele>6</ele>
        <time>2025-04-13T09:20:06.000Z</time>
        <extensions>
          <ns3:TrackPointExtension>
            <ns3:hr>146</ns3:hr>
            <ns3:cad>96</ns3:cad>
          </ns3:TrackPointExtension>
        </extensions>
      </trkpt>
      <trkpt lat="51.56489155255258083343505859375" lon="-2.90400347672402858734130859375">
        <ele>6</ele>
        <time>2025-04-13T09:20:10.000Z</time>
        <extensions>
          <ns3:TrackPointExtension>
            <ns3:hr>149</ns3:hr>
            <ns3:cad>96</ns3:cad>
          </ns3:TrackPointExtension>
        </extensions>
      </trkpt>
      <trkpt lat="51.56480270437896251678466796875" lon="-2.9042786546051502227783203125">
        <ele>6</ele>
        <time>2025-04-13T09:20:15.000Z</time>
        <extensions>
          <ns3:TrackPointExtension>
            <ns3:hr>149</ns3:hr>
            <ns3:cad>96</ns3:cad>
          </ns3:TrackPointExtension>
        </extensions>
      </trkpt>
      <trkpt lat="51.56467496417462825775146484375" lon="-2.90449566207826137542724609375">
        <ele>6</ele>
        <time>2025-04-13T09:20:20.000Z</time>
        <extensions>
          <ns3:TrackPointExtension>
            <ns3:hr>149</ns3:hr>
            <ns3:cad>95</ns3:cad>
          </ns3:TrackPointExtension>
        </extensions>
      </trkpt>
      <trkpt lat="51.56454253010451793670654296875" lon="-2.90470294654369354248046875">
        <ele>6</ele>
        <time>2025-04-13T09:20:25.000Z</time>
        <extensions>
          <ns3:TrackPointExtension>
            <ns3:hr>148</ns3:hr>
            <ns3:cad>95</ns3:cad>
          </ns3:TrackPointExtension>
        </extensions>
      </trkpt>
      <trkpt lat="51.5644110180437564849853515625" lon="-2.90490671060979366302490234375">
        <ele>6.19999980926513671875</ele>
        <time>2025-04-13T09:20:30.000Z</time>
        <extensions>
          <ns3:TrackPointExtension>
            <ns3:hr>148</ns3:hr>
            <ns3:cad>95</ns3:cad>
          </ns3:TrackPointExtension>
        </extensions>
      </trkpt>
      <trkpt lat="51.56427632085978984832763671875" lon="-2.90511961095035076141357421875">
        <ele>6.599999904632568359375</ele>
        <time>2025-04-13T09:20:35.000Z</time>
        <extensions>
          <ns3:TrackPointExtension>
            <ns3:hr>149</ns3:hr>
            <ns3:cad>96</ns3:cad>
          </ns3:TrackPointExtension>
        </extensions>
      </trkpt>
      <trkpt lat="51.5641458146274089813232421875" lon="-2.90533217601478099822998046875">
        <ele>6.80000019073486328125</ele>
        <time>2025-04-13T09:20:40.000Z</time>
        <extensions>
          <ns3:TrackPointExtension>
            <ns3:hr>150</ns3:hr>
            <ns3:cad>96</ns3:cad>
          </ns3:TrackPointExtension>
        </extensions>
      </trkpt>
      <trkpt lat="51.56401447020471096038818359375" lon="-2.90554474107921123504638671875">
        <ele>7</ele>
        <time>2025-04-13T09:20:45.000Z</time>
        <extensions>
          <ns3:TrackPointExtension>
            <ns3:hr>149</ns3:hr>
            <ns3:cad>97</ns3:cad>
          </ns3:TrackPointExtension>
        </extensions>
      </trkpt>
      <trkpt lat="51.563879437744617462158203125" lon="-2.90575026534497737884521484375">
        <ele>7.400000095367431640625</ele>
        <time>2025-04-13T09:20:50.000Z</time>
        <extensions>
          <ns3:TrackPointExtension>
            <ns3:hr>147</ns3:hr>
            <ns3:cad>95</ns3:cad>
          </ns3:TrackPointExtension>
        </extensions>
      </trkpt>
      <trkpt lat="51.56373820267617702484130859375" lon="-2.90596316568553447723388671875">
        <ele>8.80000019073486328125</ele>
        <time>2025-04-13T09:20:55.000Z</time>
        <extensions>
          <ns3:TrackPointExtension>
            <ns3:hr>146</ns3:hr>
            <ns3:cad>96</ns3:cad>
          </ns3:TrackPointExtension>
        </extensions>
      </trkpt>
      <trkpt lat="51.56359956599771976470947265625" lon="-2.9061615653336048126220703125">
        <ele>10.6000003814697265625</ele>
        <time>2025-04-13T09:21:00.000Z</time>
        <extensions>
          <ns3:TrackPointExtension>
            <ns3:hr>144</ns3:hr>
            <ns3:cad>96</ns3:cad>
          </ns3:TrackPointExtension>
        </extensions>
      </trkpt>
      <trkpt lat="51.56346629373729228973388671875" lon="-2.9063784889876842498779296875">
        <ele>11.6000003814697265625</ele>
        <time>2025-04-13T09:21:05.000Z</time>
        <extensions>
          <ns3:TrackPointExtension>
            <ns3:hr>144</ns3:hr>
            <ns3:cad>95</ns3:cad>
          </ns3:TrackPointExtension>
        </extensions>
      </trkpt>
      <trkpt lat="51.563336290419101715087890625" lon="-2.9066353105008602142333984375">
        <ele>11</ele>
        <time>2025-04-13T09:21:11.000Z</time>
        <extensions>
          <ns3:TrackPointExtension>
            <ns3:hr>145</ns3:hr>
            <ns3:cad>96</ns3:cad>
          </ns3:TrackPointExtension>
        </extensions>
      </trkpt>
      <trkpt lat="51.563261859118938446044921875" lon="-2.9067613743245601654052734375">
        <ele>9.80000019073486328125</ele>
        <time>2025-04-13T09:21:14.000Z</time>
        <extensions>
          <ns3:TrackPointExtension>
            <ns3:hr>146</ns3:hr>
            <ns3:cad>95</ns3:cad>
          </ns3:TrackPointExtension>
        </extensions>
      </trkpt>
      <trkpt lat="51.5631175227463245391845703125" lon="-2.907004617154598236083984375">
        <ele>8.3999996185302734375</ele>
        <time>2025-04-13T09:21:20.000Z</time>
        <extensions>
          <ns3:TrackPointExtension>
            <ns3:hr>147</ns3:hr>
            <ns3:cad>95</ns3:cad>
          </ns3:TrackPointExtension>
        </extensions>
      </trkpt>
      <trkpt lat="51.56297050416469573974609375" lon="-2.907258085906505584716796875">
        <ele>6.19999980926513671875</ele>
        <time>2025-04-13T09:21:26.000Z</time>
        <extensions>
          <ns3:TrackPointExtension>
            <ns3:hr>147</ns3:hr>
            <ns3:cad>97</ns3:cad>
          </ns3:TrackPointExtension>
        </extensions>
      </trkpt>
      <trkpt lat="51.56284988857805728912353515625" lon="-2.9074758477509021759033203125">
        <ele>4.599999904632568359375</ele>
        <time>2025-04-13T09:21:31.000Z</time>
        <extensions>
          <ns3:TrackPointExtension>
            <ns3:hr>147</ns3:hr>
            <ns3:cad>96</ns3:cad>
          </ns3:TrackPointExtension>
        </extensions>
      </trkpt>
      <trkpt lat="51.56273103319108486175537109375" lon="-2.90769520215690135955810546875">
        <ele>4</ele>
        <time>2025-04-13T09:21:36.000Z</time>
        <extensions>
          <ns3:TrackPointExtension>
            <ns3:hr>146</ns3:hr>
            <ns3:cad>95</ns3:cad>
          </ns3:TrackPointExtension>
        </extensions>
      </trkpt>
      <trkpt lat="51.56262022443115711212158203125" lon="-2.90793224237859249114990234375">
        <ele>3.599999904632568359375</ele>
        <time>2025-04-13T09:21:41.000Z</time>
        <extensions>
          <ns3:TrackPointExtension>
            <ns3:hr>146</ns3:hr>
            <ns3:cad>95</ns3:cad>
          </ns3:TrackPointExtension>
        </extensions>
      </trkpt>
      <trkpt lat="51.5625750459730625152587890625" lon="-2.908026538789272308349609375">
        <ele>3.7999999523162841796875</ele>
        <time>2025-04-13T09:21:43.000Z</time>
        <extensions>
          <ns3:TrackPointExtension>
            <ns3:hr>149</ns3:hr>
            <ns3:cad>95</ns3:cad>
          </ns3:TrackPointExtension>
        </extensions>
      </trkpt>
      <trkpt lat="51.5624469704926013946533203125" lon="-2.90830121375620365142822265625">
        <ele>4.19999980926513671875</ele>
        <time>2025-04-13T09:21:49.000Z</time>
        <extensions>
          <ns3:TrackPointExtension>
            <ns3:hr>151</ns3:hr>
            <ns3:cad>95</ns3:cad>
          </ns3:TrackPointExtension>
        </extensions>
      </trkpt>
      <trkpt lat="51.5623339824378490447998046875" lon="-2.908536829054355621337890625">
        <ele>4.599999904632568359375</ele>
        <time>2025-04-13T09:21:54.000Z</time>
        <extensions>
          <ns3:TrackPointExtension>
            <ns3:hr>150</ns3:hr>
            <ns3:cad>96</ns3:cad>
          </ns3:TrackPointExtension>
        </extensions>
      </trkpt>
      <trkpt lat="51.56222560442984104156494140625" lon="-2.9087797366082668304443359375">
        <ele>4.80000019073486328125</ele>
        <time>2025-04-13T09:21:59.000Z</time>
        <extensions>
          <ns3:TrackPointExtension>
            <ns3:hr>149</ns3:hr>
            <ns3:cad>96</ns3:cad>
          </ns3:TrackPointExtension>
        </extensions>
      </trkpt>
      <trkpt lat="51.56210205517709255218505859375" lon="-2.9090137593448162078857421875">
        <ele>4</ele>
        <time>2025-04-13T09:22:04.000Z</time>
        <extensions>
          <ns3:TrackPointExtension>
            <ns3:hr>149</ns3:hr>
            <ns3:cad>95</ns3:cad>
          </ns3:TrackPointExtension>
        </extensions>
      </trkpt>
      <trkpt lat="51.561946570873260498046875" lon="-2.9091896116733551025390625">
        <ele>4.599999904632568359375</ele>
        <time>2025-04-13T09:22:09.000Z</time>
        <extensions>
          <ns3:TrackPointExtension>
            <ns3:hr>148</ns3:hr>
            <ns3:cad>95</ns3:cad>
          </ns3:TrackPointExtension>
        </extensions>
      </trkpt>
      <trkpt lat="51.561738364398479461669921875" lon="-2.90926932357251644134521484375">
        <ele>4.19999980926513671875</ele>
        <time>2025-04-13T09:22:15.000Z</time>
        <extensions>
          <ns3:TrackPointExtension>
            <ns3:hr>147</ns3:hr>
            <ns3:cad>95</ns3:cad>
          </ns3:TrackPointExtension>
        </extensions>
      </trkpt>
      <trkpt lat="51.561525799334049224853515625" lon="-2.90931827388703823089599609375">
        <ele>5.19999980926513671875</ele>
        <time>2025-04-13T09:22:21.000Z</time>
        <extensions>
          <ns3:TrackPointExtension>
            <ns3:hr>148</ns3:hr>
            <ns3:cad>95</ns3:cad>
          </ns3:TrackPointExtension>
        </extensions>
      </trkpt>
      <trkpt lat="51.56133812852203845977783203125" lon="-2.909367643296718597412109375">
        <ele>6.599999904632568359375</ele>
        <time>2025-04-13T09:22:26.000Z</time>
        <extensions>
          <ns3:TrackPointExtension>
            <ns3:hr>150</ns3:hr>
            <ns3:cad>96</ns3:cad>
          </ns3:TrackPointExtension>
        </extensions>
      </trkpt>
      <trkpt lat="51.5611574985086917877197265625" lon="-2.90942589752376079559326171875">
        <ele>7.400000095367431640625</ele>
        <time>2025-04-13T09:22:31.000Z</time>
        <extensions>
          <ns3:TrackPointExtension>
            <ns3:hr>149</ns3:hr>
            <ns3:cad>96</ns3:cad>
          </ns3:TrackPointExtension>
        </extensions>
      </trkpt>
      <trkpt lat="51.560968570411205291748046875" lon="-2.90951751172542572021484375">
        <ele>7.80000019073486328125</ele>
        <time>2025-04-13T09:22:37.000Z</time>
        <extensions>
          <ns3:TrackPointExtension>
            <ns3:hr>149</ns3:hr>
            <ns3:cad>95</ns3:cad>
          </ns3:TrackPointExtension>
        </extensions>
      </trkpt>
      <trkpt lat="51.56076849438250064849853515625" lon="-2.90962882339954376220703125">
        <ele>8.19999980926513671875</ele>
        <time>2025-04-13T09:22:43.000Z</time>
        <extensions>
          <ns3:TrackPointExtension>
            <ns3:hr>148</ns3:hr>
            <ns3:cad>96</ns3:cad>
          </ns3:TrackPointExtension>
        </extensions>
      </trkpt>
      <trkpt lat="51.56058224849402904510498046875" lon="-2.90967433713376522064208984375">
        <ele>9</ele>
        <time>2025-04-13T09:22:48.000Z</time>
        <extensions>
          <ns3:TrackPointExtension>
            <ns3:hr>149</ns3:hr>
            <ns3:cad>96</ns3:cad>
          </ns3:TrackPointExtension>
        </extensions>
      </trkpt>
      <trkpt lat="51.56040103174746036529541015625" lon="-2.90973032824695110321044921875">
        <ele>8.3999996185302734375</ele>
        <time>2025-04-13T09:22:53.000Z</time>
        <extensions>
          <ns3:TrackPointExtension>
            <ns3:hr>149</ns3:hr>
            <ns3:cad>94</ns3:cad>
          </ns3:TrackPointExtension>
        </extensions>
      </trkpt>
      <trkpt lat="51.5602244250476360321044921875" lon="-2.90980811230838298797607421875">
        <ele>7.80000019073486328125</ele>
        <time>2025-04-13T09:22:58.000Z</time>
        <extensions>
          <ns3:TrackPointExtension>
            <ns3:hr>148</ns3:hr>
            <ns3:cad>95</ns3:cad>
          </ns3:TrackPointExtension>
        </extensions>
      </trkpt>
      <trkpt lat="51.5600775741040706634521484375" lon="-2.9098869860172271728515625">
        <ele>7.400000095367431640625</ele>
        <time>2025-04-13T09:23:02.000Z</time>
        <extensions>
          <ns3:TrackPointExtension>
            <ns3:hr>144</ns3:hr>
            <ns3:cad>95</ns3:cad>
          </ns3:TrackPointExtension>
        </extensions>
      </trkpt>
      <trkpt lat="51.55989895574748516082763671875" lon="-2.909984886646270751953125">
        <ele>7.19999980926513671875</ele>
        <time>2025-04-13T09:23:07.000Z</time>
        <extensions>
          <ns3:TrackPointExtension>
            <ns3:hr>147</ns3:hr>
            <ns3:cad>96</ns3:cad>
          </ns3:TrackPointExtension>
        </extensions>
      </trkpt>
      <trkpt lat="51.55982636846601963043212890625" lon="-2.910017073154449462890625">
        <ele>7</ele>
        <time>2025-04-13T09:23:09.000Z</time>
        <extensions>
          <ns3:TrackPointExtension>
            <ns3:hr>151</ns3:hr>
            <ns3:cad>96</ns3:cad>
          </ns3:TrackPointExtension>
        </extensions>
      </trkpt>
      <trkpt lat="51.55975327827036380767822265625" lon="-2.9100477509200572967529296875">
        <ele>7</ele>
        <time>2025-04-13T09:23:11.000Z</time>
        <extensions>
          <ns3:TrackPointExtension>
            <ns3:hr>147</ns3:hr>
            <ns3:cad>95</ns3:cad>
          </ns3:TrackPointExtension>
        </extensions>
      </trkpt>
      <trkpt lat="51.559564769268035888671875" lon="-2.91014523245394229888916015625">
        <ele>6.400000095367431640625</ele>
        <time>2025-04-13T09:23:16.000Z</time>
        <extensions>
          <ns3:TrackPointExtension>
            <ns3:hr>146</ns3:hr>
            <ns3:cad>96</ns3:cad>
          </ns3:TrackPointExtension>
        </extensions>
      </trkpt>
      <trkpt lat="51.559409536421298980712890625" lon="-2.91020725853741168975830078125">
        <ele>6.19999980926513671875</ele>
        <time>2025-04-13T09:23:20.000Z</time>
        <extensions>
          <ns3:TrackPointExtension>
            <ns3:hr>150</ns3:hr>
            <ns3:cad>95</ns3:cad>
          </ns3:TrackPointExtension>
        </extensions>
      </trkpt>
      <trkpt lat="51.55919454060494899749755859375" lon="-2.91022921912372112274169921875">
        <ele>6</ele>
        <time>2025-04-13T09:23:26.000Z</time>
        <extensions>
          <ns3:TrackPointExtension>
            <ns3:hr>152</ns3:hr>
            <ns3:cad>97</ns3:cad>
          </ns3:TrackPointExtension>
        </extensions>
      </trkpt>
      <trkpt lat="51.55898013152182102203369140625" lon="-2.91019141674041748046875">
        <ele>6.80000019073486328125</ele>
        <time>2025-04-13T09:23:32.000Z</time>
        <extensions>
          <ns3:TrackPointExtension>
            <ns3:hr>152</ns3:hr>
            <ns3:cad>95</ns3:cad>
          </ns3:TrackPointExtension>
        </extensions>
      </trkpt>
      <trkpt lat="51.5587948076426982879638671875" lon="-2.91014070622622966766357421875">
        <ele>7.80000019073486328125</ele>
        <time>2025-04-13T09:23:37.000Z</time>
        <extensions>
          <ns3:TrackPointExtension>
            <ns3:hr>150</ns3:hr>
            <ns3:cad>96</ns3:cad>
          </ns3:TrackPointExtension>
        </extensions>
      </trkpt>
      <trkpt lat="51.5586166083812713623046875" lon="-2.910081110894680023193359375">
        <ele>9</ele>
        <time>2025-04-13T09:23:42.000Z</time>
        <extensions>
          <ns3:TrackPointExtension>
            <ns3:hr>149</ns3:hr>
            <ns3:cad>95</ns3:cad>
          </ns3:TrackPointExtension>
        </extensions>
      </trkpt>
      <trkpt lat="51.55840982683002948760986328125" lon="-2.91004012338817119598388671875">
        <ele>10.6000003814697265625</ele>
        <time>2025-04-13T09:23:48.000Z</time>
        <extensions>
          <ns3:TrackPointExtension>
            <ns3:hr>149</ns3:hr>
            <ns3:cad>95</ns3:cad>
          </ns3:TrackPointExtension>
        </extensions>
      </trkpt>
      <trkpt lat="51.5582074038684368133544921875" lon="-2.9099806956946849822998046875">
        <ele>11.6000003814697265625</ele>
        <time>2025-04-13T09:23:54.000Z</time>
        <extensions>
          <ns3:TrackPointExtension>
            <ns3:hr>150</ns3:hr>
            <ns3:cad>96</ns3:cad>
          </ns3:TrackPointExtension>
        </extensions>
      </trkpt>
      <trkpt lat="51.55802576802670955657958984375" lon="-2.9099260456860065460205078125">
        <ele>12.6000003814697265625</ele>
        <time>2025-04-13T09:23:59.000Z</time>
        <extensions>
          <ns3:TrackPointExtension>
            <ns3:hr>149</ns3:hr>
            <ns3:cad>96</ns3:cad>
          </ns3:TrackPointExtension>
        </extensions>
      </trkpt>
      <trkpt lat="51.55784740112721920013427734375" lon="-2.9098700545728206634521484375">
        <ele>12.80000019073486328125</ele>
        <time>2025-04-13T09:24:04.000Z</time>
        <extensions>
          <ns3:TrackPointExtension>
            <ns3:hr>147</ns3:hr>
            <ns3:cad>96</ns3:cad>
          </ns3:TrackPointExtension>
        </extensions>
      </trkpt>
      <trkpt lat="51.5576585568487644195556640625" lon="-2.90982194244861602783203125">
        <ele>12</ele>
        <time>2025-04-13T09:24:09.000Z</time>
        <extensions>
          <ns3:TrackPointExtension>
            <ns3:hr>145</ns3:hr>
            <ns3:cad>96</ns3:cad>
          </ns3:TrackPointExtension>
        </extensions>
      </trkpt>
      <trkpt lat="51.5574728138744831085205078125" lon="-2.90976117365062236785888671875">
        <ele>11.19999980926513671875</ele>
        <time>2025-04-13T09:24:14.000Z</time>
        <extensions>
          <ns3:TrackPointExtension>
            <ns3:hr>146</ns3:hr>
            <ns3:cad>96</ns3:cad>
          </ns3:TrackPointExtension>
        </extensions>
      </trkpt>
      <trkpt lat="51.55726754106581211090087890625" lon="-2.909704931080341339111328125">
        <ele>10.6000003814697265625</ele>
        <time>2025-04-13T09:24:20.000Z</time>
        <extensions>
          <ns3:TrackPointExtension>
            <ns3:hr>146</ns3:hr>
            <ns3:cad>96</ns3:cad>
          </ns3:TrackPointExtension>
        </extensions>
      </trkpt>
      <trkpt lat="51.5570778585970401763916015625" lon="-2.90967383421957492828369140625">
        <ele>9.3999996185302734375</ele>
        <time>2025-04-13T09:24:25.000Z</time>
        <extensions>
          <ns3:TrackPointExtension>
            <ns3:hr>147</ns3:hr>
            <ns3:cad>95</ns3:cad>
          </ns3:TrackPointExtension>
        </extensions>
      </trkpt>
      <trkpt lat="51.5568874217569828033447265625" lon="-2.90963745675981044769287109375">
        <ele>8.80000019073486328125</ele>
        <time>2025-04-13T09:24:30.000Z</time>
        <extensions>
          <ns3:TrackPointExtension>
            <ns3:hr>147</ns3:hr>
            <ns3:cad>95</ns3:cad>
          </ns3:TrackPointExtension>
        </extensions>
      </trkpt>
      <trkpt lat="51.55685079284012317657470703125" lon="-2.9096348583698272705078125">
        <ele>8.80000019073486328125</ele>
        <time>2025-04-13T09:24:31.000Z</time>
        <extensions>
          <ns3:TrackPointExtension>
            <ns3:hr>146</ns3:hr>
            <ns3:cad>95</ns3:cad>
          </ns3:TrackPointExtension>
        </extensions>
      </trkpt>
      <trkpt lat="51.5566373057663440704345703125" lon="-2.9095854051411151885986328125">
        <ele>9</ele>
        <time>2025-04-13T09:24:37.000Z</time>
        <extensions>
          <ns3:TrackPointExtension>
            <ns3:hr>146</ns3:hr>
            <ns3:cad>96</ns3:cad>
          </ns3:TrackPointExtension>
        </extensions>
      </trkpt>
      <trkpt lat="51.5564451925456523895263671875" lon="-2.90956151671707630157470703125">
        <ele>9</ele>
        <time>2025-04-13T09:24:42.000Z</time>
        <extensions>
          <ns3:TrackPointExtension>
            <ns3:hr>145</ns3:hr>
            <ns3:cad>95</ns3:cad>
          </ns3:TrackPointExtension>
        </extensions>
      </trkpt>
      <trkpt lat="51.55625022947788238525390625" lon="-2.90954701602458953857421875">
        <ele>9</ele>
        <time>2025-04-13T09:24:47.000Z</time>
        <extensions>
          <ns3:TrackPointExtension>
            <ns3:hr>146</ns3:hr>
            <ns3:cad>98</ns3:cad>
          </ns3:TrackPointExtension>
        </extensions>
      </trkpt>
      <trkpt lat="51.55605216510593891143798828125" lon="-2.9095176793634891510009765625">
        <ele>9.19999980926513671875</ele>
        <time>2025-04-13T09:24:52.000Z</time>
        <extensions>
          <ns3:TrackPointExtension>
            <ns3:hr>146</ns3:hr>
            <ns3:cad>96</ns3:cad>
          </ns3:TrackPointExtension>
        </extensions>
      </trkpt>
      <trkpt lat="51.55586038716137409210205078125" lon="-2.90948272682726383209228515625">
        <ele>9.80000019073486328125</ele>
        <time>2025-04-13T09:24:57.000Z</time>
        <extensions>
          <ns3:TrackPointExtension>
            <ns3:hr>147</ns3:hr>
            <ns3:cad>96</ns3:cad>
          </ns3:TrackPointExtension>
        </extensions>
      </trkpt>
      <trkpt lat="51.55566416680812835693359375" lon="-2.909432686865329742431640625">
        <ele>9</ele>
        <time>2025-04-13T09:25:02.000Z</time>
        <extensions>
          <ns3:TrackPointExtension>
            <ns3:hr>148</ns3:hr>
            <ns3:cad>95</ns3:cad>
          </ns3:TrackPointExtension>
        </extensions>
      </trkpt>
      <trkpt lat="51.555469036102294921875" lon="-2.90939521975815296173095703125">
        <ele>8.6000003814697265625</ele>
        <time>2025-04-13T09:25:07.000Z</time>
        <extensions>
          <ns3:TrackPointExtension>
            <ns3:hr>149</ns3:hr>
            <ns3:cad>95</ns3:cad>
          </ns3:TrackPointExtension>
        </extensions>
      </trkpt>
      <trkpt lat="51.55527918599545955657958984375" lon="-2.90933084674179553985595703125">
        <ele>7</ele>
        <time>2025-04-13T09:25:12.000Z</time>
        <extensions>
          <ns3:TrackPointExtension>
            <ns3:hr>149</ns3:hr>
            <ns3:cad>96</ns3:cad>
          </ns3:TrackPointExtension>
        </extensions>
      </trkpt>
      <trkpt lat="51.55509880743920803070068359375" lon="-2.909228168427944183349609375">
        <ele>6.400000095367431640625</ele>
        <time>2025-04-13T09:25:17.000Z</time>
        <extensions>
          <ns3:TrackPointExtension>
            <ns3:hr>147</ns3:hr>
            <ns3:cad>95</ns3:cad>
          </ns3:TrackPointExtension>
        </extensions>
      </trkpt>
      <trkpt lat="51.55493049882352352142333984375" lon="-2.90905843488872051239013671875">
        <ele>6.80000019073486328125</ele>
        <time>2025-04-13T09:25:22.000Z</time>
        <extensions>
          <ns3:TrackPointExtension>
            <ns3:hr>146</ns3:hr>
            <ns3:cad>96</ns3:cad>
          </ns3:TrackPointExtension>
        </extensions>
      </trkpt>
      <trkpt lat="51.55478565953671932220458984375" lon="-2.90883564390242099761962890625">
        <ele>6.599999904632568359375</ele>
        <time>2025-04-13T09:25:27.000Z</time>
        <extensions>
          <ns3:TrackPointExtension>
            <ns3:hr>147</ns3:hr>
            <ns3:cad>96</ns3:cad>
          </ns3:TrackPointExtension>
        </extensions>
      </trkpt>
      <trkpt lat="51.5546561591327190399169921875" lon="-2.90859642438590526580810546875">
        <ele>6</ele>
        <time>2025-04-13T09:25:32.000Z</time>
        <extensions>
          <ns3:TrackPointExtension>
            <ns3:hr>145</ns3:hr>
            <ns3:cad>96</ns3:cad>
          </ns3:TrackPointExtension>
        </extensions>
      </trkpt>
      <trkpt lat="51.55452682636678218841552734375" lon="-2.908364832401275634765625">
        <ele>6</ele>
        <time>2025-04-13T09:25:37.000Z</time>
        <extensions>
          <ns3:TrackPointExtension>
            <ns3:hr>146</ns3:hr>
            <ns3:cad>95</ns3:cad>
          </ns3:TrackPointExtension>
        </extensions>
      </trkpt>
      <trkpt lat="51.55439305119216442108154296875" lon="-2.90816190652549266815185546875">
        <ele>6</ele>
        <time>2025-04-13T09:25:42.000Z</time>
        <extensions>
          <ns3:TrackPointExtension>
            <ns3:hr>147</ns3:hr>
            <ns3:cad>96</ns3:cad>
          </ns3:TrackPointExtension>
        </extensions>
      </trkpt>
      <trkpt lat="51.5542833320796489715576171875" lon="-2.9079901613295078277587890625">
        <ele>6</ele>
        <time>2025-04-13T09:25:46.000Z</time>
        <extensions>
          <ns3:TrackPointExtension>
            <ns3:hr>150</ns3:hr>
            <ns3:cad>94</ns3:cad>
          </ns3:TrackPointExtension>
        </extensions>
      </trkpt>
      <trkpt lat="51.55414737761020660400390625" lon="-2.907780110836029052734375">
        <ele>6.400000095367431640625</ele>
        <time>2025-04-13T09:25:51.000Z</time>
        <extensions>
          <ns3:TrackPointExtension>
            <ns3:hr>150</ns3:hr>
            <ns3:cad>95</ns3:cad>
          </ns3:TrackPointExtension>
        </extensions>
      </trkpt>
      <trkpt lat="51.5540114231407642364501953125" lon="-2.9075774364173412322998046875">
        <ele>7</ele>
        <time>2025-04-13T09:25:56.000Z</time>
        <extensions>
          <ns3:TrackPointExtension>
            <ns3:hr>149</ns3:hr>
            <ns3:cad>96</ns3:cad>
          </ns3:TrackPointExtension>
        </extensions>
      </trkpt>
      <trkpt lat="51.55387907288968563079833984375" lon="-2.9073710739612579345703125">
        <ele>7.80000019073486328125</ele>
        <time>2025-04-13T09:26:01.000Z</time>
        <extensions>
          <ns3:TrackPointExtension>
            <ns3:hr>148</ns3:hr>
            <ns3:cad>96</ns3:cad>
          </ns3:TrackPointExtension>
        </extensions>
      </trkpt>
      <trkpt lat="51.55382509343326091766357421875" lon="-2.907290942966938018798828125">
        <ele>7.599999904632568359375</ele>
        <time>2025-04-13T09:26:03.000Z</time>
        <extensions>
          <ns3:TrackPointExtension>
            <ns3:hr>145</ns3:hr>
            <ns3:cad>96</ns3:cad>
          </ns3:TrackPointExtension>
        </extensions>
      </trkpt>
      <trkpt lat="51.5536893904209136962890625" lon="-2.90708608925342559814453125">
        <ele>7</ele>
        <time>2025-04-13T09:26:08.000Z</time>
        <extensions>
          <ns3:TrackPointExtension>
            <ns3:hr>147</ns3:hr>
            <ns3:cad>95</ns3:cad>
          </ns3:TrackPointExtension>
        </extensions>
      </trkpt>
      <trkpt lat="51.55355268158018589019775390625" lon="-2.906887270510196685791015625">
        <ele>6.19999980926513671875</ele>
        <time>2025-04-13T09:26:13.000Z</time>
        <extensions>
          <ns3:TrackPointExtension>
            <ns3:hr>147</ns3:hr>
            <ns3:cad>95</ns3:cad>
          </ns3:TrackPointExtension>
        </extensions>
      </trkpt>
      <trkpt lat="51.55341136269271373748779296875" lon="-2.906694822013378143310546875">
        <ele>6</ele>
        <time>2025-04-13T09:26:18.000Z</time>
        <extensions>
          <ns3:TrackPointExtension>
            <ns3:hr>145</ns3:hr>
            <ns3:cad>96</ns3:cad>
          </ns3:TrackPointExtension>
        </extensions>
      </trkpt>
      <trkpt lat="51.55327725224196910858154296875" lon="-2.9064901359379291534423828125">
        <ele>5.80000019073486328125</ele>
        <time>2025-04-13T09:26:23.000Z</time>
        <extensions>
          <ns3:TrackPointExtension>
            <ns3:hr>144</ns3:hr>
            <ns3:cad>95</ns3:cad>
          </ns3:TrackPointExtension>
        </extensions>
      </trkpt>
      <trkpt lat="51.55314289033412933349609375" lon="-2.9062862880527973175048828125">
        <ele>5.19999980926513671875</ele>
        <time>2025-04-13T09:26:28.000Z</time>
        <extensions>
          <ns3:TrackPointExtension>
            <ns3:hr>146</ns3:hr>
            <ns3:cad>96</ns3:cad>
          </ns3:TrackPointExtension>
        </extensions>
      </trkpt>
      <trkpt lat="51.553013809025287628173828125" lon="-2.9060851223766803741455078125">
        <ele>5.400000095367431640625</ele>
        <time>2025-04-13T09:26:33.000Z</time>
        <extensions>
          <ns3:TrackPointExtension>
            <ns3:hr>148</ns3:hr>
            <ns3:cad>95</ns3:cad>
          </ns3:TrackPointExtension>
        </extensions>
      </trkpt>
      <trkpt lat="51.55287911184132099151611328125" lon="-2.90588202886283397674560546875">
        <ele>6</ele>
        <time>2025-04-13T09:26:38.000Z</time>
        <extensions>
          <ns3:TrackPointExtension>
            <ns3:hr>148</ns3:hr>
            <ns3:cad>96</ns3:cad>
          </ns3:TrackPointExtension>
        </extensions>
      </trkpt>
      <trkpt lat="51.55272253789007663726806640625" lon="-2.9056455753743648529052734375">
        <ele>6</ele>
        <time>2025-04-13T09:26:44.000Z</time>
        <extensions>
          <ns3:TrackPointExtension>
            <ns3:hr>150</ns3:hr>
            <ns3:cad>94</ns3:cad>
          </ns3:TrackPointExtension>
        </extensions>
      </trkpt>
      <trkpt lat="51.55258708633482456207275390625" lon="-2.90544935502111911773681640625">
        <ele>6</ele>
        <time>2025-04-13T09:26:49.000Z</time>
        <extensions>
          <ns3:TrackPointExtension>
            <ns3:hr>150</ns3:hr>
            <ns3:cad>95</ns3:cad>
          </ns3:TrackPointExtension>
        </extensions>
      </trkpt>
      <trkpt lat="51.552443169057369232177734375" lon="-2.90525958873331546783447265625">
        <ele>6.19999980926513671875</ele>
        <time>2025-04-13T09:26:54.000Z</time>
        <extensions>
          <ns3:TrackPointExtension>
            <ns3:hr>150</ns3:hr>
            <ns3:cad>95</ns3:cad>
          </ns3:TrackPointExtension>
        </extensions>
      </trkpt>
      <trkpt lat="51.552306711673736572265625" lon="-2.905068062245845794677734375">
        <ele>6</ele>
        <time>2025-04-13T09:26:59.000Z</time>
        <extensions>
          <ns3:TrackPointExtension>
            <ns3:hr>149</ns3:hr>
            <ns3:cad>96</ns3:cad>
          </ns3:TrackPointExtension>
        </extensions>
      </trkpt>
      <trkpt lat="51.55216832645237445831298828125" lon="-2.9048632085323333740234375">
        <ele>6.19999980926513671875</ele>
        <time>2025-04-13T09:27:04.000Z</time>
        <extensions>
          <ns3:TrackPointExtension>
            <ns3:hr>148</ns3:hr>
            <ns3:cad>95</ns3:cad>
          </ns3:TrackPointExtension>
        </extensions>
      </trkpt>
      <trkpt lat="51.55203622765839099884033203125" lon="-2.90466313250362873077392578125">
        <ele>6.80000019073486328125</ele>
        <time>2025-04-13T09:27:09.000Z</time>
        <extensions>
          <ns3:TrackPointExtension>
            <ns3:hr>146</ns3:hr>
            <ns3:cad>96</ns3:cad>
          </ns3:TrackPointExtension>
        </extensions>
      </trkpt>
      <trkpt lat="51.55190169811248779296875" lon="-2.90446833707392215728759765625">
        <ele>6.599999904632568359375</ele>
        <time>2025-04-13T09:27:14.000Z</time>
        <extensions>
          <ns3:TrackPointExtension>
            <ns3:hr>147</ns3:hr>
            <ns3:cad>96</ns3:cad>
          </ns3:TrackPointExtension>
        </extensions>
      </trkpt>
      <trkpt lat="51.5517684258520603179931640625" lon="-2.90426163934171199798583984375">
        <ele>6.599999904632568359375</ele>
        <time>2025-04-13T09:27:19.000Z</time>
        <extensions>
          <ns3:TrackPointExtension>
            <ns3:hr>147</ns3:hr>
            <ns3:cad>96</ns3:cad>
          </ns3:TrackPointExtension>
        </extensions>
      </trkpt>
      <trkpt lat="51.551635153591632843017578125" lon="-2.9040573723614215850830078125">
        <ele>5.19999980926513671875</ele>
        <time>2025-04-13T09:27:24.000Z</time>
        <extensions>
          <ns3:TrackPointExtension>
            <ns3:hr>149</ns3:hr>
            <ns3:cad>96</ns3:cad>
          </ns3:TrackPointExtension>
        </extensions>
      </trkpt>
      <trkpt lat="51.55150162987411022186279296875" lon="-2.9038598947227001190185546875">
        <ele>4.400000095367431640625</ele>
        <time>2025-04-13T09:27:29.000Z</time>
        <extensions>
          <ns3:TrackPointExtension>
            <ns3:hr>147</ns3:hr>
            <ns3:cad>95</ns3:cad>
          </ns3:TrackPointExtension>
        </extensions>
      </trkpt>
      <trkpt lat="51.55136592686176300048828125" lon="-2.9036563821136951446533203125">
        <ele>4.19999980926513671875</ele>
        <time>2025-04-13T09:27:34.000Z</time>
        <extensions>
          <ns3:TrackPointExtension>
            <ns3:hr>148</ns3:hr>
            <ns3:cad>95</ns3:cad>
          </ns3:TrackPointExtension>
        </extensions>
      </trkpt>
      <trkpt lat="51.55122133903205394744873046875" lon="-2.90346452035009860992431640625">
        <ele>4.599999904632568359375</ele>
        <time>2025-04-13T09:27:39.000Z</time>
        <extensions>
          <ns3:TrackPointExtension>
            <ns3:hr>147</ns3:hr>
            <ns3:cad>95</ns3:cad>
          </ns3:TrackPointExtension>
        </extensions>
      </trkpt>
      <trkpt lat="51.55107314698398113250732421875" lon="-2.90328447706997394561767578125">
        <ele>5.19999980926513671875</ele>
        <time>2025-04-13T09:27:44.000Z</time>
        <extensions>
          <ns3:TrackPointExtension>
            <ns3:hr>146</ns3:hr>
            <ns3:cad>96</ns3:cad>
          </ns3:TrackPointExtension>
        </extensions>
      </trkpt>
      <trkpt lat="51.5509272180497646331787109375" lon="-2.903095297515392303466796875">
        <ele>5.80000019073486328125</ele>
        <time>2025-04-13T09:27:49.000Z</time>
        <extensions>
          <ns3:TrackPointExtension>
            <ns3:hr>145</ns3:hr>
            <ns3:cad>95</ns3:cad>
          </ns3:TrackPointExtension>
        </extensions>
      </trkpt>
      <trkpt lat="51.55078246258199214935302734375" lon="-2.90291248820722103118896484375">
        <ele>6</ele>
        <time>2025-04-13T09:27:54.000Z</time>
        <extensions>
          <ns3:TrackPointExtension>
            <ns3:hr>144</ns3:hr>
            <ns3:cad>95</ns3:cad>
          </ns3:TrackPointExtension>
        </extensions>
      </trkpt>
      <trkpt lat="51.55063636600971221923828125" lon="-2.90273579768836498260498046875">
        <ele>6</ele>
        <time>2025-04-13T09:27:59.000Z</time>
        <extensions>
          <ns3:TrackPointExtension>
            <ns3:hr>144</ns3:hr>
            <ns3:cad>96</ns3:cad>
          </ns3:TrackPointExtension>
        </extensions>
      </trkpt>
      <trkpt lat="51.5504880063235759735107421875" lon="-2.90255994535982608795166015625">
        <ele>6</ele>
        <time>2025-04-13T09:28:04.000Z</time>
        <extensions>
          <ns3:TrackPointExtension>
            <ns3:hr>144</ns3:hr>
            <ns3:cad>96</ns3:cad>
          </ns3:TrackPointExtension>
        </extensions>
      </trkpt>
      <trkpt lat="51.5503393113613128662109375" lon="-2.90237001143395900726318359375">
        <ele>6</ele>
        <time>2025-04-13T09:28:09.000Z</time>
        <extensions>
          <ns3:TrackPointExtension>
            <ns3:hr>145</ns3:hr>
            <ns3:cad>96</ns3:cad>
          </ns3:TrackPointExtension>
        </extensions>
      </trkpt>
      <trkpt lat="51.55019757337868213653564453125" lon="-2.9021734558045864105224609375">
        <ele>6.400000095367431640625</ele>
        <time>2025-04-13T09:28:14.000Z</time>
        <extensions>
          <ns3:TrackPointExtension>
            <ns3:hr>144</ns3:hr>
            <ns3:cad>96</ns3:cad>
          </ns3:TrackPointExtension>
        </extensions>
      </trkpt>
      <trkpt lat="51.55011375434696674346923828125" lon="-2.90206239558756351470947265625">
        <ele>6.599999904632568359375</ele>
        <time>2025-04-13T09:28:17.000Z</time>
        <extensions>
          <ns3:TrackPointExtension>
            <ns3:hr>141</ns3:hr>
            <ns3:cad>96</ns3:cad>
          </ns3:TrackPointExtension>
        </extensions>
      </trkpt>
      <trkpt lat="51.549972854554653167724609375" lon="-2.901879586279392242431640625">
        <ele>7</ele>
        <time>2025-04-13T09:28:22.000Z</time>
        <extensions>
          <ns3:TrackPointExtension>
            <ns3:hr>141</ns3:hr>
            <ns3:cad>97</ns3:cad>
          </ns3:TrackPointExtension>
        </extensions>
      </trkpt>
      <trkpt lat="51.54982441104948520660400390625" lon="-2.901702225208282470703125">
        <ele>7.19999980926513671875</ele>
        <time>2025-04-13T09:28:27.000Z</time>
        <extensions>
          <ns3:TrackPointExtension>
            <ns3:hr>142</ns3:hr>
            <ns3:cad>96</ns3:cad>
          </ns3:TrackPointExtension>
        </extensions>
      </trkpt>
      <trkpt lat="51.549672447144985198974609375" lon="-2.90151773951947689056396484375">
        <ele>7</ele>
        <time>2025-04-13T09:28:32.000Z</time>
        <extensions>
          <ns3:TrackPointExtension>
            <ns3:hr>142</ns3:hr>
            <ns3:cad>96</ns3:cad>
          </ns3:TrackPointExtension>
        </extensions>
      </trkpt>
      <trkpt lat="51.54952065087854862213134765625" lon="-2.9013361036777496337890625">
        <ele>7.19999980926513671875</ele>
        <time>2025-04-13T09:28:37.000Z</time>
        <extensions>
          <ns3:TrackPointExtension>
            <ns3:hr>143</ns3:hr>
            <ns3:cad>96</ns3:cad>
          </ns3:TrackPointExtension>
        </extensions>
      </trkpt>
      <trkpt lat="51.549366675317287445068359375" lon="-2.90116486139595508575439453125">
        <ele>7</ele>
        <time>2025-04-13T09:28:42.000Z</time>
        <extensions>
          <ns3:TrackPointExtension>
            <ns3:hr>142</ns3:hr>
            <ns3:cad>96</ns3:cad>
          </ns3:TrackPointExtension>
        </extensions>
      </trkpt>
      <trkpt lat="51.54922661371529102325439453125" lon="-2.90097660385072231292724609375">
        <ele>7</ele>
        <time>2025-04-13T09:28:47.000Z</time>
        <extensions>
          <ns3:TrackPointExtension>
            <ns3:hr>143</ns3:hr>
            <ns3:cad>97</ns3:cad>
          </ns3:TrackPointExtension>
        </extensions>
      </trkpt>
      <trkpt lat="51.5490734763443470001220703125" lon="-2.90079689584672451019287109375">
        <ele>6.599999904632568359375</ele>
        <time>2025-04-13T09:28:52.000Z</time>
        <extensions>
          <ns3:TrackPointExtension>
            <ns3:hr>143</ns3:hr>
            <ns3:cad>97</ns3:cad>
          </ns3:TrackPointExtension>
        </extensions>
      </trkpt>
      <trkpt lat="51.54892302118241786956787109375" lon="-2.90062322281301021575927734375">
        <ele>7</ele>
        <time>2025-04-13T09:28:57.000Z</time>
        <extensions>
          <ns3:TrackPointExtension>
            <ns3:hr>142</ns3:hr>
            <ns3:cad>95</ns3:cad>
          </ns3:TrackPointExtension>
        </extensions>
      </trkpt>
      <trkpt lat="51.54877013526856899261474609375" lon="-2.90044351480901241302490234375">
        <ele>6.599999904632568359375</ele>
        <time>2025-04-13T09:29:02.000Z</time>
        <extensions>
          <ns3:TrackPointExtension>
            <ns3:hr>142</ns3:hr>
            <ns3:cad>96</ns3:cad>
          </ns3:TrackPointExtension>
        </extensions>
      </trkpt>
      <trkpt lat="51.54861976392567157745361328125" lon="-2.9002680815756320953369140625">
        <ele>6.400000095367431640625</ele>
        <time>2025-04-13T09:29:07.000Z</time>
        <extensions>
          <ns3:TrackPointExtension>
            <ns3:hr>143</ns3:hr>
            <ns3:cad>96</ns3:cad>
          </ns3:TrackPointExtension>
        </extensions>
      </trkpt>
      <trkpt lat="51.5484716556966304779052734375" lon="-2.90009683929383754730224609375">
        <ele>6.400000095367431640625</ele>
        <time>2025-04-13T09:29:12.000Z</time>
        <extensions>
          <ns3:TrackPointExtension>
            <ns3:hr>144</ns3:hr>
            <ns3:cad>96</ns3:cad>
          </ns3:TrackPointExtension>
        </extensions>
      </trkpt>
      <trkpt lat="51.54832103289663791656494140625" lon="-2.89992366917431354522705078125">
        <ele>6.80000019073486328125</ele>
        <time>2025-04-13T09:29:17.000Z</time>
        <extensions>
          <ns3:TrackPointExtension>
            <ns3:hr>143</ns3:hr>
            <ns3:cad>96</ns3:cad>
          </ns3:TrackPointExtension>
        </extensions>
      </trkpt>
      <trkpt lat="51.54815356247127056121826171875" lon="-2.89972116239368915557861328125">
        <ele>7</ele>
        <time>2025-04-13T09:29:23.000Z</time>
        <extensions>
          <ns3:TrackPointExtension>
            <ns3:hr>142</ns3:hr>
            <ns3:cad>96</ns3:cad>
          </ns3:TrackPointExtension>
        </extensions>
      </trkpt>
      <trkpt lat="51.54800646007061004638671875" lon="-2.8995334915816783905029296875">
        <ele>7.19999980926513671875</ele>
        <time>2025-04-13T09:29:28.000Z</time>
        <extensions>
          <ns3:TrackPointExtension>
            <ns3:hr>142</ns3:hr>
            <ns3:cad>96</ns3:cad>
          </ns3:TrackPointExtension>
        </extensions>
      </trkpt>
      <trkpt lat="51.547866649925708770751953125" lon="-2.89934816770255565643310546875">
        <ele>7.19999980926513671875</ele>
        <time>2025-04-13T09:29:33.000Z</time>
        <extensions>
          <ns3:TrackPointExtension>
            <ns3:hr>143</ns3:hr>
            <ns3:cad>96</ns3:cad>
          </ns3:TrackPointExtension>
        </extensions>
      </trkpt>
      <trkpt lat="51.54771753586828708648681640625" lon="-2.89915689267218112945556640625">
        <ele>7</ele>
        <time>2025-04-13T09:29:38.000Z</time>
        <extensions>
          <ns3:TrackPointExtension>
            <ns3:hr>144</ns3:hr>
            <ns3:cad>96</ns3:cad>
          </ns3:TrackPointExtension>
        </extensions>
      </trkpt>
      <trkpt lat="51.547552160918712615966796875" lon="-2.89900031872093677520751953125">
        <ele>7</ele>
        <time>2025-04-13T09:29:43.000Z</time>
        <extensions>
          <ns3:TrackPointExtension>
            <ns3:hr>144</ns3:hr>
            <ns3:cad>96</ns3:cad>
          </ns3:TrackPointExtension>
        </extensions>
      </trkpt>
      <trkpt lat="51.5473674237728118896484375" lon="-2.898982129991054534912109375">
        <ele>7</ele>
        <time>2025-04-13T09:29:48.000Z</time>
        <extensions>
          <ns3:TrackPointExtension>
            <ns3:hr>144</ns3:hr>
            <ns3:cad>96</ns3:cad>
          </ns3:TrackPointExtension>
        </extensions>
      </trkpt>
      <trkpt lat="51.547189392149448394775390625" lon="-2.8990750014781951904296875">
        <ele>6.80000019073486328125</ele>
        <time>2025-04-13T09:29:53.000Z</time>
        <extensions>
          <ns3:TrackPointExtension>
            <ns3:hr>143</ns3:hr>
            <ns3:cad>96</ns3:cad>
          </ns3:TrackPointExtension>
        </extensions>
      </trkpt>
      <trkpt lat="51.5470125339925289154052734375" lon="-2.89917566813528537750244140625">
        <ele>6.19999980926513671875</ele>
        <time>2025-04-13T09:29:58.000Z</time>
        <extensions>
          <ns3:TrackPointExtension>
            <ns3:hr>143</ns3:hr>
            <ns3:cad>95</ns3:cad>
          </ns3:TrackPointExtension>
        </extensions>
      </trkpt>
      <trkpt lat="51.5468331612646579742431640625" lon="-2.8992706350982189178466796875">
        <ele>6</ele>
        <time>2025-04-13T09:30:03.000Z</time>
        <extensions>
          <ns3:TrackPointExtension>
            <ns3:hr>144</ns3:hr>
            <ns3:cad>96</ns3:cad>
          </ns3:TrackPointExtension>
        </extensions>
      </trkpt>
      <trkpt lat="51.54666057787835597991943359375" lon="-2.899357974529266357421875">
        <ele>6</ele>
        <time>2025-04-13T09:30:08.000Z</time>
        <extensions>
          <ns3:TrackPointExtension>
            <ns3:hr>144</ns3:hr>
            <ns3:cad>96</ns3:cad>
          </ns3:TrackPointExtension>
        </extensions>
      </trkpt>
      <trkpt lat="51.5464827977120876312255859375" lon="-2.8994479961693286895751953125">
        <ele>5.19999980926513671875</ele>
        <time>2025-04-13T09:30:13.000Z</time>
        <extensions>
          <ns3:TrackPointExtension>
            <ns3:hr>146</ns3:hr>
            <ns3:cad>96</ns3:cad>
          </ns3:TrackPointExtension>
        </extensions>
      </trkpt>
      <trkpt lat="51.5463010780513286590576171875" lon="-2.8995375148952007293701171875">
        <ele>5</ele>
        <time>2025-04-13T09:30:18.000Z</time>
        <extensions>
          <ns3:TrackPointExtension>
            <ns3:hr>146</ns3:hr>
            <ns3:cad>95</ns3:cad>
          </ns3:TrackPointExtension>
        </extensions>
      </trkpt>
      <trkpt lat="51.54612614773213863372802734375" lon="-2.8996256925165653228759765625">
        <ele>5</ele>
        <time>2025-04-13T09:30:23.000Z</time>
        <extensions>
          <ns3:TrackPointExtension>
            <ns3:hr>146</ns3:hr>
            <ns3:cad>95</ns3:cad>
          </ns3:TrackPointExtension>
        </extensions>
      </trkpt>
      <trkpt lat="51.54595130123198032379150390625" lon="-2.8996999561786651611328125">
        <ele>5.599999904632568359375</ele>
        <time>2025-04-13T09:30:28.000Z</time>
        <extensions>
          <ns3:TrackPointExtension>
            <ns3:hr>146</ns3:hr>
            <ns3:cad>95</ns3:cad>
          </ns3:TrackPointExtension>
        </extensions>
      </trkpt>
      <trkpt lat="51.54577477835118770599365234375" lon="-2.89980045519769191741943359375">
        <ele>6.19999980926513671875</ele>
        <time>2025-04-13T09:30:33.000Z</time>
        <extensions>
          <ns3:TrackPointExtension>
            <ns3:hr>147</ns3:hr>
            <ns3:cad>96</ns3:cad>
          </ns3:TrackPointExtension>
        </extensions>
      </trkpt>
      <trkpt lat="51.5456057153642177581787109375" lon="-2.89992718957364559173583984375">
        <ele>7.19999980926513671875</ele>
        <time>2025-04-13T09:30:38.000Z</time>
        <extensions>
          <ns3:TrackPointExtension>
            <ns3:hr>147</ns3:hr>
            <ns3:cad>95</ns3:cad>
          </ns3:TrackPointExtension>
        </extensions>
      </trkpt>
      <trkpt lat="51.54544402845203876495361328125" lon="-2.900055348873138427734375">
        <ele>7.80000019073486328125</ele>
        <time>2025-04-13T09:30:43.000Z</time>
        <extensions>
          <ns3:TrackPointExtension>
            <ns3:hr>149</ns3:hr>
            <ns3:cad>96</ns3:cad>
          </ns3:TrackPointExtension>
        </extensions>
      </trkpt>
      <trkpt lat="51.54526658356189727783203125" lon="-2.900150902569293975830078125">
        <ele>8</ele>
        <time>2025-04-13T09:30:48.000Z</time>
        <extensions>
          <ns3:TrackPointExtension>
            <ns3:hr>149</ns3:hr>
            <ns3:cad>94</ns3:cad>
          </ns3:TrackPointExtension>
        </extensions>
      </trkpt>
      <trkpt lat="51.54508125968277454376220703125" lon="-2.900200523436069488525390625">
        <ele>8</ele>
        <time>2025-04-13T09:30:53.000Z</time>
        <extensions>
          <ns3:TrackPointExtension>
            <ns3:hr>149</ns3:hr>
            <ns3:cad>97</ns3:cad>
          </ns3:TrackPointExtension>
        </extensions>
      </trkpt>
      <trkpt lat="51.54489954002201557159423828125" lon="-2.90021854452788829803466796875">
        <ele>7.599999904632568359375</ele>
        <time>2025-04-13T09:30:58.000Z</time>
        <extensions>
          <ns3:TrackPointExtension>
            <ns3:hr>150</ns3:hr>
            <ns3:cad>96</ns3:cad>
          </ns3:TrackPointExtension>
        </extensions>
      </trkpt>
      <trkpt lat="51.544693596661090850830078125" lon="-2.90022768080234527587890625">
        <ele>7.599999904632568359375</ele>
        <time>2025-04-13T09:31:04.000Z</time>
        <extensions>
          <ns3:TrackPointExtension>
            <ns3:hr>147</ns3:hr>
            <ns3:cad>96</ns3:cad>
          </ns3:TrackPointExtension>
        </extensions>
      </trkpt>
      <trkpt lat="51.544506847858428955078125" lon="-2.9002251662313938140869140625">
        <ele>7.599999904632568359375</ele>
        <time>2025-04-13T09:31:09.000Z</time>
        <extensions>
          <ns3:TrackPointExtension>
            <ns3:hr>146</ns3:hr>
            <ns3:cad>94</ns3:cad>
          </ns3:TrackPointExtension>
        </extensions>
      </trkpt>
      <trkpt lat="51.54432470910251140594482421875" lon="-2.9002256691455841064453125">
        <ele>7.599999904632568359375</ele>
        <time>2025-04-13T09:31:14.000Z</time>
        <extensions>
          <ns3:TrackPointExtension>
            <ns3:hr>145</ns3:hr>
            <ns3:cad>97</ns3:cad>
          </ns3:TrackPointExtension>
        </extensions>
      </trkpt>
      <trkpt lat="51.544111557304859161376953125" lon="-2.9002593643963336944580078125">
        <ele>7.80000019073486328125</ele>
        <time>2025-04-13T09:31:20.000Z</time>
        <extensions>
          <ns3:TrackPointExtension>
            <ns3:hr>144</ns3:hr>
            <ns3:cad>95</ns3:cad>
          </ns3:TrackPointExtension>
        </extensions>
      </trkpt>
      <trkpt lat="51.5439276583492755889892578125" lon="-2.900285683572292327880859375">
        <ele>8.19999980926513671875</ele>
        <time>2025-04-13T09:31:25.000Z</time>
        <extensions>
          <ns3:TrackPointExtension>
            <ns3:hr>144</ns3:hr>
            <ns3:cad>96</ns3:cad>
          </ns3:TrackPointExtension>
        </extensions>
      </trkpt>
      <trkpt lat="51.54374803416430950164794921875" lon="-2.90031963028013706207275390625">
        <ele>8.19999980926513671875</ele>
        <time>2025-04-13T09:31:30.000Z</time>
        <extensions>
          <ns3:TrackPointExtension>
            <ns3:hr>145</ns3:hr>
            <ns3:cad>96</ns3:cad>
          </ns3:TrackPointExtension>
        </extensions>
      </trkpt>
      <trkpt lat="51.5435372292995452880859375" lon="-2.900360114872455596923828125">
        <ele>8.19999980926513671875</ele>
        <time>2025-04-13T09:31:36.000Z</time>
        <extensions>
          <ns3:TrackPointExtension>
            <ns3:hr>145</ns3:hr>
            <ns3:cad>96</ns3:cad>
          </ns3:TrackPointExtension>
        </extensions>
      </trkpt>
      <trkpt lat="51.54335743747651576995849609375" lon="-2.9003887809813022613525390625">
        <ele>8</ele>
        <time>2025-04-13T09:31:41.000Z</time>
        <extensions>
          <ns3:TrackPointExtension>
            <ns3:hr>147</ns3:hr>
            <ns3:cad>96</ns3:cad>
          </ns3:TrackPointExtension>
        </extensions>
      </trkpt>
      <trkpt lat="51.54315124265849590301513671875" lon="-2.900422476232051849365234375">
        <ele>7.80000019073486328125</ele>
        <time>2025-04-13T09:31:47.000Z</time>
        <extensions>
          <ns3:TrackPointExtension>
            <ns3:hr>146</ns3:hr>
            <ns3:cad>96</ns3:cad>
          </ns3:TrackPointExtension>
        </extensions>
      </trkpt>
      <trkpt lat="51.54297237284481525421142578125" lon="-2.900471426546573638916015625">
        <ele>7.599999904632568359375</ele>
        <time>2025-04-13T09:31:52.000Z</time>
        <extensions>
          <ns3:TrackPointExtension>
            <ns3:hr>148</ns3:hr>
            <ns3:cad>96</ns3:cad>
          </ns3:TrackPointExtension>
        </extensions>
      </trkpt>
      <trkpt lat="51.54275603592395782470703125" lon="-2.9004943929612636566162109375">
        <ele>7</ele>
        <time>2025-04-13T09:31:58.000Z</time>
        <extensions>
          <ns3:TrackPointExtension>
            <ns3:hr>147</ns3:hr>
            <ns3:cad>96</ns3:cad>
          </ns3:TrackPointExtension>
        </extensions>
      </trkpt>
      <trkpt lat="51.5425617434084415435791015625" lon="-2.900529094040393829345703125">
        <ele>7.400000095367431640625</ele>
        <time>2025-04-13T09:32:03.000Z</time>
        <extensions>
          <ns3:TrackPointExtension>
            <ns3:hr>147</ns3:hr>
            <ns3:cad>96</ns3:cad>
          </ns3:TrackPointExtension>
        </extensions>
      </trkpt>
      <trkpt lat="51.5424480848014354705810546875" lon="-2.900763116776943206787109375">
        <ele>7</ele>
        <time>2025-04-13T09:32:08.000Z</time>
        <extensions>
          <ns3:TrackPointExtension>
            <ns3:hr>149</ns3:hr>
            <ns3:cad>97</ns3:cad>
          </ns3:TrackPointExtension>
        </extensions>
      </trkpt>
      <trkpt lat="51.54245856218039989471435546875" lon="-2.9010576568543910980224609375">
        <ele>7.19999980926513671875</ele>
        <time>2025-04-13T09:32:13.000Z</time>
        <extensions>
          <ns3:TrackPointExtension>
            <ns3:hr>147</ns3:hr>
            <ns3:cad>95</ns3:cad>
          </ns3:TrackPointExtension>
        </extensions>
      </trkpt>
      <trkpt lat="51.5425034053623676300048828125" lon="-2.90137859992682933807373046875">
        <ele>8</ele>
        <time>2025-04-13T09:32:19.000Z</time>
        <extensions>
          <ns3:TrackPointExtension>
            <ns3:hr>147</ns3:hr>
            <ns3:cad>95</ns3:cad>
          </ns3:TrackPointExtension>
        </extensions>
      </trkpt>
      <trkpt lat="51.54253500513732433319091796875" lon="-2.901662997901439666748046875">
        <ele>8</ele>
        <time>2025-04-13T09:32:24.000Z</time>
        <extensions>
          <ns3:TrackPointExtension>
            <ns3:hr>146</ns3:hr>
            <ns3:cad>96</ns3:cad>
          </ns3:TrackPointExtension>
        </extensions>
      </trkpt>
      <trkpt lat="51.54259468428790569305419921875" lon="-2.901999950408935546875">
        <ele>7.19999980926513671875</ele>
        <time>2025-04-13T09:32:30.000Z</time>
        <extensions>
          <ns3:TrackPointExtension>
            <ns3:hr>147</ns3:hr>
            <ns3:cad>95</ns3:cad>
          </ns3:TrackPointExtension>
        </extensions>
      </trkpt>
      <trkpt lat="51.5426472388207912445068359375" lon="-2.9022783972322940826416015625">
        <ele>7</ele>
        <time>2025-04-13T09:32:35.000Z</time>
        <extensions>
          <ns3:TrackPointExtension>
            <ns3:hr>148</ns3:hr>
            <ns3:cad>96</ns3:cad>
          </ns3:TrackPointExtension>
        </extensions>
      </trkpt>
      <trkpt lat="51.5427159704267978668212890625" lon="-2.90258995257318019866943359375">
        <ele>6.400000095367431640625</ele>
        <time>2025-04-13T09:32:41.000Z</time>
        <extensions>
          <ns3:TrackPointExtension>
            <ns3:hr>147</ns3:hr>
            <ns3:cad>95</ns3:cad>
          </ns3:TrackPointExtension>
        </extensions>
      </trkpt>
      <trkpt lat="51.54277321882545948028564453125" lon="-2.902866303920745849609375">
        <ele>6</ele>
        <time>2025-04-13T09:32:46.000Z</time>
        <extensions>
          <ns3:TrackPointExtension>
            <ns3:hr>147</ns3:hr>
            <ns3:cad>97</ns3:cad>
          </ns3:TrackPointExtension>
        </extensions>
      </trkpt>
      <trkpt lat="51.54284949414432048797607421875" lon="-2.90318523533642292022705078125">
        <ele>6.80000019073486328125</ele>
        <time>2025-04-13T09:32:52.000Z</time>
        <extensions>
          <ns3:TrackPointExtension>
            <ns3:hr>147</ns3:hr>
            <ns3:cad>96</ns3:cad>
          </ns3:TrackPointExtension>
        </extensions>
      </trkpt>
      <trkpt lat="51.5428953431546688079833984375" lon="-2.90346602909266948699951171875">
        <ele>7</ele>
        <time>2025-04-13T09:32:57.000Z</time>
        <extensions>
          <ns3:TrackPointExtension>
            <ns3:hr>146</ns3:hr>
            <ns3:cad>95</ns3:cad>
          </ns3:TrackPointExtension>
        </extensions>
      </trkpt>
      <trkpt lat="51.5429168008267879486083984375" lon="-2.9037713818252086639404296875">
        <ele>8.19999980926513671875</ele>
        <time>2025-04-13T09:33:03.000Z</time>
        <extensions>
          <ns3:TrackPointExtension>
            <ns3:hr>147</ns3:hr>
            <ns3:cad>95</ns3:cad>
          </ns3:TrackPointExtension>
        </extensions>
      </trkpt>
      <trkpt lat="51.54290758073329925537109375" lon="-2.9040647484362125396728515625">
        <ele>9</ele>
        <time>2025-04-13T09:33:08.000Z</time>
        <extensions>
          <ns3:TrackPointExtension>
            <ns3:hr>149</ns3:hr>
            <ns3:cad>95</ns3:cad>
          </ns3:TrackPointExtension>
        </extensions>
      </trkpt>
      <trkpt lat="51.54288033954799175262451171875" lon="-2.90437295101583003997802734375">
        <ele>9</ele>
        <time>2025-04-13T09:33:13.000Z</time>
        <extensions>
          <ns3:TrackPointExtension>
            <ns3:hr>147</ns3:hr>
            <ns3:cad>96</ns3:cad>
          </ns3:TrackPointExtension>
        </extensions>
      </trkpt>
      <trkpt lat="51.5428618155419826507568359375" lon="-2.90449348278343677520751953125">
        <ele>9</ele>
        <time>2025-04-13T09:33:15.000Z</time>
        <extensions>
          <ns3:TrackPointExtension>
            <ns3:hr>144</ns3:hr>
            <ns3:cad>94</ns3:cad>
          </ns3:TrackPointExtension>
        </extensions>
      </trkpt>
      <trkpt lat="51.54281144030392169952392578125" lon="-2.90478785522282123565673828125">
        <ele>8.19999980926513671875</ele>
        <time>2025-04-13T09:33:20.000Z</time>
        <extensions>
          <ns3:TrackPointExtension>
            <ns3:hr>143</ns3:hr>
            <ns3:cad>96</ns3:cad>
          </ns3:TrackPointExtension>
        </extensions>
      </trkpt>
      <trkpt lat="51.542741954326629638671875" lon="-2.905070073902606964111328125">
        <ele>8.19999980926513671875</ele>
        <time>2025-04-13T09:33:25.000Z</time>
        <extensions>
          <ns3:TrackPointExtension>
            <ns3:hr>143</ns3:hr>
            <ns3:cad>96</ns3:cad>
          </ns3:TrackPointExtension>
        </extensions>
      </trkpt>
      <trkpt lat="51.54266886413097381591796875" lon="-2.90535413660109043121337890625">
        <ele>8</ele>
        <time>2025-04-13T09:33:30.000Z</time>
        <extensions>
          <ns3:TrackPointExtension>
            <ns3:hr>145</ns3:hr>
            <ns3:cad>95</ns3:cad>
          </ns3:TrackPointExtension>
        </extensions>
      </trkpt>
      <trkpt lat="51.54260206036269664764404296875" lon="-2.90563543327152729034423828125">
        <ele>7.80000019073486328125</ele>
        <time>2025-04-13T09:33:35.000Z</time>
        <extensions>
          <ns3:TrackPointExtension>
            <ns3:hr>148</ns3:hr>
            <ns3:cad>96</ns3:cad>
          </ns3:TrackPointExtension>
        </extensions>
      </trkpt>
      <trkpt lat="51.5425340831279754638671875" lon="-2.90592092089354991912841796875">
        <ele>7</ele>
        <time>2025-04-13T09:33:40.000Z</time>
        <extensions>
          <ns3:TrackPointExtension>
            <ns3:hr>147</ns3:hr>
            <ns3:cad>96</ns3:cad>
          </ns3:TrackPointExtension>
        </extensions>
      </trkpt>
      <trkpt lat="51.542489491403102874755859375" lon="-2.9062091745436191558837890625">
        <ele>7</ele>
        <time>2025-04-13T09:33:45.000Z</time>
        <extensions>
          <ns3:TrackPointExtension>
            <ns3:hr>145</ns3:hr>
            <ns3:cad>96</ns3:cad>
          </ns3:TrackPointExtension>
        </extensions>
      </trkpt>
      <trkpt lat="51.542453952133655548095703125" lon="-2.90654839016497135162353515625">
        <ele>7</ele>
        <time>2025-04-13T09:33:51.000Z</time>
        <extensions>
          <ns3:TrackPointExtension>
            <ns3:hr>145</ns3:hr>
            <ns3:cad>96</ns3:cad>
          </ns3:TrackPointExtension>
        </extensions>
      </trkpt>
      <trkpt lat="51.5424242801964282989501953125" lon="-2.90688626468181610107421875">
        <ele>7</ele>
        <time>2025-04-13T09:33:57.000Z</time>
        <extensions>
          <ns3:TrackPointExtension>
            <ns3:hr>144</ns3:hr>
            <ns3:cad>94</ns3:cad>
          </ns3:TrackPointExtension>
        </extensions>
      </trkpt>
      <trkpt lat="51.54240198433399200439453125" lon="-2.90720821358263492584228515625">
        <ele>7.19999980926513671875</ele>
        <time>2025-04-13T09:34:03.000Z</time>
        <extensions>
          <ns3:TrackPointExtension>
            <ns3:hr>144</ns3:hr>
            <ns3:cad>96</ns3:cad>
          </ns3:TrackPointExtension>
        </extensions>
      </trkpt>
      <trkpt lat="51.54237608425319194793701171875" lon="-2.90749822743237018585205078125">
        <ele>7.400000095367431640625</ele>
        <time>2025-04-13T09:34:08.000Z</time>
        <extensions>
          <ns3:TrackPointExtension>
            <ns3:hr>145</ns3:hr>
            <ns3:cad>96</ns3:cad>
          </ns3:TrackPointExtension>
        </extensions>
      </trkpt>
      <trkpt lat="51.54235496185719966888427734375" lon="-2.90779058821499347686767578125">
        <ele>7</ele>
        <time>2025-04-13T09:34:13.000Z</time>
        <extensions>
          <ns3:TrackPointExtension>
            <ns3:hr>147</ns3:hr>
            <ns3:cad>96</ns3:cad>
          </ns3:TrackPointExtension>
        </extensions>
      </trkpt>
      <trkpt lat="51.542339622974395751953125" lon="-2.908075489103794097900390625">
        <ele>6.400000095367431640625</ele>
        <time>2025-04-13T09:34:18.000Z</time>
        <extensions>
          <ns3:TrackPointExtension>
            <ns3:hr>147</ns3:hr>
            <ns3:cad>95</ns3:cad>
          </ns3:TrackPointExtension>
        </extensions>
      </trkpt>
      <trkpt lat="51.542310453951358795166015625" lon="-2.90841378271579742431640625">
        <ele>6.19999980926513671875</ele>
        <time>2025-04-13T09:34:24.000Z</time>
        <extensions>
          <ns3:TrackPointExtension>
            <ns3:hr>149</ns3:hr>
            <ns3:cad>95</ns3:cad>
          </ns3:TrackPointExtension>
        </extensions>
      </trkpt>
      <trkpt lat="51.5422832965850830078125" lon="-2.90870086289942264556884765625">
        <ele>7</ele>
        <time>2025-04-13T09:34:29.000Z</time>
        <extensions>
          <ns3:TrackPointExtension>
            <ns3:hr>150</ns3:hr>
            <ns3:cad>96</ns3:cad>
          </ns3:TrackPointExtension>
        </extensions>
      </trkpt>
      <trkpt lat="51.54226678423583507537841796875" lon="-2.9088806547224521636962890625">
        <ele>7</ele>
        <time>2025-04-13T09:34:32.000Z</time>
        <extensions>
          <ns3:TrackPointExtension>
            <ns3:hr>144</ns3:hr>
            <ns3:cad>96</ns3:cad>
          </ns3:TrackPointExtension>
        </extensions>
      </trkpt>
      <trkpt lat="51.54226024635136127471923828125" lon="-2.90894008241593837738037109375">
        <ele>7</ele>
        <time>2025-04-13T09:34:33.000Z</time>
        <extensions>
          <ns3:TrackPointExtension>
            <ns3:hr>144</ns3:hr>
            <ns3:cad>96</ns3:cad>
          </ns3:TrackPointExtension>
        </extensions>
      </trkpt>
      <trkpt lat="51.54224348254501819610595703125" lon="-2.909106798470020294189453125">
        <ele>7.400000095367431640625</ele>
        <time>2025-04-13T09:34:36.000Z</time>
        <extensions>
          <ns3:TrackPointExtension>
            <ns3:hr>147</ns3:hr>
            <ns3:cad>95</ns3:cad>
          </ns3:TrackPointExtension>
        </extensions>
      </trkpt>
      <trkpt lat="51.54221020638942718505859375" lon="-2.90944349952042102813720703125">
        <ele>8</ele>
        <time>2025-04-13T09:34:42.000Z</time>
        <extensions>
          <ns3:TrackPointExtension>
            <ns3:hr>145</ns3:hr>
            <ns3:cad>97</ns3:cad>
          </ns3:TrackPointExtension>
        </extensions>
      </trkpt>
      <trkpt lat="51.54218581505119800567626953125" lon="-2.9097315855324268341064453125">
        <ele>8</ele>
        <time>2025-04-13T09:34:47.000Z</time>
        <extensions>
          <ns3:TrackPointExtension>
            <ns3:hr>146</ns3:hr>
            <ns3:cad>95</ns3:cad>
          </ns3:TrackPointExtension>
        </extensions>
      </trkpt>
      <trkpt lat="51.54217324219644069671630859375" lon="-2.9100259579718112945556640625">
        <ele>8</ele>
        <time>2025-04-13T09:34:52.000Z</time>
        <extensions>
          <ns3:TrackPointExtension>
            <ns3:hr>146</ns3:hr>
            <ns3:cad>95</ns3:cad>
          </ns3:TrackPointExtension>
        </extensions>
      </trkpt>
      <trkpt lat="51.54217106290161609649658203125" lon="-2.91036450304090976715087890625">
        <ele>8</ele>
        <time>2025-04-13T09:34:58.000Z</time>
        <extensions>
          <ns3:TrackPointExtension>
            <ns3:hr>147</ns3:hr>
            <ns3:cad>96</ns3:cad>
          </ns3:TrackPointExtension>
        </extensions>
      </trkpt>
      <trkpt lat="51.5421902574598789215087890625" lon="-2.9106529243290424346923828125">
        <ele>8</ele>
        <time>2025-04-13T09:35:03.000Z</time>
        <extensions>
          <ns3:TrackPointExtension>
            <ns3:hr>148</ns3:hr>
            <ns3:cad>96</ns3:cad>
          </ns3:TrackPointExtension>
        </extensions>
      </trkpt>
      <trkpt lat="51.54224767349660396575927734375" lon="-2.9109372384846210479736328125">
        <ele>8</ele>
        <time>2025-04-13T09:35:08.000Z</time>
        <extensions>
          <ns3:TrackPointExtension>
            <ns3:hr>146</ns3:hr>
            <ns3:cad>96</ns3:cad>
          </ns3:TrackPointExtension>
        </extensions>
      </trkpt>
      <trkpt lat="51.54234155081212520599365234375" lon="-2.91124208830296993255615234375">
        <ele>7.80000019073486328125</ele>
        <time>2025-04-13T09:35:14.000Z</time>
        <extensions>
          <ns3:TrackPointExtension>
            <ns3:hr>148</ns3:hr>
            <ns3:cad>96</ns3:cad>
          </ns3:TrackPointExtension>
        </extensions>
      </trkpt>
      <trkpt lat="51.5424326620995998382568359375" lon="-2.9115001671016216278076171875">
        <ele>8.3999996185302734375</ele>
        <time>2025-04-13T09:35:19.000Z</time>
        <extensions>
          <ns3:TrackPointExtension>
            <ns3:hr>146</ns3:hr>
            <ns3:cad>95</ns3:cad>
          </ns3:TrackPointExtension>
        </extensions>
      </trkpt>
      <trkpt lat="51.54253299348056316375732421875" lon="-2.91179780848324298858642578125">
        <ele>8</ele>
        <time>2025-04-13T09:35:25.000Z</time>
        <extensions>
          <ns3:TrackPointExtension>
            <ns3:hr>145</ns3:hr>
            <ns3:cad>95</ns3:cad>
          </ns3:TrackPointExtension>
        </extensions>
      </trkpt>
      <trkpt lat="51.54262251220643520355224609375" lon="-2.9120563901960849761962890625">
        <ele>7.400000095367431640625</ele>
        <time>2025-04-13T09:35:30.000Z</time>
        <extensions>
          <ns3:TrackPointExtension>
            <ns3:hr>147</ns3:hr>
            <ns3:cad>95</ns3:cad>
          </ns3:TrackPointExtension>
        </extensions>
      </trkpt>
      <trkpt lat="51.54272460378706455230712890625" lon="-2.912332154810428619384765625">
        <ele>7.80000019073486328125</ele>
        <time>2025-04-13T09:35:36.000Z</time>
        <extensions>
          <ns3:TrackPointExtension>
            <ns3:hr>148</ns3:hr>
            <ns3:cad>95</ns3:cad>
          </ns3:TrackPointExtension>
        </extensions>
      </trkpt>
      <trkpt lat="51.54280624352395534515380859375" lon="-2.912597358226776123046875">
        <ele>8</ele>
        <time>2025-04-13T09:35:41.000Z</time>
        <extensions>
          <ns3:TrackPointExtension>
            <ns3:hr>147</ns3:hr>
            <ns3:cad>96</ns3:cad>
          </ns3:TrackPointExtension>
        </extensions>
      </trkpt>
      <trkpt lat="51.5428866259753704071044921875" lon="-2.912872619926929473876953125">
        <ele>7.599999904632568359375</ele>
        <time>2025-04-13T09:35:46.000Z</time>
        <extensions>
          <ns3:TrackPointExtension>
            <ns3:hr>146</ns3:hr>
            <ns3:cad>97</ns3:cad>
          </ns3:TrackPointExtension>
        </extensions>
      </trkpt>
      <trkpt lat="51.54297522269189357757568359375" lon="-2.91317864321172237396240234375">
        <ele>7.400000095367431640625</ele>
        <time>2025-04-13T09:35:52.000Z</time>
        <extensions>
          <ns3:TrackPointExtension>
            <ns3:hr>146</ns3:hr>
            <ns3:cad>96</ns3:cad>
          </ns3:TrackPointExtension>
        </extensions>
      </trkpt>
      <trkpt lat="51.54304261319339275360107421875" lon="-2.9134521447122097015380859375">
        <ele>7</ele>
        <time>2025-04-13T09:35:57.000Z</time>
        <extensions>
          <ns3:TrackPointExtension>
            <ns3:hr>147</ns3:hr>
            <ns3:cad>95</ns3:cad>
          </ns3:TrackPointExtension>
        </extensions>
      </trkpt>
      <trkpt lat="51.5431203134357929229736328125" lon="-2.913722880184650421142578125">
        <ele>7.80000019073486328125</ele>
        <time>2025-04-13T09:36:02.000Z</time>
        <extensions>
          <ns3:TrackPointExtension>
            <ns3:hr>148</ns3:hr>
            <ns3:cad>96</ns3:cad>
          </ns3:TrackPointExtension>
        </extensions>
      </trkpt>
      <trkpt lat="51.54316448606550693511962890625" lon="-2.9140529595315456390380859375">
        <ele>7.599999904632568359375</ele>
        <time>2025-04-13T09:36:08.000Z</time>
        <extensions>
          <ns3:TrackPointExtension>
            <ns3:hr>147</ns3:hr>
            <ns3:cad>96</ns3:cad>
          </ns3:TrackPointExtension>
        </extensions>
      </trkpt>
      <trkpt lat="51.5431146137416362762451171875" lon="-2.9143335856497287750244140625">
        <ele>7.599999904632568359375</ele>
        <time>2025-04-13T09:36:13.000Z</time>
        <extensions>
          <ns3:TrackPointExtension>
            <ns3:hr>146</ns3:hr>
            <ns3:cad>95</ns3:cad>
          </ns3:TrackPointExtension>
        </extensions>
      </trkpt>
      <trkpt lat="51.543035991489887237548828125" lon="-2.914623431861400604248046875">
        <ele>7</ele>
        <time>2025-04-13T09:36:18.000Z</time>
        <extensions>
          <ns3:TrackPointExtension>
            <ns3:hr>145</ns3:hr>
            <ns3:cad>95</ns3:cad>
          </ns3:TrackPointExtension>
        </extensions>
      </trkpt>
      <trkpt lat="51.5429479815065860748291015625" lon="-2.91489810682833194732666015625">
        <ele>7</ele>
        <time>2025-04-13T09:36:23.000Z</time>
        <extensions>
          <ns3:TrackPointExtension>
            <ns3:hr>147</ns3:hr>
            <ns3:cad>96</ns3:cad>
          </ns3:TrackPointExtension>
        </extensions>
      </trkpt>
      <trkpt lat="51.5428668446838855743408203125" lon="-2.9151697643101215362548828125">
        <ele>7.19999980926513671875</ele>
        <time>2025-04-13T09:36:28.000Z</time>
        <extensions>
          <ns3:TrackPointExtension>
            <ns3:hr>148</ns3:hr>
            <ns3:cad>95</ns3:cad>
          </ns3:TrackPointExtension>
        </extensions>
      </trkpt>
      <trkpt lat="51.54279953800141811370849609375" lon="-2.91544578038156032562255859375">
        <ele>7.80000019073486328125</ele>
        <time>2025-04-13T09:36:33.000Z</time>
        <extensions>
          <ns3:TrackPointExtension>
            <ns3:hr>149</ns3:hr>
            <ns3:cad>97</ns3:cad>
          </ns3:TrackPointExtension>
        </extensions>
      </trkpt>
      <trkpt lat="51.542729549109935760498046875" lon="-2.91576965712010860443115234375">
        <ele>7</ele>
        <time>2025-04-13T09:36:39.000Z</time>
        <extensions>
          <ns3:TrackPointExtension>
            <ns3:hr>148</ns3:hr>
            <ns3:cad>96</ns3:cad>
          </ns3:TrackPointExtension>
        </extensions>
      </trkpt>
      <trkpt lat="51.5426911599934101104736328125" lon="-2.9160855710506439208984375">
        <ele>6.599999904632568359375</ele>
        <time>2025-04-13T09:36:45.000Z</time>
        <extensions>
          <ns3:TrackPointExtension>
            <ns3:hr>148</ns3:hr>
            <ns3:cad>96</ns3:cad>
          </ns3:TrackPointExtension>
        </extensions>
      </trkpt>
      <trkpt lat="51.54266810975968837738037109375" lon="-2.9164072684943675994873046875">
        <ele>6.599999904632568359375</ele>
        <time>2025-04-13T09:36:51.000Z</time>
        <extensions>
          <ns3:TrackPointExtension>
            <ns3:hr>146</ns3:hr>
            <ns3:cad>95</ns3:cad>
          </ns3:TrackPointExtension>
        </extensions>
      </trkpt>
      <trkpt lat="51.54264447279274463653564453125" lon="-2.9166986234486103057861328125">
        <ele>6.400000095367431640625</ele>
        <time>2025-04-13T09:36:56.000Z</time>
        <extensions>
          <ns3:TrackPointExtension>
            <ns3:hr>144</ns3:hr>
            <ns3:cad>96</ns3:cad>
          </ns3:TrackPointExtension>
        </extensions>
      </trkpt>
      <trkpt lat="51.54262955300509929656982421875" lon="-2.91701621375977993011474609375">
        <ele>7.19999980926513671875</ele>
        <time>2025-04-13T09:37:01.000Z</time>
        <extensions>
          <ns3:TrackPointExtension>
            <ns3:hr>143</ns3:hr>
            <ns3:cad>94</ns3:cad>
          </ns3:TrackPointExtension>
        </extensions>
      </trkpt>
      <trkpt lat="51.5426214225590229034423828125" lon="-2.91732818819582462310791015625">
        <ele>7</ele>
        <time>2025-04-13T09:37:06.000Z</time>
        <extensions>
          <ns3:TrackPointExtension>
            <ns3:hr>144</ns3:hr>
            <ns3:cad>96</ns3:cad>
          </ns3:TrackPointExtension>
        </extensions>
      </trkpt>
      <trkpt lat="51.5426100231707096099853515625" lon="-2.91762306354939937591552734375">
        <ele>7.599999904632568359375</ele>
        <time>2025-04-13T09:37:11.000Z</time>
        <extensions>
          <ns3:TrackPointExtension>
            <ns3:hr>145</ns3:hr>
            <ns3:cad>95</ns3:cad>
          </ns3:TrackPointExtension>
        </extensions>
      </trkpt>
      <trkpt lat="51.54257926158607006072998046875" lon="-2.9179233871400356292724609375">
        <ele>7.80000019073486328125</ele>
        <time>2025-04-13T09:37:16.000Z</time>
        <extensions>
          <ns3:TrackPointExtension>
            <ns3:hr>144</ns3:hr>
            <ns3:cad>98</ns3:cad>
          </ns3:TrackPointExtension>
        </extensions>
      </trkpt>
      <trkpt lat="51.54254707507789134979248046875" lon="-2.91821029968559741973876953125">
        <ele>8.80000019073486328125</ele>
        <time>2025-04-13T09:37:21.000Z</time>
        <extensions>
          <ns3:TrackPointExtension>
            <ns3:hr>144</ns3:hr>
            <ns3:cad>96</ns3:cad>
          </ns3:TrackPointExtension>
        </extensions>
      </trkpt>
      <trkpt lat="51.54251622967422008514404296875" lon="-2.91851975955069065093994140625">
        <ele>8.80000019073486328125</ele>
        <time>2025-04-13T09:37:26.000Z</time>
        <extensions>
          <ns3:TrackPointExtension>
            <ns3:hr>145</ns3:hr>
            <ns3:cad>97</ns3:cad>
          </ns3:TrackPointExtension>
        </extensions>
      </trkpt>
      <trkpt lat="51.54247934930026531219482421875" lon="-2.918810360133647918701171875">
        <ele>8</ele>
        <time>2025-04-13T09:37:31.000Z</time>
        <extensions>
          <ns3:TrackPointExtension>
            <ns3:hr>145</ns3:hr>
            <ns3:cad>96</ns3:cad>
          </ns3:TrackPointExtension>
        </extensions>
      </trkpt>
      <trkpt lat="51.54243174009025096893310546875" lon="-2.9190898127853870391845703125">
        <ele>8</ele>
        <time>2025-04-13T09:37:36.000Z</time>
        <extensions>
          <ns3:TrackPointExtension>
            <ns3:hr>147</ns3:hr>
            <ns3:cad>96</ns3:cad>
          </ns3:TrackPointExtension>
        </extensions>
      </trkpt>
      <trkpt lat="51.54238932766020298004150390625" lon="-2.91937454603612422943115234375">
        <ele>8.80000019073486328125</ele>
        <time>2025-04-13T09:37:41.000Z</time>
        <extensions>
          <ns3:TrackPointExtension>
            <ns3:hr>146</ns3:hr>
            <ns3:cad>96</ns3:cad>
          </ns3:TrackPointExtension>
        </extensions>
      </trkpt>
      <trkpt lat="51.54233836568892002105712890625" lon="-2.91970412246882915496826171875">
        <ele>9</ele>
        <time>2025-04-13T09:37:47.000Z</time>
        <extensions>
          <ns3:TrackPointExtension>
            <ns3:hr>146</ns3:hr>
            <ns3:cad>96</ns3:cad>
          </ns3:TrackPointExtension>
        </extensions>
      </trkpt>
      <trkpt lat="51.54232361353933811187744140625" lon="-2.920003943145275115966796875">
        <ele>9</ele>
        <time>2025-04-13T09:37:52.000Z</time>
        <extensions>
          <ns3:TrackPointExtension>
            <ns3:hr>145</ns3:hr>
            <ns3:cad>95</ns3:cad>
          </ns3:TrackPointExtension>
        </extensions>
      </trkpt>
      <trkpt lat="51.542345993220806121826171875" lon="-2.92032471857964992523193359375">
        <ele>8.19999980926513671875</ele>
        <time>2025-04-13T09:37:58.000Z</time>
        <extensions>
          <ns3:TrackPointExtension>
            <ns3:hr>144</ns3:hr>
            <ns3:cad>96</ns3:cad>
          </ns3:TrackPointExtension>
        </extensions>
      </trkpt>
      <trkpt lat="51.54237248003482818603515625" lon="-2.9206589050590991973876953125">
        <ele>7.400000095367431640625</ele>
        <time>2025-04-13T09:38:04.000Z</time>
        <extensions>
          <ns3:TrackPointExtension>
            <ns3:hr>143</ns3:hr>
            <ns3:cad>96</ns3:cad>
          </ns3:TrackPointExtension>
        </extensions>
      </trkpt>
      <trkpt lat="51.542405672371387481689453125" lon="-2.9209489189088344573974609375">
        <ele>7</ele>
        <time>2025-04-13T09:38:09.000Z</time>
        <extensions>
          <ns3:TrackPointExtension>
            <ns3:hr>142</ns3:hr>
            <ns3:cad>96</ns3:cad>
          </ns3:TrackPointExtension>
        </extensions>
      </trkpt>
      <trkpt lat="51.54243207536637783050537109375" lon="-2.92126080952584743499755859375">
        <ele>6.80000019073486328125</ele>
        <time>2025-04-13T09:38:14.000Z</time>
        <extensions>
          <ns3:TrackPointExtension>
            <ns3:hr>142</ns3:hr>
            <ns3:cad>96</ns3:cad>
          </ns3:TrackPointExtension>
        </extensions>
      </trkpt>
      <trkpt lat="51.54244489967823028564453125" lon="-2.92160262353718280792236328125">
        <ele>6.80000019073486328125</ele>
        <time>2025-04-13T09:38:20.000Z</time>
        <extensions>
          <ns3:TrackPointExtension>
            <ns3:hr>142</ns3:hr>
            <ns3:cad>95</ns3:cad>
          </ns3:TrackPointExtension>
        </extensions>
      </trkpt>
      <trkpt lat="51.54244833625853061676025390625" lon="-2.92190319858491420745849609375">
        <ele>7.80000019073486328125</ele>
        <time>2025-04-13T09:38:25.000Z</time>
        <extensions>
          <ns3:TrackPointExtension>
            <ns3:hr>143</ns3:hr>
            <ns3:cad>96</ns3:cad>
          </ns3:TrackPointExtension>
        </extensions>
      </trkpt>
      <trkpt lat="51.54244582168757915496826171875" lon="-2.92220461182296276092529296875">
        <ele>8</ele>
        <time>2025-04-13T09:38:30.000Z</time>
        <extensions>
          <ns3:TrackPointExtension>
            <ns3:hr>143</ns3:hr>
            <ns3:cad>95</ns3:cad>
          </ns3:TrackPointExtension>
        </extensions>
      </trkpt>
      <trkpt lat="51.5424511022865772247314453125" lon="-2.9224938713014125823974609375">
        <ele>8.19999980926513671875</ele>
        <time>2025-04-13T09:38:35.000Z</time>
        <extensions>
          <ns3:TrackPointExtension>
            <ns3:hr>144</ns3:hr>
            <ns3:cad>96</ns3:cad>
          </ns3:TrackPointExtension>
        </extensions>
      </trkpt>
      <trkpt lat="51.54245562851428985595703125" lon="-2.92282688431441783905029296875">
        <ele>7.19999980926513671875</ele>
        <time>2025-04-13T09:38:41.000Z</time>
        <extensions>
          <ns3:TrackPointExtension>
            <ns3:hr>144</ns3:hr>
            <ns3:cad>96</ns3:cad>
          </ns3:TrackPointExtension>
        </extensions>
      </trkpt>
      <trkpt lat="51.54245805926620960235595703125" lon="-2.92311958037316799163818359375">
        <ele>6.19999980926513671875</ele>
        <time>2025-04-13T09:38:46.000Z</time>
        <extensions>
          <ns3:TrackPointExtension>
            <ns3:hr>144</ns3:hr>
            <ns3:cad>96</ns3:cad>
          </ns3:TrackPointExtension>
        </extensions>
      </trkpt>
      <trkpt lat="51.5424643456935882568359375" lon="-2.92341328226029872894287109375">
        <ele>6</ele>
        <time>2025-04-13T09:38:51.000Z</time>
        <extensions>
          <ns3:TrackPointExtension>
            <ns3:hr>143</ns3:hr>
            <ns3:cad>95</ns3:cad>
          </ns3:TrackPointExtension>
        </extensions>
      </trkpt>
      <trkpt lat="51.54246912337839603424072265625" lon="-2.9237102530896663665771484375">
        <ele>5.19999980926513671875</ele>
        <time>2025-04-13T09:38:56.000Z</time>
        <extensions>
          <ns3:TrackPointExtension>
            <ns3:hr>144</ns3:hr>
            <ns3:cad>95</ns3:cad>
          </ns3:TrackPointExtension>
        </extensions>
      </trkpt>
      <trkpt lat="51.54245940037071704864501953125" lon="-2.92401946149766445159912109375">
        <ele>6</ele>
        <time>2025-04-13T09:39:02.000Z</time>
        <extensions>
          <ns3:TrackPointExtension>
            <ns3:hr>144</ns3:hr>
            <ns3:cad>96</ns3:cad>
          </ns3:TrackPointExtension>
        </extensions>
      </trkpt>
      <trkpt lat="51.542453952133655548095703125" lon="-2.9243509657680988311767578125">
        <ele>6.19999980926513671875</ele>
        <time>2025-04-13T09:39:08.000Z</time>
        <extensions>
          <ns3:TrackPointExtension>
            <ns3:hr>143</ns3:hr>
            <ns3:cad>96</ns3:cad>
          </ns3:TrackPointExtension>
        </extensions>
      </trkpt>
      <trkpt lat="51.5424578078091144561767578125" lon="-2.924667298793792724609375">
        <ele>7.19999980926513671875</ele>
        <time>2025-04-13T09:39:13.000Z</time>
        <extensions>
          <ns3:TrackPointExtension>
            <ns3:hr>143</ns3:hr>
            <ns3:cad>96</ns3:cad>
          </ns3:TrackPointExtension>
        </extensions>
      </trkpt>
      <trkpt lat="51.54248253442347049713134765625" lon="-2.92497776448726654052734375">
        <ele>8</ele>
        <time>2025-04-13T09:39:18.000Z</time>
        <extensions>
          <ns3:TrackPointExtension>
            <ns3:hr>143</ns3:hr>
            <ns3:cad>96</ns3:cad>
          </ns3:TrackPointExtension>
        </extensions>
      </trkpt>
      <trkpt lat="51.5425144694745540618896484375" lon="-2.9252877272665500640869140625">
        <ele>8.6000003814697265625</ele>
        <time>2025-04-13T09:39:23.000Z</time>
        <extensions>
          <ns3:TrackPointExtension>
            <ns3:hr>142</ns3:hr>
            <ns3:cad>96</ns3:cad>
          </ns3:TrackPointExtension>
        </extensions>
      </trkpt>
      <trkpt lat="51.54255109839141368865966796875" lon="-2.92556843720376491546630859375">
        <ele>9</ele>
        <time>2025-04-13T09:39:28.000Z</time>
        <extensions>
          <ns3:TrackPointExtension>
            <ns3:hr>145</ns3:hr>
            <ns3:cad>96</ns3:cad>
          </ns3:TrackPointExtension>
        </extensions>
      </trkpt>
      <trkpt lat="51.54259954579174518585205078125" lon="-2.9258489795029163360595703125">
        <ele>9</ele>
        <time>2025-04-13T09:39:33.000Z</time>
        <extensions>
          <ns3:TrackPointExtension>
            <ns3:hr>146</ns3:hr>
            <ns3:cad>95</ns3:cad>
          </ns3:TrackPointExtension>
        </extensions>
      </trkpt>
      <trkpt lat="51.5426623262465000152587890625" lon="-2.92613119818270206451416015625">
        <ele>8.6000003814697265625</ele>
        <time>2025-04-13T09:39:38.000Z</time>
        <extensions>
          <ns3:TrackPointExtension>
            <ns3:hr>146</ns3:hr>
            <ns3:cad>95</ns3:cad>
          </ns3:TrackPointExtension>
        </extensions>
      </trkpt>
      <trkpt lat="51.54277338646352291107177734375" lon="-2.92642213404178619384765625">
        <ele>9</ele>
        <time>2025-04-13T09:39:44.000Z</time>
        <extensions>
          <ns3:TrackPointExtension>
            <ns3:hr>145</ns3:hr>
            <ns3:cad>95</ns3:cad>
          </ns3:TrackPointExtension>
        </extensions>
      </trkpt>
      <trkpt lat="51.54289291240274906158447265625" lon="-2.9266546480357646942138671875">
        <ele>9</ele>
        <time>2025-04-13T09:39:49.000Z</time>
        <extensions>
          <ns3:TrackPointExtension>
            <ns3:hr>145</ns3:hr>
            <ns3:cad>97</ns3:cad>
          </ns3:TrackPointExtension>
        </extensions>
      </trkpt>
      <trkpt lat="51.5430049784481525421142578125" lon="-2.92690183036029338836669921875">
        <ele>8.6000003814697265625</ele>
        <time>2025-04-13T09:39:54.000Z</time>
        <extensions>
          <ns3:TrackPointExtension>
            <ns3:hr>145</ns3:hr>
            <ns3:cad>96</ns3:cad>
          </ns3:TrackPointExtension>
        </extensions>
      </trkpt>
      <trkpt lat="51.54312056489288806915283203125" lon="-2.92712621390819549560546875">
        <ele>7.599999904632568359375</ele>
        <time>2025-04-13T09:39:59.000Z</time>
        <extensions>
          <ns3:TrackPointExtension>
            <ns3:hr>145</ns3:hr>
            <ns3:cad>96</ns3:cad>
          </ns3:TrackPointExtension>
        </extensions>
      </trkpt>
      <trkpt lat="51.5432373248040676116943359375" lon="-2.92735110037028789520263671875">
        <ele>6.400000095367431640625</ele>
        <time>2025-04-13T09:40:04.000Z</time>
        <extensions>
          <ns3:TrackPointExtension>
            <ns3:hr>145</ns3:hr>
            <ns3:cad>97</ns3:cad>
          </ns3:TrackPointExtension>
        </extensions>
      </trkpt>
      <trkpt lat="51.54337051324546337127685546875" lon="-2.9276217520236968994140625">
        <ele>6</ele>
        <time>2025-04-13T09:40:10.000Z</time>
        <extensions>
          <ns3:TrackPointExtension>
            <ns3:hr>144</ns3:hr>
            <ns3:cad>95</ns3:cad>
          </ns3:TrackPointExtension>
        </extensions>
      </trkpt>
      <trkpt lat="51.543479226529598236083984375" lon="-2.92785837315022945404052734375">
        <ele>6.400000095367431640625</ele>
        <time>2025-04-13T09:40:15.000Z</time>
        <extensions>
          <ns3:TrackPointExtension>
            <ns3:hr>143</ns3:hr>
            <ns3:cad>95</ns3:cad>
          </ns3:TrackPointExtension>
        </extensions>
      </trkpt>
      <trkpt lat="51.54358483850955963134765625" lon="-2.9280976764857769012451171875">
        <ele>7</ele>
        <time>2025-04-13T09:40:20.000Z</time>
        <extensions>
          <ns3:TrackPointExtension>
            <ns3:hr>143</ns3:hr>
            <ns3:cad>95</ns3:cad>
          </ns3:TrackPointExtension>
        </extensions>
      </trkpt>
      <trkpt lat="51.543700508773326873779296875" lon="-2.9283759556710720062255859375">
        <ele>8</ele>
        <time>2025-04-13T09:40:26.000Z</time>
        <extensions>
          <ns3:TrackPointExtension>
            <ns3:hr>142</ns3:hr>
            <ns3:cad>95</ns3:cad>
          </ns3:TrackPointExtension>
        </extensions>
      </trkpt>
      <trkpt lat="51.54381542466580867767333984375" lon="-2.92866890318691730499267578125">
        <ele>8.3999996185302734375</ele>
        <time>2025-04-13T09:40:32.000Z</time>
        <extensions>
          <ns3:TrackPointExtension>
            <ns3:hr>143</ns3:hr>
            <ns3:cad>96</ns3:cad>
          </ns3:TrackPointExtension>
        </extensions>
      </trkpt>
      <trkpt lat="51.543905697762966156005859375" lon="-2.92893863283097743988037109375">
        <ele>9</ele>
        <time>2025-04-13T09:40:37.000Z</time>
        <extensions>
          <ns3:TrackPointExtension>
            <ns3:hr>143</ns3:hr>
            <ns3:cad>95</ns3:cad>
          </ns3:TrackPointExtension>
        </extensions>
      </trkpt>
      <trkpt lat="51.544005610048770904541015625" lon="-2.92923585511744022369384765625">
        <ele>9</ele>
        <time>2025-04-13T09:40:43.000Z</time>
        <extensions>
          <ns3:TrackPointExtension>
            <ns3:hr>143</ns3:hr>
            <ns3:cad>96</ns3:cad>
          </ns3:TrackPointExtension>
        </extensions>
      </trkpt>
      <trkpt lat="51.544109545648097991943359375" lon="-2.929468117654323577880859375">
        <ele>8.80000019073486328125</ele>
        <time>2025-04-13T09:40:48.000Z</time>
        <extensions>
          <ns3:TrackPointExtension>
            <ns3:hr>146</ns3:hr>
            <ns3:cad>95</ns3:cad>
          </ns3:TrackPointExtension>
        </extensions>
      </trkpt>
      <trkpt lat="51.544249020516872406005859375" lon="-2.9297125339508056640625">
        <ele>8.3999996185302734375</ele>
        <time>2025-04-13T09:40:54.000Z</time>
        <extensions>
          <ns3:TrackPointExtension>
            <ns3:hr>147</ns3:hr>
            <ns3:cad>96</ns3:cad>
          </ns3:TrackPointExtension>
        </extensions>
      </trkpt>
      <trkpt lat="51.54429101385176181793212890625" lon="-2.92979761026799678802490234375">
        <ele>8.3999996185302734375</ele>
        <time>2025-04-13T09:40:56.000Z</time>
        <extensions>
          <ns3:TrackPointExtension>
            <ns3:hr>146</ns3:hr>
            <ns3:cad>96</ns3:cad>
          </ns3:TrackPointExtension>
        </extensions>
      </trkpt>
      <trkpt lat="51.544382460415363311767578125" lon="-2.930102460086345672607421875">
        <ele>8.19999980926513671875</ele>
        <time>2025-04-13T09:41:02.000Z</time>
        <extensions>
          <ns3:TrackPointExtension>
            <ns3:hr>144</ns3:hr>
            <ns3:cad>96</ns3:cad>
          </ns3:TrackPointExtension>
        </extensions>
      </trkpt>
      <trkpt lat="51.54445177875459194183349609375" lon="-2.9304278455674648284912109375">
        <ele>8</ele>
        <time>2025-04-13T09:41:08.000Z</time>
        <extensions>
          <ns3:TrackPointExtension>
            <ns3:hr>145</ns3:hr>
            <ns3:cad>96</ns3:cad>
          </ns3:TrackPointExtension>
        </extensions>
      </trkpt>
      <trkpt lat="51.54451288282871246337890625" lon="-2.93075649999082088470458984375">
        <ele>7.80000019073486328125</ele>
        <time>2025-04-13T09:41:14.000Z</time>
        <extensions>
          <ns3:TrackPointExtension>
            <ns3:hr>148</ns3:hr>
            <ns3:cad>95</ns3:cad>
          </ns3:TrackPointExtension>
        </extensions>
      </trkpt>
      <trkpt lat="51.54456862248480319976806640625" lon="-2.9310685582458972930908203125">
        <ele>7.599999904632568359375</ele>
        <time>2025-04-13T09:41:20.000Z</time>
        <extensions>
          <ns3:TrackPointExtension>
            <ns3:hr>148</ns3:hr>
            <ns3:cad>96</ns3:cad>
          </ns3:TrackPointExtension>
        </extensions>
      </trkpt>
      <trkpt lat="51.54463031329214572906494140625" lon="-2.93139352463185787200927734375">
        <ele>7.599999904632568359375</ele>
        <time>2025-04-13T09:41:26.000Z</time>
        <extensions>
          <ns3:TrackPointExtension>
            <ns3:hr>147</ns3:hr>
            <ns3:cad>96</ns3:cad>
          </ns3:TrackPointExtension>
        </extensions>
      </trkpt>
      <trkpt lat="51.5446878969669342041015625" lon="-2.93167063035070896148681640625">
        <ele>7.599999904632568359375</ele>
        <time>2025-04-13T09:41:31.000Z</time>
        <extensions>
          <ns3:TrackPointExtension>
            <ns3:hr>146</ns3:hr>
            <ns3:cad>95</ns3:cad>
          </ns3:TrackPointExtension>
        </extensions>
      </trkpt>
      <trkpt lat="51.54478252865374088287353515625" lon="-2.93197791092097759246826171875">
        <ele>7</ele>
        <time>2025-04-13T09:41:37.000Z</time>
        <extensions>
          <ns3:TrackPointExtension>
            <ns3:hr>146</ns3:hr>
            <ns3:cad>96</ns3:cad>
          </ns3:TrackPointExtension>
        </extensions>
      </trkpt>
      <trkpt lat="51.54488076455891132354736328125" lon="-2.9322728700935840606689453125">
        <ele>5.80000019073486328125</ele>
        <time>2025-04-13T09:41:43.000Z</time>
        <extensions>
          <ns3:TrackPointExtension>
            <ns3:hr>149</ns3:hr>
            <ns3:cad>95</ns3:cad>
          </ns3:TrackPointExtension>
        </extensions>
      </trkpt>
      <trkpt lat="51.54497883282601833343505859375" lon="-2.932577468454837799072265625">
        <ele>4.400000095367431640625</ele>
        <time>2025-04-13T09:41:49.000Z</time>
        <extensions>
          <ns3:TrackPointExtension>
            <ns3:hr>147</ns3:hr>
            <ns3:cad>96</ns3:cad>
          </ns3:TrackPointExtension>
        </extensions>
      </trkpt>
      <trkpt lat="51.545071788132190704345703125" lon="-2.93288617394864559173583984375">
        <ele>5</ele>
        <time>2025-04-13T09:41:55.000Z</time>
        <extensions>
          <ns3:TrackPointExtension>
            <ns3:hr>145</ns3:hr>
            <ns3:cad>94</ns3:cad>
          </ns3:TrackPointExtension>
        </extensions>
      </trkpt>
      <trkpt lat="51.54516373760998249053955078125" lon="-2.93314014561474323272705078125">
        <ele>5.80000019073486328125</ele>
        <time>2025-04-13T09:42:00.000Z</time>
        <extensions>
          <ns3:TrackPointExtension>
            <ns3:hr>143</ns3:hr>
            <ns3:cad>94</ns3:cad>
          </ns3:TrackPointExtension>
        </extensions>
      </trkpt>
      <trkpt lat="51.545268259942531585693359375" lon="-2.933436445891857147216796875">
        <ele>6</ele>
        <time>2025-04-13T09:42:06.000Z</time>
        <extensions>
          <ns3:TrackPointExtension>
            <ns3:hr>143</ns3:hr>
            <ns3:cad>95</ns3:cad>
          </ns3:TrackPointExtension>
        </extensions>
      </trkpt>
      <trkpt lat="51.545365154743194580078125" lon="-2.93372268788516521453857421875">
        <ele>7</ele>
        <time>2025-04-13T09:42:12.000Z</time>
        <extensions>
          <ns3:TrackPointExtension>
            <ns3:hr>143</ns3:hr>
            <ns3:cad>95</ns3:cad>
          </ns3:TrackPointExtension>
        </extensions>
      </trkpt>
      <trkpt lat="51.5453824214637279510498046875" lon="-2.9337739013135433197021484375">
        <ele>7.19999980926513671875</ele>
        <time>2025-04-13T09:42:13.000Z</time>
        <extensions>
          <ns3:TrackPointExtension>
            <ns3:hr>140</ns3:hr>
            <ns3:cad>95</ns3:cad>
          </ns3:TrackPointExtension>
        </extensions>
      </trkpt>
      <trkpt lat="51.54546196572482585906982421875" lon="-2.9340362548828125">
        <ele>7.400000095367431640625</ele>
        <time>2025-04-13T09:42:18.000Z</time>
        <extensions>
          <ns3:TrackPointExtension>
            <ns3:hr>141</ns3:hr>
            <ns3:cad>94</ns3:cad>
          </ns3:TrackPointExtension>
        </extensions>
      </trkpt>
      <trkpt lat="51.5455309487879276275634765625" lon="-2.9343633167445659637451171875">
        <ele>7.19999980926513671875</ele>
        <time>2025-04-13T09:42:24.000Z</time>
        <extensions>
          <ns3:TrackPointExtension>
            <ns3:hr>142</ns3:hr>
            <ns3:cad>96</ns3:cad>
          </ns3:TrackPointExtension>
        </extensions>
      </trkpt>
      <trkpt lat="51.54558551497757434844970703125" lon="-2.9346432723104953765869140625">
        <ele>7.19999980926513671875</ele>
        <time>2025-04-13T09:42:29.000Z</time>
        <extensions>
          <ns3:TrackPointExtension>
            <ns3:hr>145</ns3:hr>
            <ns3:cad>96</ns3:cad>
          </ns3:TrackPointExtension>
        </extensions>
      </trkpt>
      <trkpt lat="51.54565609060227870941162109375" lon="-2.93496471829712390899658203125">
        <ele>8</ele>
        <time>2025-04-13T09:42:35.000Z</time>
        <extensions>
          <ns3:TrackPointExtension>
            <ns3:hr>145</ns3:hr>
            <ns3:cad>95</ns3:cad>
          </ns3:TrackPointExtension>
        </extensions>
      </trkpt>
      <trkpt lat="51.54573001898825168609619140625" lon="-2.935277782380580902099609375">
        <ele>8</ele>
        <time>2025-04-13T09:42:41.000Z</time>
        <extensions>
          <ns3:TrackPointExtension>
            <ns3:hr>146</ns3:hr>
            <ns3:cad>95</ns3:cad>
          </ns3:TrackPointExtension>
        </extensions>
      </trkpt>
      <trkpt lat="51.5457983314990997314453125" lon="-2.93555296026170253753662109375">
        <ele>7.599999904632568359375</ele>
        <time>2025-04-13T09:42:46.000Z</time>
        <extensions>
          <ns3:TrackPointExtension>
            <ns3:hr>147</ns3:hr>
            <ns3:cad>96</ns3:cad>
          </ns3:TrackPointExtension>
        </extensions>
      </trkpt>
      <trkpt lat="51.54588743112981319427490234375" lon="-2.9358066804707050323486328125">
        <ele>6.80000019073486328125</ele>
        <time>2025-04-13T09:42:51.000Z</time>
        <extensions>
          <ns3:TrackPointExtension>
            <ns3:hr>147</ns3:hr>
            <ns3:cad>97</ns3:cad>
          </ns3:TrackPointExtension>
        </extensions>
      </trkpt>
      <trkpt lat="51.545987762510776519775390625" lon="-2.936052940785884857177734375">
        <ele>6.19999980926513671875</ele>
        <time>2025-04-13T09:42:56.000Z</time>
        <extensions>
          <ns3:TrackPointExtension>
            <ns3:hr>145</ns3:hr>
            <ns3:cad>95</ns3:cad>
          </ns3:TrackPointExtension>
        </extensions>
      </trkpt>
      <trkpt lat="51.5460985712707042694091796875" lon="-2.93628193438053131103515625">
        <ele>6</ele>
        <time>2025-04-13T09:43:01.000Z</time>
        <extensions>
          <ns3:TrackPointExtension>
            <ns3:hr>145</ns3:hr>
            <ns3:cad>95</ns3:cad>
          </ns3:TrackPointExtension>
        </extensions>
      </trkpt>
      <trkpt lat="51.5462028421461582183837890625" lon="-2.93652056716382503509521484375">
        <ele>6.19999980926513671875</ele>
        <time>2025-04-13T09:43:06.000Z</time>
        <extensions>
          <ns3:TrackPointExtension>
            <ns3:hr>145</ns3:hr>
            <ns3:cad>95</ns3:cad>
          </ns3:TrackPointExtension>
        </extensions>
      </trkpt>
      <trkpt lat="51.5463466756045818328857421875" lon="-2.9367762990295886993408203125">
        <ele>6.80000019073486328125</ele>
        <time>2025-04-13T09:43:12.000Z</time>
        <extensions>
          <ns3:TrackPointExtension>
            <ns3:hr>145</ns3:hr>
            <ns3:cad>96</ns3:cad>
          </ns3:TrackPointExtension>
        </extensions>
      </trkpt>
      <trkpt lat="51.5464814566075801849365234375" lon="-2.936968244612216949462890625">
        <ele>8</ele>
        <time>2025-04-13T09:43:17.000Z</time>
        <extensions>
          <ns3:TrackPointExtension>
            <ns3:hr>145</ns3:hr>
            <ns3:cad>95</ns3:cad>
          </ns3:TrackPointExtension>
        </extensions>
      </trkpt>
      <trkpt lat="51.5466115437448024749755859375" lon="-2.937168069183826446533203125">
        <ele>8</ele>
        <time>2025-04-13T09:43:22.000Z</time>
        <extensions>
          <ns3:TrackPointExtension>
            <ns3:hr>145</ns3:hr>
            <ns3:cad>96</ns3:cad>
          </ns3:TrackPointExtension>
        </extensions>
      </trkpt>
      <trkpt lat="51.546722687780857086181640625" lon="-2.93739664368331432342529296875">
        <ele>8</ele>
        <time>2025-04-13T09:43:27.000Z</time>
        <extensions>
          <ns3:TrackPointExtension>
            <ns3:hr>145</ns3:hr>
            <ns3:cad>96</ns3:cad>
          </ns3:TrackPointExtension>
        </extensions>
      </trkpt>
      <trkpt lat="51.546793766319751739501953125" lon="-2.93767676688730716705322265625">
        <ele>8</ele>
        <time>2025-04-13T09:43:32.000Z</time>
        <extensions>
          <ns3:TrackPointExtension>
            <ns3:hr>144</ns3:hr>
            <ns3:cad>95</ns3:cad>
          </ns3:TrackPointExtension>
        </extensions>
      </trkpt>
      <trkpt lat="51.5468583069741725921630859375" lon="-2.9379494301974773406982421875">
        <ele>7.80000019073486328125</ele>
        <time>2025-04-13T09:43:37.000Z</time>
        <extensions>
          <ns3:TrackPointExtension>
            <ns3:hr>145</ns3:hr>
            <ns3:cad>97</ns3:cad>
          </ns3:TrackPointExtension>
        </extensions>
      </trkpt>
      <trkpt lat="51.54697238467633724212646484375" lon="-2.9382230155169963836669921875">
        <ele>7</ele>
        <time>2025-04-13T09:43:43.000Z</time>
        <extensions>
          <ns3:TrackPointExtension>
            <ns3:hr>146</ns3:hr>
            <ns3:cad>95</ns3:cad>
          </ns3:TrackPointExtension>
        </extensions>
      </trkpt>
      <trkpt lat="51.54712937772274017333984375" lon="-2.9384362511336803436279296875">
        <ele>7.599999904632568359375</ele>
        <time>2025-04-13T09:43:49.000Z</time>
        <extensions>
          <ns3:TrackPointExtension>
            <ns3:hr>144</ns3:hr>
            <ns3:cad>95</ns3:cad>
          </ns3:TrackPointExtension>
        </extensions>
      </trkpt>
      <trkpt lat="51.54728234745562076568603515625" lon="-2.938595674932003021240234375">
        <ele>8.6000003814697265625</ele>
        <time>2025-04-13T09:43:54.000Z</time>
        <extensions>
          <ns3:TrackPointExtension>
            <ns3:hr>145</ns3:hr>
            <ns3:cad>97</ns3:cad>
          </ns3:TrackPointExtension>
        </extensions>
      </trkpt>
      <trkpt lat="51.54746524058282375335693359375" lon="-2.938768677413463592529296875">
        <ele>9.80000019073486328125</ele>
        <time>2025-04-13T09:44:00.000Z</time>
        <extensions>
          <ns3:TrackPointExtension>
            <ns3:hr>145</ns3:hr>
            <ns3:cad>96</ns3:cad>
          </ns3:TrackPointExtension>
        </extensions>
      </trkpt>
      <trkpt lat="51.547631956636905670166015625" lon="-2.9388801567256450653076171875">
        <ele>11.3999996185302734375</ele>
        <time>2025-04-13T09:44:05.000Z</time>
        <extensions>
          <ns3:TrackPointExtension>
            <ns3:hr>145</ns3:hr>
            <ns3:cad>95</ns3:cad>
          </ns3:TrackPointExtension>
        </extensions>
      </trkpt>
      <trkpt lat="51.5478175319731235504150390625" lon="-2.9390310309827327728271484375">
        <ele>12</ele>
        <time>2025-04-13T09:44:11.000Z</time>
        <extensions>
          <ns3:TrackPointExtension>
            <ns3:hr>144</ns3:hr>
            <ns3:cad>96</ns3:cad>
          </ns3:TrackPointExtension>
        </extensions>
      </trkpt>
      <trkpt lat="51.5480032749474048614501953125" lon="-2.93917058967053890228271484375">
        <ele>11.19999980926513671875</ele>
        <time>2025-04-13T09:44:17.000Z</time>
        <extensions>
          <ns3:TrackPointExtension>
            <ns3:hr>144</ns3:hr>
            <ns3:cad>96</ns3:cad>
          </ns3:TrackPointExtension>
        </extensions>
      </trkpt>
      <trkpt lat="51.54806538484990596771240234375" lon="-2.93921216391026973724365234375">
        <ele>11</ele>
        <time>2025-04-13T09:44:19.000Z</time>
        <extensions>
          <ns3:TrackPointExtension>
            <ns3:hr>144</ns3:hr>
            <ns3:cad>96</ns3:cad>
          </ns3:TrackPointExtension>
        </extensions>
      </trkpt>
      <trkpt lat="51.548264287412166595458984375" lon="-2.93933336623013019561767578125">
        <ele>9.3999996185302734375</ele>
        <time>2025-04-13T09:44:25.000Z</time>
        <extensions>
          <ns3:TrackPointExtension>
            <ns3:hr>145</ns3:hr>
            <ns3:cad>95</ns3:cad>
          </ns3:TrackPointExtension>
        </extensions>
      </trkpt>
      <trkpt lat="51.54846151359379291534423828125" lon="-2.93945339508354663848876953125">
        <ele>9.3999996185302734375</ele>
        <time>2025-04-13T09:44:31.000Z</time>
        <extensions>
          <ns3:TrackPointExtension>
            <ns3:hr>145</ns3:hr>
            <ns3:cad>96</ns3:cad>
          </ns3:TrackPointExtension>
        </extensions>
      </trkpt>
      <trkpt lat="51.54863384552299976348876953125" lon="-2.9395735077559947967529296875">
        <ele>9.19999980926513671875</ele>
        <time>2025-04-13T09:44:36.000Z</time>
        <extensions>
          <ns3:TrackPointExtension>
            <ns3:hr>145</ns3:hr>
            <ns3:cad>95</ns3:cad>
          </ns3:TrackPointExtension>
        </extensions>
      </trkpt>
      <trkpt lat="51.5488069318234920501708984375" lon="-2.939693033695220947265625">
        <ele>11.3999996185302734375</ele>
        <time>2025-04-13T09:44:41.000Z</time>
        <extensions>
          <ns3:TrackPointExtension>
            <ns3:hr>144</ns3:hr>
            <ns3:cad>96</ns3:cad>
          </ns3:TrackPointExtension>
        </extensions>
      </trkpt>
      <trkpt lat="51.54897280968725681304931640625" lon="-2.93981440365314483642578125">
        <ele>12.19999980926513671875</ele>
        <time>2025-04-13T09:44:46.000Z</time>
        <extensions>
          <ns3:TrackPointExtension>
            <ns3:hr>145</ns3:hr>
            <ns3:cad>97</ns3:cad>
          </ns3:TrackPointExtension>
        </extensions>
      </trkpt>
      <trkpt lat="51.54914078302681446075439453125" lon="-2.93993736617267131805419921875">
        <ele>11.80000019073486328125</ele>
        <time>2025-04-13T09:44:51.000Z</time>
        <extensions>
          <ns3:TrackPointExtension>
            <ns3:hr>145</ns3:hr>
            <ns3:cad>95</ns3:cad>
          </ns3:TrackPointExtension>
        </extensions>
      </trkpt>
      <trkpt lat="51.54930825345218181610107421875" lon="-2.94004507362842559814453125">
        <ele>10.80000019073486328125</ele>
        <time>2025-04-13T09:44:56.000Z</time>
        <extensions>
          <ns3:TrackPointExtension>
            <ns3:hr>144</ns3:hr>
            <ns3:cad>96</ns3:cad>
          </ns3:TrackPointExtension>
        </extensions>
      </trkpt>
      <trkpt lat="51.54947991482913494110107421875" lon="-2.940135933458805084228515625">
        <ele>9.80000019073486328125</ele>
        <time>2025-04-13T09:45:01.000Z</time>
        <extensions>
          <ns3:TrackPointExtension>
            <ns3:hr>144</ns3:hr>
            <ns3:cad>95</ns3:cad>
          </ns3:TrackPointExtension>
        </extensions>
      </trkpt>
      <trkpt lat="51.54965559951961040496826171875" lon="-2.9402145557105541229248046875">
        <ele>8</ele>
        <time>2025-04-13T09:45:06.000Z</time>
        <extensions>
          <ns3:TrackPointExtension>
            <ns3:hr>143</ns3:hr>
            <ns3:cad>95</ns3:cad>
          </ns3:TrackPointExtension>
        </extensions>
      </trkpt>
      <trkpt lat="51.54985592700541019439697265625" lon="-2.9403315670788288116455078125">
        <ele>7.400000095367431640625</ele>
        <time>2025-04-13T09:45:12.000Z</time>
        <extensions>
          <ns3:TrackPointExtension>
            <ns3:hr>143</ns3:hr>
            <ns3:cad>95</ns3:cad>
          </ns3:TrackPointExtension>
        </extensions>
      </trkpt>
      <trkpt lat="51.5500518120825290679931640625" lon="-2.940470874309539794921875">
        <ele>6</ele>
        <time>2025-04-13T09:45:18.000Z</time>
        <extensions>
          <ns3:TrackPointExtension>
            <ns3:hr>143</ns3:hr>
            <ns3:cad>96</ns3:cad>
          </ns3:TrackPointExtension>
        </extensions>
      </trkpt>
      <trkpt lat="51.55021953396499156951904296875" lon="-2.940579839050769805908203125">
        <ele>6</ele>
        <time>2025-04-13T09:45:23.000Z</time>
        <extensions>
          <ns3:TrackPointExtension>
            <ns3:hr>142</ns3:hr>
            <ns3:cad>95</ns3:cad>
          </ns3:TrackPointExtension>
        </extensions>
      </trkpt>
      <trkpt lat="51.5504139102995395660400390625" lon="-2.94070598669350147247314453125">
        <ele>6.80000019073486328125</ele>
        <time>2025-04-13T09:45:29.000Z</time>
        <extensions>
          <ns3:TrackPointExtension>
            <ns3:hr>144</ns3:hr>
            <ns3:cad>95</ns3:cad>
          </ns3:TrackPointExtension>
        </extensions>
      </trkpt>
      <trkpt lat="51.55047954060137271881103515625" lon="-2.940750159323215484619140625">
        <ele>7.400000095367431640625</ele>
        <time>2025-04-13T09:45:31.000Z</time>
        <extensions>
          <ns3:TrackPointExtension>
            <ns3:hr>147</ns3:hr>
            <ns3:cad>95</ns3:cad>
          </ns3:TrackPointExtension>
        </extensions>
      </trkpt>
      <trkpt lat="51.5505822189152240753173828125" lon="-2.94081612490117549896240234375">
        <ele>8</ele>
        <time>2025-04-13T09:45:34.000Z</time>
        <extensions>
          <ns3:TrackPointExtension>
            <ns3:hr>144</ns3:hr>
            <ns3:cad>96</ns3:cad>
          </ns3:TrackPointExtension>
        </extensions>
      </trkpt>
      <trkpt lat="51.5507496893405914306640625" lon="-2.94091838411986827850341796875">
        <ele>8.6000003814697265625</ele>
        <time>2025-04-13T09:45:39.000Z</time>
        <extensions>
          <ns3:TrackPointExtension>
            <ns3:hr>147</ns3:hr>
            <ns3:cad>95</ns3:cad>
          </ns3:TrackPointExtension>
        </extensions>
      </trkpt>
      <trkpt lat="51.55088338069617748260498046875" lon="-2.94100555591285228729248046875">
        <ele>8.80000019073486328125</ele>
        <time>2025-04-13T09:45:43.000Z</time>
        <extensions>
          <ns3:TrackPointExtension>
            <ns3:hr>150</ns3:hr>
            <ns3:cad>96</ns3:cad>
          </ns3:TrackPointExtension>
        </extensions>
      </trkpt>
      <trkpt lat="51.55105210840702056884765625" lon="-2.94111502356827259063720703125">
        <ele>8.19999980926513671875</ele>
        <time>2025-04-13T09:45:48.000Z</time>
        <extensions>
          <ns3:TrackPointExtension>
            <ns3:hr>152</ns3:hr>
            <ns3:cad>95</ns3:cad>
          </ns3:TrackPointExtension>
        </extensions>
      </trkpt>
      <trkpt lat="51.551222093403339385986328125" lon="-2.9412109963595867156982421875">
        <ele>7.599999904632568359375</ele>
        <time>2025-04-13T09:45:53.000Z</time>
        <extensions>
          <ns3:TrackPointExtension>
            <ns3:hr>150</ns3:hr>
            <ns3:cad>95</ns3:cad>
          </ns3:TrackPointExtension>
        </extensions>
      </trkpt>
      <trkpt lat="51.55139836482703685760498046875" lon="-2.94128299690783023834228515625">
        <ele>7</ele>
        <time>2025-04-13T09:45:58.000Z</time>
        <extensions>
          <ns3:TrackPointExtension>
            <ns3:hr>148</ns3:hr>
            <ns3:cad>95</ns3:cad>
          </ns3:TrackPointExtension>
        </extensions>
      </trkpt>
      <trkpt lat="51.55157438479363918304443359375" lon="-2.94130495749413967132568359375">
        <ele>6.400000095367431640625</ele>
        <time>2025-04-13T09:46:03.000Z</time>
        <extensions>
          <ns3:TrackPointExtension>
            <ns3:hr>147</ns3:hr>
            <ns3:cad>96</ns3:cad>
          </ns3:TrackPointExtension>
        </extensions>
      </trkpt>
      <trkpt lat="51.5517084114253520965576171875" lon="-2.94109490700066089630126953125">
        <ele>6</ele>
        <time>2025-04-13T09:46:08.000Z</time>
        <extensions>
          <ns3:TrackPointExtension>
            <ns3:hr>149</ns3:hr>
            <ns3:cad>96</ns3:cad>
          </ns3:TrackPointExtension>
        </extensions>
      </trkpt>
      <trkpt lat="51.5518254227936267852783203125" lon="-2.9408602975308895111083984375">
        <ele>6.400000095367431640625</ele>
        <time>2025-04-13T09:46:13.000Z</time>
        <extensions>
          <ns3:TrackPointExtension>
            <ns3:hr>148</ns3:hr>
            <ns3:cad>96</ns3:cad>
          </ns3:TrackPointExtension>
        </extensions>
      </trkpt>
      <trkpt lat="51.55194218270480632781982421875" lon="-2.940597273409366607666015625">
        <ele>6.80000019073486328125</ele>
        <time>2025-04-13T09:46:19.000Z</time>
        <extensions>
          <ns3:TrackPointExtension>
            <ns3:hr>147</ns3:hr>
            <ns3:cad>96</ns3:cad>
          </ns3:TrackPointExtension>
        </extensions>
      </trkpt>
      <trkpt lat="51.5520420111715793609619140625" lon="-2.94032880105078220367431640625">
        <ele>6</ele>
        <time>2025-04-13T09:46:24.000Z</time>
        <extensions>
          <ns3:TrackPointExtension>
            <ns3:hr>147</ns3:hr>
            <ns3:cad>97</ns3:cad>
          </ns3:TrackPointExtension>
        </extensions>
      </trkpt>
      <trkpt lat="51.55212365090847015380859375" lon="-2.94007047079503536224365234375">
        <ele>6</ele>
        <time>2025-04-13T09:46:29.000Z</time>
        <extensions>
          <ns3:TrackPointExtension>
            <ns3:hr>146</ns3:hr>
            <ns3:cad>95</ns3:cad>
          </ns3:TrackPointExtension>
        </extensions>
      </trkpt>
      <trkpt lat="51.55222733505070209503173828125" lon="-2.93976386077702045440673828125">
        <ele>6</ele>
        <time>2025-04-13T09:46:35.000Z</time>
        <extensions>
          <ns3:TrackPointExtension>
            <ns3:hr>147</ns3:hr>
            <ns3:cad>95</ns3:cad>
          </ns3:TrackPointExtension>
        </extensions>
      </trkpt>
      <trkpt lat="51.5523078851401805877685546875" lon="-2.9394984059035778045654296875">
        <ele>6.19999980926513671875</ele>
        <time>2025-04-13T09:46:40.000Z</time>
        <extensions>
          <ns3:TrackPointExtension>
            <ns3:hr>145</ns3:hr>
            <ns3:cad>96</ns3:cad>
          </ns3:TrackPointExtension>
        </extensions>
      </trkpt>
      <trkpt lat="51.5524233877658843994140625" lon="-2.939256839454174041748046875">
        <ele>6.599999904632568359375</ele>
        <time>2025-04-13T09:46:45.000Z</time>
        <extensions>
          <ns3:TrackPointExtension>
            <ns3:hr>145</ns3:hr>
            <ns3:cad>96</ns3:cad>
          </ns3:TrackPointExtension>
        </extensions>
      </trkpt>
      <trkpt lat="51.552555151283740997314453125" lon="-2.93904192745685577392578125">
        <ele>7.19999980926513671875</ele>
        <time>2025-04-13T09:46:50.000Z</time>
        <extensions>
          <ns3:TrackPointExtension>
            <ns3:hr>146</ns3:hr>
            <ns3:cad>97</ns3:cad>
          </ns3:TrackPointExtension>
        </extensions>
      </trkpt>
      <trkpt lat="51.55269336886703968048095703125" lon="-2.93883028440177440643310546875">
        <ele>7</ele>
        <time>2025-04-13T09:46:55.000Z</time>
        <extensions>
          <ns3:TrackPointExtension>
            <ns3:hr>144</ns3:hr>
            <ns3:cad>95</ns3:cad>
          </ns3:TrackPointExtension>
        </extensions>
      </trkpt>
      <trkpt lat="51.5528399683535099029541015625" lon="-2.9386327229440212249755859375">
        <ele>7</ele>
        <time>2025-04-13T09:47:00.000Z</time>
        <extensions>
          <ns3:TrackPointExtension>
            <ns3:hr>144</ns3:hr>
            <ns3:cad>95</ns3:cad>
          </ns3:TrackPointExtension>
        </extensions>
      </trkpt>
      <trkpt lat="51.55298841185867786407470703125" lon="-2.93845653533935546875">
        <ele>7</ele>
        <time>2025-04-13T09:47:05.000Z</time>
        <extensions>
          <ns3:TrackPointExtension>
            <ns3:hr>146</ns3:hr>
            <ns3:cad>96</ns3:cad>
          </ns3:TrackPointExtension>
        </extensions>
      </trkpt>
      <trkpt lat="51.55312101356685161590576171875" lon="-2.93825612403452396392822265625">
        <ele>7</ele>
        <time>2025-04-13T09:47:10.000Z</time>
        <extensions>
          <ns3:TrackPointExtension>
            <ns3:hr>146</ns3:hr>
            <ns3:cad>94</ns3:cad>
          </ns3:TrackPointExtension>
        </extensions>
      </trkpt>
      <trkpt lat="51.5532704629004001617431640625" lon="-2.93801187537610530853271484375">
        <ele>7.599999904632568359375</ele>
        <time>2025-04-13T09:47:16.000Z</time>
        <extensions>
          <ns3:TrackPointExtension>
            <ns3:hr>144</ns3:hr>
            <ns3:cad>95</ns3:cad>
          </ns3:TrackPointExtension>
        </extensions>
      </trkpt>
      <trkpt lat="51.55341781675815582275390625" lon="-2.937759496271610260009765625">
        <ele>8.6000003814697265625</ele>
        <time>2025-04-13T09:47:22.000Z</time>
        <extensions>
          <ns3:TrackPointExtension>
            <ns3:hr>144</ns3:hr>
            <ns3:cad>96</ns3:cad>
          </ns3:TrackPointExtension>
        </extensions>
      </trkpt>
      <trkpt lat="51.55354547314345836639404296875" lon="-2.93755154125392436981201171875">
        <ele>9</ele>
        <time>2025-04-13T09:47:27.000Z</time>
        <extensions>
          <ns3:TrackPointExtension>
            <ns3:hr>144</ns3:hr>
            <ns3:cad>95</ns3:cad>
          </ns3:TrackPointExtension>
        </extensions>
      </trkpt>
      <trkpt lat="51.55366499908268451690673828125" lon="-2.9373286664485931396484375">
        <ele>8.80000019073486328125</ele>
        <time>2025-04-13T09:47:32.000Z</time>
        <extensions>
          <ns3:TrackPointExtension>
            <ns3:hr>143</ns3:hr>
            <ns3:cad>95</ns3:cad>
          </ns3:TrackPointExtension>
        </extensions>
      </trkpt>
      <trkpt lat="51.55380464158952236175537109375" lon="-2.93707947246730327606201171875">
        <ele>8</ele>
        <time>2025-04-13T09:47:38.000Z</time>
        <extensions>
          <ns3:TrackPointExtension>
            <ns3:hr>144</ns3:hr>
            <ns3:cad>95</ns3:cad>
          </ns3:TrackPointExtension>
        </extensions>
      </trkpt>
      <trkpt lat="51.5539487265050411224365234375" lon="-2.93682734481990337371826171875">
        <ele>7.400000095367431640625</ele>
        <time>2025-04-13T09:47:44.000Z</time>
        <extensions>
          <ns3:TrackPointExtension>
            <ns3:hr>145</ns3:hr>
            <ns3:cad>95</ns3:cad>
          </ns3:TrackPointExtension>
        </extensions>
      </trkpt>
      <trkpt lat="51.55409934930503368377685546875" lon="-2.93659835122525691986083984375">
        <ele>7.80000019073486328125</ele>
        <time>2025-04-13T09:47:50.000Z</time>
        <extensions>
          <ns3:TrackPointExtension>
            <ns3:hr>144</ns3:hr>
            <ns3:cad>95</ns3:cad>
          </ns3:TrackPointExtension>
        </extensions>
      </trkpt>
      <trkpt lat="51.5542715974152088165283203125" lon="-2.93639031238853931427001953125">
        <ele>8.3999996185302734375</ele>
        <time>2025-04-13T09:47:56.000Z</time>
        <extensions>
          <ns3:TrackPointExtension>
            <ns3:hr>146</ns3:hr>
            <ns3:cad>96</ns3:cad>
          </ns3:TrackPointExtension>
        </extensions>
      </trkpt>
      <trkpt lat="51.5544382296502590179443359375" lon="-2.93616567738354206085205078125">
        <ele>9</ele>
        <time>2025-04-13T09:48:02.000Z</time>
        <extensions>
          <ns3:TrackPointExtension>
            <ns3:hr>145</ns3:hr>
            <ns3:cad>96</ns3:cad>
          </ns3:TrackPointExtension>
        </extensions>
      </trkpt>
      <trkpt lat="51.55458784662187099456787109375" lon="-2.935933582484722137451171875">
        <ele>8</ele>
        <time>2025-04-13T09:48:08.000Z</time>
        <extensions>
          <ns3:TrackPointExtension>
            <ns3:hr>145</ns3:hr>
            <ns3:cad>97</ns3:cad>
          </ns3:TrackPointExtension>
        </extensions>
      </trkpt>
      <trkpt lat="51.55470636673271656036376953125" lon="-2.9357446543872356414794921875">
        <ele>6.400000095367431640625</ele>
        <time>2025-04-13T09:48:13.000Z</time>
        <extensions>
          <ns3:TrackPointExtension>
            <ns3:hr>142</ns3:hr>
            <ns3:cad>95</ns3:cad>
          </ns3:TrackPointExtension>
        </extensions>
      </trkpt>
      <trkpt lat="51.55483402311801910400390625" lon="-2.93553099967539310455322265625">
        <ele>5.19999980926513671875</ele>
        <time>2025-04-13T09:48:18.000Z</time>
        <extensions>
          <ns3:TrackPointExtension>
            <ns3:hr>141</ns3:hr>
            <ns3:cad>95</ns3:cad>
          </ns3:TrackPointExtension>
        </extensions>
      </trkpt>
      <trkpt lat="51.55496654100716114044189453125" lon="-2.93529094196856021881103515625">
        <ele>4.599999904632568359375</ele>
        <time>2025-04-13T09:48:23.000Z</time>
        <extensions>
          <ns3:TrackPointExtension>
            <ns3:hr>142</ns3:hr>
            <ns3:cad>96</ns3:cad>
          </ns3:TrackPointExtension>
        </extensions>
      </trkpt>
      <trkpt lat="51.5550853125751018524169921875" lon="-2.93504350818693637847900390625">
        <ele>5.599999904632568359375</ele>
        <time>2025-04-13T09:48:28.000Z</time>
        <extensions>
          <ns3:TrackPointExtension>
            <ns3:hr>142</ns3:hr>
            <ns3:cad>95</ns3:cad>
          </ns3:TrackPointExtension>
        </extensions>
      </trkpt>
      <trkpt lat="51.5552033297717571258544921875" lon="-2.93482088483870029449462890625">
        <ele>6.80000019073486328125</ele>
        <time>2025-04-13T09:48:33.000Z</time>
        <extensions>
          <ns3:TrackPointExtension>
            <ns3:hr>142</ns3:hr>
            <ns3:cad>96</ns3:cad>
          </ns3:TrackPointExtension>
        </extensions>
      </trkpt>
      <trkpt lat="51.5553387813270092010498046875" lon="-2.93460463173687458038330078125">
        <ele>7.80000019073486328125</ele>
        <time>2025-04-13T09:48:38.000Z</time>
        <extensions>
          <ns3:TrackPointExtension>
            <ns3:hr>141</ns3:hr>
            <ns3:cad>96</ns3:cad>
          </ns3:TrackPointExtension>
        </extensions>
      </trkpt>
      <trkpt lat="51.55546367168426513671875" lon="-2.9343889653682708740234375">
        <ele>8</ele>
        <time>2025-04-13T09:48:43.000Z</time>
        <extensions>
          <ns3:TrackPointExtension>
            <ns3:hr>141</ns3:hr>
            <ns3:cad>96</ns3:cad>
          </ns3:TrackPointExtension>
        </extensions>
      </trkpt>
      <trkpt lat="51.555586718022823333740234375" lon="-2.9341712035238742828369140625">
        <ele>7.599999904632568359375</ele>
        <time>2025-04-13T09:48:48.000Z</time>
        <extensions>
          <ns3:TrackPointExtension>
            <ns3:hr>141</ns3:hr>
            <ns3:cad>96</ns3:cad>
          </ns3:TrackPointExtension>
        </extensions>
      </trkpt>
      <trkpt lat="51.555710099637508392333984375" lon="-2.9339385218918323516845703125">
        <ele>7</ele>
        <time>2025-04-13T09:48:53.000Z</time>
        <extensions>
          <ns3:TrackPointExtension>
            <ns3:hr>141</ns3:hr>
            <ns3:cad>95</ns3:cad>
          </ns3:TrackPointExtension>
        </extensions>
      </trkpt>
      <trkpt lat="51.5557826869189739227294921875" lon="-2.93380382470786571502685546875">
        <ele>7</ele>
        <time>2025-04-13T09:48:56.000Z</time>
        <extensions>
          <ns3:TrackPointExtension>
            <ns3:hr>144</ns3:hr>
            <ns3:cad>96</ns3:cad>
          </ns3:TrackPointExtension>
        </extensions>
      </trkpt>
      <trkpt lat="51.55582719482481479644775390625" lon="-2.933712042868137359619140625">
        <ele>6.80000019073486328125</ele>
        <time>2025-04-13T09:48:58.000Z</time>
        <extensions>
          <ns3:TrackPointExtension>
            <ns3:hr>149</ns3:hr>
            <ns3:cad>96</ns3:cad>
          </ns3:TrackPointExtension>
        </extensions>
      </trkpt>
      <trkpt lat="51.5558484010398387908935546875" lon="-2.93365965597331523895263671875">
        <ele>6.80000019073486328125</ele>
        <time>2025-04-13T09:48:59.000Z</time>
        <extensions>
          <ns3:TrackPointExtension>
            <ns3:hr>152</ns3:hr>
            <ns3:cad>96</ns3:cad>
          </ns3:TrackPointExtension>
        </extensions>
      </trkpt>
      <trkpt lat="51.5559355728328227996826171875" lon="-2.9333846457302570343017578125">
        <ele>6.599999904632568359375</ele>
        <time>2025-04-13T09:49:04.000Z</time>
        <extensions>
          <ns3:TrackPointExtension>
            <ns3:hr>150</ns3:hr>
            <ns3:cad>96</ns3:cad>
          </ns3:TrackPointExtension>
        </extensions>
      </trkpt>
      <trkpt lat="51.55600958503782749176025390625" lon="-2.93311382643878459930419921875">
        <ele>7.599999904632568359375</ele>
        <time>2025-04-13T09:49:09.000Z</time>
        <extensions>
          <ns3:TrackPointExtension>
            <ns3:hr>148</ns3:hr>
            <ns3:cad>95</ns3:cad>
          </ns3:TrackPointExtension>
        </extensions>
      </trkpt>
      <trkpt lat="51.55612223781645298004150390625" lon="-2.9328254051506519317626953125">
        <ele>8</ele>
        <time>2025-04-13T09:49:15.000Z</time>
        <extensions>
          <ns3:TrackPointExtension>
            <ns3:hr>147</ns3:hr>
            <ns3:cad>97</ns3:cad>
          </ns3:TrackPointExtension>
        </extensions>
      </trkpt>
      <trkpt lat="51.55627143569290637969970703125" lon="-2.93263186700642108917236328125">
        <ele>8</ele>
        <time>2025-04-13T09:49:20.000Z</time>
        <extensions>
          <ns3:TrackPointExtension>
            <ns3:hr>146</ns3:hr>
            <ns3:cad>94</ns3:cad>
          </ns3:TrackPointExtension>
        </extensions>
      </trkpt>
      <trkpt lat="51.556437313556671142578125" lon="-2.9324703477323055267333984375">
        <ele>7.400000095367431640625</ele>
        <time>2025-04-13T09:49:25.000Z</time>
        <extensions>
          <ns3:TrackPointExtension>
            <ns3:hr>144</ns3:hr>
            <ns3:cad>96</ns3:cad>
          </ns3:TrackPointExtension>
        </extensions>
      </trkpt>
      <trkpt lat="51.55662573873996734619140625" lon="-2.9323935694992542266845703125">
        <ele>7.19999980926513671875</ele>
        <time>2025-04-13T09:49:30.000Z</time>
        <extensions>
          <ns3:TrackPointExtension>
            <ns3:hr>144</ns3:hr>
            <ns3:cad>96</ns3:cad>
          </ns3:TrackPointExtension>
        </extensions>
      </trkpt>
      <trkpt lat="51.55681072734296321868896484375" lon="-2.93243405409157276153564453125">
        <ele>7</ele>
        <time>2025-04-13T09:49:35.000Z</time>
        <extensions>
          <ns3:TrackPointExtension>
            <ns3:hr>144</ns3:hr>
            <ns3:cad>96</ns3:cad>
          </ns3:TrackPointExtension>
        </extensions>
      </trkpt>
      <trkpt lat="51.55701558105647563934326171875" lon="-2.93252591975033283233642578125">
        <ele>7.80000019073486328125</ele>
        <time>2025-04-13T09:49:41.000Z</time>
        <extensions>
          <ns3:TrackPointExtension>
            <ns3:hr>145</ns3:hr>
            <ns3:cad>96</ns3:cad>
          </ns3:TrackPointExtension>
        </extensions>
      </trkpt>
      <trkpt lat="51.55721507035195827484130859375" lon="-2.93263639323413372039794921875">
        <ele>8</ele>
        <time>2025-04-13T09:49:47.000Z</time>
        <extensions>
          <ns3:TrackPointExtension>
            <ns3:hr>143</ns3:hr>
            <ns3:cad>96</ns3:cad>
          </ns3:TrackPointExtension>
        </extensions>
      </trkpt>
      <trkpt lat="51.55739150941371917724609375" lon="-2.9327278397977352142333984375">
        <ele>7.400000095367431640625</ele>
        <time>2025-04-13T09:49:52.000Z</time>
        <extensions>
          <ns3:TrackPointExtension>
            <ns3:hr>146</ns3:hr>
            <ns3:cad>95</ns3:cad>
          </ns3:TrackPointExtension>
        </extensions>
      </trkpt>
      <trkpt lat="51.557569205760955810546875" lon="-2.9327999241650104522705078125">
        <ele>6.80000019073486328125</ele>
        <time>2025-04-13T09:49:57.000Z</time>
        <extensions>
          <ns3:TrackPointExtension>
            <ns3:hr>146</ns3:hr>
            <ns3:cad>96</ns3:cad>
          </ns3:TrackPointExtension>
        </extensions>
      </trkpt>
      <trkpt lat="51.55774463899433612823486328125" lon="-2.932864129543304443359375">
        <ele>6.19999980926513671875</ele>
        <time>2025-04-13T09:50:02.000Z</time>
        <extensions>
          <ns3:TrackPointExtension>
            <ns3:hr>146</ns3:hr>
            <ns3:cad>96</ns3:cad>
          </ns3:TrackPointExtension>
        </extensions>
      </trkpt>
      <trkpt lat="51.557956449687480926513671875" lon="-2.93292892165482044219970703125">
        <ele>6.599999904632568359375</ele>
        <time>2025-04-13T09:50:08.000Z</time>
        <extensions>
          <ns3:TrackPointExtension>
            <ns3:hr>145</ns3:hr>
            <ns3:cad>96</ns3:cad>
          </ns3:TrackPointExtension>
        </extensions>
      </trkpt>
      <trkpt lat="51.558136828243732452392578125" lon="-2.932971417903900146484375">
        <ele>7</ele>
        <time>2025-04-13T09:50:13.000Z</time>
        <extensions>
          <ns3:TrackPointExtension>
            <ns3:hr>144</ns3:hr>
            <ns3:cad>95</ns3:cad>
          </ns3:TrackPointExtension>
        </extensions>
      </trkpt>
      <trkpt lat="51.55834394507110118865966796875" lon="-2.9330631159245967864990234375">
        <ele>7</ele>
        <time>2025-04-13T09:50:19.000Z</time>
        <extensions>
          <ns3:TrackPointExtension>
            <ns3:hr>143</ns3:hr>
            <ns3:cad>96</ns3:cad>
          </ns3:TrackPointExtension>
        </extensions>
      </trkpt>
      <trkpt lat="51.5585322864353656768798828125" lon="-2.93307929299771785736083984375">
        <ele>7</ele>
        <time>2025-04-13T09:50:24.000Z</time>
        <extensions>
          <ns3:TrackPointExtension>
            <ns3:hr>143</ns3:hr>
            <ns3:cad>95</ns3:cad>
          </ns3:TrackPointExtension>
        </extensions>
      </trkpt>
      <trkpt lat="51.55865407548844814300537109375" lon="-2.93283940292894840240478515625">
        <ele>7</ele>
        <time>2025-04-13T09:50:29.000Z</time>
        <extensions>
          <ns3:TrackPointExtension>
            <ns3:hr>144</ns3:hr>
            <ns3:cad>96</ns3:cad>
          </ns3:TrackPointExtension>
        </extensions>
      </trkpt>
      <trkpt lat="51.5587240643799304962158203125" lon="-2.93253748677670955657958984375">
        <ele>7.19999980926513671875</ele>
        <time>2025-04-13T09:50:34.000Z</time>
        <extensions>
          <ns3:TrackPointExtension>
            <ns3:hr>145</ns3:hr>
            <ns3:cad>95</ns3:cad>
          </ns3:TrackPointExtension>
        </extensions>
      </trkpt>
      <trkpt lat="51.5587891079485416412353515625" lon="-2.9322557710111141204833984375">
        <ele>7.19999980926513671875</ele>
        <time>2025-04-13T09:50:39.000Z</time>
        <extensions>
          <ns3:TrackPointExtension>
            <ns3:hr>144</ns3:hr>
            <ns3:cad>96</ns3:cad>
          </ns3:TrackPointExtension>
        </extensions>
      </trkpt>
      <trkpt lat="51.5588524751365184783935546875" lon="-2.931985370814800262451171875">
        <ele>7</ele>
        <time>2025-04-13T09:50:44.000Z</time>
        <extensions>
          <ns3:TrackPointExtension>
            <ns3:hr>144</ns3:hr>
            <ns3:cad>95</ns3:cad>
          </ns3:TrackPointExtension>
        </extensions>
      </trkpt>
      <trkpt lat="51.55890637077391147613525390625" lon="-2.93170273303985595703125">
        <ele>7</ele>
        <time>2025-04-13T09:50:49.000Z</time>
        <extensions>
          <ns3:TrackPointExtension>
            <ns3:hr>145</ns3:hr>
            <ns3:cad>95</ns3:cad>
          </ns3:TrackPointExtension>
        </extensions>
      </trkpt>
      <trkpt lat="51.55896135605871677398681640625" lon="-2.93141582049429416656494140625">
        <ele>7.19999980926513671875</ele>
        <time>2025-04-13T09:50:54.000Z</time>
        <extensions>
          <ns3:TrackPointExtension>
            <ns3:hr>144</ns3:hr>
            <ns3:cad>95</ns3:cad>
          </ns3:TrackPointExtension>
        </extensions>
      </trkpt>
      <trkpt lat="51.55902497470378875732421875" lon="-2.93112681247293949127197265625">
        <ele>7.80000019073486328125</ele>
        <time>2025-04-13T09:50:59.000Z</time>
        <extensions>
          <ns3:TrackPointExtension>
            <ns3:hr>144</ns3:hr>
            <ns3:cad>95</ns3:cad>
          </ns3:TrackPointExtension>
        </extensions>
      </trkpt>
      <trkpt lat="51.559078954160213470458984375" lon="-2.93080360628664493560791015625">
        <ele>8.6000003814697265625</ele>
        <time>2025-04-13T09:51:05.000Z</time>
        <extensions>
          <ns3:TrackPointExtension>
            <ns3:hr>143</ns3:hr>
            <ns3:cad>95</ns3:cad>
          </ns3:TrackPointExtension>
        </extensions>
      </trkpt>
      <trkpt lat="51.55914575792849063873291015625" lon="-2.93053035624325275421142578125">
        <ele>8.3999996185302734375</ele>
        <time>2025-04-13T09:51:10.000Z</time>
        <extensions>
          <ns3:TrackPointExtension>
            <ns3:hr>142</ns3:hr>
            <ns3:cad>96</ns3:cad>
          </ns3:TrackPointExtension>
        </extensions>
      </trkpt>
      <trkpt lat="51.55921264551579952239990234375" lon="-2.93025366961956024169921875">
        <ele>7</ele>
        <time>2025-04-13T09:51:15.000Z</time>
        <extensions>
          <ns3:TrackPointExtension>
            <ns3:hr>143</ns3:hr>
            <ns3:cad>95</ns3:cad>
          </ns3:TrackPointExtension>
        </extensions>
      </trkpt>
      <trkpt lat="51.55929529108107089996337890625" lon="-2.9299852810800075531005859375">
        <ele>6</ele>
        <time>2025-04-13T09:51:20.000Z</time>
        <extensions>
          <ns3:TrackPointExtension>
            <ns3:hr>144</ns3:hr>
            <ns3:cad>95</ns3:cad>
          </ns3:TrackPointExtension>
        </extensions>
      </trkpt>
      <trkpt lat="51.55937961302697658538818359375" lon="-2.92972099967300891876220703125">
        <ele>5.80000019073486328125</ele>
        <time>2025-04-13T09:51:25.000Z</time>
        <extensions>
          <ns3:TrackPointExtension>
            <ns3:hr>145</ns3:hr>
            <ns3:cad>95</ns3:cad>
          </ns3:TrackPointExtension>
        </extensions>
      </trkpt>
      <trkpt lat="51.55950048007071018218994140625" lon="-2.929460071027278900146484375">
        <ele>6</ele>
        <time>2025-04-13T09:51:30.000Z</time>
        <extensions>
          <ns3:TrackPointExtension>
            <ns3:hr>147</ns3:hr>
            <ns3:cad>96</ns3:cad>
          </ns3:TrackPointExtension>
        </extensions>
      </trkpt>
      <trkpt lat="51.55961732380092144012451171875" lon="-2.92922101914882659912109375">
        <ele>6</ele>
        <time>2025-04-13T09:51:35.000Z</time>
        <extensions>
          <ns3:TrackPointExtension>
            <ns3:hr>146</ns3:hr>
            <ns3:cad>96</ns3:cad>
          </ns3:TrackPointExtension>
        </extensions>
      </trkpt>
      <trkpt lat="51.55975260771811008453369140625" lon="-2.92901490814983844757080078125">
        <ele>6</ele>
        <time>2025-04-13T09:51:40.000Z</time>
        <extensions>
          <ns3:TrackPointExtension>
            <ns3:hr>144</ns3:hr>
            <ns3:cad>96</ns3:cad>
          </ns3:TrackPointExtension>
        </extensions>
      </trkpt>
      <trkpt lat="51.5598767437040805816650390625" lon="-2.92879764921963214874267578125">
        <ele>6.400000095367431640625</ele>
        <time>2025-04-13T09:51:45.000Z</time>
        <extensions>
          <ns3:TrackPointExtension>
            <ns3:hr>146</ns3:hr>
            <ns3:cad>95</ns3:cad>
          </ns3:TrackPointExtension>
        </extensions>
      </trkpt>
      <trkpt lat="51.5600152127444744110107421875" lon="-2.928567565977573394775390625">
        <ele>7</ele>
        <time>2025-04-13T09:51:50.000Z</time>
        <extensions>
          <ns3:TrackPointExtension>
            <ns3:hr>144</ns3:hr>
            <ns3:cad>97</ns3:cad>
          </ns3:TrackPointExtension>
        </extensions>
      </trkpt>
      <trkpt lat="51.56013071537017822265625" lon="-2.92833329178392887115478515625">
        <ele>7</ele>
        <time>2025-04-13T09:51:55.000Z</time>
        <extensions>
          <ns3:TrackPointExtension>
            <ns3:hr>144</ns3:hr>
            <ns3:cad>96</ns3:cad>
          </ns3:TrackPointExtension>
        </extensions>
      </trkpt>
      <trkpt lat="51.5602232515811920166015625" lon="-2.92813531123101711273193359375">
        <ele>7</ele>
        <time>2025-04-13T09:51:59.000Z</time>
        <extensions>
          <ns3:TrackPointExtension>
            <ns3:hr>147</ns3:hr>
            <ns3:cad>96</ns3:cad>
          </ns3:TrackPointExtension>
        </extensions>
      </trkpt>
      <trkpt lat="51.5603263489902019500732421875" lon="-2.92789357714354991912841796875">
        <ele>6.80000019073486328125</ele>
        <time>2025-04-13T09:52:04.000Z</time>
        <extensions>
          <ns3:TrackPointExtension>
            <ns3:hr>147</ns3:hr>
            <ns3:cad>94</ns3:cad>
          </ns3:TrackPointExtension>
        </extensions>
      </trkpt>
      <trkpt lat="51.560417376458644866943359375" lon="-2.9276420362293720245361328125">
        <ele>6</ele>
        <time>2025-04-13T09:52:09.000Z</time>
        <extensions>
          <ns3:TrackPointExtension>
            <ns3:hr>145</ns3:hr>
            <ns3:cad>95</ns3:cad>
          </ns3:TrackPointExtension>
        </extensions>
      </trkpt>
      <trkpt lat="51.56049876473844051361083984375" lon="-2.92737943120300769805908203125">
        <ele>6</ele>
        <time>2025-04-13T09:52:14.000Z</time>
        <extensions>
          <ns3:TrackPointExtension>
            <ns3:hr>143</ns3:hr>
            <ns3:cad>95</ns3:cad>
          </ns3:TrackPointExtension>
        </extensions>
      </trkpt>
      <trkpt lat="51.5605902113020420074462890625" lon="-2.92710877954959869384765625">
        <ele>6</ele>
        <time>2025-04-13T09:52:19.000Z</time>
        <extensions>
          <ns3:TrackPointExtension>
            <ns3:hr>144</ns3:hr>
            <ns3:cad>96</ns3:cad>
          </ns3:TrackPointExtension>
        </extensions>
      </trkpt>
      <trkpt lat="51.56068836338818073272705078125" lon="-2.92685933411121368408203125">
        <ele>6</ele>
        <time>2025-04-13T09:52:24.000Z</time>
        <extensions>
          <ns3:TrackPointExtension>
            <ns3:hr>145</ns3:hr>
            <ns3:cad>95</ns3:cad>
          </ns3:TrackPointExtension>
        </extensions>
      </trkpt>
      <trkpt lat="51.5607829950749874114990234375" lon="-2.92660762555897235870361328125">
        <ele>6.599999904632568359375</ele>
        <time>2025-04-13T09:52:29.000Z</time>
        <extensions>
          <ns3:TrackPointExtension>
            <ns3:hr>143</ns3:hr>
            <ns3:cad>96</ns3:cad>
          </ns3:TrackPointExtension>
        </extensions>
      </trkpt>
      <trkpt lat="51.5608765371143817901611328125" lon="-2.926354743540287017822265625">
        <ele>7</ele>
        <time>2025-04-13T09:52:34.000Z</time>
        <extensions>
          <ns3:TrackPointExtension>
            <ns3:hr>144</ns3:hr>
            <ns3:cad>96</ns3:cad>
          </ns3:TrackPointExtension>
        </extensions>
      </trkpt>
      <trkpt lat="51.56097284518182277679443359375" lon="-2.92609834112226963043212890625">
        <ele>6.599999904632568359375</ele>
        <time>2025-04-13T09:52:39.000Z</time>
        <extensions>
          <ns3:TrackPointExtension>
            <ns3:hr>145</ns3:hr>
            <ns3:cad>96</ns3:cad>
          </ns3:TrackPointExtension>
        </extensions>
      </trkpt>
      <trkpt lat="51.56107418239116668701171875" lon="-2.9257993586361408233642578125">
        <ele>7</ele>
        <time>2025-04-13T09:52:45.000Z</time>
        <extensions>
          <ns3:TrackPointExtension>
            <ns3:hr>146</ns3:hr>
            <ns3:cad>96</ns3:cad>
          </ns3:TrackPointExtension>
        </extensions>
      </trkpt>
      <trkpt lat="51.56117518432438373565673828125" lon="-2.92555318213999271392822265625">
        <ele>6.80000019073486328125</ele>
        <time>2025-04-13T09:52:50.000Z</time>
        <extensions>
          <ns3:TrackPointExtension>
            <ns3:hr>144</ns3:hr>
            <ns3:cad>95</ns3:cad>
          </ns3:TrackPointExtension>
        </extensions>
      </trkpt>
      <trkpt lat="51.561281383037567138671875" lon="-2.9253008030354976654052734375">
        <ele>6.400000095367431640625</ele>
        <time>2025-04-13T09:52:55.000Z</time>
        <extensions>
          <ns3:TrackPointExtension>
            <ns3:hr>143</ns3:hr>
            <ns3:cad>96</ns3:cad>
          </ns3:TrackPointExtension>
        </extensions>
      </trkpt>
      <trkpt lat="51.56138506717979907989501953125" lon="-2.9250523634254932403564453125">
        <ele>6</ele>
        <time>2025-04-13T09:53:00.000Z</time>
        <extensions>
          <ns3:TrackPointExtension>
            <ns3:hr>143</ns3:hr>
            <ns3:cad>96</ns3:cad>
          </ns3:TrackPointExtension>
        </extensions>
      </trkpt>
      <trkpt lat="51.56148917041718959808349609375" lon="-2.92479445226490497589111328125">
        <ele>6</ele>
        <time>2025-04-13T09:53:05.000Z</time>
        <extensions>
          <ns3:TrackPointExtension>
            <ns3:hr>143</ns3:hr>
            <ns3:cad>95</ns3:cad>
          </ns3:TrackPointExtension>
        </extensions>
      </trkpt>
      <trkpt lat="51.56159679405391216278076171875" lon="-2.9245370440185070037841796875">
        <ele>6</ele>
        <time>2025-04-13T09:53:10.000Z</time>
        <extensions>
          <ns3:TrackPointExtension>
            <ns3:hr>143</ns3:hr>
            <ns3:cad>96</ns3:cad>
          </ns3:TrackPointExtension>
        </extensions>
      </trkpt>
      <trkpt lat="51.56169586814939975738525390625" lon="-2.9242788814008235931396484375">
        <ele>6</ele>
        <time>2025-04-13T09:53:15.000Z</time>
        <extensions>
          <ns3:TrackPointExtension>
            <ns3:hr>145</ns3:hr>
            <ns3:cad>96</ns3:cad>
          </ns3:TrackPointExtension>
        </extensions>
      </trkpt>
      <trkpt lat="51.56178555451333522796630859375" lon="-2.92398744262754917144775390625">
        <ele>7</ele>
        <time>2025-04-13T09:53:21.000Z</time>
        <extensions>
          <ns3:TrackPointExtension>
            <ns3:hr>145</ns3:hr>
            <ns3:cad>96</ns3:cad>
          </ns3:TrackPointExtension>
        </extensions>
      </trkpt>
      <trkpt lat="51.561865769326686859130859375" lon="-2.9237276874482631683349609375">
        <ele>6.599999904632568359375</ele>
        <time>2025-04-13T09:53:26.000Z</time>
        <extensions>
          <ns3:TrackPointExtension>
            <ns3:hr>145</ns3:hr>
            <ns3:cad>95</ns3:cad>
          </ns3:TrackPointExtension>
        </extensions>
      </trkpt>
      <trkpt lat="51.5619437210261821746826171875" lon="-2.9234118573367595672607421875">
        <ele>5.80000019073486328125</ele>
        <time>2025-04-13T09:53:32.000Z</time>
        <extensions>
          <ns3:TrackPointExtension>
            <ns3:hr>146</ns3:hr>
            <ns3:cad>96</ns3:cad>
          </ns3:TrackPointExtension>
        </extensions>
      </trkpt>
      <trkpt lat="51.562031395733356475830078125" lon="-2.92310558259487152099609375">
        <ele>5</ele>
        <time>2025-04-13T09:53:38.000Z</time>
        <extensions>
          <ns3:TrackPointExtension>
            <ns3:hr>145</ns3:hr>
            <ns3:cad>95</ns3:cad>
          </ns3:TrackPointExtension>
        </extensions>
      </trkpt>
      <trkpt lat="51.56210741959512233734130859375" lon="-2.92284247465431690216064453125">
        <ele>5</ele>
        <time>2025-04-13T09:53:43.000Z</time>
        <extensions>
          <ns3:TrackPointExtension>
            <ns3:hr>144</ns3:hr>
            <ns3:cad>96</ns3:cad>
          </ns3:TrackPointExtension>
        </extensions>
      </trkpt>
      <trkpt lat="51.56217950396239757537841796875" lon="-2.92257173918187618255615234375">
        <ele>5</ele>
        <time>2025-04-13T09:53:48.000Z</time>
        <extensions>
          <ns3:TrackPointExtension>
            <ns3:hr>146</ns3:hr>
            <ns3:cad>95</ns3:cad>
          </ns3:TrackPointExtension>
        </extensions>
      </trkpt>
      <trkpt lat="51.56226734630763530731201171875" lon="-2.92226479388773441314697265625">
        <ele>6.19999980926513671875</ele>
        <time>2025-04-13T09:53:54.000Z</time>
        <extensions>
          <ns3:TrackPointExtension>
            <ns3:hr>145</ns3:hr>
            <ns3:cad>96</ns3:cad>
          </ns3:TrackPointExtension>
        </extensions>
      </trkpt>
      <trkpt lat="51.56234630383551120758056640625" lon="-2.92195097543299198150634765625">
        <ele>6.400000095367431640625</ele>
        <time>2025-04-13T09:54:00.000Z</time>
        <extensions>
          <ns3:TrackPointExtension>
            <ns3:hr>144</ns3:hr>
            <ns3:cad>96</ns3:cad>
          </ns3:TrackPointExtension>
        </extensions>
      </trkpt>
      <trkpt lat="51.5624255128204822540283203125" lon="-2.92162835597991943359375">
        <ele>6.599999904632568359375</ele>
        <time>2025-04-13T09:54:06.000Z</time>
        <extensions>
          <ns3:TrackPointExtension>
            <ns3:hr>143</ns3:hr>
            <ns3:cad>96</ns3:cad>
          </ns3:TrackPointExtension>
        </extensions>
      </trkpt>
      <trkpt lat="51.56248234212398529052734375" lon="-2.9214122705161571502685546875">
        <ele>6.80000019073486328125</ele>
        <time>2025-04-13T09:54:10.000Z</time>
        <extensions>
          <ns3:TrackPointExtension>
            <ns3:hr>142</ns3:hr>
            <ns3:cad>94</ns3:cad>
          </ns3:TrackPointExtension>
        </extensions>
      </trkpt>
      <trkpt lat="51.5625555999577045440673828125" lon="-2.92110524140298366546630859375">
        <ele>7.19999980926513671875</ele>
        <time>2025-04-13T09:54:16.000Z</time>
        <extensions>
          <ns3:TrackPointExtension>
            <ns3:hr>144</ns3:hr>
            <ns3:cad>95</ns3:cad>
          </ns3:TrackPointExtension>
        </extensions>
      </trkpt>
      <trkpt lat="51.56262718141078948974609375" lon="-2.92084037326276302337646484375">
        <ele>7</ele>
        <time>2025-04-13T09:54:21.000Z</time>
        <extensions>
          <ns3:TrackPointExtension>
            <ns3:hr>145</ns3:hr>
            <ns3:cad>96</ns3:cad>
          </ns3:TrackPointExtension>
        </extensions>
      </trkpt>
      <trkpt lat="51.56270655803382396697998046875" lon="-2.92053694836795330047607421875">
        <ele>7</ele>
        <time>2025-04-13T09:54:27.000Z</time>
        <extensions>
          <ns3:TrackPointExtension>
            <ns3:hr>144</ns3:hr>
            <ns3:cad>95</ns3:cad>
          </ns3:TrackPointExtension>
        </extensions>
      </trkpt>
      <trkpt lat="51.5627859346568584442138671875" lon="-2.9202196933329105377197265625">
        <ele>7</ele>
        <time>2025-04-13T09:54:33.000Z</time>
        <extensions>
          <ns3:TrackPointExtension>
            <ns3:hr>144</ns3:hr>
            <ns3:cad>96</ns3:cad>
          </ns3:TrackPointExtension>
        </extensions>
      </trkpt>
      <trkpt lat="51.5628544986248016357421875" lon="-2.9199437610805034637451171875">
        <ele>7</ele>
        <time>2025-04-13T09:54:38.000Z</time>
        <extensions>
          <ns3:TrackPointExtension>
            <ns3:hr>143</ns3:hr>
            <ns3:cad>95</ns3:cad>
          </ns3:TrackPointExtension>
        </extensions>
      </trkpt>
      <trkpt lat="51.56293303705751895904541015625" lon="-2.91962214745581150054931640625">
        <ele>7</ele>
        <time>2025-04-13T09:54:44.000Z</time>
        <extensions>
          <ns3:TrackPointExtension>
            <ns3:hr>143</ns3:hr>
            <ns3:cad>96</ns3:cad>
          </ns3:TrackPointExtension>
        </extensions>
      </trkpt>
      <trkpt lat="51.56300671398639678955078125" lon="-2.91935593821108341217041015625">
        <ele>7</ele>
        <time>2025-04-13T09:54:49.000Z</time>
        <extensions>
          <ns3:TrackPointExtension>
            <ns3:hr>143</ns3:hr>
            <ns3:cad>96</ns3:cad>
          </ns3:TrackPointExtension>
        </extensions>
      </trkpt>
      <trkpt lat="51.563094556331634521484375" lon="-2.91909006424248218536376953125">
        <ele>7</ele>
        <time>2025-04-13T09:54:54.000Z</time>
        <extensions>
          <ns3:TrackPointExtension>
            <ns3:hr>145</ns3:hr>
            <ns3:cad>95</ns3:cad>
          </ns3:TrackPointExtension>
        </extensions>
      </trkpt>
      <trkpt lat="51.5631658025085926055908203125" lon="-2.91881497018039226531982421875">
        <ele>7</ele>
        <time>2025-04-13T09:54:59.000Z</time>
        <extensions>
          <ns3:TrackPointExtension>
            <ns3:hr>145</ns3:hr>
            <ns3:cad>95</ns3:cad>
          </ns3:TrackPointExtension>
        </extensions>
      </trkpt>
      <trkpt lat="51.563245765864849090576171875" lon="-2.91855387389659881591796875">
        <ele>7</ele>
        <time>2025-04-13T09:55:04.000Z</time>
        <extensions>
          <ns3:TrackPointExtension>
            <ns3:hr>145</ns3:hr>
            <ns3:cad>95</ns3:cad>
          </ns3:TrackPointExtension>
        </extensions>
      </trkpt>
      <trkpt lat="51.563332267105579376220703125" lon="-2.9182908497750759124755859375">
        <ele>6.400000095367431640625</ele>
        <time>2025-04-13T09:55:09.000Z</time>
        <extensions>
          <ns3:TrackPointExtension>
            <ns3:hr>144</ns3:hr>
            <ns3:cad>96</ns3:cad>
          </ns3:TrackPointExtension>
        </extensions>
      </trkpt>
      <trkpt lat="51.56343159265816211700439453125" lon="-2.9180464334785938262939453125">
        <ele>6.80000019073486328125</ele>
        <time>2025-04-13T09:55:14.000Z</time>
        <extensions>
          <ns3:TrackPointExtension>
            <ns3:hr>143</ns3:hr>
            <ns3:cad>96</ns3:cad>
          </ns3:TrackPointExtension>
        </extensions>
      </trkpt>
      <trkpt lat="51.5635362826287746429443359375" lon="-2.91776035912334918975830078125">
        <ele>7.599999904632568359375</ele>
        <time>2025-04-13T09:55:20.000Z</time>
        <extensions>
          <ns3:TrackPointExtension>
            <ns3:hr>143</ns3:hr>
            <ns3:cad>96</ns3:cad>
          </ns3:TrackPointExtension>
        </extensions>
      </trkpt>
      <trkpt lat="51.563650108873844146728515625" lon="-2.917468249797821044921875">
        <ele>8</ele>
        <time>2025-04-13T09:55:26.000Z</time>
        <extensions>
          <ns3:TrackPointExtension>
            <ns3:hr>144</ns3:hr>
            <ns3:cad>96</ns3:cad>
          </ns3:TrackPointExtension>
        </extensions>
      </trkpt>
      <trkpt lat="51.56376016326248645782470703125" lon="-2.9172362387180328369140625">
        <ele>7.599999904632568359375</ele>
        <time>2025-04-13T09:55:31.000Z</time>
        <extensions>
          <ns3:TrackPointExtension>
            <ns3:hr>142</ns3:hr>
            <ns3:cad>95</ns3:cad>
          </ns3:TrackPointExtension>
        </extensions>
      </trkpt>
      <trkpt lat="51.5638547949492931365966796875" lon="-2.916985116899013519287109375">
        <ele>7.19999980926513671875</ele>
        <time>2025-04-13T09:55:36.000Z</time>
        <extensions>
          <ns3:TrackPointExtension>
            <ns3:hr>142</ns3:hr>
            <ns3:cad>96</ns3:cad>
          </ns3:TrackPointExtension>
        </extensions>
      </trkpt>
      <trkpt lat="51.563957892358303070068359375" lon="-2.9167341627180576324462890625">
        <ele>6.80000019073486328125</ele>
        <time>2025-04-13T09:55:41.000Z</time>
        <extensions>
          <ns3:TrackPointExtension>
            <ns3:hr>141</ns3:hr>
            <ns3:cad>95</ns3:cad>
          </ns3:TrackPointExtension>
        </extensions>
      </trkpt>
      <trkpt lat="51.56407431699335575103759765625" lon="-2.91650868952274322509765625">
        <ele>6.400000095367431640625</ele>
        <time>2025-04-13T09:55:46.000Z</time>
        <extensions>
          <ns3:TrackPointExtension>
            <ns3:hr>142</ns3:hr>
            <ns3:cad>96</ns3:cad>
          </ns3:TrackPointExtension>
        </extensions>
      </trkpt>
      <trkpt lat="51.56421530060470104217529296875" lon="-2.91625446639955043792724609375">
        <ele>6</ele>
        <time>2025-04-13T09:55:52.000Z</time>
        <extensions>
          <ns3:TrackPointExtension>
            <ns3:hr>141</ns3:hr>
            <ns3:cad>96</ns3:cad>
          </ns3:TrackPointExtension>
        </extensions>
      </trkpt>
      <trkpt lat="51.56434991396963596343994140625" lon="-2.9159958846867084503173828125">
        <ele>6</ele>
        <time>2025-04-13T09:55:58.000Z</time>
        <extensions>
          <ns3:TrackPointExtension>
            <ns3:hr>141</ns3:hr>
            <ns3:cad>95</ns3:cad>
          </ns3:TrackPointExtension>
        </extensions>
      </trkpt>
      <trkpt lat="51.56447296030819416046142578125" lon="-2.9157715849578380584716796875">
        <ele>6</ele>
        <time>2025-04-13T09:56:03.000Z</time>
        <extensions>
          <ns3:TrackPointExtension>
            <ns3:hr>142</ns3:hr>
            <ns3:cad>95</ns3:cad>
          </ns3:TrackPointExtension>
        </extensions>
      </trkpt>
      <trkpt lat="51.56458913348615169525146484375" lon="-2.915527336299419403076171875">
        <ele>6.599999904632568359375</ele>
        <time>2025-04-13T09:56:08.000Z</time>
        <extensions>
          <ns3:TrackPointExtension>
            <ns3:hr>142</ns3:hr>
            <ns3:cad>95</ns3:cad>
          </ns3:TrackPointExtension>
        </extensions>
      </trkpt>
      <trkpt lat="51.5647084079682826995849609375" lon="-2.91528560221195220947265625">
        <ele>6.599999904632568359375</ele>
        <time>2025-04-13T09:56:13.000Z</time>
        <extensions>
          <ns3:TrackPointExtension>
            <ns3:hr>142</ns3:hr>
            <ns3:cad>95</ns3:cad>
          </ns3:TrackPointExtension>
        </extensions>
      </trkpt>
      <trkpt lat="51.56482215039432048797607421875" lon="-2.91504546068608760833740234375">
        <ele>5.80000019073486328125</ele>
        <time>2025-04-13T09:56:18.000Z</time>
        <extensions>
          <ns3:TrackPointExtension>
            <ns3:hr>141</ns3:hr>
            <ns3:cad>95</ns3:cad>
          </ns3:TrackPointExtension>
        </extensions>
      </trkpt>
      <trkpt lat="51.5649306960403919219970703125" lon="-2.91479903273284435272216796875">
        <ele>4.80000019073486328125</ele>
        <time>2025-04-13T09:56:23.000Z</time>
        <extensions>
          <ns3:TrackPointExtension>
            <ns3:hr>141</ns3:hr>
            <ns3:cad>96</ns3:cad>
          </ns3:TrackPointExtension>
        </extensions>
      </trkpt>
      <trkpt lat="51.56501543708145618438720703125" lon="-2.91452628560364246368408203125">
        <ele>4</ele>
        <time>2025-04-13T09:56:28.000Z</time>
        <extensions>
          <ns3:TrackPointExtension>
            <ns3:hr>139</ns3:hr>
            <ns3:cad>95</ns3:cad>
          </ns3:TrackPointExtension>
        </extensions>
      </trkpt>
      <trkpt lat="51.56508550979197025299072265625" lon="-2.91425161063671112060546875">
        <ele>5</ele>
        <time>2025-04-13T09:56:33.000Z</time>
        <extensions>
          <ns3:TrackPointExtension>
            <ns3:hr>140</ns3:hr>
            <ns3:cad>95</ns3:cad>
          </ns3:TrackPointExtension>
        </extensions>
      </trkpt>
      <trkpt lat="51.5651357173919677734375" lon="-2.913964949548244476318359375">
        <ele>6.19999980926513671875</ele>
        <time>2025-04-13T09:56:38.000Z</time>
        <extensions>
          <ns3:TrackPointExtension>
            <ns3:hr>142</ns3:hr>
            <ns3:cad>96</ns3:cad>
          </ns3:TrackPointExtension>
        </extensions>
      </trkpt>
      <trkpt lat="51.5651576779782772064208984375" lon="-2.9136581718921661376953125">
        <ele>7</ele>
        <time>2025-04-13T09:56:43.000Z</time>
        <extensions>
          <ns3:TrackPointExtension>
            <ns3:hr>140</ns3:hr>
            <ns3:cad>96</ns3:cad>
          </ns3:TrackPointExtension>
        </extensions>
      </trkpt>
      <trkpt lat="51.5651558339595794677734375" lon="-2.91335600428283214569091796875">
        <ele>7.400000095367431640625</ele>
        <time>2025-04-13T09:56:48.000Z</time>
        <extensions>
          <ns3:TrackPointExtension>
            <ns3:hr>141</ns3:hr>
            <ns3:cad>95</ns3:cad>
          </ns3:TrackPointExtension>
        </extensions>
      </trkpt>
      <trkpt lat="51.5651482902467250823974609375" lon="-2.9130149446427822113037109375">
        <ele>7.400000095367431640625</ele>
        <time>2025-04-13T09:56:54.000Z</time>
        <extensions>
          <ns3:TrackPointExtension>
            <ns3:hr>140</ns3:hr>
            <ns3:cad>97</ns3:cad>
          </ns3:TrackPointExtension>
        </extensions>
      </trkpt>
      <trkpt lat="51.56514803878962993621826171875" lon="-2.9126702807843685150146484375">
        <ele>7.400000095367431640625</ele>
        <time>2025-04-13T09:57:00.000Z</time>
        <extensions>
          <ns3:TrackPointExtension>
            <ns3:hr>139</ns3:hr>
            <ns3:cad>95</ns3:cad>
          </ns3:TrackPointExtension>
        </extensions>
      </trkpt>
      <trkpt lat="51.56512071378529071807861328125" lon="-2.912373729050159454345703125">
        <ele>7.80000019073486328125</ele>
        <time>2025-04-13T09:57:05.000Z</time>
        <extensions>
          <ns3:TrackPointExtension>
            <ns3:hr>140</ns3:hr>
            <ns3:cad>95</ns3:cad>
          </ns3:TrackPointExtension>
        </extensions>
      </trkpt>
      <trkpt lat="51.5650594420731067657470703125" lon="-2.9120959527790546417236328125">
        <ele>9</ele>
        <time>2025-04-13T09:57:10.000Z</time>
        <extensions>
          <ns3:TrackPointExtension>
            <ns3:hr>142</ns3:hr>
            <ns3:cad>97</ns3:cad>
          </ns3:TrackPointExtension>
        </extensions>
      </trkpt>
      <trkpt lat="51.5649705938994884490966796875" lon="-2.91183619759976863861083984375">
        <ele>9.80000019073486328125</ele>
        <time>2025-04-13T09:57:15.000Z</time>
        <extensions>
          <ns3:TrackPointExtension>
            <ns3:hr>144</ns3:hr>
            <ns3:cad>95</ns3:cad>
          </ns3:TrackPointExtension>
        </extensions>
      </trkpt>
      <trkpt lat="51.56488384120166301727294921875" lon="-2.911631762981414794921875">
        <ele>10.6000003814697265625</ele>
        <time>2025-04-13T09:57:19.000Z</time>
        <extensions>
          <ns3:TrackPointExtension>
            <ns3:hr>147</ns3:hr>
            <ns3:cad>95</ns3:cad>
          </ns3:TrackPointExtension>
        </extensions>
      </trkpt>
      <trkpt lat="51.5647642314434051513671875" lon="-2.9114052839577198028564453125">
        <ele>11.3999996185302734375</ele>
        <time>2025-04-13T09:57:24.000Z</time>
        <extensions>
          <ns3:TrackPointExtension>
            <ns3:hr>146</ns3:hr>
            <ns3:cad>96</ns3:cad>
          </ns3:TrackPointExtension>
        </extensions>
      </trkpt>
      <trkpt lat="51.5646316297352313995361328125" lon="-2.91122817434370517730712890625">
        <ele>11.6000003814697265625</ele>
        <time>2025-04-13T09:57:29.000Z</time>
        <extensions>
          <ns3:TrackPointExtension>
            <ns3:hr>148</ns3:hr>
            <ns3:cad>96</ns3:cad>
          </ns3:TrackPointExtension>
        </extensions>
      </trkpt>
      <trkpt lat="51.56448335386812686920166015625" lon="-2.91106338612735271453857421875">
        <ele>11</ele>
        <time>2025-04-13T09:57:35.000Z</time>
        <extensions>
          <ns3:TrackPointExtension>
            <ns3:hr>150</ns3:hr>
            <ns3:cad>95</ns3:cad>
          </ns3:TrackPointExtension>
        </extensions>
      </trkpt>
      <trkpt lat="51.56433231197297573089599609375" lon="-2.91094503365457057952880859375">
        <ele>10</ele>
        <time>2025-04-13T09:57:40.000Z</time>
        <extensions>
          <ns3:TrackPointExtension>
            <ns3:hr>147</ns3:hr>
            <ns3:cad>96</ns3:cad>
          </ns3:TrackPointExtension>
        </extensions>
      </trkpt>
      <trkpt lat="51.5641354210674762725830078125" lon="-2.910868339240550994873046875">
        <ele>8.3999996185302734375</ele>
        <time>2025-04-13T09:57:46.000Z</time>
        <extensions>
          <ns3:TrackPointExtension>
            <ns3:hr>146</ns3:hr>
            <ns3:cad>96</ns3:cad>
          </ns3:TrackPointExtension>
        </extensions>
      </trkpt>
      <trkpt lat="51.5639533661305904388427734375" lon="-2.91083120740950107574462890625">
        <ele>7.19999980926513671875</ele>
        <time>2025-04-13T09:57:51.000Z</time>
        <extensions>
          <ns3:TrackPointExtension>
            <ns3:hr>145</ns3:hr>
            <ns3:cad>95</ns3:cad>
          </ns3:TrackPointExtension>
        </extensions>
      </trkpt>
      <trkpt lat="51.5637481771409511566162109375" lon="-2.9107659123837947845458984375">
        <ele>6.400000095367431640625</ele>
        <time>2025-04-13T09:57:57.000Z</time>
        <extensions>
          <ns3:TrackPointExtension>
            <ns3:hr>148</ns3:hr>
            <ns3:cad>95</ns3:cad>
          </ns3:TrackPointExtension>
        </extensions>
      </trkpt>
      <trkpt lat="51.56354206614196300506591796875" lon="-2.9107293672859668731689453125">
        <ele>5.80000019073486328125</ele>
        <time>2025-04-13T09:58:03.000Z</time>
        <extensions>
          <ns3:TrackPointExtension>
            <ns3:hr>147</ns3:hr>
            <ns3:cad>95</ns3:cad>
          </ns3:TrackPointExtension>
        </extensions>
      </trkpt>
      <trkpt lat="51.56332849524915218353271484375" lon="-2.91069592349231243133544921875">
        <ele>6</ele>
        <time>2025-04-13T09:58:09.000Z</time>
        <extensions>
          <ns3:TrackPointExtension>
            <ns3:hr>148</ns3:hr>
            <ns3:cad>95</ns3:cad>
          </ns3:TrackPointExtension>
        </extensions>
      </trkpt>
      <trkpt lat="51.56315146945416927337646484375" lon="-2.91064663790166378021240234375">
        <ele>6</ele>
        <time>2025-04-13T09:58:14.000Z</time>
        <extensions>
          <ns3:TrackPointExtension>
            <ns3:hr>146</ns3:hr>
            <ns3:cad>95</ns3:cad>
          </ns3:TrackPointExtension>
        </extensions>
      </trkpt>
      <trkpt lat="51.5629760362207889556884765625" lon="-2.9105758108198642730712890625">
        <ele>6.400000095367431640625</ele>
        <time>2025-04-13T09:58:19.000Z</time>
        <extensions>
          <ns3:TrackPointExtension>
            <ns3:hr>145</ns3:hr>
            <ns3:cad>95</ns3:cad>
          </ns3:TrackPointExtension>
        </extensions>
      </trkpt>
      <trkpt lat="51.5628000162541866302490234375" lon="-2.91050054132938385009765625">
        <ele>6.400000095367431640625</ele>
        <time>2025-04-13T09:58:24.000Z</time>
        <extensions>
          <ns3:TrackPointExtension>
            <ns3:hr>147</ns3:hr>
            <ns3:cad>96</ns3:cad>
          </ns3:TrackPointExtension>
        </extensions>
      </trkpt>
      <trkpt lat="51.56260362826287746429443359375" lon="-2.91037707589566707611083984375">
        <ele>5.400000095367431640625</ele>
        <time>2025-04-13T09:58:30.000Z</time>
        <extensions>
          <ns3:TrackPointExtension>
            <ns3:hr>147</ns3:hr>
            <ns3:cad>95</ns3:cad>
          </ns3:TrackPointExtension>
        </extensions>
      </trkpt>
      <trkpt lat="51.5624412707984447479248046875" lon="-2.91024162434041500091552734375">
        <ele>5</ele>
        <time>2025-04-13T09:58:35.000Z</time>
        <extensions>
          <ns3:TrackPointExtension>
            <ns3:hr>145</ns3:hr>
            <ns3:cad>95</ns3:cad>
          </ns3:TrackPointExtension>
        </extensions>
      </trkpt>
      <trkpt lat="51.56228343956172466278076171875" lon="-2.91008538566529750823974609375">
        <ele>5</ele>
        <time>2025-04-13T09:58:40.000Z</time>
        <extensions>
          <ns3:TrackPointExtension>
            <ns3:hr>144</ns3:hr>
            <ns3:cad>95</ns3:cad>
          </ns3:TrackPointExtension>
        </extensions>
      </trkpt>
      <trkpt lat="51.56209182925522327423095703125" lon="-2.90994842536747455596923828125">
        <ele>5</ele>
        <time>2025-04-13T09:58:46.000Z</time>
        <extensions>
          <ns3:TrackPointExtension>
            <ns3:hr>144</ns3:hr>
            <ns3:cad>96</ns3:cad>
          </ns3:TrackPointExtension>
        </extensions>
      </trkpt>
      <trkpt lat="51.56189225614070892333984375" lon="-2.9098816215991973876953125">
        <ele>4.80000019073486328125</ele>
        <time>2025-04-13T09:58:52.000Z</time>
        <extensions>
          <ns3:TrackPointExtension>
            <ns3:hr>145</ns3:hr>
            <ns3:cad>96</ns3:cad>
          </ns3:TrackPointExtension>
        </extensions>
      </trkpt>
      <trkpt lat="51.5616835467517375946044921875" lon="-2.9098345153033733367919921875">
        <ele>5</ele>
        <time>2025-04-13T09:58:58.000Z</time>
        <extensions>
          <ns3:TrackPointExtension>
            <ns3:hr>146</ns3:hr>
            <ns3:cad>96</ns3:cad>
          </ns3:TrackPointExtension>
        </extensions>
      </trkpt>
      <trkpt lat="51.56147441826760768890380859375" lon="-2.9098117165267467498779296875">
        <ele>5.80000019073486328125</ele>
        <time>2025-04-13T09:59:04.000Z</time>
        <extensions>
          <ns3:TrackPointExtension>
            <ns3:hr>146</ns3:hr>
            <ns3:cad>96</ns3:cad>
          </ns3:TrackPointExtension>
        </extensions>
      </trkpt>
      <trkpt lat="51.5612748451530933380126953125" lon="-2.90984876453876495361328125">
        <ele>6.80000019073486328125</ele>
        <time>2025-04-13T09:59:10.000Z</time>
        <extensions>
          <ns3:TrackPointExtension>
            <ns3:hr>144</ns3:hr>
            <ns3:cad>94</ns3:cad>
          </ns3:TrackPointExtension>
        </extensions>
      </trkpt>
      <trkpt lat="51.56107007525861263275146484375" lon="-2.9099196754395961761474609375">
        <ele>8</ele>
        <time>2025-04-13T09:59:16.000Z</time>
        <extensions>
          <ns3:TrackPointExtension>
            <ns3:hr>143</ns3:hr>
            <ns3:cad>96</ns3:cad>
          </ns3:TrackPointExtension>
        </extensions>
      </trkpt>
      <trkpt lat="51.560895144939422607421875" lon="-2.9099404625594615936279296875">
        <ele>8</ele>
        <time>2025-04-13T09:59:21.000Z</time>
        <extensions>
          <ns3:TrackPointExtension>
            <ns3:hr>142</ns3:hr>
            <ns3:cad>94</ns3:cad>
          </ns3:TrackPointExtension>
        </extensions>
      </trkpt>
      <trkpt lat="51.56074829399585723876953125" lon="-2.909738123416900634765625">
        <ele>8.3999996185302734375</ele>
        <time>2025-04-13T09:59:26.000Z</time>
        <extensions>
          <ns3:TrackPointExtension>
            <ns3:hr>142</ns3:hr>
            <ns3:cad>95</ns3:cad>
          </ns3:TrackPointExtension>
        </extensions>
      </trkpt>
      <trkpt lat="51.56056213192641735076904296875" lon="-2.9096809588372707366943359375">
        <ele>9</ele>
        <time>2025-04-13T09:59:31.000Z</time>
        <extensions>
          <ns3:TrackPointExtension>
            <ns3:hr>143</ns3:hr>
            <ns3:cad>95</ns3:cad>
          </ns3:TrackPointExtension>
        </extensions>
      </trkpt>
      <trkpt lat="51.560372449457645416259765625" lon="-2.90972781367599964141845703125">
        <ele>8.19999980926513671875</ele>
        <time>2025-04-13T09:59:36.000Z</time>
        <extensions>
          <ns3:TrackPointExtension>
            <ns3:hr>143</ns3:hr>
            <ns3:cad>96</ns3:cad>
          </ns3:TrackPointExtension>
        </extensions>
      </trkpt>
      <trkpt lat="51.56018771231174468994140625" lon="-2.90980626828968524932861328125">
        <ele>7.599999904632568359375</ele>
        <time>2025-04-13T09:59:41.000Z</time>
        <extensions>
          <ns3:TrackPointExtension>
            <ns3:hr>142</ns3:hr>
            <ns3:cad>95</ns3:cad>
          </ns3:TrackPointExtension>
        </extensions>
      </trkpt>
      <trkpt lat="51.5600142069160938262939453125" lon="-2.909890003502368927001953125">
        <ele>7.19999980926513671875</ele>
        <time>2025-04-13T09:59:46.000Z</time>
        <extensions>
          <ns3:TrackPointExtension>
            <ns3:hr>144</ns3:hr>
            <ns3:cad>95</ns3:cad>
          </ns3:TrackPointExtension>
        </extensions>
      </trkpt>
      <trkpt lat="51.5598128736019134521484375" lon="-2.910010702908039093017578125">
        <ele>7</ele>
        <time>2025-04-13T09:59:52.000Z</time>
        <extensions>
          <ns3:TrackPointExtension>
            <ns3:hr>144</ns3:hr>
            <ns3:cad>95</ns3:cad>
          </ns3:TrackPointExtension>
        </extensions>
      </trkpt>
      <trkpt lat="51.55964188277721405029296875" lon="-2.91010650806128978729248046875">
        <ele>6.599999904632568359375</ele>
        <time>2025-04-13T09:59:57.000Z</time>
        <extensions>
          <ns3:TrackPointExtension>
            <ns3:hr>142</ns3:hr>
            <ns3:cad>96</ns3:cad>
          </ns3:TrackPointExtension>
        </extensions>
      </trkpt>
      <trkpt lat="51.559460498392581939697265625" lon="-2.91018160991370677947998046875">
        <ele>6.19999980926513671875</ele>
        <time>2025-04-13T10:00:02.000Z</time>
        <extensions>
          <ns3:TrackPointExtension>
            <ns3:hr>142</ns3:hr>
            <ns3:cad>95</ns3:cad>
          </ns3:TrackPointExtension>
        </extensions>
      </trkpt>
      <trkpt lat="51.5592477656900882720947265625" lon="-2.91020491160452365875244140625">
        <ele>6</ele>
        <time>2025-04-13T10:00:08.000Z</time>
        <extensions>
          <ns3:TrackPointExtension>
            <ns3:hr>143</ns3:hr>
            <ns3:cad>97</ns3:cad>
          </ns3:TrackPointExtension>
        </extensions>
      </trkpt>
      <trkpt lat="51.5590358711779117584228515625" lon="-2.91017331182956695556640625">
        <ele>6.599999904632568359375</ele>
        <time>2025-04-13T10:00:14.000Z</time>
        <extensions>
          <ns3:TrackPointExtension>
            <ns3:hr>142</ns3:hr>
            <ns3:cad>96</ns3:cad>
          </ns3:TrackPointExtension>
        </extensions>
      </trkpt>
      <trkpt lat="51.5588383935391902923583984375" lon="-2.910101227462291717529296875">
        <ele>7.400000095367431640625</ele>
        <time>2025-04-13T10:00:20.000Z</time>
        <extensions>
          <ns3:TrackPointExtension>
            <ns3:hr>143</ns3:hr>
            <ns3:cad>96</ns3:cad>
          </ns3:TrackPointExtension>
        </extensions>
      </trkpt>
      <trkpt lat="51.55864133499562740325927734375" lon="-2.91006778366863727569580078125">
        <ele>8.80000019073486328125</ele>
        <time>2025-04-13T10:00:26.000Z</time>
        <extensions>
          <ns3:TrackPointExtension>
            <ns3:hr>142</ns3:hr>
            <ns3:cad>96</ns3:cad>
          </ns3:TrackPointExtension>
        </extensions>
      </trkpt>
      <trkpt lat="51.55843631364405155181884765625" lon="-2.9100262932479381561279296875">
        <ele>10.3999996185302734375</ele>
        <time>2025-04-13T10:00:32.000Z</time>
        <extensions>
          <ns3:TrackPointExtension>
            <ns3:hr>142</ns3:hr>
            <ns3:cad>96</ns3:cad>
          </ns3:TrackPointExtension>
        </extensions>
      </trkpt>
      <trkpt lat="51.55824042856693267822265625" lon="-2.90997759439051151275634765625">
        <ele>11.3999996185302734375</ele>
        <time>2025-04-13T10:00:38.000Z</time>
        <extensions>
          <ns3:TrackPointExtension>
            <ns3:hr>143</ns3:hr>
            <ns3:cad>96</ns3:cad>
          </ns3:TrackPointExtension>
        </extensions>
      </trkpt>
      <trkpt lat="51.55803984962403774261474609375" lon="-2.90992386639118194580078125">
        <ele>12.6000003814697265625</ele>
        <time>2025-04-13T10:00:44.000Z</time>
        <extensions>
          <ns3:TrackPointExtension>
            <ns3:hr>142</ns3:hr>
            <ns3:cad>95</ns3:cad>
          </ns3:TrackPointExtension>
        </extensions>
      </trkpt>
      <trkpt lat="51.55784480273723602294921875" lon="-2.9098546318709850311279296875">
        <ele>12.80000019073486328125</ele>
        <time>2025-04-13T10:00:50.000Z</time>
        <extensions>
          <ns3:TrackPointExtension>
            <ns3:hr>143</ns3:hr>
            <ns3:cad>94</ns3:cad>
          </ns3:TrackPointExtension>
        </extensions>
      </trkpt>
      <trkpt lat="51.557713039219379425048828125" lon="-2.90981523692607879638671875">
        <ele>12.3999996185302734375</ele>
        <time>2025-04-13T10:00:54.000Z</time>
        <extensions>
          <ns3:TrackPointExtension>
            <ns3:hr>141</ns3:hr>
            <ns3:cad>94</ns3:cad>
          </ns3:TrackPointExtension>
        </extensions>
      </trkpt>
      <trkpt lat="51.5575008094310760498046875" lon="-2.90977357886731624603271484375">
        <ele>11.19999980926513671875</ele>
        <time>2025-04-13T10:01:00.000Z</time>
        <extensions>
          <ns3:TrackPointExtension>
            <ns3:hr>141</ns3:hr>
            <ns3:cad>95</ns3:cad>
          </ns3:TrackPointExtension>
        </extensions>
      </trkpt>
      <trkpt lat="51.55729972757399082183837890625" lon="-2.90972814895212650299072265625">
        <ele>10.6000003814697265625</ele>
        <time>2025-04-13T10:01:06.000Z</time>
        <extensions>
          <ns3:TrackPointExtension>
            <ns3:hr>141</ns3:hr>
            <ns3:cad>94</ns3:cad>
          </ns3:TrackPointExtension>
        </extensions>
      </trkpt>
      <trkpt lat="51.55716276727616786956787109375" lon="-2.909700572490692138671875">
        <ele>10</ele>
        <time>2025-04-13T10:01:10.000Z</time>
        <extensions>
          <ns3:TrackPointExtension>
            <ns3:hr>144</ns3:hr>
            <ns3:cad>94</ns3:cad>
          </ns3:TrackPointExtension>
        </extensions>
      </trkpt>
      <trkpt lat="51.55697920359671115875244140625" lon="-2.909669391810894012451171875">
        <ele>8.80000019073486328125</ele>
        <time>2025-04-13T10:01:15.000Z</time>
        <extensions>
          <ns3:TrackPointExtension>
            <ns3:hr>144</ns3:hr>
            <ns3:cad>95</ns3:cad>
          </ns3:TrackPointExtension>
        </extensions>
      </trkpt>
      <trkpt lat="51.556797735393047332763671875" lon="-2.9096427373588085174560546875">
        <ele>8.6000003814697265625</ele>
        <time>2025-04-13T10:01:20.000Z</time>
        <extensions>
          <ns3:TrackPointExtension>
            <ns3:hr>146</ns3:hr>
            <ns3:cad>95</ns3:cad>
          </ns3:TrackPointExtension>
        </extensions>
      </trkpt>
      <trkpt lat="51.55659615062177181243896484375" lon="-2.90962538681924343109130859375">
        <ele>9</ele>
        <time>2025-04-13T10:01:26.000Z</time>
        <extensions>
          <ns3:TrackPointExtension>
            <ns3:hr>144</ns3:hr>
            <ns3:cad>95</ns3:cad>
          </ns3:TrackPointExtension>
        </extensions>
      </trkpt>
      <trkpt lat="51.55639045871794223785400390625" lon="-2.9096071980893611907958984375">
        <ele>9</ele>
        <time>2025-04-13T10:01:32.000Z</time>
        <extensions>
          <ns3:TrackPointExtension>
            <ns3:hr>143</ns3:hr>
            <ns3:cad>95</ns3:cad>
          </ns3:TrackPointExtension>
        </extensions>
      </trkpt>
      <trkpt lat="51.55617822892963886260986328125" lon="-2.909574173390865325927734375">
        <ele>9</ele>
        <time>2025-04-13T10:01:38.000Z</time>
        <extensions>
          <ns3:TrackPointExtension>
            <ns3:hr>142</ns3:hr>
            <ns3:cad>96</ns3:cad>
          </ns3:TrackPointExtension>
        </extensions>
      </trkpt>
      <trkpt lat="51.55599382705986499786376953125" lon="-2.90953335352241992950439453125">
        <ele>9.3999996185302734375</ele>
        <time>2025-04-13T10:01:43.000Z</time>
        <extensions>
          <ns3:TrackPointExtension>
            <ns3:hr>143</ns3:hr>
            <ns3:cad>96</ns3:cad>
          </ns3:TrackPointExtension>
        </extensions>
      </trkpt>
      <trkpt lat="51.55580707825720310211181640625" lon="-2.90949127636849880218505859375">
        <ele>9.6000003814697265625</ele>
        <time>2025-04-13T10:01:48.000Z</time>
        <extensions>
          <ns3:TrackPointExtension>
            <ns3:hr>143</ns3:hr>
            <ns3:cad>95</ns3:cad>
          </ns3:TrackPointExtension>
        </extensions>
      </trkpt>
      <trkpt lat="51.55561496503651142120361328125" lon="-2.90944852866232395172119140625">
        <ele>9</ele>
        <time>2025-04-13T10:01:53.000Z</time>
        <extensions>
          <ns3:TrackPointExtension>
            <ns3:hr>145</ns3:hr>
            <ns3:cad>96</ns3:cad>
          </ns3:TrackPointExtension>
        </extensions>
      </trkpt>
      <trkpt lat="51.55542201362550258636474609375" lon="-2.90939605794847011566162109375">
        <ele>8.3999996185302734375</ele>
        <time>2025-04-13T10:01:58.000Z</time>
        <extensions>
          <ns3:TrackPointExtension>
            <ns3:hr>145</ns3:hr>
            <ns3:cad>96</ns3:cad>
          </ns3:TrackPointExtension>
        </extensions>
      </trkpt>
      <trkpt lat="51.5552358515560626983642578125" lon="-2.9093299247324466705322265625">
        <ele>6.80000019073486328125</ele>
        <time>2025-04-13T10:02:03.000Z</time>
        <extensions>
          <ns3:TrackPointExtension>
            <ns3:hr>145</ns3:hr>
            <ns3:cad>95</ns3:cad>
          </ns3:TrackPointExtension>
        </extensions>
      </trkpt>
      <trkpt lat="51.55506259761750698089599609375" lon="-2.90920729748904705047607421875">
        <ele>6.19999980926513671875</ele>
        <time>2025-04-13T10:02:08.000Z</time>
        <extensions>
          <ns3:TrackPointExtension>
            <ns3:hr>145</ns3:hr>
            <ns3:cad>95</ns3:cad>
          </ns3:TrackPointExtension>
        </extensions>
      </trkpt>
      <trkpt lat="51.5549062751233577728271484375" lon="-2.909018956124782562255859375">
        <ele>7</ele>
        <time>2025-04-13T10:02:13.000Z</time>
        <extensions>
          <ns3:TrackPointExtension>
            <ns3:hr>144</ns3:hr>
            <ns3:cad>96</ns3:cad>
          </ns3:TrackPointExtension>
        </extensions>
      </trkpt>
      <trkpt lat="51.55477501451969146728515625" lon="-2.90880027227103710174560546875">
        <ele>6.400000095367431640625</ele>
        <time>2025-04-13T10:02:18.000Z</time>
        <extensions>
          <ns3:TrackPointExtension>
            <ns3:hr>144</ns3:hr>
            <ns3:cad>96</ns3:cad>
          </ns3:TrackPointExtension>
        </extensions>
      </trkpt>
      <trkpt lat="51.55464719049632549285888671875" lon="-2.90858468972146511077880859375">
        <ele>6</ele>
        <time>2025-04-13T10:02:23.000Z</time>
        <extensions>
          <ns3:TrackPointExtension>
            <ns3:hr>144</ns3:hr>
            <ns3:cad>96</ns3:cad>
          </ns3:TrackPointExtension>
        </extensions>
      </trkpt>
      <trkpt lat="51.55450142920017242431640625" lon="-2.90833977051079273223876953125">
        <ele>6</ele>
        <time>2025-04-13T10:02:29.000Z</time>
        <extensions>
          <ns3:TrackPointExtension>
            <ns3:hr>143</ns3:hr>
            <ns3:cad>95</ns3:cad>
          </ns3:TrackPointExtension>
        </extensions>
      </trkpt>
      <trkpt lat="51.5543463639914989471435546875" lon="-2.908101975917816162109375">
        <ele>6</ele>
        <time>2025-04-13T10:02:35.000Z</time>
        <extensions>
          <ns3:TrackPointExtension>
            <ns3:hr>142</ns3:hr>
            <ns3:cad>96</ns3:cad>
          </ns3:TrackPointExtension>
        </extensions>
      </trkpt>
      <trkpt lat="51.55421921052038669586181640625" lon="-2.9078941047191619873046875">
        <ele>6</ele>
        <time>2025-04-13T10:02:40.000Z</time>
        <extensions>
          <ns3:TrackPointExtension>
            <ns3:hr>143</ns3:hr>
            <ns3:cad>96</ns3:cad>
          </ns3:TrackPointExtension>
        </extensions>
      </trkpt>
      <trkpt lat="51.55409197323024272918701171875" lon="-2.90768832899630069732666015625">
        <ele>6.80000019073486328125</ele>
        <time>2025-04-13T10:02:45.000Z</time>
        <extensions>
          <ns3:TrackPointExtension>
            <ns3:hr>143</ns3:hr>
            <ns3:cad>96</ns3:cad>
          </ns3:TrackPointExtension>
        </extensions>
      </trkpt>
      <trkpt lat="51.5539604611694812774658203125" lon="-2.90748096071183681488037109375">
        <ele>7.19999980926513671875</ele>
        <time>2025-04-13T10:02:50.000Z</time>
        <extensions>
          <ns3:TrackPointExtension>
            <ns3:hr>144</ns3:hr>
            <ns3:cad>96</ns3:cad>
          </ns3:TrackPointExtension>
        </extensions>
      </trkpt>
      <trkpt lat="51.553827188909053802490234375" lon="-2.907281555235385894775390625">
        <ele>7.599999904632568359375</ele>
        <time>2025-04-13T10:02:55.000Z</time>
        <extensions>
          <ns3:TrackPointExtension>
            <ns3:hr>144</ns3:hr>
            <ns3:cad>96</ns3:cad>
          </ns3:TrackPointExtension>
        </extensions>
      </trkpt>
      <trkpt lat="51.553693078458309173583984375" lon="-2.907083071768283843994140625">
        <ele>7</ele>
        <time>2025-04-13T10:03:00.000Z</time>
        <extensions>
          <ns3:TrackPointExtension>
            <ns3:hr>144</ns3:hr>
            <ns3:cad>94</ns3:cad>
          </ns3:TrackPointExtension>
        </extensions>
      </trkpt>
      <trkpt lat="51.55354497022926807403564453125" lon="-2.9068515636026859283447265625">
        <ele>6</ele>
        <time>2025-04-13T10:03:06.000Z</time>
        <extensions>
          <ns3:TrackPointExtension>
            <ns3:hr>144</ns3:hr>
            <ns3:cad>96</ns3:cad>
          </ns3:TrackPointExtension>
        </extensions>
      </trkpt>
      <trkpt lat="51.55339158140122890472412109375" lon="-2.90661712177097797393798828125">
        <ele>6</ele>
        <time>2025-04-13T10:03:12.000Z</time>
        <extensions>
          <ns3:TrackPointExtension>
            <ns3:hr>142</ns3:hr>
            <ns3:cad>95</ns3:cad>
          </ns3:TrackPointExtension>
        </extensions>
      </trkpt>
      <trkpt lat="51.55324221588671207427978515625" lon="-2.9063714481890201568603515625">
        <ele>5.599999904632568359375</ele>
        <time>2025-04-13T10:03:18.000Z</time>
        <extensions>
          <ns3:TrackPointExtension>
            <ns3:hr>141</ns3:hr>
            <ns3:cad>96</ns3:cad>
          </ns3:TrackPointExtension>
        </extensions>
      </trkpt>
      <trkpt lat="51.55308882705867290496826171875" lon="-2.90613432414829730987548828125">
        <ele>5.400000095367431640625</ele>
        <time>2025-04-13T10:03:24.000Z</time>
        <extensions>
          <ns3:TrackPointExtension>
            <ns3:hr>142</ns3:hr>
            <ns3:cad>95</ns3:cad>
          </ns3:TrackPointExtension>
        </extensions>
      </trkpt>
      <trkpt lat="51.55292420648038387298583984375" lon="-2.90591119788587093353271484375">
        <ele>6</ele>
        <time>2025-04-13T10:03:30.000Z</time>
        <extensions>
          <ns3:TrackPointExtension>
            <ns3:hr>142</ns3:hr>
            <ns3:cad>95</ns3:cad>
          </ns3:TrackPointExtension>
        </extensions>
      </trkpt>
      <trkpt lat="51.55284189619123935699462890625" lon="-2.90580323897302150726318359375">
        <ele>6</ele>
        <time>2025-04-13T10:03:33.000Z</time>
        <extensions>
          <ns3:TrackPointExtension>
            <ns3:hr>145</ns3:hr>
            <ns3:cad>96</ns3:cad>
          </ns3:TrackPointExtension>
        </extensions>
      </trkpt>
      <trkpt lat="51.55270476825535297393798828125" lon="-2.90561087429523468017578125">
        <ele>6</ele>
        <time>2025-04-13T10:03:38.000Z</time>
        <extensions>
          <ns3:TrackPointExtension>
            <ns3:hr>144</ns3:hr>
            <ns3:cad>95</ns3:cad>
          </ns3:TrackPointExtension>
        </extensions>
      </trkpt>
      <trkpt lat="51.5525710768997669219970703125" lon="-2.9054135642945766448974609375">
        <ele>6</ele>
        <time>2025-04-13T10:03:43.000Z</time>
        <extensions>
          <ns3:TrackPointExtension>
            <ns3:hr>144</ns3:hr>
            <ns3:cad>97</ns3:cad>
          </ns3:TrackPointExtension>
        </extensions>
      </trkpt>
      <trkpt lat="51.55242464505136013031005859375" lon="-2.90518213994801044464111328125">
        <ele>6.19999980926513671875</ele>
        <time>2025-04-13T10:03:49.000Z</time>
        <extensions>
          <ns3:TrackPointExtension>
            <ns3:hr>147</ns3:hr>
            <ns3:cad>95</ns3:cad>
          </ns3:TrackPointExtension>
        </extensions>
      </trkpt>
      <trkpt lat="51.5522706694900989532470703125" lon="-2.90495683439075946807861328125">
        <ele>6</ele>
        <time>2025-04-13T10:03:55.000Z</time>
        <extensions>
          <ns3:TrackPointExtension>
            <ns3:hr>145</ns3:hr>
            <ns3:cad>95</ns3:cad>
          </ns3:TrackPointExtension>
        </extensions>
      </trkpt>
      <trkpt lat="51.55211803503334522247314453125" lon="-2.90472951717674732208251953125">
        <ele>6.400000095367431640625</ele>
        <time>2025-04-13T10:04:01.000Z</time>
        <extensions>
          <ns3:TrackPointExtension>
            <ns3:hr>144</ns3:hr>
            <ns3:cad>94</ns3:cad>
          </ns3:TrackPointExtension>
        </extensions>
      </trkpt>
      <trkpt lat="51.5519608743488788604736328125" lon="-2.90450387634336948394775390625">
        <ele>6.80000019073486328125</ele>
        <time>2025-04-13T10:04:07.000Z</time>
        <extensions>
          <ns3:TrackPointExtension>
            <ns3:hr>146</ns3:hr>
            <ns3:cad>94</ns3:cad>
          </ns3:TrackPointExtension>
        </extensions>
      </trkpt>
      <trkpt lat="51.55181142501533031463623046875" lon="-2.904279492795467376708984375">
        <ele>6.599999904632568359375</ele>
        <time>2025-04-13T10:04:13.000Z</time>
        <extensions>
          <ns3:TrackPointExtension>
            <ns3:hr>146</ns3:hr>
            <ns3:cad>95</ns3:cad>
          </ns3:TrackPointExtension>
        </extensions>
      </trkpt>
      <trkpt lat="51.55175811611115932464599609375" lon="-2.9041988588869571685791015625">
        <ele>6.400000095367431640625</ele>
        <time>2025-04-13T10:04:15.000Z</time>
        <extensions>
          <ns3:TrackPointExtension>
            <ns3:hr>145</ns3:hr>
            <ns3:cad>95</ns3:cad>
          </ns3:TrackPointExtension>
        </extensions>
      </trkpt>
      <trkpt lat="51.55160690657794475555419921875" lon="-2.9039668478071689605712890625">
        <ele>4.80000019073486328125</ele>
        <time>2025-04-13T10:04:21.000Z</time>
        <extensions>
          <ns3:TrackPointExtension>
            <ns3:hr>146</ns3:hr>
            <ns3:cad>95</ns3:cad>
          </ns3:TrackPointExtension>
        </extensions>
      </trkpt>
      <trkpt lat="51.55147111974656581878662109375" lon="-2.903766520321369171142578125">
        <ele>4.19999980926513671875</ele>
        <time>2025-04-13T10:04:26.000Z</time>
        <extensions>
          <ns3:TrackPointExtension>
            <ns3:hr>147</ns3:hr>
            <ns3:cad>96</ns3:cad>
          </ns3:TrackPointExtension>
        </extensions>
      </trkpt>
      <trkpt lat="51.55130063183605670928955078125" lon="-2.90356091223657131195068359375">
        <ele>4.400000095367431640625</ele>
        <time>2025-04-13T10:04:32.000Z</time>
        <extensions>
          <ns3:TrackPointExtension>
            <ns3:hr>146</ns3:hr>
            <ns3:cad>96</ns3:cad>
          </ns3:TrackPointExtension>
        </extensions>
      </trkpt>
      <trkpt lat="51.55113450251519680023193359375" lon="-2.90335086174309253692626953125">
        <ele>5</ele>
        <time>2025-04-13T10:04:38.000Z</time>
        <extensions>
          <ns3:TrackPointExtension>
            <ns3:hr>145</ns3:hr>
            <ns3:cad>95</ns3:cad>
          </ns3:TrackPointExtension>
        </extensions>
      </trkpt>
      <trkpt lat="51.55097164213657379150390625" lon="-2.90314550511538982391357421875">
        <ele>5.599999904632568359375</ele>
        <time>2025-04-13T10:04:44.000Z</time>
        <extensions>
          <ns3:TrackPointExtension>
            <ns3:hr>145</ns3:hr>
            <ns3:cad>96</ns3:cad>
          </ns3:TrackPointExtension>
        </extensions>
      </trkpt>
      <trkpt lat="51.55080777592957019805908203125" lon="-2.90293981321156024932861328125">
        <ele>6</ele>
        <time>2025-04-13T10:04:50.000Z</time>
        <extensions>
          <ns3:TrackPointExtension>
            <ns3:hr>146</ns3:hr>
            <ns3:cad>95</ns3:cad>
          </ns3:TrackPointExtension>
        </extensions>
      </trkpt>
      <trkpt lat="51.55064248479902744293212890625" lon="-2.9027380608022212982177734375">
        <ele>6</ele>
        <time>2025-04-13T10:04:56.000Z</time>
        <extensions>
          <ns3:TrackPointExtension>
            <ns3:hr>145</ns3:hr>
            <ns3:cad>96</ns3:cad>
          </ns3:TrackPointExtension>
        </extensions>
      </trkpt>
      <trkpt lat="51.55047409236431121826171875" lon="-2.902534045279026031494140625">
        <ele>6</ele>
        <time>2025-04-13T10:05:02.000Z</time>
        <extensions>
          <ns3:TrackPointExtension>
            <ns3:hr>143</ns3:hr>
            <ns3:cad>94</ns3:cad>
          </ns3:TrackPointExtension>
        </extensions>
      </trkpt>
      <trkpt lat="51.5503129921853542327880859375" lon="-2.9023447819054126739501953125">
        <ele>6</ele>
        <time>2025-04-13T10:05:08.000Z</time>
        <extensions>
          <ns3:TrackPointExtension>
            <ns3:hr>144</ns3:hr>
            <ns3:cad>94</ns3:cad>
          </ns3:TrackPointExtension>
        </extensions>
      </trkpt>
      <trkpt lat="51.5501403249800205230712890625" lon="-2.9021446220576763153076171875">
        <ele>6.599999904632568359375</ele>
        <time>2025-04-13T10:05:14.000Z</time>
        <extensions>
          <ns3:TrackPointExtension>
            <ns3:hr>144</ns3:hr>
            <ns3:cad>95</ns3:cad>
          </ns3:TrackPointExtension>
        </extensions>
      </trkpt>
      <trkpt lat="51.549967490136623382568359375" lon="-2.9019451327621936798095703125">
        <ele>7</ele>
        <time>2025-04-13T10:05:20.000Z</time>
        <extensions>
          <ns3:TrackPointExtension>
            <ns3:hr>145</ns3:hr>
            <ns3:cad>95</ns3:cad>
          </ns3:TrackPointExtension>
        </extensions>
      </trkpt>
      <trkpt lat="51.54982977546751499176025390625" lon="-2.9017557017505168914794921875">
        <ele>7</ele>
        <time>2025-04-13T10:05:25.000Z</time>
        <extensions>
          <ns3:TrackPointExtension>
            <ns3:hr>145</ns3:hr>
            <ns3:cad>94</ns3:cad>
          </ns3:TrackPointExtension>
        </extensions>
      </trkpt>
      <trkpt lat="51.54969088733196258544921875" lon="-2.901565767824649810791015625">
        <ele>7</ele>
        <time>2025-04-13T10:05:30.000Z</time>
        <extensions>
          <ns3:TrackPointExtension>
            <ns3:hr>144</ns3:hr>
            <ns3:cad>94</ns3:cad>
          </ns3:TrackPointExtension>
        </extensions>
      </trkpt>
      <trkpt lat="51.54953255318105220794677734375" lon="-2.9013573937118053436279296875">
        <ele>7.19999980926513671875</ele>
        <time>2025-04-13T10:05:36.000Z</time>
        <extensions>
          <ns3:TrackPointExtension>
            <ns3:hr>143</ns3:hr>
            <ns3:cad>95</ns3:cad>
          </ns3:TrackPointExtension>
        </extensions>
      </trkpt>
      <trkpt lat="51.5493893064558506011962890625" lon="-2.9011800326406955718994140625">
        <ele>7</ele>
        <time>2025-04-13T10:05:41.000Z</time>
        <extensions>
          <ns3:TrackPointExtension>
            <ns3:hr>143</ns3:hr>
            <ns3:cad>95</ns3:cad>
          </ns3:TrackPointExtension>
        </extensions>
      </trkpt>
      <trkpt lat="51.5492384321987628936767578125" lon="-2.90101398713886737823486328125">
        <ele>7</ele>
        <time>2025-04-13T10:05:46.000Z</time>
        <extensions>
          <ns3:TrackPointExtension>
            <ns3:hr>145</ns3:hr>
            <ns3:cad>96</ns3:cad>
          </ns3:TrackPointExtension>
        </extensions>
      </trkpt>
      <trkpt lat="51.5490687824785709381103515625" lon="-2.90082304738461971282958984375">
        <ele>6.599999904632568359375</ele>
        <time>2025-04-13T10:05:52.000Z</time>
        <extensions>
          <ns3:TrackPointExtension>
            <ns3:hr>147</ns3:hr>
            <ns3:cad>95</ns3:cad>
          </ns3:TrackPointExtension>
        </extensions>
      </trkpt>
      <trkpt lat="51.548896618187427520751953125" lon="-2.90063001215457916259765625">
        <ele>7</ele>
        <time>2025-04-13T10:05:58.000Z</time>
        <extensions>
          <ns3:TrackPointExtension>
            <ns3:hr>146</ns3:hr>
            <ns3:cad>95</ns3:cad>
          </ns3:TrackPointExtension>
        </extensions>
      </trkpt>
      <trkpt lat="51.54872772283852100372314453125" lon="-2.90043630637228488922119140625">
        <ele>6.400000095367431640625</ele>
        <time>2025-04-13T10:06:04.000Z</time>
        <extensions>
          <ns3:TrackPointExtension>
            <ns3:hr>148</ns3:hr>
            <ns3:cad>95</ns3:cad>
          </ns3:TrackPointExtension>
        </extensions>
      </trkpt>
      <trkpt lat="51.548564024269580841064453125" lon="-2.90024335496127605438232421875">
        <ele>6.599999904632568359375</ele>
        <time>2025-04-13T10:06:10.000Z</time>
        <extensions>
          <ns3:TrackPointExtension>
            <ns3:hr>148</ns3:hr>
            <ns3:cad>95</ns3:cad>
          </ns3:TrackPointExtension>
        </extensions>
      </trkpt>
      <trkpt lat="51.5484153293073177337646484375" lon="-2.90005828253924846649169921875">
        <ele>6.19999980926513671875</ele>
        <time>2025-04-13T10:06:15.000Z</time>
        <extensions>
          <ns3:TrackPointExtension>
            <ns3:hr>146</ns3:hr>
            <ns3:cad>96</ns3:cad>
          </ns3:TrackPointExtension>
        </extensions>
      </trkpt>
      <trkpt lat="51.548240818083286285400390625" lon="-2.89985795505344867706298828125">
        <ele>7</ele>
        <time>2025-04-13T10:06:21.000Z</time>
        <extensions>
          <ns3:TrackPointExtension>
            <ns3:hr>145</ns3:hr>
            <ns3:cad>95</ns3:cad>
          </ns3:TrackPointExtension>
        </extensions>
      </trkpt>
      <trkpt lat="51.54809790663421154022216796875" lon="-2.89968042634427547454833984375">
        <ele>7</ele>
        <time>2025-04-13T10:06:26.000Z</time>
        <extensions>
          <ns3:TrackPointExtension>
            <ns3:hr>146</ns3:hr>
            <ns3:cad>96</ns3:cad>
          </ns3:TrackPointExtension>
        </extensions>
      </trkpt>
      <trkpt lat="51.54794971458613872528076171875" lon="-2.8994738124310970306396484375">
        <ele>7.400000095367431640625</ele>
        <time>2025-04-13T10:06:32.000Z</time>
        <extensions>
          <ns3:TrackPointExtension>
            <ns3:hr>144</ns3:hr>
            <ns3:cad>95</ns3:cad>
          </ns3:TrackPointExtension>
        </extensions>
      </trkpt>
      <trkpt lat="51.54778375290334224700927734375" lon="-2.8992780111730098724365234375">
        <ele>7</ele>
        <time>2025-04-13T10:06:38.000Z</time>
        <extensions>
          <ns3:TrackPointExtension>
            <ns3:hr>145</ns3:hr>
            <ns3:cad>95</ns3:cad>
          </ns3:TrackPointExtension>
        </extensions>
      </trkpt>
      <trkpt lat="51.54763690195977687835693359375" lon="-2.89911045692861080169677734375">
        <ele>7</ele>
        <time>2025-04-13T10:06:43.000Z</time>
        <extensions>
          <ns3:TrackPointExtension>
            <ns3:hr>147</ns3:hr>
            <ns3:cad>95</ns3:cad>
          </ns3:TrackPointExtension>
        </extensions>
      </trkpt>
      <trkpt lat="51.5474544279277324676513671875" lon="-2.899000234901905059814453125">
        <ele>7</ele>
        <time>2025-04-13T10:06:49.000Z</time>
        <extensions>
          <ns3:TrackPointExtension>
            <ns3:hr>147</ns3:hr>
            <ns3:cad>95</ns3:cad>
          </ns3:TrackPointExtension>
        </extensions>
      </trkpt>
      <trkpt lat="51.547250412404537200927734375" lon="-2.89907575584948062896728515625">
        <ele>7</ele>
        <time>2025-04-13T10:06:55.000Z</time>
        <extensions>
          <ns3:TrackPointExtension>
            <ns3:hr>145</ns3:hr>
            <ns3:cad>94</ns3:cad>
          </ns3:TrackPointExtension>
        </extensions>
      </trkpt>
      <trkpt lat="51.54707045294344425201416015625" lon="-2.89916259236633777618408203125">
        <ele>6.400000095367431640625</ele>
        <time>2025-04-13T10:07:00.000Z</time>
        <extensions>
          <ns3:TrackPointExtension>
            <ns3:hr>146</ns3:hr>
            <ns3:cad>94</ns3:cad>
          </ns3:TrackPointExtension>
        </extensions>
      </trkpt>
      <trkpt lat="51.54686844907701015472412109375" lon="-2.89926317520439624786376953125">
        <ele>6</ele>
        <time>2025-04-13T10:07:06.000Z</time>
        <extensions>
          <ns3:TrackPointExtension>
            <ns3:hr>144</ns3:hr>
            <ns3:cad>94</ns3:cad>
          </ns3:TrackPointExtension>
        </extensions>
      </trkpt>
      <trkpt lat="51.54669108800590038299560546875" lon="-2.89934431202709674835205078125">
        <ele>6</ele>
        <time>2025-04-13T10:07:11.000Z</time>
        <extensions>
          <ns3:TrackPointExtension>
            <ns3:hr>143</ns3:hr>
            <ns3:cad>95</ns3:cad>
          </ns3:TrackPointExtension>
        </extensions>
      </trkpt>
      <trkpt lat="51.54651339165866374969482421875" lon="-2.89942276664078235626220703125">
        <ele>5.400000095367431640625</ele>
        <time>2025-04-13T10:07:16.000Z</time>
        <extensions>
          <ns3:TrackPointExtension>
            <ns3:hr>143</ns3:hr>
            <ns3:cad>95</ns3:cad>
          </ns3:TrackPointExtension>
        </extensions>
      </trkpt>
      <trkpt lat="51.546308957040309906005859375" lon="-2.899513207376003265380859375">
        <ele>5</ele>
        <time>2025-04-13T10:07:22.000Z</time>
        <extensions>
          <ns3:TrackPointExtension>
            <ns3:hr>145</ns3:hr>
            <ns3:cad>95</ns3:cad>
          </ns3:TrackPointExtension>
        </extensions>
      </trkpt>
      <trkpt lat="51.54610787518322467803955078125" lon="-2.8996049053966999053955078125">
        <ele>5</ele>
        <time>2025-04-13T10:07:28.000Z</time>
        <extensions>
          <ns3:TrackPointExtension>
            <ns3:hr>144</ns3:hr>
            <ns3:cad>95</ns3:cad>
          </ns3:TrackPointExtension>
        </extensions>
      </trkpt>
      <trkpt lat="51.54590872116386890411376953125" lon="-2.89967170916497707366943359375">
        <ele>5.80000019073486328125</ele>
        <time>2025-04-13T10:07:34.000Z</time>
        <extensions>
          <ns3:TrackPointExtension>
            <ns3:hr>142</ns3:hr>
            <ns3:cad>94</ns3:cad>
          </ns3:TrackPointExtension>
        </extensions>
      </trkpt>
      <trkpt lat="51.5457150153815746307373046875" lon="-2.89979123510420322418212890625">
        <ele>6.400000095367431640625</ele>
        <time>2025-04-13T10:07:40.000Z</time>
        <extensions>
          <ns3:TrackPointExtension>
            <ns3:hr>142</ns3:hr>
            <ns3:cad>95</ns3:cad>
          </ns3:TrackPointExtension>
        </extensions>
      </trkpt>
      <trkpt lat="51.54555282555520534515380859375" lon="-2.89992132224142551422119140625">
        <ele>7.400000095367431640625</ele>
        <time>2025-04-13T10:07:45.000Z</time>
        <extensions>
          <ns3:TrackPointExtension>
            <ns3:hr>142</ns3:hr>
            <ns3:cad>95</ns3:cad>
          </ns3:TrackPointExtension>
        </extensions>
      </trkpt>
      <trkpt lat="51.54536674730479717254638671875" lon="-2.9000736214220523834228515625">
        <ele>7.80000019073486328125</ele>
        <time>2025-04-13T10:07:51.000Z</time>
        <extensions>
          <ns3:TrackPointExtension>
            <ns3:hr>142</ns3:hr>
            <ns3:cad>95</ns3:cad>
          </ns3:TrackPointExtension>
        </extensions>
      </trkpt>
      <trkpt lat="51.54519039206206798553466796875" lon="-2.90013925172388553619384765625">
        <ele>8</ele>
        <time>2025-04-13T10:07:56.000Z</time>
        <extensions>
          <ns3:TrackPointExtension>
            <ns3:hr>142</ns3:hr>
            <ns3:cad>94</ns3:cad>
          </ns3:TrackPointExtension>
        </extensions>
      </trkpt>
      <trkpt lat="51.5450156293809413909912109375" lon="-2.9001584462821483612060546875">
        <ele>8</ele>
        <time>2025-04-13T10:08:01.000Z</time>
        <extensions>
          <ns3:TrackPointExtension>
            <ns3:hr>145</ns3:hr>
            <ns3:cad>96</ns3:cad>
          </ns3:TrackPointExtension>
        </extensions>
      </trkpt>
      <trkpt lat="51.54494513757526874542236328125" lon="-2.90016154758632183074951171875">
        <ele>7.80000019073486328125</ele>
        <time>2025-04-13T10:08:03.000Z</time>
        <extensions>
          <ns3:TrackPointExtension>
            <ns3:hr>150</ns3:hr>
            <ns3:cad>95</ns3:cad>
          </ns3:TrackPointExtension>
        </extensions>
      </trkpt>
      <trkpt lat="51.54490859247744083404541015625" lon="-2.90016037411987781524658203125">
        <ele>7.80000019073486328125</ele>
        <time>2025-04-13T10:08:04.000Z</time>
        <extensions>
          <ns3:TrackPointExtension>
            <ns3:hr>154</ns3:hr>
            <ns3:cad>95</ns3:cad>
          </ns3:TrackPointExtension>
        </extensions>
      </trkpt>
      <trkpt lat="51.544873304665088653564453125" lon="-2.900162972509860992431640625">
        <ele>7.80000019073486328125</ele>
        <time>2025-04-13T10:08:05.000Z</time>
        <extensions>
          <ns3:TrackPointExtension>
            <ns3:hr>153</ns3:hr>
            <ns3:cad>95</ns3:cad>
          </ns3:TrackPointExtension>
        </extensions>
      </trkpt>
      <trkpt lat="51.5448032319545745849609375" lon="-2.90016942657530307769775390625">
        <ele>7.80000019073486328125</ele>
        <time>2025-04-13T10:08:07.000Z</time>
        <extensions>
          <ns3:TrackPointExtension>
            <ns3:hr>150</ns3:hr>
            <ns3:cad>94</ns3:cad>
          </ns3:TrackPointExtension>
        </extensions>
      </trkpt>
      <trkpt lat="51.54476878233253955841064453125" lon="-2.90017537772655487060546875">
        <ele>7.80000019073486328125</ele>
        <time>2025-04-13T10:08:08.000Z</time>
        <extensions>
          <ns3:TrackPointExtension>
            <ns3:hr>146</ns3:hr>
            <ns3:cad>94</ns3:cad>
          </ns3:TrackPointExtension>
        </extensions>
      </trkpt>
      <trkpt lat="51.544733829796314239501953125" lon="-2.9001799039542675018310546875">
        <ele>7.80000019073486328125</ele>
        <time>2025-04-13T10:08:09.000Z</time>
        <extensions>
          <ns3:TrackPointExtension>
            <ns3:hr>141</ns3:hr>
            <ns3:cad>95</ns3:cad>
          </ns3:TrackPointExtension>
        </extensions>
      </trkpt>
      <trkpt lat="51.54469971545040607452392578125" lon="-2.90018216706812381744384765625">
        <ele>7.80000019073486328125</ele>
        <time>2025-04-13T10:08:10.000Z</time>
        <extensions>
          <ns3:TrackPointExtension>
            <ns3:hr>141</ns3:hr>
            <ns3:cad>95</ns3:cad>
          </ns3:TrackPointExtension>
        </extensions>
      </trkpt>
      <trkpt lat="51.54449486173689365386962890625" lon="-2.900204546749591827392578125">
        <ele>7.599999904632568359375</ele>
        <time>2025-04-13T10:08:16.000Z</time>
        <extensions>
          <ns3:TrackPointExtension>
            <ns3:hr>140</ns3:hr>
            <ns3:cad>95</ns3:cad>
          </ns3:TrackPointExtension>
        </extensions>
      </trkpt>
      <trkpt lat="51.5443564765155315399169921875" lon="-2.90022055618464946746826171875">
        <ele>7.599999904632568359375</ele>
        <time>2025-04-13T10:08:20.000Z</time>
        <extensions>
          <ns3:TrackPointExtension>
            <ns3:hr>143</ns3:hr>
            <ns3:cad>95</ns3:cad>
          </ns3:TrackPointExtension>
        </extensions>
      </trkpt>
      <trkpt lat="51.5441496111452579498291015625" lon="-2.90023564361035823822021484375">
        <ele>7.599999904632568359375</ele>
        <time>2025-04-13T10:08:26.000Z</time>
        <extensions>
          <ns3:TrackPointExtension>
            <ns3:hr>142</ns3:hr>
            <ns3:cad>96</ns3:cad>
          </ns3:TrackPointExtension>
        </extensions>
      </trkpt>
      <trkpt lat="51.54394148848950862884521484375" lon="-2.90027721785008907318115234375">
        <ele>8.19999980926513671875</ele>
        <time>2025-04-13T10:08:32.000Z</time>
        <extensions>
          <ns3:TrackPointExtension>
            <ns3:hr>140</ns3:hr>
            <ns3:cad>94</ns3:cad>
          </ns3:TrackPointExtension>
        </extensions>
      </trkpt>
      <trkpt lat="51.5437378920614719390869140625" lon="-2.900320552289485931396484375">
        <ele>8.19999980926513671875</ele>
        <time>2025-04-13T10:08:38.000Z</time>
        <extensions>
          <ns3:TrackPointExtension>
            <ns3:hr>142</ns3:hr>
            <ns3:cad>94</ns3:cad>
          </ns3:TrackPointExtension>
        </extensions>
      </trkpt>
      <trkpt lat="51.54352574609220027923583984375" lon="-2.90035550482571125030517578125">
        <ele>8.19999980926513671875</ele>
        <time>2025-04-13T10:08:44.000Z</time>
        <extensions>
          <ns3:TrackPointExtension>
            <ns3:hr>143</ns3:hr>
            <ns3:cad>95</ns3:cad>
          </ns3:TrackPointExtension>
        </extensions>
      </trkpt>
      <trkpt lat="51.54332189820706844329833984375" lon="-2.9003938101232051849365234375">
        <ele>8</ele>
        <time>2025-04-13T10:08:50.000Z</time>
        <extensions>
          <ns3:TrackPointExtension>
            <ns3:hr>142</ns3:hr>
            <ns3:cad>95</ns3:cad>
          </ns3:TrackPointExtension>
        </extensions>
      </trkpt>
      <trkpt lat="51.54311805032193660736083984375" lon="-2.9004206322133541107177734375">
        <ele>7.80000019073486328125</ele>
        <time>2025-04-13T10:08:56.000Z</time>
        <extensions>
          <ns3:TrackPointExtension>
            <ns3:hr>142</ns3:hr>
            <ns3:cad>93</ns3:cad>
          </ns3:TrackPointExtension>
        </extensions>
      </trkpt>
      <trkpt lat="51.54291965067386627197265625" lon="-2.900435887277126312255859375">
        <ele>7.400000095367431640625</ele>
        <time>2025-04-13T10:09:02.000Z</time>
        <extensions>
          <ns3:TrackPointExtension>
            <ns3:hr>141</ns3:hr>
            <ns3:cad>94</ns3:cad>
          </ns3:TrackPointExtension>
        </extensions>
      </trkpt>
      <trkpt lat="51.54271940700709819793701171875" lon="-2.90045709349215030670166015625">
        <ele>7</ele>
        <time>2025-04-13T10:09:08.000Z</time>
        <extensions>
          <ns3:TrackPointExtension>
            <ns3:hr>141</ns3:hr>
            <ns3:cad>95</ns3:cad>
          </ns3:TrackPointExtension>
        </extensions>
      </trkpt>
      <trkpt lat="51.5425349213182926177978515625" lon="-2.90048592723906040191650390625">
        <ele>7.599999904632568359375</ele>
        <time>2025-04-13T10:09:13.000Z</time>
        <extensions>
          <ns3:TrackPointExtension>
            <ns3:hr>142</ns3:hr>
            <ns3:cad>94</ns3:cad>
          </ns3:TrackPointExtension>
        </extensions>
      </trkpt>
      <trkpt lat="51.542437188327312469482421875" lon="-2.90071089752018451690673828125">
        <ele>7</ele>
        <time>2025-04-13T10:09:18.000Z</time>
        <extensions>
          <ns3:TrackPointExtension>
            <ns3:hr>141</ns3:hr>
            <ns3:cad>95</ns3:cad>
          </ns3:TrackPointExtension>
        </extensions>
      </trkpt>
      <trkpt lat="51.54245965182781219482421875" lon="-2.90103259496390819549560546875">
        <ele>7.19999980926513671875</ele>
        <time>2025-04-13T10:09:24.000Z</time>
        <extensions>
          <ns3:TrackPointExtension>
            <ns3:hr>141</ns3:hr>
            <ns3:cad>94</ns3:cad>
          </ns3:TrackPointExtension>
        </extensions>
      </trkpt>
      <trkpt lat="51.5425045788288116455078125" lon="-2.9013459943234920501708984375">
        <ele>8</ele>
        <time>2025-04-13T10:09:30.000Z</time>
        <extensions>
          <ns3:TrackPointExtension>
            <ns3:hr>141</ns3:hr>
            <ns3:cad>94</ns3:cad>
          </ns3:TrackPointExtension>
        </extensions>
      </trkpt>
      <trkpt lat="51.5425365976989269256591796875" lon="-2.90166123770177364349365234375">
        <ele>8</ele>
        <time>2025-04-13T10:09:36.000Z</time>
        <extensions>
          <ns3:TrackPointExtension>
            <ns3:hr>142</ns3:hr>
            <ns3:cad>94</ns3:cad>
          </ns3:TrackPointExtension>
        </extensions>
      </trkpt>
      <trkpt lat="51.54257792048156261444091796875" lon="-2.90196533314883708953857421875">
        <ele>7.400000095367431640625</ele>
        <time>2025-04-13T10:09:41.000Z</time>
        <extensions>
          <ns3:TrackPointExtension>
            <ns3:hr>142</ns3:hr>
            <ns3:cad>92</ns3:cad>
          </ns3:TrackPointExtension>
        </extensions>
      </trkpt>
      <trkpt lat="51.5426308102905750274658203125" lon="-2.90224595926702022552490234375">
        <ele>7</ele>
        <time>2025-04-13T10:09:46.000Z</time>
        <extensions>
          <ns3:TrackPointExtension>
            <ns3:hr>143</ns3:hr>
            <ns3:cad>93</ns3:cad>
          </ns3:TrackPointExtension>
        </extensions>
      </trkpt>
      <trkpt lat="51.54269442893564701080322265625" lon="-2.90252440609037876129150390625">
        <ele>6.599999904632568359375</ele>
        <time>2025-04-13T10:09:51.000Z</time>
        <extensions>
          <ns3:TrackPointExtension>
            <ns3:hr>143</ns3:hr>
            <ns3:cad>93</ns3:cad>
          </ns3:TrackPointExtension>
        </extensions>
      </trkpt>
      <trkpt lat="51.542764417827129364013671875" lon="-2.90282011963427066802978515625">
        <ele>6</ele>
        <time>2025-04-13T10:09:57.000Z</time>
        <extensions>
          <ns3:TrackPointExtension>
            <ns3:hr>144</ns3:hr>
            <ns3:cad>94</ns3:cad>
          </ns3:TrackPointExtension>
        </extensions>
      </trkpt>
      <trkpt lat="51.54284127987921237945556640625" lon="-2.9031293280422687530517578125">
        <ele>6.80000019073486328125</ele>
        <time>2025-04-13T10:10:04.000Z</time>
        <extensions>
          <ns3:TrackPointExtension>
            <ns3:hr>144</ns3:hr>
            <ns3:cad>94</ns3:cad>
          </ns3:TrackPointExtension>
        </extensions>
      </trkpt>
      <trkpt lat="51.542892493307590484619140625" lon="-2.90341079235076904296875">
        <ele>6.80000019073486328125</ele>
        <time>2025-04-13T10:10:10.000Z</time>
        <extensions>
          <ns3:TrackPointExtension>
            <ns3:hr>143</ns3:hr>
            <ns3:cad>95</ns3:cad>
          </ns3:TrackPointExtension>
        </extensions>
      </trkpt>
      <trkpt lat="51.54291830956935882568359375" lon="-2.90371446870267391204833984375">
        <ele>8</ele>
        <time>2025-04-13T10:10:16.000Z</time>
        <extensions>
          <ns3:TrackPointExtension>
            <ns3:hr>144</ns3:hr>
            <ns3:cad>95</ns3:cad>
          </ns3:TrackPointExtension>
        </extensions>
      </trkpt>
      <trkpt lat="51.54290917329490184783935546875" lon="-2.90400263853371143341064453125">
        <ele>9</ele>
        <time>2025-04-13T10:10:21.000Z</time>
        <extensions>
          <ns3:TrackPointExtension>
            <ns3:hr>143</ns3:hr>
            <ns3:cad>95</ns3:cad>
          </ns3:TrackPointExtension>
        </extensions>
      </trkpt>
      <trkpt lat="51.54286860488355159759521484375" lon="-2.904309332370758056640625">
        <ele>9</ele>
        <time>2025-04-13T10:10:26.000Z</time>
        <extensions>
          <ns3:TrackPointExtension>
            <ns3:hr>142</ns3:hr>
            <ns3:cad>95</ns3:cad>
          </ns3:TrackPointExtension>
        </extensions>
      </trkpt>
      <trkpt lat="51.54280305840075016021728515625" lon="-2.904613427817821502685546875">
        <ele>8.80000019073486328125</ele>
        <time>2025-04-13T10:10:31.000Z</time>
        <extensions>
          <ns3:TrackPointExtension>
            <ns3:hr>142</ns3:hr>
            <ns3:cad>95</ns3:cad>
          </ns3:TrackPointExtension>
        </extensions>
      </trkpt>
      <trkpt lat="51.5427350811660289764404296875" lon="-2.9048952274024486541748046875">
        <ele>8.19999980926513671875</ele>
        <time>2025-04-13T10:10:36.000Z</time>
        <extensions>
          <ns3:TrackPointExtension>
            <ns3:hr>141</ns3:hr>
            <ns3:cad>95</ns3:cad>
          </ns3:TrackPointExtension>
        </extensions>
      </trkpt>
      <trkpt lat="51.54267146252095699310302734375" lon="-2.90517233312129974365234375">
        <ele>8.19999980926513671875</ele>
        <time>2025-04-13T10:10:41.000Z</time>
        <extensions>
          <ns3:TrackPointExtension>
            <ns3:hr>142</ns3:hr>
            <ns3:cad>94</ns3:cad>
          </ns3:TrackPointExtension>
        </extensions>
      </trkpt>
      <trkpt lat="51.54258462600409984588623046875" lon="-2.90549109689891338348388671875">
        <ele>8</ele>
        <time>2025-04-13T10:10:47.000Z</time>
        <extensions>
          <ns3:TrackPointExtension>
            <ns3:hr>144</ns3:hr>
            <ns3:cad>95</ns3:cad>
          </ns3:TrackPointExtension>
        </extensions>
      </trkpt>
      <trkpt lat="51.5425369329750537872314453125" lon="-2.9057724773883819580078125">
        <ele>7.599999904632568359375</ele>
        <time>2025-04-13T10:10:52.000Z</time>
        <extensions>
          <ns3:TrackPointExtension>
            <ns3:hr>143</ns3:hr>
            <ns3:cad>96</ns3:cad>
          </ns3:TrackPointExtension>
        </extensions>
      </trkpt>
      <trkpt lat="51.5424858033657073974609375" lon="-2.90610096417367458343505859375">
        <ele>7</ele>
        <time>2025-04-13T10:10:58.000Z</time>
        <extensions>
          <ns3:TrackPointExtension>
            <ns3:hr>144</ns3:hr>
            <ns3:cad>95</ns3:cad>
          </ns3:TrackPointExtension>
        </extensions>
      </trkpt>
      <trkpt lat="51.54244096018373966217041015625" lon="-2.9063811711966991424560546875">
        <ele>7</ele>
        <time>2025-04-13T10:11:03.000Z</time>
        <extensions>
          <ns3:TrackPointExtension>
            <ns3:hr>143</ns3:hr>
            <ns3:cad>96</ns3:cad>
          </ns3:TrackPointExtension>
        </extensions>
      </trkpt>
      <trkpt lat="51.54242402873933315277099609375" lon="-2.9066198877990245819091796875">
        <ele>7</ele>
        <time>2025-04-13T10:11:07.000Z</time>
        <extensions>
          <ns3:TrackPointExtension>
            <ns3:hr>143</ns3:hr>
            <ns3:cad>96</ns3:cad>
          </ns3:TrackPointExtension>
        </extensions>
      </trkpt>
      <trkpt lat="51.54239402152597904205322265625" lon="-2.906940914690494537353515625">
        <ele>7</ele>
        <time>2025-04-13T10:11:13.000Z</time>
        <extensions>
          <ns3:TrackPointExtension>
            <ns3:hr>143</ns3:hr>
            <ns3:cad>95</ns3:cad>
          </ns3:TrackPointExtension>
        </extensions>
      </trkpt>
      <trkpt lat="51.5423662774264812469482421875" lon="-2.9072522185742855072021484375">
        <ele>7.19999980926513671875</ele>
        <time>2025-04-13T10:11:19.000Z</time>
        <extensions>
          <ns3:TrackPointExtension>
            <ns3:hr>141</ns3:hr>
            <ns3:cad>94</ns3:cad>
          </ns3:TrackPointExtension>
        </extensions>
      </trkpt>
      <trkpt lat="51.54235026799142360687255859375" lon="-2.90757291018962860107421875">
        <ele>7.19999980926513671875</ele>
        <time>2025-04-13T10:11:25.000Z</time>
        <extensions>
          <ns3:TrackPointExtension>
            <ns3:hr>139</ns3:hr>
            <ns3:cad>93</ns3:cad>
          </ns3:TrackPointExtension>
        </extensions>
      </trkpt>
      <trkpt lat="51.5423280559480190277099609375" lon="-2.90788848884403705596923828125">
        <ele>7</ele>
        <time>2025-04-13T10:11:31.000Z</time>
        <extensions>
          <ns3:TrackPointExtension>
            <ns3:hr>140</ns3:hr>
            <ns3:cad>93</ns3:cad>
          </ns3:TrackPointExtension>
        </extensions>
      </trkpt>
      <trkpt lat="51.54231221415102481842041015625" lon="-2.9082184843719005584716796875">
        <ele>6.19999980926513671875</ele>
        <time>2025-04-13T10:11:37.000Z</time>
        <extensions>
          <ns3:TrackPointExtension>
            <ns3:hr>143</ns3:hr>
            <ns3:cad>93</ns3:cad>
          </ns3:TrackPointExtension>
        </extensions>
      </trkpt>
      <trkpt lat="51.54229025356471538543701171875" lon="-2.9085440374910831451416015625">
        <ele>6.599999904632568359375</ele>
        <time>2025-04-13T10:11:43.000Z</time>
        <extensions>
          <ns3:TrackPointExtension>
            <ns3:hr>142</ns3:hr>
            <ns3:cad>93</ns3:cad>
          </ns3:TrackPointExtension>
        </extensions>
      </trkpt>
      <trkpt lat="51.5422670356929302215576171875" lon="-2.908867411315441131591796875">
        <ele>7</ele>
        <time>2025-04-13T10:11:49.000Z</time>
        <extensions>
          <ns3:TrackPointExtension>
            <ns3:hr>142</ns3:hr>
            <ns3:cad>94</ns3:cad>
          </ns3:TrackPointExtension>
        </extensions>
      </trkpt>
      <trkpt lat="51.542241387069225311279296875" lon="-2.90918801911175251007080078125">
        <ele>7.599999904632568359375</ele>
        <time>2025-04-13T10:11:55.000Z</time>
        <extensions>
          <ns3:TrackPointExtension>
            <ns3:hr>141</ns3:hr>
            <ns3:cad>94</ns3:cad>
          </ns3:TrackPointExtension>
        </extensions>
      </trkpt>
      <trkpt lat="51.5422194264829158782958984375" lon="-2.90950410068035125732421875">
        <ele>8</ele>
        <time>2025-04-13T10:12:01.000Z</time>
        <extensions>
          <ns3:TrackPointExtension>
            <ns3:hr>142</ns3:hr>
            <ns3:cad>94</ns3:cad>
          </ns3:TrackPointExtension>
        </extensions>
      </trkpt>
      <trkpt lat="51.542195118963718414306640625" lon="-2.90970384143292903900146484375">
        <ele>8</ele>
        <time>2025-04-13T10:12:05.000Z</time>
        <extensions>
          <ns3:TrackPointExtension>
            <ns3:hr>145</ns3:hr>
            <ns3:cad>94</ns3:cad>
          </ns3:TrackPointExtension>
        </extensions>
      </trkpt>
      <trkpt lat="51.542179025709629058837890625" lon="-2.91001816280186176300048828125">
        <ele>8</ele>
        <time>2025-04-13T10:12:11.000Z</time>
        <extensions>
          <ns3:TrackPointExtension>
            <ns3:hr>144</ns3:hr>
            <ns3:cad>93</ns3:cad>
          </ns3:TrackPointExtension>
        </extensions>
      </trkpt>
      <trkpt lat="51.5421879105269908905029296875" lon="-2.9103474877774715423583984375">
        <ele>8</ele>
        <time>2025-04-13T10:12:17.000Z</time>
        <extensions>
          <ns3:TrackPointExtension>
            <ns3:hr>143</ns3:hr>
            <ns3:cad>95</ns3:cad>
          </ns3:TrackPointExtension>
        </extensions>
      </trkpt>
      <trkpt lat="51.542207188904285430908203125" lon="-2.9106666706502437591552734375">
        <ele>8</ele>
        <time>2025-04-13T10:12:23.000Z</time>
        <extensions>
          <ns3:TrackPointExtension>
            <ns3:hr>144</ns3:hr>
            <ns3:cad>95</ns3:cad>
          </ns3:TrackPointExtension>
        </extensions>
      </trkpt>
      <trkpt lat="51.5422713942825794219970703125" lon="-2.910981662571430206298828125">
        <ele>8</ele>
        <time>2025-04-13T10:12:29.000Z</time>
        <extensions>
          <ns3:TrackPointExtension>
            <ns3:hr>146</ns3:hr>
            <ns3:cad>96</ns3:cad>
          </ns3:TrackPointExtension>
        </extensions>
      </trkpt>
      <trkpt lat="51.54236736707389354705810546875" lon="-2.9112835787236690521240234375">
        <ele>8</ele>
        <time>2025-04-13T10:12:35.000Z</time>
        <extensions>
          <ns3:TrackPointExtension>
            <ns3:hr>145</ns3:hr>
            <ns3:cad>95</ns3:cad>
          </ns3:TrackPointExtension>
        </extensions>
      </trkpt>
      <trkpt lat="51.54245520941913127899169921875" lon="-2.9115365445613861083984375">
        <ele>8.6000003814697265625</ele>
        <time>2025-04-13T10:12:40.000Z</time>
        <extensions>
          <ns3:TrackPointExtension>
            <ns3:hr>145</ns3:hr>
            <ns3:cad>95</ns3:cad>
          </ns3:TrackPointExtension>
        </extensions>
      </trkpt>
      <trkpt lat="51.54254657216370105743408203125" lon="-2.91180233471095561981201171875">
        <ele>8</ele>
        <time>2025-04-13T10:12:45.000Z</time>
        <extensions>
          <ns3:TrackPointExtension>
            <ns3:hr>145</ns3:hr>
            <ns3:cad>96</ns3:cad>
          </ns3:TrackPointExtension>
        </extensions>
      </trkpt>
      <trkpt lat="51.54264983721077442169189453125" lon="-2.912099473178386688232421875">
        <ele>7.400000095367431640625</ele>
        <time>2025-04-13T10:12:51.000Z</time>
        <extensions>
          <ns3:TrackPointExtension>
            <ns3:hr>145</ns3:hr>
            <ns3:cad>95</ns3:cad>
          </ns3:TrackPointExtension>
        </extensions>
      </trkpt>
      <trkpt lat="51.54272653162479400634765625" lon="-2.91236861608922481536865234375">
        <ele>7.80000019073486328125</ele>
        <time>2025-04-13T10:12:56.000Z</time>
        <extensions>
          <ns3:TrackPointExtension>
            <ns3:hr>143</ns3:hr>
            <ns3:cad>96</ns3:cad>
          </ns3:TrackPointExtension>
        </extensions>
      </trkpt>
      <trkpt lat="51.542812027037143707275390625" lon="-2.912672124803066253662109375">
        <ele>8</ele>
        <time>2025-04-13T10:13:02.000Z</time>
        <extensions>
          <ns3:TrackPointExtension>
            <ns3:hr>146</ns3:hr>
            <ns3:cad>95</ns3:cad>
          </ns3:TrackPointExtension>
        </extensions>
      </trkpt>
      <trkpt lat="51.54290414415299892425537109375" lon="-2.91296775452792644500732421875">
        <ele>7.599999904632568359375</ele>
        <time>2025-04-13T10:13:08.000Z</time>
        <extensions>
          <ns3:TrackPointExtension>
            <ns3:hr>145</ns3:hr>
            <ns3:cad>94</ns3:cad>
          </ns3:TrackPointExtension>
        </extensions>
      </trkpt>
      <trkpt lat="51.54298804700374603271484375" lon="-2.913286350667476654052734375">
        <ele>7.19999980926513671875</ele>
        <time>2025-04-13T10:13:14.000Z</time>
        <extensions>
          <ns3:TrackPointExtension>
            <ns3:hr>146</ns3:hr>
            <ns3:cad>96</ns3:cad>
          </ns3:TrackPointExtension>
        </extensions>
      </trkpt>
      <trkpt lat="51.543074212968349456787109375" lon="-2.91359337978065013885498046875">
        <ele>7.599999904632568359375</ele>
        <time>2025-04-13T10:13:20.000Z</time>
        <extensions>
          <ns3:TrackPointExtension>
            <ns3:hr>145</ns3:hr>
            <ns3:cad>96</ns3:cad>
          </ns3:TrackPointExtension>
        </extensions>
      </trkpt>
      <trkpt lat="51.543156690895557403564453125" lon="-2.9138863272964954376220703125">
        <ele>7.599999904632568359375</ele>
        <time>2025-04-13T10:13:26.000Z</time>
        <extensions>
          <ns3:TrackPointExtension>
            <ns3:hr>144</ns3:hr>
            <ns3:cad>95</ns3:cad>
          </ns3:TrackPointExtension>
        </extensions>
      </trkpt>
      <trkpt lat="51.54315358959138393402099609375" lon="-2.91420173831284046173095703125">
        <ele>7.599999904632568359375</ele>
        <time>2025-04-13T10:13:32.000Z</time>
        <extensions>
          <ns3:TrackPointExtension>
            <ns3:hr>144</ns3:hr>
            <ns3:cad>94</ns3:cad>
          </ns3:TrackPointExtension>
        </extensions>
      </trkpt>
      <trkpt lat="51.5430673398077487945556640625" lon="-2.91451044380664825439453125">
        <ele>7.19999980926513671875</ele>
        <time>2025-04-13T10:13:38.000Z</time>
        <extensions>
          <ns3:TrackPointExtension>
            <ns3:hr>143</ns3:hr>
            <ns3:cad>96</ns3:cad>
          </ns3:TrackPointExtension>
        </extensions>
      </trkpt>
      <trkpt lat="51.54298829846084117889404296875" lon="-2.91477891616523265838623046875">
        <ele>7</ele>
        <time>2025-04-13T10:13:43.000Z</time>
        <extensions>
          <ns3:TrackPointExtension>
            <ns3:hr>143</ns3:hr>
            <ns3:cad>95</ns3:cad>
          </ns3:TrackPointExtension>
        </extensions>
      </trkpt>
      <trkpt lat="51.5428876318037509918212890625" lon="-2.91506976820528507232666015625">
        <ele>7</ele>
        <time>2025-04-13T10:13:49.000Z</time>
        <extensions>
          <ns3:TrackPointExtension>
            <ns3:hr>145</ns3:hr>
            <ns3:cad>93</ns3:cad>
          </ns3:TrackPointExtension>
        </extensions>
      </trkpt>
      <trkpt lat="51.54282049275934696197509765625" lon="-2.91532005183398723602294921875">
        <ele>7.80000019073486328125</ele>
        <time>2025-04-13T10:13:54.000Z</time>
        <extensions>
          <ns3:TrackPointExtension>
            <ns3:hr>142</ns3:hr>
            <ns3:cad>93</ns3:cad>
          </ns3:TrackPointExtension>
        </extensions>
      </trkpt>
      <trkpt lat="51.54274505563080310821533203125" lon="-2.9156081378459930419921875">
        <ele>7.400000095367431640625</ele>
        <time>2025-04-13T10:14:00.000Z</time>
        <extensions>
          <ns3:TrackPointExtension>
            <ns3:hr>142</ns3:hr>
            <ns3:cad>93</ns3:cad>
          </ns3:TrackPointExtension>
        </extensions>
      </trkpt>
      <trkpt lat="51.542702056467533111572265625" lon="-2.91591885499656200408935546875">
        <ele>7</ele>
        <time>2025-04-13T10:14:06.000Z</time>
        <extensions>
          <ns3:TrackPointExtension>
            <ns3:hr>144</ns3:hr>
            <ns3:cad>94</ns3:cad>
          </ns3:TrackPointExtension>
        </extensions>
      </trkpt>
      <trkpt lat="51.54266878031194210052490234375" lon="-2.91622797958552837371826171875">
        <ele>6.599999904632568359375</ele>
        <time>2025-04-13T10:14:12.000Z</time>
        <extensions>
          <ns3:TrackPointExtension>
            <ns3:hr>142</ns3:hr>
            <ns3:cad>94</ns3:cad>
          </ns3:TrackPointExtension>
        </extensions>
      </trkpt>
      <trkpt lat="51.54262754134833812713623046875" lon="-2.9165541194379329681396484375">
        <ele>6.400000095367431640625</ele>
        <time>2025-04-13T10:14:18.000Z</time>
        <extensions>
          <ns3:TrackPointExtension>
            <ns3:hr>141</ns3:hr>
            <ns3:cad>94</ns3:cad>
          </ns3:TrackPointExtension>
        </extensions>
      </trkpt>
      <trkpt lat="51.542613208293914794921875" lon="-2.91688562370836734771728515625">
        <ele>6.80000019073486328125</ele>
        <time>2025-04-13T10:14:24.000Z</time>
        <extensions>
          <ns3:TrackPointExtension>
            <ns3:hr>142</ns3:hr>
            <ns3:cad>94</ns3:cad>
          </ns3:TrackPointExtension>
        </extensions>
      </trkpt>
      <trkpt lat="51.54260558076202869415283203125" lon="-2.917164824903011322021484375">
        <ele>7.400000095367431640625</ele>
        <time>2025-04-13T10:14:29.000Z</time>
        <extensions>
          <ns3:TrackPointExtension>
            <ns3:hr>145</ns3:hr>
            <ns3:cad>95</ns3:cad>
          </ns3:TrackPointExtension>
        </extensions>
      </trkpt>
      <trkpt lat="51.5425935946404933929443359375" lon="-2.91738200001418590545654296875">
        <ele>7.19999980926513671875</ele>
        <time>2025-04-13T10:14:33.000Z</time>
        <extensions>
          <ns3:TrackPointExtension>
            <ns3:hr>148</ns3:hr>
            <ns3:cad>94</ns3:cad>
          </ns3:TrackPointExtension>
        </extensions>
      </trkpt>
      <trkpt lat="51.54258328489959239959716796875" lon="-2.9175441898405551910400390625">
        <ele>7.80000019073486328125</ele>
        <time>2025-04-13T10:14:36.000Z</time>
        <extensions>
          <ns3:TrackPointExtension>
            <ns3:hr>151</ns3:hr>
            <ns3:cad>93</ns3:cad>
          </ns3:TrackPointExtension>
        </extensions>
      </trkpt>
      <trkpt lat="51.54258035123348236083984375" lon="-2.91764594614505767822265625">
        <ele>7.80000019073486328125</ele>
        <time>2025-04-13T10:14:38.000Z</time>
        <extensions>
          <ns3:TrackPointExtension>
            <ns3:hr>154</ns3:hr>
            <ns3:cad>93</ns3:cad>
          </ns3:TrackPointExtension>
        </extensions>
      </trkpt>
      <trkpt lat="51.54257976450026035308837890625" lon="-2.9177000932395458221435546875">
        <ele>7.80000019073486328125</ele>
        <time>2025-04-13T10:14:39.000Z</time>
        <extensions>
          <ns3:TrackPointExtension>
            <ns3:hr>155</ns3:hr>
            <ns3:cad>94</ns3:cad>
          </ns3:TrackPointExtension>
        </extensions>
      </trkpt>
      <trkpt lat="51.54256400652229785919189453125" lon="-2.91804064996540546417236328125">
        <ele>8.3999996185302734375</ele>
        <time>2025-04-13T10:14:45.000Z</time>
        <extensions>
          <ns3:TrackPointExtension>
            <ns3:hr>152</ns3:hr>
            <ns3:cad>94</ns3:cad>
          </ns3:TrackPointExtension>
        </extensions>
      </trkpt>
      <trkpt lat="51.54253668151795864105224609375" lon="-2.918314822018146514892578125">
        <ele>9</ele>
        <time>2025-04-13T10:14:50.000Z</time>
        <extensions>
          <ns3:TrackPointExtension>
            <ns3:hr>149</ns3:hr>
            <ns3:cad>94</ns3:cad>
          </ns3:TrackPointExtension>
        </extensions>
      </trkpt>
      <trkpt lat="51.54250550083816051483154296875" lon="-2.9186358489096164703369140625">
        <ele>8.3999996185302734375</ele>
        <time>2025-04-13T10:14:56.000Z</time>
        <extensions>
          <ns3:TrackPointExtension>
            <ns3:hr>147</ns3:hr>
            <ns3:cad>93</ns3:cad>
          </ns3:TrackPointExtension>
        </extensions>
      </trkpt>
      <trkpt lat="51.54246635735034942626953125" lon="-2.91895025409758090972900390625">
        <ele>8</ele>
        <time>2025-04-13T10:15:02.000Z</time>
        <extensions>
          <ns3:TrackPointExtension>
            <ns3:hr>145</ns3:hr>
            <ns3:cad>94</ns3:cad>
          </ns3:TrackPointExtension>
        </extensions>
      </trkpt>
      <trkpt lat="51.54242235235869884490966796875" lon="-2.91922249831259250640869140625">
        <ele>8.3999996185302734375</ele>
        <time>2025-04-13T10:15:07.000Z</time>
        <extensions>
          <ns3:TrackPointExtension>
            <ns3:hr>148</ns3:hr>
            <ns3:cad>94</ns3:cad>
          </ns3:TrackPointExtension>
        </extensions>
      </trkpt>
      <trkpt lat="51.54235613532364368438720703125" lon="-2.91953028179705142974853515625">
        <ele>9</ele>
        <time>2025-04-13T10:15:13.000Z</time>
        <extensions>
          <ns3:TrackPointExtension>
            <ns3:hr>149</ns3:hr>
            <ns3:cad>94</ns3:cad>
          </ns3:TrackPointExtension>
        </extensions>
      </trkpt>
      <trkpt lat="51.54232378117740154266357421875" lon="-2.9198337905108928680419921875">
        <ele>9</ele>
        <time>2025-04-13T10:15:19.000Z</time>
        <extensions>
          <ns3:TrackPointExtension>
            <ns3:hr>149</ns3:hr>
            <ns3:cad>94</ns3:cad>
          </ns3:TrackPointExtension>
        </extensions>
      </trkpt>
      <trkpt lat="51.5423421375453472137451171875" lon="-2.9201633669435977935791015625">
        <ele>8.80000019073486328125</ele>
        <time>2025-04-13T10:15:25.000Z</time>
        <extensions>
          <ns3:TrackPointExtension>
            <ns3:hr>150</ns3:hr>
            <ns3:cad>94</ns3:cad>
          </ns3:TrackPointExtension>
        </extensions>
      </trkpt>
      <trkpt lat="51.54236786998808383941650390625" lon="-2.92046050541102886199951171875">
        <ele>7.80000019073486328125</ele>
        <time>2025-04-13T10:15:31.000Z</time>
        <extensions>
          <ns3:TrackPointExtension>
            <ns3:hr>147</ns3:hr>
            <ns3:cad>95</ns3:cad>
          </ns3:TrackPointExtension>
        </extensions>
      </trkpt>
      <trkpt lat="51.54240106232464313507080078125" lon="-2.92079611681401729583740234375">
        <ele>7.599999904632568359375</ele>
        <time>2025-04-13T10:15:37.000Z</time>
        <extensions>
          <ns3:TrackPointExtension>
            <ns3:hr>147</ns3:hr>
            <ns3:cad>95</ns3:cad>
          </ns3:TrackPointExtension>
        </extensions>
      </trkpt>
      <trkpt lat="51.54243282973766326904296875" lon="-2.92108579538762569427490234375">
        <ele>7</ele>
        <time>2025-04-13T10:15:42.000Z</time>
        <extensions>
          <ns3:TrackPointExtension>
            <ns3:hr>145</ns3:hr>
            <ns3:cad>95</ns3:cad>
          </ns3:TrackPointExtension>
        </extensions>
      </trkpt>
      <trkpt lat="51.54245051555335521697998046875" lon="-2.921385280787944793701171875">
        <ele>6.80000019073486328125</ele>
        <time>2025-04-13T10:15:47.000Z</time>
        <extensions>
          <ns3:TrackPointExtension>
            <ns3:hr>144</ns3:hr>
            <ns3:cad>96</ns3:cad>
          </ns3:TrackPointExtension>
        </extensions>
      </trkpt>
      <trkpt lat="51.54244716279208660125732421875" lon="-2.9216630570590496063232421875">
        <ele>7.19999980926513671875</ele>
        <time>2025-04-13T10:15:52.000Z</time>
        <extensions>
          <ns3:TrackPointExtension>
            <ns3:hr>141</ns3:hr>
            <ns3:cad>95</ns3:cad>
          </ns3:TrackPointExtension>
        </extensions>
      </trkpt>
      <trkpt lat="51.5424457378685474395751953125" lon="-2.9219877719879150390625">
        <ele>7.80000019073486328125</ele>
        <time>2025-04-13T10:15:57.000Z</time>
        <extensions>
          <ns3:TrackPointExtension>
            <ns3:hr>144</ns3:hr>
            <ns3:cad>95</ns3:cad>
          </ns3:TrackPointExtension>
        </extensions>
      </trkpt>
      <trkpt lat="51.54244800098240375518798828125" lon="-2.9222881793975830078125">
        <ele>8.3999996185302734375</ele>
        <time>2025-04-13T10:16:02.000Z</time>
        <extensions>
          <ns3:TrackPointExtension>
            <ns3:hr>146</ns3:hr>
            <ns3:cad>95</ns3:cad>
          </ns3:TrackPointExtension>
        </extensions>
      </trkpt>
      <trkpt lat="51.54243995435535907745361328125" lon="-2.92260694317519664764404296875">
        <ele>7.80000019073486328125</ele>
        <time>2025-04-13T10:16:08.000Z</time>
        <extensions>
          <ns3:TrackPointExtension>
            <ns3:hr>144</ns3:hr>
            <ns3:cad>95</ns3:cad>
          </ns3:TrackPointExtension>
        </extensions>
      </trkpt>
      <trkpt lat="51.5424410440027713775634765625" lon="-2.92293802835047245025634765625">
        <ele>6.80000019073486328125</ele>
        <time>2025-04-13T10:16:14.000Z</time>
        <extensions>
          <ns3:TrackPointExtension>
            <ns3:hr>144</ns3:hr>
            <ns3:cad>95</ns3:cad>
          </ns3:TrackPointExtension>
        </extensions>
      </trkpt>
      <trkpt lat="51.5424423851072788238525390625" lon="-2.9232656769454479217529296875">
        <ele>6</ele>
        <time>2025-04-13T10:16:20.000Z</time>
        <extensions>
          <ns3:TrackPointExtension>
            <ns3:hr>144</ns3:hr>
            <ns3:cad>96</ns3:cad>
          </ns3:TrackPointExtension>
        </extensions>
      </trkpt>
      <trkpt lat="51.5424611605703830718994140625" lon="-2.92360589839518070220947265625">
        <ele>5.599999904632568359375</ele>
        <time>2025-04-13T10:16:26.000Z</time>
        <extensions>
          <ns3:TrackPointExtension>
            <ns3:hr>143</ns3:hr>
            <ns3:cad>95</ns3:cad>
          </ns3:TrackPointExtension>
        </extensions>
      </trkpt>
      <trkpt lat="51.5424668602645397186279296875" lon="-2.92394670657813549041748046875">
        <ele>5.80000019073486328125</ele>
        <time>2025-04-13T10:16:32.000Z</time>
        <extensions>
          <ns3:TrackPointExtension>
            <ns3:hr>143</ns3:hr>
            <ns3:cad>95</ns3:cad>
          </ns3:TrackPointExtension>
        </extensions>
      </trkpt>
      <trkpt lat="51.54246359132230281829833984375" lon="-2.9241107404232025146484375">
        <ele>6</ele>
        <time>2025-04-13T10:16:35.000Z</time>
        <extensions>
          <ns3:TrackPointExtension>
            <ns3:hr>146</ns3:hr>
            <ns3:cad>95</ns3:cad>
          </ns3:TrackPointExtension>
        </extensions>
      </trkpt>
      <trkpt lat="51.542476750910282135009765625" lon="-2.92443822138011455535888671875">
        <ele>6.599999904632568359375</ele>
        <time>2025-04-13T10:16:41.000Z</time>
        <extensions>
          <ns3:TrackPointExtension>
            <ns3:hr>146</ns3:hr>
            <ns3:cad>94</ns3:cad>
          </ns3:TrackPointExtension>
        </extensions>
      </trkpt>
      <trkpt lat="51.54249862767755985260009765625" lon="-2.924772240221500396728515625">
        <ele>7.80000019073486328125</ele>
        <time>2025-04-13T10:16:47.000Z</time>
        <extensions>
          <ns3:TrackPointExtension>
            <ns3:hr>146</ns3:hr>
            <ns3:cad>95</ns3:cad>
          </ns3:TrackPointExtension>
        </extensions>
      </trkpt>
      <trkpt lat="51.54253416694700717926025390625" lon="-2.925109528005123138427734375">
        <ele>8</ele>
        <time>2025-04-13T10:16:53.000Z</time>
        <extensions>
          <ns3:TrackPointExtension>
            <ns3:hr>146</ns3:hr>
            <ns3:cad>94</ns3:cad>
          </ns3:TrackPointExtension>
        </extensions>
      </trkpt>
      <trkpt lat="51.54257322661578655242919921875" lon="-2.92540683411061763763427734375">
        <ele>9</ele>
        <time>2025-04-13T10:16:58.000Z</time>
        <extensions>
          <ns3:TrackPointExtension>
            <ns3:hr>145</ns3:hr>
            <ns3:cad>94</ns3:cad>
          </ns3:TrackPointExtension>
        </extensions>
      </trkpt>
      <trkpt lat="51.54260289855301380157470703125" lon="-2.925623171031475067138671875">
        <ele>9</ele>
        <time>2025-04-13T10:17:02.000Z</time>
        <extensions>
          <ns3:TrackPointExtension>
            <ns3:hr>148</ns3:hr>
            <ns3:cad>95</ns3:cad>
          </ns3:TrackPointExtension>
        </extensions>
      </trkpt>
      <trkpt lat="51.54263508506119251251220703125" lon="-2.92585358954966068267822265625">
        <ele>9</ele>
        <time>2025-04-13T10:17:06.000Z</time>
        <extensions>
          <ns3:TrackPointExtension>
            <ns3:hr>151</ns3:hr>
            <ns3:cad>95</ns3:cad>
          </ns3:TrackPointExtension>
        </extensions>
      </trkpt>
      <trkpt lat="51.54270851053297519683837890625" lon="-2.92616489343345165252685546875">
        <ele>8.80000019073486328125</ele>
        <time>2025-04-13T10:17:12.000Z</time>
        <extensions>
          <ns3:TrackPointExtension>
            <ns3:hr>148</ns3:hr>
            <ns3:cad>94</ns3:cad>
          </ns3:TrackPointExtension>
        </extensions>
      </trkpt>
      <trkpt lat="51.54280523769557476043701171875" lon="-2.92643562890589237213134765625">
        <ele>9</ele>
        <time>2025-04-13T10:17:18.000Z</time>
        <extensions>
          <ns3:TrackPointExtension>
            <ns3:hr>147</ns3:hr>
            <ns3:cad>94</ns3:cad>
          </ns3:TrackPointExtension>
        </extensions>
      </trkpt>
      <trkpt lat="51.54292744584381580352783203125" lon="-2.92671156115829944610595703125">
        <ele>9</ele>
        <time>2025-04-13T10:17:24.000Z</time>
        <extensions>
          <ns3:TrackPointExtension>
            <ns3:hr>147</ns3:hr>
            <ns3:cad>94</ns3:cad>
          </ns3:TrackPointExtension>
        </extensions>
      </trkpt>
      <trkpt lat="51.54304160736501216888427734375" lon="-2.9269651137292385101318359375">
        <ele>8.3999996185302734375</ele>
        <time>2025-04-13T10:17:29.000Z</time>
        <extensions>
          <ns3:TrackPointExtension>
            <ns3:hr>147</ns3:hr>
            <ns3:cad>94</ns3:cad>
          </ns3:TrackPointExtension>
        </extensions>
      </trkpt>
      <trkpt lat="51.54316213913261890411376953125" lon="-2.92723811231553554534912109375">
        <ele>7</ele>
        <time>2025-04-13T10:17:35.000Z</time>
        <extensions>
          <ns3:TrackPointExtension>
            <ns3:hr>147</ns3:hr>
            <ns3:cad>94</ns3:cad>
          </ns3:TrackPointExtension>
        </extensions>
      </trkpt>
      <trkpt lat="51.54326892457902431488037109375" lon="-2.92748286388814449310302734375">
        <ele>6.19999980926513671875</ele>
        <time>2025-04-13T10:17:41.000Z</time>
        <extensions>
          <ns3:TrackPointExtension>
            <ns3:hr>146</ns3:hr>
            <ns3:cad>93</ns3:cad>
          </ns3:TrackPointExtension>
        </extensions>
      </trkpt>
      <trkpt lat="51.5433100797235965728759765625" lon="-2.9275830276310443878173828125">
        <ele>6.19999980926513671875</ele>
        <time>2025-04-13T10:17:43.000Z</time>
        <extensions>
          <ns3:TrackPointExtension>
            <ns3:hr>149</ns3:hr>
            <ns3:cad>93</ns3:cad>
          </ns3:TrackPointExtension>
        </extensions>
      </trkpt>
      <trkpt lat="51.54334746301174163818359375" lon="-2.92766843922436237335205078125">
        <ele>6</ele>
        <time>2025-04-13T10:17:45.000Z</time>
        <extensions>
          <ns3:TrackPointExtension>
            <ns3:hr>152</ns3:hr>
            <ns3:cad>94</ns3:cad>
          </ns3:TrackPointExtension>
        </extensions>
      </trkpt>
      <trkpt lat="51.5434690006077289581298828125" lon="-2.927920818328857421875">
        <ele>6.599999904632568359375</ele>
        <time>2025-04-13T10:17:51.000Z</time>
        <extensions>
          <ns3:TrackPointExtension>
            <ns3:hr>153</ns3:hr>
            <ns3:cad>95</ns3:cad>
          </ns3:TrackPointExtension>
        </extensions>
      </trkpt>
      <trkpt lat="51.54357922263443470001220703125" lon="-2.92818711139261722564697265625">
        <ele>7</ele>
        <time>2025-04-13T10:17:57.000Z</time>
        <extensions>
          <ns3:TrackPointExtension>
            <ns3:hr>151</ns3:hr>
            <ns3:cad>94</ns3:cad>
          </ns3:TrackPointExtension>
        </extensions>
      </trkpt>
      <trkpt lat="51.54369690455496311187744140625" lon="-2.9284624569118022918701171875">
        <ele>8</ele>
        <time>2025-04-13T10:18:03.000Z</time>
        <extensions>
          <ns3:TrackPointExtension>
            <ns3:hr>152</ns3:hr>
            <ns3:cad>94</ns3:cad>
          </ns3:TrackPointExtension>
        </extensions>
      </trkpt>
      <trkpt lat="51.54377460479736328125" lon="-2.92865507304668426513671875">
        <ele>8.19999980926513671875</ele>
        <time>2025-04-13T10:18:07.000Z</time>
        <extensions>
          <ns3:TrackPointExtension>
            <ns3:hr>152</ns3:hr>
            <ns3:cad>94</ns3:cad>
          </ns3:TrackPointExtension>
        </extensions>
      </trkpt>
      <trkpt lat="51.54388415627181529998779296875" lon="-2.92893779464066028594970703125">
        <ele>9</ele>
        <time>2025-04-13T10:18:13.000Z</time>
        <extensions>
          <ns3:TrackPointExtension>
            <ns3:hr>153</ns3:hr>
            <ns3:cad>94</ns3:cad>
          </ns3:TrackPointExtension>
        </extensions>
      </trkpt>
      <trkpt lat="51.54399580322206020355224609375" lon="-2.9292275570333003997802734375">
        <ele>9</ele>
        <time>2025-04-13T10:18:19.000Z</time>
        <extensions>
          <ns3:TrackPointExtension>
            <ns3:hr>151</ns3:hr>
            <ns3:cad>94</ns3:cad>
          </ns3:TrackPointExtension>
        </extensions>
      </trkpt>
      <trkpt lat="51.54410946182906627655029296875" lon="-2.92950524948537349700927734375">
        <ele>8.80000019073486328125</ele>
        <time>2025-04-13T10:18:25.000Z</time>
        <extensions>
          <ns3:TrackPointExtension>
            <ns3:hr>150</ns3:hr>
            <ns3:cad>94</ns3:cad>
          </ns3:TrackPointExtension>
        </extensions>
      </trkpt>
      <trkpt lat="51.5442280657589435577392578125" lon="-2.92978302575647830963134765625">
        <ele>8.6000003814697265625</ele>
        <time>2025-04-13T10:18:31.000Z</time>
        <extensions>
          <ns3:TrackPointExtension>
            <ns3:hr>148</ns3:hr>
            <ns3:cad>94</ns3:cad>
          </ns3:TrackPointExtension>
        </extensions>
      </trkpt>
      <trkpt lat="51.54430509544909000396728515625" lon="-2.9300566948950290679931640625">
        <ele>8.6000003814697265625</ele>
        <time>2025-04-13T10:18:36.000Z</time>
        <extensions>
          <ns3:TrackPointExtension>
            <ns3:hr>146</ns3:hr>
            <ns3:cad>95</ns3:cad>
          </ns3:TrackPointExtension>
        </extensions>
      </trkpt>
      <trkpt lat="51.54438187368214130401611328125" lon="-2.93037495575845241546630859375">
        <ele>8.19999980926513671875</ele>
        <time>2025-04-13T10:18:42.000Z</time>
        <extensions>
          <ns3:TrackPointExtension>
            <ns3:hr>146</ns3:hr>
            <ns3:cad>95</ns3:cad>
          </ns3:TrackPointExtension>
        </extensions>
      </trkpt>
      <trkpt lat="51.54445965774357318878173828125" lon="-2.930683828890323638916015625">
        <ele>8</ele>
        <time>2025-04-13T10:18:48.000Z</time>
        <extensions>
          <ns3:TrackPointExtension>
            <ns3:hr>144</ns3:hr>
            <ns3:cad>93</ns3:cad>
          </ns3:TrackPointExtension>
        </extensions>
      </trkpt>
      <trkpt lat="51.54452352784574031829833984375" lon="-2.9309870861470699310302734375">
        <ele>7.80000019073486328125</ele>
        <time>2025-04-13T10:18:54.000Z</time>
        <extensions>
          <ns3:TrackPointExtension>
            <ns3:hr>145</ns3:hr>
            <ns3:cad>94</ns3:cad>
          </ns3:TrackPointExtension>
        </extensions>
      </trkpt>
      <trkpt lat="51.54459142126142978668212890625" lon="-2.93129277415573596954345703125">
        <ele>7.599999904632568359375</ele>
        <time>2025-04-13T10:19:00.000Z</time>
        <extensions>
          <ns3:TrackPointExtension>
            <ns3:hr>144</ns3:hr>
            <ns3:cad>94</ns3:cad>
          </ns3:TrackPointExtension>
        </extensions>
      </trkpt>
      <trkpt lat="51.5446441434323787689208984375" lon="-2.9315842129290103912353515625">
        <ele>8</ele>
        <time>2025-04-13T10:19:06.000Z</time>
        <extensions>
          <ns3:TrackPointExtension>
            <ns3:hr>144</ns3:hr>
            <ns3:cad>94</ns3:cad>
          </ns3:TrackPointExtension>
        </extensions>
      </trkpt>
      <trkpt lat="51.54472519643604755401611328125" lon="-2.93186576105654239654541015625">
        <ele>7</ele>
        <time>2025-04-13T10:19:12.000Z</time>
        <extensions>
          <ns3:TrackPointExtension>
            <ns3:hr>143</ns3:hr>
            <ns3:cad>94</ns3:cad>
          </ns3:TrackPointExtension>
        </extensions>
      </trkpt>
      <trkpt lat="51.54481236822903156280517578125" lon="-2.93214018456637859344482421875">
        <ele>6.400000095367431640625</ele>
        <time>2025-04-13T10:19:18.000Z</time>
        <extensions>
          <ns3:TrackPointExtension>
            <ns3:hr>144</ns3:hr>
            <ns3:cad>93</ns3:cad>
          </ns3:TrackPointExtension>
        </extensions>
      </trkpt>
      <trkpt lat="51.54490406624972820281982421875" lon="-2.93241980485618114471435546875">
        <ele>5.400000095367431640625</ele>
        <time>2025-04-13T10:19:24.000Z</time>
        <extensions>
          <ns3:TrackPointExtension>
            <ns3:hr>145</ns3:hr>
            <ns3:cad>92</ns3:cad>
          </ns3:TrackPointExtension>
        </extensions>
      </trkpt>
      <trkpt lat="51.544990651309490203857421875" lon="-2.9326785542070865631103515625">
        <ele>4.19999980926513671875</ele>
        <time>2025-04-13T10:19:29.000Z</time>
        <extensions>
          <ns3:TrackPointExtension>
            <ns3:hr>144</ns3:hr>
            <ns3:cad>93</ns3:cad>
          </ns3:TrackPointExtension>
        </extensions>
      </trkpt>
      <trkpt lat="51.545087881386280059814453125" lon="-2.9329776205122470855712890625">
        <ele>5.19999980926513671875</ele>
        <time>2025-04-13T10:19:35.000Z</time>
        <extensions>
          <ns3:TrackPointExtension>
            <ns3:hr>143</ns3:hr>
            <ns3:cad>94</ns3:cad>
          </ns3:TrackPointExtension>
        </extensions>
      </trkpt>
      <trkpt lat="51.545179076492786407470703125" lon="-2.93324860744178295135498046875">
        <ele>6.19999980926513671875</ele>
        <time>2025-04-13T10:19:40.000Z</time>
        <extensions>
          <ns3:TrackPointExtension>
            <ns3:hr>144</ns3:hr>
            <ns3:cad>94</ns3:cad>
          </ns3:TrackPointExtension>
        </extensions>
      </trkpt>
      <trkpt lat="51.5452697686851024627685546875" lon="-2.93355412781238555908203125">
        <ele>6.400000095367431640625</ele>
        <time>2025-04-13T10:19:46.000Z</time>
        <extensions>
          <ns3:TrackPointExtension>
            <ns3:hr>144</ns3:hr>
            <ns3:cad>93</ns3:cad>
          </ns3:TrackPointExtension>
        </extensions>
      </trkpt>
      <trkpt lat="51.5453477203845977783203125" lon="-2.93384355492889881134033203125">
        <ele>7.400000095367431640625</ele>
        <time>2025-04-13T10:19:52.000Z</time>
        <extensions>
          <ns3:TrackPointExtension>
            <ns3:hr>143</ns3:hr>
            <ns3:cad>93</ns3:cad>
          </ns3:TrackPointExtension>
        </extensions>
      </trkpt>
      <trkpt lat="51.5454330481588840484619140625" lon="-2.93414630927145481109619140625">
        <ele>7.400000095367431640625</ele>
        <time>2025-04-13T10:19:58.000Z</time>
        <extensions>
          <ns3:TrackPointExtension>
            <ns3:hr>145</ns3:hr>
            <ns3:cad>93</ns3:cad>
          </ns3:TrackPointExtension>
        </extensions>
      </trkpt>
      <trkpt lat="51.54550270177423954010009765625" lon="-2.93444202281534671783447265625">
        <ele>7.19999980926513671875</ele>
        <time>2025-04-13T10:20:04.000Z</time>
        <extensions>
          <ns3:TrackPointExtension>
            <ns3:hr>146</ns3:hr>
            <ns3:cad>93</ns3:cad>
          </ns3:TrackPointExtension>
        </extensions>
      </trkpt>
      <trkpt lat="51.54556992463767528533935546875" lon="-2.93475450016558170318603515625">
        <ele>7.599999904632568359375</ele>
        <time>2025-04-13T10:20:10.000Z</time>
        <extensions>
          <ns3:TrackPointExtension>
            <ns3:hr>145</ns3:hr>
            <ns3:cad>93</ns3:cad>
          </ns3:TrackPointExtension>
        </extensions>
      </trkpt>
      <trkpt lat="51.54562574811279773712158203125" lon="-2.93500897474586963653564453125">
        <ele>8</ele>
        <time>2025-04-13T10:20:15.000Z</time>
        <extensions>
          <ns3:TrackPointExtension>
            <ns3:hr>142</ns3:hr>
            <ns3:cad>93</ns3:cad>
          </ns3:TrackPointExtension>
        </extensions>
      </trkpt>
      <trkpt lat="51.545704789459705352783203125" lon="-2.9353175126016139984130859375">
        <ele>8</ele>
        <time>2025-04-13T10:20:21.000Z</time>
        <extensions>
          <ns3:TrackPointExtension>
            <ns3:hr>144</ns3:hr>
            <ns3:cad>92</ns3:cad>
          </ns3:TrackPointExtension>
        </extensions>
      </trkpt>
      <trkpt lat="51.54574560932815074920654296875" lon="-2.93547836132347583770751953125">
        <ele>8</ele>
        <time>2025-04-13T10:20:24.000Z</time>
        <extensions>
          <ns3:TrackPointExtension>
            <ns3:hr>147</ns3:hr>
            <ns3:cad>93</ns3:cad>
          </ns3:TrackPointExtension>
        </extensions>
      </trkpt>
      <trkpt lat="51.54584459960460662841796875" lon="-2.9357837140560150146484375">
        <ele>7</ele>
        <time>2025-04-13T10:20:30.000Z</time>
        <extensions>
          <ns3:TrackPointExtension>
            <ns3:hr>148</ns3:hr>
            <ns3:cad>93</ns3:cad>
          </ns3:TrackPointExtension>
        </extensions>
      </trkpt>
      <trkpt lat="51.54594392515718936920166015625" lon="-2.936066687107086181640625">
        <ele>6.19999980926513671875</ele>
        <time>2025-04-13T10:20:36.000Z</time>
        <extensions>
          <ns3:TrackPointExtension>
            <ns3:hr>144</ns3:hr>
            <ns3:cad>92</ns3:cad>
          </ns3:TrackPointExtension>
        </extensions>
      </trkpt>
      <trkpt lat="51.54598097316920757293701171875" lon="-2.93615645729005336761474609375">
        <ele>6</ele>
        <time>2025-04-13T10:20:38.000Z</time>
        <extensions>
          <ns3:TrackPointExtension>
            <ns3:hr>147</ns3:hr>
            <ns3:cad>92</ns3:cad>
          </ns3:TrackPointExtension>
        </extensions>
      </trkpt>
      <trkpt lat="51.54600041918456554412841796875" lon="-2.93619886972010135650634765625">
        <ele>6</ele>
        <time>2025-04-13T10:20:39.000Z</time>
        <extensions>
          <ns3:TrackPointExtension>
            <ns3:hr>152</ns3:hr>
            <ns3:cad>92</ns3:cad>
          </ns3:TrackPointExtension>
        </extensions>
      </trkpt>
      <trkpt lat="51.54602020047605037689208984375" lon="-2.9362418688833713531494140625">
        <ele>6</ele>
        <time>2025-04-13T10:20:40.000Z</time>
        <extensions>
          <ns3:TrackPointExtension>
            <ns3:hr>158</ns3:hr>
            <ns3:cad>92</ns3:cad>
          </ns3:TrackPointExtension>
        </extensions>
      </trkpt>
      <trkpt lat="51.54604014940559864044189453125" lon="-2.93628620915114879608154296875">
        <ele>6</ele>
        <time>2025-04-13T10:20:41.000Z</time>
        <extensions>
          <ns3:TrackPointExtension>
            <ns3:hr>163</ns3:hr>
            <ns3:cad>92</ns3:cad>
          </ns3:TrackPointExtension>
        </extensions>
      </trkpt>
      <trkpt lat="51.546058170497417449951171875" lon="-2.93633013032376766204833984375">
        <ele>6</ele>
        <time>2025-04-13T10:20:42.000Z</time>
        <extensions>
          <ns3:TrackPointExtension>
            <ns3:hr>168</ns3:hr>
            <ns3:cad>92</ns3:cad>
          </ns3:TrackPointExtension>
        </extensions>
      </trkpt>
      <trkpt lat="51.54607652686536312103271484375" lon="-2.93637673370540142059326171875">
        <ele>6</ele>
        <time>2025-04-13T10:20:43.000Z</time>
        <extensions>
          <ns3:TrackPointExtension>
            <ns3:hr>172</ns3:hr>
            <ns3:cad>93</ns3:cad>
          </ns3:TrackPointExtension>
        </extensions>
      </trkpt>
      <trkpt lat="51.54609379358589649200439453125" lon="-2.93642342090606689453125">
        <ele>6</ele>
        <time>2025-04-13T10:20:44.000Z</time>
        <extensions>
          <ns3:TrackPointExtension>
            <ns3:hr>177</ns3:hr>
            <ns3:cad>93</ns3:cad>
          </ns3:TrackPointExtension>
        </extensions>
      </trkpt>
      <trkpt lat="51.54611256904900074005126953125" lon="-2.936469018459320068359375">
        <ele>6</ele>
        <time>2025-04-13T10:20:45.000Z</time>
        <extensions>
          <ns3:TrackPointExtension>
            <ns3:hr>182</ns3:hr>
            <ns3:cad>93</ns3:cad>
          </ns3:TrackPointExtension>
        </extensions>
      </trkpt>
      <trkpt lat="51.546131260693073272705078125" lon="-2.93651335872709751129150390625">
        <ele>6</ele>
        <time>2025-04-13T10:20:46.000Z</time>
        <extensions>
          <ns3:TrackPointExtension>
            <ns3:hr>185</ns3:hr>
            <ns3:cad>93</ns3:cad>
          </ns3:TrackPointExtension>
        </extensions>
      </trkpt>
      <trkpt lat="51.546151377260684967041015625" lon="-2.93655459769070148468017578125">
        <ele>6</ele>
        <time>2025-04-13T10:20:47.000Z</time>
        <extensions>
          <ns3:TrackPointExtension>
            <ns3:hr>185</ns3:hr>
            <ns3:cad>93</ns3:cad>
          </ns3:TrackPointExtension>
        </extensions>
      </trkpt>
      <trkpt lat="51.5462812967598438262939453125" lon="-2.936786524951457977294921875">
        <ele>6.599999904632568359375</ele>
        <time>2025-04-13T10:20:53.000Z</time>
        <extensions>
          <ns3:TrackPointExtension>
            <ns3:hr>186</ns3:hr>
            <ns3:cad>93</ns3:cad>
          </ns3:TrackPointExtension>
        </extensions>
      </trkpt>
      <trkpt lat="51.54644650407135486602783203125" lon="-2.93699816800653934478759765625">
        <ele>8</ele>
        <time>2025-04-13T10:20:59.000Z</time>
        <extensions>
          <ns3:TrackPointExtension>
            <ns3:hr>187</ns3:hr>
            <ns3:cad>94</ns3:cad>
          </ns3:TrackPointExtension>
        </extensions>
      </trkpt>
      <trkpt lat="51.5466071851551532745361328125" lon="-2.9372215457260608673095703125">
        <ele>8</ele>
        <time>2025-04-13T10:21:05.000Z</time>
        <extensions>
          <ns3:TrackPointExtension>
            <ns3:hr>187</ns3:hr>
            <ns3:cad>94</ns3:cad>
          </ns3:TrackPointExtension>
        </extensions>
      </trkpt>
      <trkpt lat="51.546726040542125701904296875" lon="-2.93749001808464527130126953125">
        <ele>8</ele>
        <time>2025-04-13T10:21:11.000Z</time>
        <extensions>
          <ns3:TrackPointExtension>
            <ns3:hr>185</ns3:hr>
            <ns3:cad>94</ns3:cad>
          </ns3:TrackPointExtension>
        </extensions>
      </trkpt>
      <trkpt lat="51.54681832529604434967041015625" lon="-2.937795035541057586669921875">
        <ele>8</ele>
        <time>2025-04-13T10:21:17.000Z</time>
        <extensions>
          <ns3:TrackPointExtension>
            <ns3:hr>183</ns3:hr>
            <ns3:cad>94</ns3:cad>
          </ns3:TrackPointExtension>
        </extensions>
      </trkpt>
      <trkpt lat="51.546897031366825103759765625" lon="-2.93808798305690288543701171875">
        <ele>7.400000095367431640625</ele>
        <time>2025-04-13T10:21:23.000Z</time>
        <extensions>
          <ns3:TrackPointExtension>
            <ns3:hr>181</ns3:hr>
            <ns3:cad>93</ns3:cad>
          </ns3:TrackPointExtension>
        </extensions>
      </trkpt>
      <trkpt lat="51.54703055508434772491455078125" lon="-2.93833038769662380218505859375">
        <ele>7</ele>
        <time>2025-04-13T10:21:29.000Z</time>
        <extensions>
          <ns3:TrackPointExtension>
            <ns3:hr>181</ns3:hr>
            <ns3:cad>93</ns3:cad>
          </ns3:TrackPointExtension>
        </extensions>
      </trkpt>
      <trkpt lat="51.54720121063292026519775390625" lon="-2.9385007917881011962890625">
        <ele>8</ele>
        <time>2025-04-13T10:21:35.000Z</time>
        <extensions>
          <ns3:TrackPointExtension>
            <ns3:hr>180</ns3:hr>
            <ns3:cad>92</ns3:cad>
          </ns3:TrackPointExtension>
        </extensions>
      </trkpt>
      <trkpt lat="51.5472934953868389129638671875" lon="-2.93858687393367290496826171875">
        <ele>8.6000003814697265625</ele>
        <time>2025-04-13T10:21:38.000Z</time>
        <extensions>
          <ns3:TrackPointExtension>
            <ns3:hr>178</ns3:hr>
            <ns3:cad>94</ns3:cad>
          </ns3:TrackPointExtension>
        </extensions>
      </trkpt>
      <trkpt lat="51.54738578014075756072998046875" lon="-2.93866935186088085174560546875">
        <ele>9.3999996185302734375</ele>
        <time>2025-04-13T10:21:41.000Z</time>
        <extensions>
          <ns3:TrackPointExtension>
            <ns3:hr>175</ns3:hr>
            <ns3:cad>94</ns3:cad>
          </ns3:TrackPointExtension>
        </extensions>
      </trkpt>
      <trkpt lat="51.54751335270702838897705078125" lon="-2.938766665756702423095703125">
        <ele>10.19999980926513671875</ele>
        <time>2025-04-13T10:21:45.000Z</time>
        <extensions>
          <ns3:TrackPointExtension>
            <ns3:hr>172</ns3:hr>
            <ns3:cad>93</ns3:cad>
          </ns3:TrackPointExtension>
        </extensions>
      </trkpt>
      <trkpt lat="51.54770999215543270111083984375" lon="-2.938903458416461944580078125">
        <ele>11.80000019073486328125</ele>
        <time>2025-04-13T10:21:51.000Z</time>
        <extensions>
          <ns3:TrackPointExtension>
            <ns3:hr>170</ns3:hr>
            <ns3:cad>93</ns3:cad>
          </ns3:TrackPointExtension>
        </extensions>
      </trkpt>
      <trkpt lat="51.5478829108178615570068359375" lon="-2.9390452802181243896484375">
        <ele>11.6000003814697265625</ele>
        <time>2025-04-13T10:21:57.000Z</time>
        <extensions>
          <ns3:TrackPointExtension>
            <ns3:hr>169</ns3:hr>
            <ns3:cad>92</ns3:cad>
          </ns3:TrackPointExtension>
        </extensions>
      </trkpt>
      <trkpt lat="51.54803520999848842620849609375" lon="-2.93914309702813625335693359375">
        <ele>11.19999980926513671875</ele>
        <time>2025-04-13T10:22:02.000Z</time>
        <extensions>
          <ns3:TrackPointExtension>
            <ns3:hr>172</ns3:hr>
            <ns3:cad>92</ns3:cad>
          </ns3:TrackPointExtension>
        </extensions>
      </trkpt>
      <trkpt lat="51.54822640120983123779296875" lon="-2.939245440065860748291015625">
        <ele>10</ele>
        <time>2025-04-13T10:22:08.000Z</time>
        <extensions>
          <ns3:TrackPointExtension>
            <ns3:hr>175</ns3:hr>
            <ns3:cad>93</ns3:cad>
          </ns3:TrackPointExtension>
        </extensions>
      </trkpt>
      <trkpt lat="51.548354811966419219970703125" lon="-2.93933160603046417236328125">
        <ele>9</ele>
        <time>2025-04-13T10:22:12.000Z</time>
        <extensions>
          <ns3:TrackPointExtension>
            <ns3:hr>178</ns3:hr>
            <ns3:cad>93</ns3:cad>
          </ns3:TrackPointExtension>
        </extensions>
      </trkpt>
      <trkpt lat="51.54854348860681056976318359375" lon="-2.93945540674030780792236328125">
        <ele>9.3999996185302734375</ele>
        <time>2025-04-13T10:22:18.000Z</time>
        <extensions>
          <ns3:TrackPointExtension>
            <ns3:hr>181</ns3:hr>
            <ns3:cad>93</ns3:cad>
          </ns3:TrackPointExtension>
        </extensions>
      </trkpt>
      <trkpt lat="51.54872923158109188079833984375" lon="-2.93960292823612689971923828125">
        <ele>10.19999980926513671875</ele>
        <time>2025-04-13T10:22:24.000Z</time>
        <extensions>
          <ns3:TrackPointExtension>
            <ns3:hr>183</ns3:hr>
            <ns3:cad>94</ns3:cad>
          </ns3:TrackPointExtension>
        </extensions>
      </trkpt>
      <trkpt lat="51.548924110829830169677734375" lon="-2.93974240310490131378173828125">
        <ele>12</ele>
        <time>2025-04-13T10:22:30.000Z</time>
        <extensions>
          <ns3:TrackPointExtension>
            <ns3:hr>182</ns3:hr>
            <ns3:cad>94</ns3:cad>
          </ns3:TrackPointExtension>
        </extensions>
      </trkpt>
      <trkpt lat="51.54901958070695400238037109375" lon="-2.93980845250189304351806640625">
        <ele>12.19999980926513671875</ele>
        <time>2025-04-13T10:22:33.000Z</time>
        <extensions>
          <ns3:TrackPointExtension>
            <ns3:hr>178</ns3:hr>
            <ns3:cad>94</ns3:cad>
          </ns3:TrackPointExtension>
        </extensions>
      </trkpt>
      <trkpt lat="51.5491083450615406036376953125" lon="-2.939876429736614227294921875">
        <ele>12</ele>
        <time>2025-04-13T10:22:36.000Z</time>
        <extensions>
          <ns3:TrackPointExtension>
            <ns3:hr>175</ns3:hr>
            <ns3:cad>93</ns3:cad>
          </ns3:TrackPointExtension>
        </extensions>
      </trkpt>
      <trkpt lat="51.5492994524538516998291015625" lon="-2.940016575157642364501953125">
        <ele>11</ele>
        <time>2025-04-13T10:22:42.000Z</time>
        <extensions>
          <ns3:TrackPointExtension>
            <ns3:hr>173</ns3:hr>
            <ns3:cad>93</ns3:cad>
          </ns3:TrackPointExtension>
        </extensions>
      </trkpt>
      <trkpt lat="51.54949910938739776611328125" lon="-2.94011271558701992034912109375">
        <ele>9.80000019073486328125</ele>
        <time>2025-04-13T10:22:48.000Z</time>
        <extensions>
          <ns3:TrackPointExtension>
            <ns3:hr>174</ns3:hr>
            <ns3:cad>93</ns3:cad>
          </ns3:TrackPointExtension>
        </extensions>
      </trkpt>
      <trkpt lat="51.54969482682645320892333984375" lon="-2.94020374305546283721923828125">
        <ele>8</ele>
        <time>2025-04-13T10:22:54.000Z</time>
        <extensions>
          <ns3:TrackPointExtension>
            <ns3:hr>175</ns3:hr>
            <ns3:cad>94</ns3:cad>
          </ns3:TrackPointExtension>
        </extensions>
      </trkpt>
      <trkpt lat="51.549820639193058013916015625" lon="-2.9402656853199005126953125">
        <ele>7.599999904632568359375</ele>
        <time>2025-04-13T10:22:58.000Z</time>
        <extensions>
          <ns3:TrackPointExtension>
            <ns3:hr>179</ns3:hr>
            <ns3:cad>93</ns3:cad>
          </ns3:TrackPointExtension>
        </extensions>
      </trkpt>
      <trkpt lat="51.54985358007252216339111328125" lon="-2.94028404168784618377685546875">
        <ele>7.599999904632568359375</ele>
        <time>2025-04-13T10:22:59.000Z</time>
        <extensions>
          <ns3:TrackPointExtension>
            <ns3:hr>185</ns3:hr>
            <ns3:cad>93</ns3:cad>
          </ns3:TrackPointExtension>
        </extensions>
      </trkpt>
      <trkpt lat="51.54988668859004974365234375" lon="-2.94030114077031612396240234375">
        <ele>7.19999980926513671875</ele>
        <time>2025-04-13T10:23:00.000Z</time>
        <extensions>
          <ns3:TrackPointExtension>
            <ns3:hr>183</ns3:hr>
            <ns3:cad>93</ns3:cad>
          </ns3:TrackPointExtension>
        </extensions>
      </trkpt>
      <trkpt lat="51.5499866008758544921875" lon="-2.94036283157765865325927734375">
        <ele>6.400000095367431640625</ele>
        <time>2025-04-13T10:23:03.000Z</time>
        <extensions>
          <ns3:TrackPointExtension>
            <ns3:hr>179</ns3:hr>
            <ns3:cad>93</ns3:cad>
          </ns3:TrackPointExtension>
        </extensions>
      </trkpt>
      <trkpt lat="51.5500782988965511322021484375" lon="-2.94043005444109439849853515625">
        <ele>6</ele>
        <time>2025-04-13T10:23:06.000Z</time>
        <extensions>
          <ns3:TrackPointExtension>
            <ns3:hr>176</ns3:hr>
            <ns3:cad>94</ns3:cad>
          </ns3:TrackPointExtension>
        </extensions>
      </trkpt>
      <trkpt lat="51.55017360113561153411865234375" lon="-2.94050331227481365203857421875">
        <ele>6</ele>
        <time>2025-04-13T10:23:09.000Z</time>
        <extensions>
          <ns3:TrackPointExtension>
            <ns3:hr>173</ns3:hr>
            <ns3:cad>93</ns3:cad>
          </ns3:TrackPointExtension>
        </extensions>
      </trkpt>
      <trkpt lat="51.55029706656932830810546875" lon="-2.940593250095844268798828125">
        <ele>6</ele>
        <time>2025-04-13T10:23:13.000Z</time>
        <extensions>
          <ns3:TrackPointExtension>
            <ns3:hr>170</ns3:hr>
            <ns3:cad>93</ns3:cad>
          </ns3:TrackPointExtension>
        </extensions>
      </trkpt>
      <trkpt lat="51.5504843182861804962158203125" lon="-2.94072124175727367401123046875">
        <ele>7.400000095367431640625</ele>
        <time>2025-04-13T10:23:19.000Z</time>
        <extensions>
          <ns3:TrackPointExtension>
            <ns3:hr>168</ns3:hr>
            <ns3:cad>94</ns3:cad>
          </ns3:TrackPointExtension>
        </extensions>
      </trkpt>
      <trkpt lat="51.55067148618400096893310546875" lon="-2.94084009714424610137939453125">
        <ele>8.3999996185302734375</ele>
        <time>2025-04-13T10:23:25.000Z</time>
        <extensions>
          <ns3:TrackPointExtension>
            <ns3:hr>165</ns3:hr>
            <ns3:cad>94</ns3:cad>
          </ns3:TrackPointExtension>
        </extensions>
      </trkpt>
      <trkpt lat="51.55085722915828227996826171875" lon="-2.94098393060266971588134765625">
        <ele>9</ele>
        <time>2025-04-13T10:23:31.000Z</time>
        <extensions>
          <ns3:TrackPointExtension>
            <ns3:hr>164</ns3:hr>
            <ns3:cad>95</ns3:cad>
          </ns3:TrackPointExtension>
        </extensions>
      </trkpt>
      <trkpt lat="51.551046073436737060546875" lon="-2.941115610301494598388671875">
        <ele>8.19999980926513671875</ele>
        <time>2025-04-13T10:23:37.000Z</time>
        <extensions>
          <ns3:TrackPointExtension>
            <ns3:hr>166</ns3:hr>
            <ns3:cad>94</ns3:cad>
          </ns3:TrackPointExtension>
        </extensions>
      </trkpt>
      <trkpt lat="51.551244892179965972900390625" lon="-2.94124326668679714202880859375">
        <ele>7.599999904632568359375</ele>
        <time>2025-04-13T10:23:43.000Z</time>
        <extensions>
          <ns3:TrackPointExtension>
            <ns3:hr>166</ns3:hr>
            <ns3:cad>94</ns3:cad>
          </ns3:TrackPointExtension>
        </extensions>
      </trkpt>
      <trkpt lat="51.55141244642436504364013671875" lon="-2.94129188172519207000732421875">
        <ele>7</ele>
        <time>2025-04-13T10:23:48.000Z</time>
        <extensions>
          <ns3:TrackPointExtension>
            <ns3:hr>163</ns3:hr>
            <ns3:cad>93</ns3:cad>
          </ns3:TrackPointExtension>
        </extensions>
      </trkpt>
      <trkpt lat="51.5516054816544055938720703125" lon="-2.94131183065474033355712890625">
        <ele>6.19999980926513671875</ele>
        <time>2025-04-13T10:23:54.000Z</time>
        <extensions>
          <ns3:TrackPointExtension>
            <ns3:hr>162</ns3:hr>
            <ns3:cad>93</ns3:cad>
          </ns3:TrackPointExtension>
        </extensions>
      </trkpt>
      <trkpt lat="51.5517154522240161895751953125" lon="-2.94107914902269840240478515625">
        <ele>6</ele>
        <time>2025-04-13T10:23:59.000Z</time>
        <extensions>
          <ns3:TrackPointExtension>
            <ns3:hr>163</ns3:hr>
            <ns3:cad>93</ns3:cad>
          </ns3:TrackPointExtension>
        </extensions>
      </trkpt>
      <trkpt lat="51.5518133528530597686767578125" lon="-2.940778993070125579833984375">
        <ele>6.599999904632568359375</ele>
        <time>2025-04-13T10:24:05.000Z</time>
        <extensions>
          <ns3:TrackPointExtension>
            <ns3:hr>164</ns3:hr>
            <ns3:cad>93</ns3:cad>
          </ns3:TrackPointExtension>
        </extensions>
      </trkpt>
      <trkpt lat="51.55189968645572662353515625" lon="-2.94057187624275684356689453125">
        <ele>6.599999904632568359375</ele>
        <time>2025-04-13T10:24:10.000Z</time>
        <extensions>
          <ns3:TrackPointExtension>
            <ns3:hr>161</ns3:hr>
            <ns3:cad>93</ns3:cad>
          </ns3:TrackPointExtension>
        </extensions>
      </trkpt>
      <trkpt lat="51.55199146829545497894287109375" lon="-2.9403340816497802734375">
        <ele>6</ele>
        <time>2025-04-13T10:24:15.000Z</time>
        <extensions>
          <ns3:TrackPointExtension>
            <ns3:hr>158</ns3:hr>
            <ns3:cad>94</ns3:cad>
          </ns3:TrackPointExtension>
        </extensions>
      </trkpt>
      <trkpt lat="51.55205659568309783935546875" lon="-2.94006376527249813079833984375">
        <ele>6</ele>
        <time>2025-04-13T10:24:20.000Z</time>
        <extensions>
          <ns3:TrackPointExtension>
            <ns3:hr>159</ns3:hr>
            <ns3:cad>93</ns3:cad>
          </ns3:TrackPointExtension>
        </extensions>
      </trkpt>
      <trkpt lat="51.55217620544135570526123046875" lon="-2.93977551162242889404296875">
        <ele>6</ele>
        <time>2025-04-13T10:24:26.000Z</time>
        <extensions>
          <ns3:TrackPointExtension>
            <ns3:hr>160</ns3:hr>
            <ns3:cad>93</ns3:cad>
          </ns3:TrackPointExtension>
        </extensions>
      </trkpt>
      <trkpt lat="51.552278883755207061767578125" lon="-2.93953838758170604705810546875">
        <ele>6.19999980926513671875</ele>
        <time>2025-04-13T10:24:31.000Z</time>
        <extensions>
          <ns3:TrackPointExtension>
            <ns3:hr>158</ns3:hr>
            <ns3:cad>94</ns3:cad>
          </ns3:TrackPointExtension>
        </extensions>
      </trkpt>
      <trkpt lat="51.55238642357289791107177734375" lon="-2.93930344283580780029296875">
        <ele>6.599999904632568359375</ele>
        <time>2025-04-13T10:24:36.000Z</time>
        <extensions>
          <ns3:TrackPointExtension>
            <ns3:hr>159</ns3:hr>
            <ns3:cad>93</ns3:cad>
          </ns3:TrackPointExtension>
        </extensions>
      </trkpt>
      <trkpt lat="51.5525288321077823638916015625" lon="-2.93905265629291534423828125">
        <ele>7</ele>
        <time>2025-04-13T10:24:42.000Z</time>
        <extensions>
          <ns3:TrackPointExtension>
            <ns3:hr>161</ns3:hr>
            <ns3:cad>94</ns3:cad>
          </ns3:TrackPointExtension>
        </extensions>
      </trkpt>
      <trkpt lat="51.552678532898426055908203125" lon="-2.9388147778809070587158203125">
        <ele>7</ele>
        <time>2025-04-13T10:24:48.000Z</time>
        <extensions>
          <ns3:TrackPointExtension>
            <ns3:hr>161</ns3:hr>
            <ns3:cad>94</ns3:cad>
          </ns3:TrackPointExtension>
        </extensions>
      </trkpt>
      <trkpt lat="51.5528190135955810546875" lon="-2.93862819671630859375">
        <ele>7</ele>
        <time>2025-04-13T10:24:53.000Z</time>
        <extensions>
          <ns3:TrackPointExtension>
            <ns3:hr>160</ns3:hr>
            <ns3:cad>94</ns3:cad>
          </ns3:TrackPointExtension>
        </extensions>
      </trkpt>
      <trkpt lat="51.55296896584331989288330078125" lon="-2.93839752674102783203125">
        <ele>7</ele>
        <time>2025-04-13T10:24:59.000Z</time>
        <extensions>
          <ns3:TrackPointExtension>
            <ns3:hr>162</ns3:hr>
            <ns3:cad>94</ns3:cad>
          </ns3:TrackPointExtension>
        </extensions>
      </trkpt>
      <trkpt lat="51.55312319286167621612548828125" lon="-2.93817113153636455535888671875">
        <ele>7</ele>
        <time>2025-04-13T10:25:05.000Z</time>
        <extensions>
          <ns3:TrackPointExtension>
            <ns3:hr>162</ns3:hr>
            <ns3:cad>94</ns3:cad>
          </ns3:TrackPointExtension>
        </extensions>
      </trkpt>
      <trkpt lat="51.55316744931042194366455078125" lon="-2.9380904138088226318359375">
        <ele>7.400000095367431640625</ele>
        <time>2025-04-13T10:25:07.000Z</time>
        <extensions>
          <ns3:TrackPointExtension>
            <ns3:hr>162</ns3:hr>
            <ns3:cad>94</ns3:cad>
          </ns3:TrackPointExtension>
        </extensions>
      </trkpt>
      <trkpt lat="51.553239114582538604736328125" lon="-2.93796795420348644256591796875">
        <ele>7.599999904632568359375</ele>
        <time>2025-04-13T10:25:10.000Z</time>
        <extensions>
          <ns3:TrackPointExtension>
            <ns3:hr>159</ns3:hr>
            <ns3:cad>94</ns3:cad>
          </ns3:TrackPointExtension>
        </extensions>
      </trkpt>
      <trkpt lat="51.5533770807087421417236328125" lon="-2.937724627554416656494140625">
        <ele>8.6000003814697265625</ele>
        <time>2025-04-13T10:25:16.000Z</time>
        <extensions>
          <ns3:TrackPointExtension>
            <ns3:hr>158</ns3:hr>
            <ns3:cad>94</ns3:cad>
          </ns3:TrackPointExtension>
        </extensions>
      </trkpt>
      <trkpt lat="51.5535152144730091094970703125" lon="-2.93747208081185817718505859375">
        <ele>9</ele>
        <time>2025-04-13T10:25:22.000Z</time>
        <extensions>
          <ns3:TrackPointExtension>
            <ns3:hr>160</ns3:hr>
            <ns3:cad>95</ns3:cad>
          </ns3:TrackPointExtension>
        </extensions>
      </trkpt>
      <trkpt lat="51.5536630712449550628662109375" lon="-2.93724928982555866241455078125">
        <ele>8.6000003814697265625</ele>
        <time>2025-04-13T10:25:28.000Z</time>
        <extensions>
          <ns3:TrackPointExtension>
            <ns3:hr>161</ns3:hr>
            <ns3:cad>94</ns3:cad>
          </ns3:TrackPointExtension>
        </extensions>
      </trkpt>
      <trkpt lat="51.553814113140106201171875" lon="-2.93701157905161380767822265625">
        <ele>7.80000019073486328125</ele>
        <time>2025-04-13T10:25:34.000Z</time>
        <extensions>
          <ns3:TrackPointExtension>
            <ns3:hr>158</ns3:hr>
            <ns3:cad>94</ns3:cad>
          </ns3:TrackPointExtension>
        </extensions>
      </trkpt>
      <trkpt lat="51.5539581142365932464599609375" lon="-2.93675693683326244354248046875">
        <ele>7.19999980926513671875</ele>
        <time>2025-04-13T10:25:40.000Z</time>
        <extensions>
          <ns3:TrackPointExtension>
            <ns3:hr>158</ns3:hr>
            <ns3:cad>95</ns3:cad>
          </ns3:TrackPointExtension>
        </extensions>
      </trkpt>
      <trkpt lat="51.5541153587400913238525390625" lon="-2.93655560351908206939697265625">
        <ele>7.80000019073486328125</ele>
        <time>2025-04-13T10:25:46.000Z</time>
        <extensions>
          <ns3:TrackPointExtension>
            <ns3:hr>157</ns3:hr>
            <ns3:cad>95</ns3:cad>
          </ns3:TrackPointExtension>
        </extensions>
      </trkpt>
      <trkpt lat="51.55427419580519199371337890625" lon="-2.936413027346134185791015625">
        <ele>8.3999996185302734375</ele>
        <time>2025-04-13T10:25:51.000Z</time>
        <extensions>
          <ns3:TrackPointExtension>
            <ns3:hr>158</ns3:hr>
            <ns3:cad>94</ns3:cad>
          </ns3:TrackPointExtension>
        </extensions>
      </trkpt>
      <trkpt lat="51.55441702343523502349853515625" lon="-2.93623357079923152923583984375">
        <ele>8.80000019073486328125</ele>
        <time>2025-04-13T10:25:56.000Z</time>
        <extensions>
          <ns3:TrackPointExtension>
            <ns3:hr>160</ns3:hr>
            <ns3:cad>94</ns3:cad>
          </ns3:TrackPointExtension>
        </extensions>
      </trkpt>
      <trkpt lat="51.55453805811703205108642578125" lon="-2.9360061697661876678466796875">
        <ele>8.3999996185302734375</ele>
        <time>2025-04-13T10:26:02.000Z</time>
        <extensions>
          <ns3:TrackPointExtension>
            <ns3:hr>160</ns3:hr>
            <ns3:cad>94</ns3:cad>
          </ns3:TrackPointExtension>
        </extensions>
      </trkpt>
      <trkpt lat="51.5546766109764575958251953125" lon="-2.93577969074249267578125">
        <ele>6.80000019073486328125</ele>
        <time>2025-04-13T10:26:08.000Z</time>
        <extensions>
          <ns3:TrackPointExtension>
            <ns3:hr>160</ns3:hr>
            <ns3:cad>94</ns3:cad>
          </ns3:TrackPointExtension>
        </extensions>
      </trkpt>
      <trkpt lat="51.55481927096843719482421875" lon="-2.93553653173148632049560546875">
        <ele>5.19999980926513671875</ele>
        <time>2025-04-13T10:26:14.000Z</time>
        <extensions>
          <ns3:TrackPointExtension>
            <ns3:hr>161</ns3:hr>
            <ns3:cad>94</ns3:cad>
          </ns3:TrackPointExtension>
        </extensions>
      </trkpt>
      <trkpt lat="51.55494575388729572296142578125" lon="-2.93531633913516998291015625">
        <ele>4.599999904632568359375</ele>
        <time>2025-04-13T10:26:19.000Z</time>
        <extensions>
          <ns3:TrackPointExtension>
            <ns3:hr>161</ns3:hr>
            <ns3:cad>94</ns3:cad>
          </ns3:TrackPointExtension>
        </extensions>
      </trkpt>
      <trkpt lat="51.55508103780448436737060546875" lon="-2.9351015947759151458740234375">
        <ele>5.400000095367431640625</ele>
        <time>2025-04-13T10:26:24.000Z</time>
        <extensions>
          <ns3:TrackPointExtension>
            <ns3:hr>158</ns3:hr>
            <ns3:cad>94</ns3:cad>
          </ns3:TrackPointExtension>
        </extensions>
      </trkpt>
      <trkpt lat="51.55520525760948657989501953125" lon="-2.934886515140533447265625">
        <ele>6.599999904632568359375</ele>
        <time>2025-04-13T10:26:29.000Z</time>
        <extensions>
          <ns3:TrackPointExtension>
            <ns3:hr>161</ns3:hr>
            <ns3:cad>94</ns3:cad>
          </ns3:TrackPointExtension>
        </extensions>
      </trkpt>
      <trkpt lat="51.5553290583193302154541015625" lon="-2.934675626456737518310546875">
        <ele>7.599999904632568359375</ele>
        <time>2025-04-13T10:26:34.000Z</time>
        <extensions>
          <ns3:TrackPointExtension>
            <ns3:hr>161</ns3:hr>
            <ns3:cad>94</ns3:cad>
          </ns3:TrackPointExtension>
        </extensions>
      </trkpt>
      <trkpt lat="51.55544615350663661956787109375" lon="-2.9344642348587512969970703125">
        <ele>8</ele>
        <time>2025-04-13T10:26:39.000Z</time>
        <extensions>
          <ns3:TrackPointExtension>
            <ns3:hr>164</ns3:hr>
            <ns3:cad>95</ns3:cad>
          </ns3:TrackPointExtension>
        </extensions>
      </trkpt>
      <trkpt lat="51.55557456426322460174560546875" lon="-2.93425376527011394500732421875">
        <ele>7.80000019073486328125</ele>
        <time>2025-04-13T10:26:44.000Z</time>
        <extensions>
          <ns3:TrackPointExtension>
            <ns3:hr>165</ns3:hr>
            <ns3:cad>94</ns3:cad>
          </ns3:TrackPointExtension>
        </extensions>
      </trkpt>
      <trkpt lat="51.55570331029593944549560546875" lon="-2.93403818272054195404052734375">
        <ele>7.19999980926513671875</ele>
        <time>2025-04-13T10:26:49.000Z</time>
        <extensions>
          <ns3:TrackPointExtension>
            <ns3:hr>165</ns3:hr>
            <ns3:cad>95</ns3:cad>
          </ns3:TrackPointExtension>
        </extensions>
      </trkpt>
      <trkpt lat="51.5558343194425106048583984375" lon="-2.93378907255828380584716796875">
        <ele>7</ele>
        <time>2025-04-13T10:26:55.000Z</time>
        <extensions>
          <ns3:TrackPointExtension>
            <ns3:hr>165</ns3:hr>
            <ns3:cad>94</ns3:cad>
          </ns3:TrackPointExtension>
        </extensions>
      </trkpt>
      <trkpt lat="51.55592962168157100677490234375" lon="-2.93355412781238555908203125">
        <ele>6.599999904632568359375</ele>
        <time>2025-04-13T10:27:00.000Z</time>
        <extensions>
          <ns3:TrackPointExtension>
            <ns3:hr>162</ns3:hr>
            <ns3:cad>94</ns3:cad>
          </ns3:TrackPointExtension>
        </extensions>
      </trkpt>
      <trkpt lat="51.55601595528423786163330078125" lon="-2.9332803748548030853271484375">
        <ele>7.19999980926513671875</ele>
        <time>2025-04-13T10:27:05.000Z</time>
        <extensions>
          <ns3:TrackPointExtension>
            <ns3:hr>164</ns3:hr>
            <ns3:cad>94</ns3:cad>
          </ns3:TrackPointExtension>
        </extensions>
      </trkpt>
      <trkpt lat="51.55609742738306522369384765625" lon="-2.9330170154571533203125">
        <ele>7.80000019073486328125</ele>
        <time>2025-04-13T10:27:10.000Z</time>
        <extensions>
          <ns3:TrackPointExtension>
            <ns3:hr>165</ns3:hr>
            <ns3:cad>94</ns3:cad>
          </ns3:TrackPointExtension>
        </extensions>
      </trkpt>
      <trkpt lat="51.55618594028055667877197265625" lon="-2.93285096995532512664794921875">
        <ele>8</ele>
        <time>2025-04-13T10:27:14.000Z</time>
        <extensions>
          <ns3:TrackPointExtension>
            <ns3:hr>161</ns3:hr>
            <ns3:cad>94</ns3:cad>
          </ns3:TrackPointExtension>
        </extensions>
      </trkpt>
      <trkpt lat="51.55628048814833164215087890625" lon="-2.93270512484014034271240234375">
        <ele>8</ele>
        <time>2025-04-13T10:27:18.000Z</time>
        <extensions>
          <ns3:TrackPointExtension>
            <ns3:hr>158</ns3:hr>
            <ns3:cad>94</ns3:cad>
          </ns3:TrackPointExtension>
        </extensions>
      </trkpt>
      <trkpt lat="51.55644879676401615142822265625" lon="-2.9325042106211185455322265625">
        <ele>7.599999904632568359375</ele>
        <time>2025-04-13T10:27:24.000Z</time>
        <extensions>
          <ns3:TrackPointExtension>
            <ns3:hr>158</ns3:hr>
            <ns3:cad>94</ns3:cad>
          </ns3:TrackPointExtension>
        </extensions>
      </trkpt>
      <trkpt lat="51.55661777593195438385009765625" lon="-2.9323934018611907958984375">
        <ele>7.19999980926513671875</ele>
        <time>2025-04-13T10:27:29.000Z</time>
        <extensions>
          <ns3:TrackPointExtension>
            <ns3:hr>159</ns3:hr>
            <ns3:cad>94</ns3:cad>
          </ns3:TrackPointExtension>
        </extensions>
      </trkpt>
      <trkpt lat="51.55680066905915737152099609375" lon="-2.93241108767688274383544921875">
        <ele>7</ele>
        <time>2025-04-13T10:27:34.000Z</time>
        <extensions>
          <ns3:TrackPointExtension>
            <ns3:hr>160</ns3:hr>
            <ns3:cad>94</ns3:cad>
          </ns3:TrackPointExtension>
        </extensions>
      </trkpt>
      <trkpt lat="51.55699856579303741455078125" lon="-2.93251988478004932403564453125">
        <ele>7.80000019073486328125</ele>
        <time>2025-04-13T10:27:40.000Z</time>
        <extensions>
          <ns3:TrackPointExtension>
            <ns3:hr>160</ns3:hr>
            <ns3:cad>93</ns3:cad>
          </ns3:TrackPointExtension>
        </extensions>
      </trkpt>
      <trkpt lat="51.5571831353008747100830078125" lon="-2.932606637477874755859375">
        <ele>8</ele>
        <time>2025-04-13T10:27:46.000Z</time>
        <extensions>
          <ns3:TrackPointExtension>
            <ns3:hr>162</ns3:hr>
            <ns3:cad>93</ns3:cad>
          </ns3:TrackPointExtension>
        </extensions>
      </trkpt>
      <trkpt lat="51.5573745779693126678466796875" lon="-2.93268534354865550994873046875">
        <ele>7.599999904632568359375</ele>
        <time>2025-04-13T10:27:52.000Z</time>
        <extensions>
          <ns3:TrackPointExtension>
            <ns3:hr>163</ns3:hr>
            <ns3:cad>92</ns3:cad>
          </ns3:TrackPointExtension>
        </extensions>
      </trkpt>
      <trkpt lat="51.557585634291172027587890625" lon="-2.9327375628054141998291015625">
        <ele>6.80000019073486328125</ele>
        <time>2025-04-13T10:27:58.000Z</time>
        <extensions>
          <ns3:TrackPointExtension>
            <ns3:hr>165</ns3:hr>
            <ns3:cad>94</ns3:cad>
          </ns3:TrackPointExtension>
        </extensions>
      </trkpt>
      <trkpt lat="51.557790152728557586669921875" lon="-2.9328118264675140380859375">
        <ele>6</ele>
        <time>2025-04-13T10:28:04.000Z</time>
        <extensions>
          <ns3:TrackPointExtension>
            <ns3:hr>166</ns3:hr>
            <ns3:cad>93</ns3:cad>
          </ns3:TrackPointExtension>
        </extensions>
      </trkpt>
      <trkpt lat="51.557929627597332000732421875" lon="-2.93284736573696136474609375">
        <ele>6.400000095367431640625</ele>
        <time>2025-04-13T10:28:08.000Z</time>
        <extensions>
          <ns3:TrackPointExtension>
            <ns3:hr>163</ns3:hr>
            <ns3:cad>93</ns3:cad>
          </ns3:TrackPointExtension>
        </extensions>
      </trkpt>
      <trkpt lat="51.55813775025308132171630859375" lon="-2.9329098947346210479736328125">
        <ele>7</ele>
        <time>2025-04-13T10:28:14.000Z</time>
        <extensions>
          <ns3:TrackPointExtension>
            <ns3:hr>163</ns3:hr>
            <ns3:cad>93</ns3:cad>
          </ns3:TrackPointExtension>
        </extensions>
      </trkpt>
      <trkpt lat="51.55832584016025066375732421875" lon="-2.932975776493549346923828125">
        <ele>7</ele>
        <time>2025-04-13T10:28:20.000Z</time>
        <extensions>
          <ns3:TrackPointExtension>
            <ns3:hr>165</ns3:hr>
            <ns3:cad>93</ns3:cad>
          </ns3:TrackPointExtension>
        </extensions>
      </trkpt>
      <trkpt lat="51.55851476825773715972900390625" lon="-2.93307040818035602569580078125">
        <ele>7</ele>
        <time>2025-04-13T10:28:26.000Z</time>
        <extensions>
          <ns3:TrackPointExtension>
            <ns3:hr>164</ns3:hr>
            <ns3:cad>92</ns3:cad>
          </ns3:TrackPointExtension>
        </extensions>
      </trkpt>
      <trkpt lat="51.5585173666477203369140625" lon="-2.93336394242942333221435546875">
        <ele>7</ele>
        <time>2025-04-13T10:28:32.000Z</time>
        <extensions>
          <ns3:TrackPointExtension>
            <ns3:hr>161</ns3:hr>
            <ns3:cad>91</ns3:cad>
          </ns3:TrackPointExtension>
        </extensions>
      </trkpt>
      <trkpt lat="51.55849314294755458831787109375" lon="-2.93347894214093685150146484375">
        <ele>7</ele>
        <time>2025-04-13T10:28:34.000Z</time>
        <extensions>
          <ns3:TrackPointExtension>
            <ns3:hr>162</ns3:hr>
            <ns3:cad>92</ns3:cad>
          </ns3:TrackPointExtension>
        </extensions>
      </trkpt>
      <trkpt lat="51.5584695897996425628662109375" lon="-2.9335869848728179931640625">
        <ele>7</ele>
        <time>2025-04-13T10:28:36.000Z</time>
        <extensions>
          <ns3:TrackPointExtension>
            <ns3:hr>166</ns3:hr>
            <ns3:cad>94</ns3:cad>
          </ns3:TrackPointExtension>
        </extensions>
      </trkpt>
      <trkpt lat="51.5584632195532321929931640625" lon="-2.933646328747272491455078125">
        <ele>6.80000019073486328125</ele>
        <time>2025-04-13T10:28:37.000Z</time>
        <extensions>
          <ns3:TrackPointExtension>
            <ns3:hr>169</ns3:hr>
            <ns3:cad>94</ns3:cad>
          </ns3:TrackPointExtension>
        </extensions>
      </trkpt>
      <trkpt lat="51.5584387443959712982177734375" lon="-2.933802902698516845703125">
        <ele>6.599999904632568359375</ele>
        <time>2025-04-13T10:28:40.000Z</time>
        <extensions>
          <ns3:TrackPointExtension>
            <ns3:hr>172</ns3:hr>
            <ns3:cad>94</ns3:cad>
          </ns3:TrackPointExtension>
        </extensions>
      </trkpt>
      <trkpt lat="51.55841921456158161163330078125" lon="-2.93396660126745700836181640625">
        <ele>6.80000019073486328125</ele>
        <time>2025-04-13T10:28:43.000Z</time>
        <extensions>
          <ns3:TrackPointExtension>
            <ns3:hr>169</ns3:hr>
            <ns3:cad>94</ns3:cad>
          </ns3:TrackPointExtension>
        </extensions>
      </trkpt>
      <trkpt lat="51.55839641578495502471923828125" lon="-2.93411680497229099273681640625">
        <ele>6.400000095367431640625</ele>
        <time>2025-04-13T10:28:46.000Z</time>
        <extensions>
          <ns3:TrackPointExtension>
            <ns3:hr>166</ns3:hr>
            <ns3:cad>94</ns3:cad>
          </ns3:TrackPointExtension>
        </extensions>
      </trkpt>
      <trkpt lat="51.5583483874797821044921875" lon="-2.9344263486564159393310546875">
        <ele>6</ele>
        <time>2025-04-13T10:28:52.000Z</time>
        <extensions>
          <ns3:TrackPointExtension>
            <ns3:hr>167</ns3:hr>
            <ns3:cad>93</ns3:cad>
          </ns3:TrackPointExtension>
        </extensions>
      </trkpt>
      <trkpt lat="51.55836238525807857513427734375" lon="-2.93476187624037265777587890625">
        <ele>6.599999904632568359375</ele>
        <time>2025-04-13T10:28:58.000Z</time>
        <extensions>
          <ns3:TrackPointExtension>
            <ns3:hr>167</ns3:hr>
            <ns3:cad>93</ns3:cad>
          </ns3:TrackPointExtension>
        </extensions>
      </trkpt>
      <trkpt lat="51.55842952430248260498046875" lon="-2.93495700694620609283447265625">
        <ele>7.80000019073486328125</ele>
        <time>2025-04-13T10:29:02.000Z</time>
        <extensions>
          <ns3:TrackPointExtension>
            <ns3:hr>164</ns3:hr>
            <ns3:cad>93</ns3:cad>
          </ns3:TrackPointExtension>
        </extensions>
      </trkpt>
      <trkpt lat="51.5585577674210071563720703125" lon="-2.93515934608876705169677734375">
        <ele>8.19999980926513671875</ele>
        <time>2025-04-13T10:29:07.000Z</time>
        <extensions>
          <ns3:TrackPointExtension>
            <ns3:hr>163</ns3:hr>
            <ns3:cad>93</ns3:cad>
          </ns3:TrackPointExtension>
        </extensions>
      </trkpt>
      <trkpt lat="51.5586610324680805206298828125" lon="-2.93529496528208255767822265625">
        <ele>8.6000003814697265625</ele>
        <time>2025-04-13T10:29:11.000Z</time>
        <extensions>
          <ns3:TrackPointExtension>
            <ns3:hr>167</ns3:hr>
            <ns3:cad>93</ns3:cad>
          </ns3:TrackPointExtension>
        </extensions>
      </trkpt>
      <trkpt lat="51.55877158977091312408447265625" lon="-2.93541499413549900054931640625">
        <ele>8</ele>
        <time>2025-04-13T10:29:15.000Z</time>
        <extensions>
          <ns3:TrackPointExtension>
            <ns3:hr>170</ns3:hr>
            <ns3:cad>93</ns3:cad>
          </ns3:TrackPointExtension>
        </extensions>
      </trkpt>
      <trkpt lat="51.55895079486072063446044921875" lon="-2.9355954565107822418212890625">
        <ele>6.80000019073486328125</ele>
        <time>2025-04-13T10:29:22.000Z</time>
        <extensions>
          <ns3:TrackPointExtension>
            <ns3:hr>168</ns3:hr>
            <ns3:cad>93</ns3:cad>
          </ns3:TrackPointExtension>
        </extensions>
      </trkpt>
      <trkpt lat="51.5590781159698963165283203125" lon="-2.93580978177487850189208984375">
        <ele>6.599999904632568359375</ele>
        <time>2025-04-13T10:29:28.000Z</time>
        <extensions>
          <ns3:TrackPointExtension>
            <ns3:hr>167</ns3:hr>
            <ns3:cad>94</ns3:cad>
          </ns3:TrackPointExtension>
        </extensions>
      </trkpt>
      <trkpt lat="51.5591575764119625091552734375" lon="-2.93605889193713665008544921875">
        <ele>6.599999904632568359375</ele>
        <time>2025-04-13T10:29:33.000Z</time>
        <extensions>
          <ns3:TrackPointExtension>
            <ns3:hr>164</ns3:hr>
            <ns3:cad>93</ns3:cad>
          </ns3:TrackPointExtension>
        </extensions>
      </trkpt>
      <trkpt lat="51.55922639183700084686279296875" lon="-2.9363873787224292755126953125">
        <ele>6.80000019073486328125</ele>
        <time>2025-04-13T10:29:39.000Z</time>
        <extensions>
          <ns3:TrackPointExtension>
            <ns3:hr>164</ns3:hr>
            <ns3:cad>93</ns3:cad>
          </ns3:TrackPointExtension>
        </extensions>
      </trkpt>
      <trkpt lat="51.55928204767405986785888671875" lon="-2.9366012848913669586181640625">
        <ele>7.400000095367431640625</ele>
        <time>2025-04-13T10:29:43.000Z</time>
        <extensions>
          <ns3:TrackPointExtension>
            <ns3:hr>161</ns3:hr>
            <ns3:cad>93</ns3:cad>
          </ns3:TrackPointExtension>
        </extensions>
      </trkpt>
      <trkpt lat="51.5593641065061092376708984375" lon="-2.93691602535545825958251953125">
        <ele>7.400000095367431640625</ele>
        <time>2025-04-13T10:29:49.000Z</time>
        <extensions>
          <ns3:TrackPointExtension>
            <ns3:hr>164</ns3:hr>
            <ns3:cad>92</ns3:cad>
          </ns3:TrackPointExtension>
        </extensions>
      </trkpt>
      <trkpt lat="51.5594154037535190582275390625" lon="-2.93706991709768772125244140625">
        <ele>7.19999980926513671875</ele>
        <time>2025-04-13T10:29:52.000Z</time>
        <extensions>
          <ns3:TrackPointExtension>
            <ns3:hr>167</ns3:hr>
            <ns3:cad>93</ns3:cad>
          </ns3:TrackPointExtension>
        </extensions>
      </trkpt>
      <trkpt lat="51.55951221473515033721923828125" lon="-2.93732170946896076202392578125">
        <ele>7.80000019073486328125</ele>
        <time>2025-04-13T10:29:57.000Z</time>
        <extensions>
          <ns3:TrackPointExtension>
            <ns3:hr>167</ns3:hr>
            <ns3:cad>93</ns3:cad>
          </ns3:TrackPointExtension>
        </extensions>
      </trkpt>
      <trkpt lat="51.55961648561060428619384765625" lon="-2.937563024461269378662109375">
        <ele>7.400000095367431640625</ele>
        <time>2025-04-13T10:30:02.000Z</time>
        <extensions>
          <ns3:TrackPointExtension>
            <ns3:hr>165</ns3:hr>
            <ns3:cad>95</ns3:cad>
          </ns3:TrackPointExtension>
        </extensions>
      </trkpt>
      <trkpt lat="51.5597389452159404754638671875" lon="-2.9378233663737773895263671875">
        <ele>7</ele>
        <time>2025-04-13T10:30:08.000Z</time>
        <extensions>
          <ns3:TrackPointExtension>
            <ns3:hr>165</ns3:hr>
            <ns3:cad>93</ns3:cad>
          </ns3:TrackPointExtension>
        </extensions>
      </trkpt>
      <trkpt lat="51.5598754025995731353759765625" lon="-2.93805361725389957427978515625">
        <ele>7.400000095367431640625</ele>
        <time>2025-04-13T10:30:14.000Z</time>
        <extensions>
          <ns3:TrackPointExtension>
            <ns3:hr>167</ns3:hr>
            <ns3:cad>94</ns3:cad>
          </ns3:TrackPointExtension>
        </extensions>
      </trkpt>
      <trkpt lat="51.56002569012343883514404296875" lon="-2.9382417909801006317138671875">
        <ele>7.80000019073486328125</ele>
        <time>2025-04-13T10:30:20.000Z</time>
        <extensions>
          <ns3:TrackPointExtension>
            <ns3:hr>165</ns3:hr>
            <ns3:cad>94</ns3:cad>
          </ns3:TrackPointExtension>
        </extensions>
      </trkpt>
      <trkpt lat="51.56017974950373172760009765625" lon="-2.938470281660556793212890625">
        <ele>8.19999980926513671875</ele>
        <time>2025-04-13T10:30:27.000Z</time>
        <extensions>
          <ns3:TrackPointExtension>
            <ns3:hr>165</ns3:hr>
            <ns3:cad>92</ns3:cad>
          </ns3:TrackPointExtension>
        </extensions>
      </trkpt>
      <trkpt lat="51.56033598817884922027587890625" lon="-2.9386796616017818450927734375">
        <ele>8.3999996185302734375</ele>
        <time>2025-04-13T10:30:33.000Z</time>
        <extensions>
          <ns3:TrackPointExtension>
            <ns3:hr>164</ns3:hr>
            <ns3:cad>94</ns3:cad>
          </ns3:TrackPointExtension>
        </extensions>
      </trkpt>
      <trkpt lat="51.5605040453374385833740234375" lon="-2.93889599852263927459716796875">
        <ele>9.19999980926513671875</ele>
        <time>2025-04-13T10:30:39.000Z</time>
        <extensions>
          <ns3:TrackPointExtension>
            <ns3:hr>163</ns3:hr>
            <ns3:cad>95</ns3:cad>
          </ns3:TrackPointExtension>
        </extensions>
      </trkpt>
      <trkpt lat="51.56066103838384151458740234375" lon="-2.93912901543080806732177734375">
        <ele>8.6000003814697265625</ele>
        <time>2025-04-13T10:30:45.000Z</time>
        <extensions>
          <ns3:TrackPointExtension>
            <ns3:hr>165</ns3:hr>
            <ns3:cad>94</ns3:cad>
          </ns3:TrackPointExtension>
        </extensions>
      </trkpt>
      <trkpt lat="51.560805626213550567626953125" lon="-2.93931174091994762420654296875">
        <ele>8</ele>
        <time>2025-04-13T10:30:50.000Z</time>
        <extensions>
          <ns3:TrackPointExtension>
            <ns3:hr>165</ns3:hr>
            <ns3:cad>92</ns3:cad>
          </ns3:TrackPointExtension>
        </extensions>
      </trkpt>
      <trkpt lat="51.5609496273100376129150390625" lon="-2.93954257853329181671142578125">
        <ele>7.599999904632568359375</ele>
        <time>2025-04-13T10:30:56.000Z</time>
        <extensions>
          <ns3:TrackPointExtension>
            <ns3:hr>167</ns3:hr>
            <ns3:cad>93</ns3:cad>
          </ns3:TrackPointExtension>
        </extensions>
      </trkpt>
      <trkpt lat="51.561101339757442474365234375" lon="-2.9397721588611602783203125">
        <ele>7.80000019073486328125</ele>
        <time>2025-04-13T10:31:02.000Z</time>
        <extensions>
          <ns3:TrackPointExtension>
            <ns3:hr>164</ns3:hr>
            <ns3:cad>93</ns3:cad>
          </ns3:TrackPointExtension>
        </extensions>
      </trkpt>
      <trkpt lat="51.561189182102680206298828125" lon="-2.93991138227283954620361328125">
        <ele>8</ele>
        <time>2025-04-13T10:31:06.000Z</time>
        <extensions>
          <ns3:TrackPointExtension>
            <ns3:hr>161</ns3:hr>
            <ns3:cad>93</ns3:cad>
          </ns3:TrackPointExtension>
        </extensions>
      </trkpt>
      <trkpt lat="51.5613269805908203125" lon="-2.940115146338939666748046875">
        <ele>8</ele>
        <time>2025-04-13T10:31:12.000Z</time>
        <extensions>
          <ns3:TrackPointExtension>
            <ns3:hr>161</ns3:hr>
            <ns3:cad>93</ns3:cad>
          </ns3:TrackPointExtension>
        </extensions>
      </trkpt>
      <trkpt lat="51.56146989203989505767822265625" lon="-2.9403372667729854583740234375">
        <ele>7</ele>
        <time>2025-04-13T10:31:18.000Z</time>
        <extensions>
          <ns3:TrackPointExtension>
            <ns3:hr>158</ns3:hr>
            <ns3:cad>92</ns3:cad>
          </ns3:TrackPointExtension>
        </extensions>
      </trkpt>
      <trkpt lat="51.56162881292402744293212890625" lon="-2.94055243022739887237548828125">
        <ele>7</ele>
        <time>2025-04-13T10:31:24.000Z</time>
        <extensions>
          <ns3:TrackPointExtension>
            <ns3:hr>160</ns3:hr>
            <ns3:cad>92</ns3:cad>
          </ns3:TrackPointExtension>
        </extensions>
      </trkpt>
      <trkpt lat="51.5617107041180133819580078125" lon="-2.9406608082354068756103515625">
        <ele>7</ele>
        <time>2025-04-13T10:31:27.000Z</time>
        <extensions>
          <ns3:TrackPointExtension>
            <ns3:hr>163</ns3:hr>
            <ns3:cad>93</ns3:cad>
          </ns3:TrackPointExtension>
        </extensions>
      </trkpt>
      <trkpt lat="51.5618458203971385955810546875" lon="-2.940894328057765960693359375">
        <ele>8</ele>
        <time>2025-04-13T10:31:33.000Z</time>
        <extensions>
          <ns3:TrackPointExtension>
            <ns3:hr>162</ns3:hr>
            <ns3:cad>94</ns3:cad>
          </ns3:TrackPointExtension>
        </extensions>
      </trkpt>
      <trkpt lat="51.56188731081783771514892578125" lon="-2.9411878623068332672119140625">
        <ele>8</ele>
        <time>2025-04-13T10:31:39.000Z</time>
        <extensions>
          <ns3:TrackPointExtension>
            <ns3:hr>162</ns3:hr>
            <ns3:cad>94</ns3:cad>
          </ns3:TrackPointExtension>
        </extensions>
      </trkpt>
      <trkpt lat="51.56182897277176380157470703125" lon="-2.94149807654321193695068359375">
        <ele>8</ele>
        <time>2025-04-13T10:31:45.000Z</time>
        <extensions>
          <ns3:TrackPointExtension>
            <ns3:hr>161</ns3:hr>
            <ns3:cad>94</ns3:cad>
          </ns3:TrackPointExtension>
        </extensions>
      </trkpt>
      <trkpt lat="51.561753451824188232421875" lon="-2.941760681569576263427734375">
        <ele>7.80000019073486328125</ele>
        <time>2025-04-13T10:31:51.000Z</time>
        <extensions>
          <ns3:TrackPointExtension>
            <ns3:hr>162</ns3:hr>
            <ns3:cad>92</ns3:cad>
          </ns3:TrackPointExtension>
        </extensions>
      </trkpt>
      <trkpt lat="51.56166401691734790802001953125" lon="-2.94205983169376850128173828125">
        <ele>8</ele>
        <time>2025-04-13T10:31:57.000Z</time>
        <extensions>
          <ns3:TrackPointExtension>
            <ns3:hr>163</ns3:hr>
            <ns3:cad>94</ns3:cad>
          </ns3:TrackPointExtension>
        </extensions>
      </trkpt>
      <trkpt lat="51.56157349236309528350830078125" lon="-2.9423650167882442474365234375">
        <ele>8.6000003814697265625</ele>
        <time>2025-04-13T10:32:03.000Z</time>
        <extensions>
          <ns3:TrackPointExtension>
            <ns3:hr>161</ns3:hr>
            <ns3:cad>93</ns3:cad>
          </ns3:TrackPointExtension>
        </extensions>
      </trkpt>
      <trkpt lat="51.56152353622019290924072265625" lon="-2.94257330708205699920654296875">
        <ele>9</ele>
        <time>2025-04-13T10:32:07.000Z</time>
        <extensions>
          <ns3:TrackPointExtension>
            <ns3:hr>159</ns3:hr>
            <ns3:cad>94</ns3:cad>
          </ns3:TrackPointExtension>
        </extensions>
      </trkpt>
      <trkpt lat="51.56144793145358562469482421875" lon="-2.94289383105933666229248046875">
        <ele>8.80000019073486328125</ele>
        <time>2025-04-13T10:32:13.000Z</time>
        <extensions>
          <ns3:TrackPointExtension>
            <ns3:hr>160</ns3:hr>
            <ns3:cad>92</ns3:cad>
          </ns3:TrackPointExtension>
        </extensions>
      </trkpt>
      <trkpt lat="51.5613926947116851806640625" lon="-2.9432085715234279632568359375">
        <ele>9</ele>
        <time>2025-04-13T10:32:19.000Z</time>
        <extensions>
          <ns3:TrackPointExtension>
            <ns3:hr>158</ns3:hr>
            <ns3:cad>92</ns3:cad>
          </ns3:TrackPointExtension>
        </extensions>
      </trkpt>
      <trkpt lat="51.56134164892137050628662109375" lon="-2.94352901168167591094970703125">
        <ele>9.19999980926513671875</ele>
        <time>2025-04-13T10:32:25.000Z</time>
        <extensions>
          <ns3:TrackPointExtension>
            <ns3:hr>157</ns3:hr>
            <ns3:cad>92</ns3:cad>
          </ns3:TrackPointExtension>
        </extensions>
      </trkpt>
      <trkpt lat="51.561297476291656494140625" lon="-2.94373738579452037811279296875">
        <ele>9.3999996185302734375</ele>
        <time>2025-04-13T10:32:29.000Z</time>
        <extensions>
          <ns3:TrackPointExtension>
            <ns3:hr>160</ns3:hr>
            <ns3:cad>93</ns3:cad>
          </ns3:TrackPointExtension>
        </extensions>
      </trkpt>
      <trkpt lat="51.56122933141887187957763671875" lon="-2.94404801912605762481689453125">
        <ele>9.19999980926513671875</ele>
        <time>2025-04-13T10:32:35.000Z</time>
        <extensions>
          <ns3:TrackPointExtension>
            <ns3:hr>162</ns3:hr>
            <ns3:cad>93</ns3:cad>
          </ns3:TrackPointExtension>
        </extensions>
      </trkpt>
      <trkpt lat="51.56117417849600315093994140625" lon="-2.94435865245759487152099609375">
        <ele>9.80000019073486328125</ele>
        <time>2025-04-13T10:32:41.000Z</time>
        <extensions>
          <ns3:TrackPointExtension>
            <ns3:hr>161</ns3:hr>
            <ns3:cad>93</ns3:cad>
          </ns3:TrackPointExtension>
        </extensions>
      </trkpt>
      <trkpt lat="51.561169736087322235107421875" lon="-2.94470063410699367523193359375">
        <ele>10.3999996185302734375</ele>
        <time>2025-04-13T10:32:47.000Z</time>
        <extensions>
          <ns3:TrackPointExtension>
            <ns3:hr>160</ns3:hr>
            <ns3:cad>93</ns3:cad>
          </ns3:TrackPointExtension>
        </extensions>
      </trkpt>
      <trkpt lat="51.56122170388698577880859375" lon="-2.94503130018711090087890625">
        <ele>11</ele>
        <time>2025-04-13T10:32:53.000Z</time>
        <extensions>
          <ns3:TrackPointExtension>
            <ns3:hr>158</ns3:hr>
            <ns3:cad>93</ns3:cad>
          </ns3:TrackPointExtension>
        </extensions>
      </trkpt>
      <trkpt lat="51.5612518787384033203125" lon="-2.94534184969961643218994140625">
        <ele>11.19999980926513671875</ele>
        <time>2025-04-13T10:32:59.000Z</time>
        <extensions>
          <ns3:TrackPointExtension>
            <ns3:hr>158</ns3:hr>
            <ns3:cad>94</ns3:cad>
          </ns3:TrackPointExtension>
        </extensions>
      </trkpt>
      <trkpt lat="51.56126654706895351409912109375" lon="-2.94566757045686244964599609375">
        <ele>9.6000003814697265625</ele>
        <time>2025-04-13T10:33:05.000Z</time>
        <extensions>
          <ns3:TrackPointExtension>
            <ns3:hr>156</ns3:hr>
            <ns3:cad>94</ns3:cad>
          </ns3:TrackPointExtension>
        </extensions>
      </trkpt>
      <trkpt lat="51.56127342022955417633056640625" lon="-2.9460087977349758148193359375">
        <ele>8.19999980926513671875</ele>
        <time>2025-04-13T10:33:11.000Z</time>
        <extensions>
          <ns3:TrackPointExtension>
            <ns3:hr>156</ns3:hr>
            <ns3:cad>93</ns3:cad>
          </ns3:TrackPointExtension>
        </extensions>
      </trkpt>
      <trkpt lat="51.56131692230701446533203125" lon="-2.94628213159739971160888671875">
        <ele>6.400000095367431640625</ele>
        <time>2025-04-13T10:33:16.000Z</time>
        <extensions>
          <ns3:TrackPointExtension>
            <ns3:hr>159</ns3:hr>
            <ns3:cad>93</ns3:cad>
          </ns3:TrackPointExtension>
        </extensions>
      </trkpt>
      <trkpt lat="51.56143703497946262359619140625" lon="-2.94649654068052768707275390625">
        <ele>6</ele>
        <time>2025-04-13T10:33:21.000Z</time>
        <extensions>
          <ns3:TrackPointExtension>
            <ns3:hr>161</ns3:hr>
            <ns3:cad>91</ns3:cad>
          </ns3:TrackPointExtension>
        </extensions>
      </trkpt>
      <trkpt lat="51.56158774159848690032958984375" lon="-2.94663785956799983978271484375">
        <ele>6.400000095367431640625</ele>
        <time>2025-04-13T10:33:26.000Z</time>
        <extensions>
          <ns3:TrackPointExtension>
            <ns3:hr>164</ns3:hr>
            <ns3:cad>92</ns3:cad>
          </ns3:TrackPointExtension>
        </extensions>
      </trkpt>
      <trkpt lat="51.56175906769931316375732421875" lon="-2.9467271268367767333984375">
        <ele>6.599999904632568359375</ele>
        <time>2025-04-13T10:33:31.000Z</time>
        <extensions>
          <ns3:TrackPointExtension>
            <ns3:hr>164</ns3:hr>
            <ns3:cad>93</ns3:cad>
          </ns3:TrackPointExtension>
        </extensions>
      </trkpt>
      <trkpt lat="51.5619614906609058380126953125" lon="-2.9468268714845180511474609375">
        <ele>6</ele>
        <time>2025-04-13T10:33:37.000Z</time>
        <extensions>
          <ns3:TrackPointExtension>
            <ns3:hr>162</ns3:hr>
            <ns3:cad>93</ns3:cad>
          </ns3:TrackPointExtension>
        </extensions>
      </trkpt>
      <trkpt lat="51.56213122420012950897216796875" lon="-2.9469244368374347686767578125">
        <ele>5.400000095367431640625</ele>
        <time>2025-04-13T10:33:42.000Z</time>
        <extensions>
          <ns3:TrackPointExtension>
            <ns3:hr>161</ns3:hr>
            <ns3:cad>93</ns3:cad>
          </ns3:TrackPointExtension>
        </extensions>
      </trkpt>
      <trkpt lat="51.5623272769153118133544921875" lon="-2.94701035134494304656982421875">
        <ele>6</ele>
        <time>2025-04-13T10:33:48.000Z</time>
        <extensions>
          <ns3:TrackPointExtension>
            <ns3:hr>163</ns3:hr>
            <ns3:cad>93</ns3:cad>
          </ns3:TrackPointExtension>
        </extensions>
      </trkpt>
      <trkpt lat="51.56253657303750514984130859375" lon="-2.94707723893225193023681640625">
        <ele>6</ele>
        <time>2025-04-13T10:33:54.000Z</time>
        <extensions>
          <ns3:TrackPointExtension>
            <ns3:hr>162</ns3:hr>
            <ns3:cad>94</ns3:cad>
          </ns3:TrackPointExtension>
        </extensions>
      </trkpt>
      <trkpt lat="51.56273958273231983184814453125" lon="-2.94708075933158397674560546875">
        <ele>6</ele>
        <time>2025-04-13T10:34:00.000Z</time>
        <extensions>
          <ns3:TrackPointExtension>
            <ns3:hr>161</ns3:hr>
            <ns3:cad>94</ns3:cad>
          </ns3:TrackPointExtension>
        </extensions>
      </trkpt>
      <trkpt lat="51.56292951665818691253662109375" lon="-2.94713976792991161346435546875">
        <ele>6.400000095367431640625</ele>
        <time>2025-04-13T10:34:06.000Z</time>
        <extensions>
          <ns3:TrackPointExtension>
            <ns3:hr>162</ns3:hr>
            <ns3:cad>94</ns3:cad>
          </ns3:TrackPointExtension>
        </extensions>
      </trkpt>
      <trkpt lat="51.5630632080137729644775390625" lon="-2.94740346260368824005126953125">
        <ele>7</ele>
        <time>2025-04-13T10:34:12.000Z</time>
        <extensions>
          <ns3:TrackPointExtension>
            <ns3:hr>161</ns3:hr>
            <ns3:cad>93</ns3:cad>
          </ns3:TrackPointExtension>
        </extensions>
      </trkpt>
      <trkpt lat="51.5631728433072566986083984375" lon="-2.947647459805011749267578125">
        <ele>7.599999904632568359375</ele>
        <time>2025-04-13T10:34:17.000Z</time>
        <extensions>
          <ns3:TrackPointExtension>
            <ns3:hr>162</ns3:hr>
            <ns3:cad>94</ns3:cad>
          </ns3:TrackPointExtension>
        </extensions>
      </trkpt>
      <trkpt lat="51.56333436258137226104736328125" lon="-2.94784988276660442352294921875">
        <ele>8</ele>
        <time>2025-04-13T10:34:23.000Z</time>
        <extensions>
          <ns3:TrackPointExtension>
            <ns3:hr>161</ns3:hr>
            <ns3:cad>94</ns3:cad>
          </ns3:TrackPointExtension>
        </extensions>
      </trkpt>
      <trkpt lat="51.5635010786354541778564453125" lon="-2.9480288363993167877197265625">
        <ele>8</ele>
        <time>2025-04-13T10:34:29.000Z</time>
        <extensions>
          <ns3:TrackPointExtension>
            <ns3:hr>158</ns3:hr>
            <ns3:cad>94</ns3:cad>
          </ns3:TrackPointExtension>
        </extensions>
      </trkpt>
      <trkpt lat="51.56367131508886814117431640625" lon="-2.94819270260632038116455078125">
        <ele>8</ele>
        <time>2025-04-13T10:34:35.000Z</time>
        <extensions>
          <ns3:TrackPointExtension>
            <ns3:hr>157</ns3:hr>
            <ns3:cad>94</ns3:cad>
          </ns3:TrackPointExtension>
        </extensions>
      </trkpt>
      <trkpt lat="51.56383174471557140350341796875" lon="-2.9483605921268463134765625">
        <ele>7.400000095367431640625</ele>
        <time>2025-04-13T10:34:41.000Z</time>
        <extensions>
          <ns3:TrackPointExtension>
            <ns3:hr>156</ns3:hr>
            <ns3:cad>94</ns3:cad>
          </ns3:TrackPointExtension>
        </extensions>
      </trkpt>
      <trkpt lat="51.56399183906614780426025390625" lon="-2.94855647720396518707275390625">
        <ele>7</ele>
        <time>2025-04-13T10:34:47.000Z</time>
        <extensions>
          <ns3:TrackPointExtension>
            <ns3:hr>159</ns3:hr>
            <ns3:cad>94</ns3:cad>
          </ns3:TrackPointExtension>
        </extensions>
      </trkpt>
      <trkpt lat="51.564147658646106719970703125" lon="-2.9487218521535396575927734375">
        <ele>7</ele>
        <time>2025-04-13T10:34:53.000Z</time>
        <extensions>
          <ns3:TrackPointExtension>
            <ns3:hr>161</ns3:hr>
            <ns3:cad>94</ns3:cad>
          </ns3:TrackPointExtension>
        </extensions>
      </trkpt>
      <trkpt lat="51.56430817209184169769287109375" lon="-2.948887310922145843505859375">
        <ele>8.3999996185302734375</ele>
        <time>2025-04-13T10:34:59.000Z</time>
        <extensions>
          <ns3:TrackPointExtension>
            <ns3:hr>160</ns3:hr>
            <ns3:cad>94</ns3:cad>
          </ns3:TrackPointExtension>
        </extensions>
      </trkpt>
      <trkpt lat="51.5644638240337371826171875" lon="-2.9490370117127895355224609375">
        <ele>9</ele>
        <time>2025-04-13T10:35:05.000Z</time>
        <extensions>
          <ns3:TrackPointExtension>
            <ns3:hr>163</ns3:hr>
            <ns3:cad>93</ns3:cad>
          </ns3:TrackPointExtension>
        </extensions>
      </trkpt>
      <trkpt lat="51.564621739089488983154296875" lon="-2.94918310828506946563720703125">
        <ele>8.19999980926513671875</ele>
        <time>2025-04-13T10:35:10.000Z</time>
        <extensions>
          <ns3:TrackPointExtension>
            <ns3:hr>162</ns3:hr>
            <ns3:cad>94</ns3:cad>
          </ns3:TrackPointExtension>
        </extensions>
      </trkpt>
      <trkpt lat="51.56479449011385440826416015625" lon="-2.949304394423961639404296875">
        <ele>7</ele>
        <time>2025-04-13T10:35:15.000Z</time>
        <extensions>
          <ns3:TrackPointExtension>
            <ns3:hr>160</ns3:hr>
            <ns3:cad>94</ns3:cad>
          </ns3:TrackPointExtension>
        </extensions>
      </trkpt>
      <trkpt lat="51.5649729408323764801025390625" lon="-2.94937438331544399261474609375">
        <ele>6.80000019073486328125</ele>
        <time>2025-04-13T10:35:20.000Z</time>
        <extensions>
          <ns3:TrackPointExtension>
            <ns3:hr>160</ns3:hr>
            <ns3:cad>94</ns3:cad>
          </ns3:TrackPointExtension>
        </extensions>
      </trkpt>
      <trkpt lat="51.56517804600298404693603515625" lon="-2.94944487512111663818359375">
        <ele>6</ele>
        <time>2025-04-13T10:35:26.000Z</time>
        <extensions>
          <ns3:TrackPointExtension>
            <ns3:hr>161</ns3:hr>
            <ns3:cad>94</ns3:cad>
          </ns3:TrackPointExtension>
        </extensions>
      </trkpt>
      <trkpt lat="51.56537133269011974334716796875" lon="-2.9495245032012462615966796875">
        <ele>5.80000019073486328125</ele>
        <time>2025-04-13T10:35:32.000Z</time>
        <extensions>
          <ns3:TrackPointExtension>
            <ns3:hr>161</ns3:hr>
            <ns3:cad>94</ns3:cad>
          </ns3:TrackPointExtension>
        </extensions>
      </trkpt>
      <trkpt lat="51.56556579284369945526123046875" lon="-2.94961729086935520172119140625">
        <ele>5.19999980926513671875</ele>
        <time>2025-04-13T10:35:38.000Z</time>
        <extensions>
          <ns3:TrackPointExtension>
            <ns3:hr>158</ns3:hr>
            <ns3:cad>94</ns3:cad>
          </ns3:TrackPointExtension>
        </extensions>
      </trkpt>
      <trkpt lat="51.56576427631080150604248046875" lon="-2.9496934823691844940185546875">
        <ele>6</ele>
        <time>2025-04-13T10:35:44.000Z</time>
        <extensions>
          <ns3:TrackPointExtension>
            <ns3:hr>159</ns3:hr>
            <ns3:cad>93</ns3:cad>
          </ns3:TrackPointExtension>
        </extensions>
      </trkpt>
      <trkpt lat="51.5659626759588718414306640625" lon="-2.9497333802282810211181640625">
        <ele>6.400000095367431640625</ele>
        <time>2025-04-13T10:35:50.000Z</time>
        <extensions>
          <ns3:TrackPointExtension>
            <ns3:hr>159</ns3:hr>
            <ns3:cad>93</ns3:cad>
          </ns3:TrackPointExtension>
        </extensions>
      </trkpt>
      <trkpt lat="51.56616275198757648468017578125" lon="-2.9497789777815341949462890625">
        <ele>7.19999980926513671875</ele>
        <time>2025-04-13T10:35:56.000Z</time>
        <extensions>
          <ns3:TrackPointExtension>
            <ns3:hr>157</ns3:hr>
            <ns3:cad>92</ns3:cad>
          </ns3:TrackPointExtension>
        </extensions>
      </trkpt>
      <trkpt lat="51.5662818588316440582275390625" lon="-2.949822731316089630126953125">
        <ele>7.599999904632568359375</ele>
        <time>2025-04-13T10:36:00.000Z</time>
        <extensions>
          <ns3:TrackPointExtension>
            <ns3:hr>160</ns3:hr>
            <ns3:cad>93</ns3:cad>
          </ns3:TrackPointExtension>
        </extensions>
      </trkpt>
      <trkpt lat="51.56646810472011566162109375" lon="-2.949922643601894378662109375">
        <ele>8</ele>
        <time>2025-04-13T10:36:09.000Z</time>
        <extensions>
          <ns3:TrackPointExtension>
            <ns3:hr>161</ns3:hr>
            <ns3:cad>92</ns3:cad>
          </ns3:TrackPointExtension>
        </extensions>
      </trkpt>
      <trkpt lat="51.566662900149822235107421875" lon="-2.95005817897617816925048828125">
        <ele>8</ele>
        <time>2025-04-13T10:36:14.000Z</time>
        <extensions>
          <ns3:TrackPointExtension>
            <ns3:hr>160</ns3:hr>
            <ns3:cad>93</ns3:cad>
          </ns3:TrackPointExtension>
        </extensions>
      </trkpt>
      <trkpt lat="51.56683732755482196807861328125" lon="-2.95021492056548595428466796875">
        <ele>8</ele>
        <time>2025-04-13T10:36:19.000Z</time>
        <extensions>
          <ns3:TrackPointExtension>
            <ns3:hr>160</ns3:hr>
            <ns3:cad>92</ns3:cad>
          </ns3:TrackPointExtension>
        </extensions>
      </trkpt>
      <trkpt lat="51.56699758954346179962158203125" lon="-2.950397394597530364990234375">
        <ele>8</ele>
        <time>2025-04-13T10:36:24.000Z</time>
        <extensions>
          <ns3:TrackPointExtension>
            <ns3:hr>160</ns3:hr>
            <ns3:cad>92</ns3:cad>
          </ns3:TrackPointExtension>
        </extensions>
      </trkpt>
      <trkpt lat="51.56708241440355777740478515625" lon="-2.9505098797380924224853515625">
        <ele>8</ele>
        <time>2025-04-13T10:36:27.000Z</time>
        <extensions>
          <ns3:TrackPointExtension>
            <ns3:hr>157</ns3:hr>
            <ns3:cad>93</ns3:cad>
          </ns3:TrackPointExtension>
        </extensions>
      </trkpt>
      <trkpt lat="51.56724016182124614715576171875" lon="-2.9507257975637912750244140625">
        <ele>9</ele>
        <time>2025-04-13T10:36:33.000Z</time>
        <extensions>
          <ns3:TrackPointExtension>
            <ns3:hr>158</ns3:hr>
            <ns3:cad>92</ns3:cad>
          </ns3:TrackPointExtension>
        </extensions>
      </trkpt>
      <trkpt lat="51.56740159727632999420166015625" lon="-2.950939871370792388916015625">
        <ele>9</ele>
        <time>2025-04-13T10:36:40.000Z</time>
        <extensions>
          <ns3:TrackPointExtension>
            <ns3:hr>155</ns3:hr>
            <ns3:cad>92</ns3:cad>
          </ns3:TrackPointExtension>
        </extensions>
      </trkpt>
      <trkpt lat="51.5675458498299121856689453125" lon="-2.95116106979548931121826171875">
        <ele>9</ele>
        <time>2025-04-13T10:36:46.000Z</time>
        <extensions>
          <ns3:TrackPointExtension>
            <ns3:hr>156</ns3:hr>
            <ns3:cad>92</ns3:cad>
          </ns3:TrackPointExtension>
        </extensions>
      </trkpt>
      <trkpt lat="51.56762002967298030853271484375" lon="-2.95127439312636852264404296875">
        <ele>9.3999996185302734375</ele>
        <time>2025-04-13T10:36:49.000Z</time>
        <extensions>
          <ns3:TrackPointExtension>
            <ns3:hr>159</ns3:hr>
            <ns3:cad>92</ns3:cad>
          </ns3:TrackPointExtension>
        </extensions>
      </trkpt>
      <trkpt lat="51.56776302494108676910400390625" lon="-2.951505146920680999755859375">
        <ele>9</ele>
        <time>2025-04-13T10:36:55.000Z</time>
        <extensions>
          <ns3:TrackPointExtension>
            <ns3:hr>161</ns3:hr>
            <ns3:cad>92</ns3:cad>
          </ns3:TrackPointExtension>
        </extensions>
      </trkpt>
      <trkpt lat="51.56790442764759063720703125" lon="-2.9517321288585662841796875">
        <ele>8.3999996185302734375</ele>
        <time>2025-04-13T10:37:01.000Z</time>
        <extensions>
          <ns3:TrackPointExtension>
            <ns3:hr>159</ns3:hr>
            <ns3:cad>91</ns3:cad>
          </ns3:TrackPointExtension>
        </extensions>
      </trkpt>
      <trkpt lat="51.5680490992963314056396484375" lon="-2.95193052850663661956787109375">
        <ele>9</ele>
        <time>2025-04-13T10:37:07.000Z</time>
        <extensions>
          <ns3:TrackPointExtension>
            <ns3:hr>159</ns3:hr>
            <ns3:cad>91</ns3:cad>
          </ns3:TrackPointExtension>
        </extensions>
      </trkpt>
      <trkpt lat="51.5682103671133518218994140625" lon="-2.95210856013000011444091796875">
        <ele>9.19999980926513671875</ele>
        <time>2025-04-13T10:37:13.000Z</time>
        <extensions>
          <ns3:TrackPointExtension>
            <ns3:hr>159</ns3:hr>
            <ns3:cad>92</ns3:cad>
          </ns3:TrackPointExtension>
        </extensions>
      </trkpt>
      <trkpt lat="51.5683759935200214385986328125" lon="-2.95228726230561733245849609375">
        <ele>9.6000003814697265625</ele>
        <time>2025-04-13T10:37:19.000Z</time>
        <extensions>
          <ns3:TrackPointExtension>
            <ns3:hr>161</ns3:hr>
            <ns3:cad>94</ns3:cad>
          </ns3:TrackPointExtension>
        </extensions>
      </trkpt>
      <trkpt lat="51.56853566877543926239013671875" lon="-2.95247954316437244415283203125">
        <ele>9.3999996185302734375</ele>
        <time>2025-04-13T10:37:25.000Z</time>
        <extensions>
          <ns3:TrackPointExtension>
            <ns3:hr>162</ns3:hr>
            <ns3:cad>93</ns3:cad>
          </ns3:TrackPointExtension>
        </extensions>
      </trkpt>
      <trkpt lat="51.56870682723820209503173828125" lon="-2.95266528613865375518798828125">
        <ele>8.80000019073486328125</ele>
        <time>2025-04-13T10:37:31.000Z</time>
        <extensions>
          <ns3:TrackPointExtension>
            <ns3:hr>161</ns3:hr>
            <ns3:cad>93</ns3:cad>
          </ns3:TrackPointExtension>
        </extensions>
      </trkpt>
      <trkpt lat="51.56885200180113315582275390625" lon="-2.95283812098205089569091796875">
        <ele>9</ele>
        <time>2025-04-13T10:37:36.000Z</time>
        <extensions>
          <ns3:TrackPointExtension>
            <ns3:hr>160</ns3:hr>
            <ns3:cad>93</ns3:cad>
          </ns3:TrackPointExtension>
        </extensions>
      </trkpt>
      <trkpt lat="51.5690220706164836883544921875" lon="-2.95303660444915294647216796875">
        <ele>10.3999996185302734375</ele>
        <time>2025-04-13T10:37:42.000Z</time>
        <extensions>
          <ns3:TrackPointExtension>
            <ns3:hr>161</ns3:hr>
            <ns3:cad>92</ns3:cad>
          </ns3:TrackPointExtension>
        </extensions>
      </trkpt>
      <trkpt lat="51.56919498927891254425048828125" lon="-2.95319954864680767059326171875">
        <ele>10</ele>
        <time>2025-04-13T10:37:48.000Z</time>
        <extensions>
          <ns3:TrackPointExtension>
            <ns3:hr>160</ns3:hr>
            <ns3:cad>91</ns3:cad>
          </ns3:TrackPointExtension>
        </extensions>
      </trkpt>
      <trkpt lat="51.56936598010361194610595703125" lon="-2.9533543623983860015869140625">
        <ele>10.3999996185302734375</ele>
        <time>2025-04-13T10:37:54.000Z</time>
        <extensions>
          <ns3:TrackPointExtension>
            <ns3:hr>160</ns3:hr>
            <ns3:cad>92</ns3:cad>
          </ns3:TrackPointExtension>
        </extensions>
      </trkpt>
      <trkpt lat="51.56954686157405376434326171875" lon="-2.9534844495356082916259765625">
        <ele>9.80000019073486328125</ele>
        <time>2025-04-13T10:38:00.000Z</time>
        <extensions>
          <ns3:TrackPointExtension>
            <ns3:hr>158</ns3:hr>
            <ns3:cad>92</ns3:cad>
          </ns3:TrackPointExtension>
        </extensions>
      </trkpt>
      <trkpt lat="51.569721288979053497314453125" lon="-2.95360565185546875">
        <ele>8.6000003814697265625</ele>
        <time>2025-04-13T10:38:06.000Z</time>
        <extensions>
          <ns3:TrackPointExtension>
            <ns3:hr>158</ns3:hr>
            <ns3:cad>91</ns3:cad>
          </ns3:TrackPointExtension>
        </extensions>
      </trkpt>
      <trkpt lat="51.56989722512662410736083984375" lon="-2.9537141136825084686279296875">
        <ele>8</ele>
        <time>2025-04-13T10:38:12.000Z</time>
        <extensions>
          <ns3:TrackPointExtension>
            <ns3:hr>160</ns3:hr>
            <ns3:cad>92</ns3:cad>
          </ns3:TrackPointExtension>
        </extensions>
      </trkpt>
      <trkpt lat="51.570079363882541656494140625" lon="-2.9537932388484477996826171875">
        <ele>8.3999996185302734375</ele>
        <time>2025-04-13T10:38:18.000Z</time>
        <extensions>
          <ns3:TrackPointExtension>
            <ns3:hr>159</ns3:hr>
            <ns3:cad>93</ns3:cad>
          </ns3:TrackPointExtension>
        </extensions>
      </trkpt>
      <trkpt lat="51.57026611268520355224609375" lon="-2.95390379615128040313720703125">
        <ele>9.19999980926513671875</ele>
        <time>2025-04-13T10:38:24.000Z</time>
        <extensions>
          <ns3:TrackPointExtension>
            <ns3:hr>157</ns3:hr>
            <ns3:cad>92</ns3:cad>
          </ns3:TrackPointExtension>
        </extensions>
      </trkpt>
      <trkpt lat="51.570454873144626617431640625" lon="-2.95398677699267864227294921875">
        <ele>9.19999980926513671875</ele>
        <time>2025-04-13T10:38:30.000Z</time>
        <extensions>
          <ns3:TrackPointExtension>
            <ns3:hr>159</ns3:hr>
            <ns3:cad>93</ns3:cad>
          </ns3:TrackPointExtension>
        </extensions>
      </trkpt>
      <trkpt lat="51.57054514624178409576416015625" lon="-2.95402533374726772308349609375">
        <ele>9</ele>
        <time>2025-04-13T10:38:33.000Z</time>
        <extensions>
          <ns3:TrackPointExtension>
            <ns3:hr>162</ns3:hr>
            <ns3:cad>93</ns3:cad>
          </ns3:TrackPointExtension>
        </extensions>
      </trkpt>
      <trkpt lat="51.57073876820504665374755859375" lon="-2.954081408679485321044921875">
        <ele>8.19999980926513671875</ele>
        <time>2025-04-13T10:38:39.000Z</time>
        <extensions>
          <ns3:TrackPointExtension>
            <ns3:hr>164</ns3:hr>
            <ns3:cad>94</ns3:cad>
          </ns3:TrackPointExtension>
        </extensions>
      </trkpt>
      <trkpt lat="51.57091864384710788726806640625" lon="-2.954128682613372802734375">
        <ele>7.80000019073486328125</ele>
        <time>2025-04-13T10:38:44.000Z</time>
        <extensions>
          <ns3:TrackPointExtension>
            <ns3:hr>163</ns3:hr>
            <ns3:cad>94</ns3:cad>
          </ns3:TrackPointExtension>
        </extensions>
      </trkpt>
      <trkpt lat="51.571102626621723175048828125" lon="-2.954162545502185821533203125">
        <ele>7.599999904632568359375</ele>
        <time>2025-04-13T10:38:49.000Z</time>
        <extensions>
          <ns3:TrackPointExtension>
            <ns3:hr>162</ns3:hr>
            <ns3:cad>93</ns3:cad>
          </ns3:TrackPointExtension>
        </extensions>
      </trkpt>
      <trkpt lat="51.5713133476674556732177734375" lon="-2.954195402562618255615234375">
        <ele>8.3999996185302734375</ele>
        <time>2025-04-13T10:38:55.000Z</time>
        <extensions>
          <ns3:TrackPointExtension>
            <ns3:hr>160</ns3:hr>
            <ns3:cad>93</ns3:cad>
          </ns3:TrackPointExtension>
        </extensions>
      </trkpt>
      <trkpt lat="51.571509651839733123779296875" lon="-2.954216189682483673095703125">
        <ele>9</ele>
        <time>2025-04-13T10:39:01.000Z</time>
        <extensions>
          <ns3:TrackPointExtension>
            <ns3:hr>160</ns3:hr>
            <ns3:cad>92</ns3:cad>
          </ns3:TrackPointExtension>
        </extensions>
      </trkpt>
      <trkpt lat="51.5716977417469024658203125" lon="-2.954228930175304412841796875">
        <ele>9</ele>
        <time>2025-04-13T10:39:07.000Z</time>
        <extensions>
          <ns3:TrackPointExtension>
            <ns3:hr>158</ns3:hr>
            <ns3:cad>93</ns3:cad>
          </ns3:TrackPointExtension>
        </extensions>
      </trkpt>
      <trkpt lat="51.57180109061300754547119140625" lon="-2.95424661599099636077880859375">
        <ele>8.80000019073486328125</ele>
        <time>2025-04-13T10:39:10.000Z</time>
        <extensions>
          <ns3:TrackPointExtension>
            <ns3:hr>155</ns3:hr>
            <ns3:cad>93</ns3:cad>
          </ns3:TrackPointExtension>
        </extensions>
      </trkpt>
      <trkpt lat="51.5718347020447254180908203125" lon="-2.95425332151353359222412109375">
        <ele>8.80000019073486328125</ele>
        <time>2025-04-13T10:39:11.000Z</time>
        <extensions>
          <ns3:TrackPointExtension>
            <ns3:hr>152</ns3:hr>
            <ns3:cad>93</ns3:cad>
          </ns3:TrackPointExtension>
        </extensions>
      </trkpt>
      <trkpt lat="51.57187032513320446014404296875" lon="-2.9542586021125316619873046875">
        <ele>8.80000019073486328125</ele>
        <time>2025-04-13T10:39:12.000Z</time>
        <extensions>
          <ns3:TrackPointExtension>
            <ns3:hr>148</ns3:hr>
            <ns3:cad>93</ns3:cad>
          </ns3:TrackPointExtension>
        </extensions>
      </trkpt>
      <trkpt lat="51.5719042718410491943359375" lon="-2.95426170341670513153076171875">
        <ele>8.80000019073486328125</ele>
        <time>2025-04-13T10:39:13.000Z</time>
        <extensions>
          <ns3:TrackPointExtension>
            <ns3:hr>145</ns3:hr>
            <ns3:cad>93</ns3:cad>
          </ns3:TrackPointExtension>
        </extensions>
      </trkpt>
      <trkpt lat="51.57194073311984539031982421875" lon="-2.95426740311086177825927734375">
        <ele>9</ele>
        <time>2025-04-13T10:39:14.000Z</time>
        <extensions>
          <ns3:TrackPointExtension>
            <ns3:hr>141</ns3:hr>
            <ns3:cad>93</ns3:cad>
          </ns3:TrackPointExtension>
        </extensions>
      </trkpt>
      <trkpt lat="51.5719771943986415863037109375" lon="-2.954273521900177001953125">
        <ele>9</ele>
        <time>2025-04-13T10:39:15.000Z</time>
        <extensions>
          <ns3:TrackPointExtension>
            <ns3:hr>140</ns3:hr>
            <ns3:cad>93</ns3:cad>
          </ns3:TrackPointExtension>
        </extensions>
      </trkpt>
      <trkpt lat="51.572043411433696746826171875" lon="-2.954284250736236572265625">
        <ele>9</ele>
        <time>2025-04-13T10:39:17.000Z</time>
        <extensions>
          <ns3:TrackPointExtension>
            <ns3:hr>136</ns3:hr>
            <ns3:cad>93</ns3:cad>
          </ns3:TrackPointExtension>
        </extensions>
      </trkpt>
      <trkpt lat="51.572243906557559967041015625" lon="-2.954308055341243743896484375">
        <ele>9</ele>
        <time>2025-04-13T10:39:23.000Z</time>
        <extensions>
          <ns3:TrackPointExtension>
            <ns3:hr>138</ns3:hr>
            <ns3:cad>93</ns3:cad>
          </ns3:TrackPointExtension>
        </extensions>
      </trkpt>
      <trkpt lat="51.5724593214690685272216796875" lon="-2.9543457739055156707763671875">
        <ele>9.6000003814697265625</ele>
        <time>2025-04-13T10:39:29.000Z</time>
        <extensions>
          <ns3:TrackPointExtension>
            <ns3:hr>140</ns3:hr>
            <ns3:cad>93</ns3:cad>
          </ns3:TrackPointExtension>
        </extensions>
      </trkpt>
      <trkpt lat="51.5726410411298274993896484375" lon="-2.95439489185810089111328125">
        <ele>9.19999980926513671875</ele>
        <time>2025-04-13T10:39:34.000Z</time>
        <extensions>
          <ns3:TrackPointExtension>
            <ns3:hr>141</ns3:hr>
            <ns3:cad>94</ns3:cad>
          </ns3:TrackPointExtension>
        </extensions>
      </trkpt>
      <trkpt lat="51.572671718895435333251953125" lon="-2.95447175391018390655517578125">
        <ele>9</ele>
        <time>2025-04-13T10:39:36.000Z</time>
        <extensions>
          <ns3:TrackPointExtension>
            <ns3:hr>141</ns3:hr>
            <ns3:cad>93</ns3:cad>
          </ns3:TrackPointExtension>
        </extensions>
      </trkpt>
      <trkpt lat="51.57262167893350124359130859375" lon="-2.9547925293445587158203125">
        <ele>7.599999904632568359375</ele>
        <time>2025-04-13T10:39:42.000Z</time>
        <extensions>
          <ns3:TrackPointExtension>
            <ns3:hr>143</ns3:hr>
            <ns3:cad>92</ns3:cad>
          </ns3:TrackPointExtension>
        </extensions>
      </trkpt>
      <trkpt lat="51.5725327469408512115478515625" lon="-2.955089919269084930419921875">
        <ele>6.19999980926513671875</ele>
        <time>2025-04-13T10:39:48.000Z</time>
        <extensions>
          <ns3:TrackPointExtension>
            <ns3:hr>146</ns3:hr>
            <ns3:cad>94</ns3:cad>
          </ns3:TrackPointExtension>
        </extensions>
      </trkpt>
      <trkpt lat="51.57243023626506328582763671875" lon="-2.9553586430847644805908203125">
        <ele>6.80000019073486328125</ele>
        <time>2025-04-13T10:39:54.000Z</time>
        <extensions>
          <ns3:TrackPointExtension>
            <ns3:hr>147</ns3:hr>
            <ns3:cad>93</ns3:cad>
          </ns3:TrackPointExtension>
        </extensions>
      </trkpt>
      <trkpt lat="51.5722782723605632781982421875" lon="-2.95556433498859405517578125">
        <ele>7</ele>
        <time>2025-04-13T10:40:00.000Z</time>
        <extensions>
          <ns3:TrackPointExtension>
            <ns3:hr>150</ns3:hr>
            <ns3:cad>92</ns3:cad>
          </ns3:TrackPointExtension>
        </extensions>
      </trkpt>
      <trkpt lat="51.57219462096691131591796875" lon="-2.9556481540203094482421875">
        <ele>7.19999980926513671875</ele>
        <time>2025-04-13T10:40:03.000Z</time>
        <extensions>
          <ns3:TrackPointExtension>
            <ns3:hr>153</ns3:hr>
            <ns3:cad>92</ns3:cad>
          </ns3:TrackPointExtension>
        </extensions>
      </trkpt>
      <trkpt lat="51.57202723436057567596435546875" lon="-2.9558240063488483428955078125">
        <ele>7.80000019073486328125</ele>
        <time>2025-04-13T10:40:09.000Z</time>
        <extensions>
          <ns3:TrackPointExtension>
            <ns3:hr>152</ns3:hr>
            <ns3:cad>92</ns3:cad>
          </ns3:TrackPointExtension>
        </extensions>
      </trkpt>
      <trkpt lat="51.5718903578817844390869140625" lon="-2.9559668339788913726806640625">
        <ele>8.19999980926513671875</ele>
        <time>2025-04-13T10:40:14.000Z</time>
        <extensions>
          <ns3:TrackPointExtension>
            <ns3:hr>155</ns3:hr>
            <ns3:cad>92</ns3:cad>
          </ns3:TrackPointExtension>
        </extensions>
      </trkpt>
      <trkpt lat="51.57180746085941791534423828125" lon="-2.95606096275150775909423828125">
        <ele>8.19999980926513671875</ele>
        <time>2025-04-13T10:40:17.000Z</time>
        <extensions>
          <ns3:TrackPointExtension>
            <ns3:hr>158</ns3:hr>
            <ns3:cad>92</ns3:cad>
          </ns3:TrackPointExtension>
        </extensions>
      </trkpt>
      <trkpt lat="51.57163647003471851348876953125" lon="-2.9562568478286266326904296875">
        <ele>8</ele>
        <time>2025-04-13T10:40:23.000Z</time>
        <extensions>
          <ns3:TrackPointExtension>
            <ns3:hr>159</ns3:hr>
            <ns3:cad>93</ns3:cad>
          </ns3:TrackPointExtension>
        </extensions>
      </trkpt>
      <trkpt lat="51.571467407047748565673828125" lon="-2.95642021112143993377685546875">
        <ele>7.400000095367431640625</ele>
        <time>2025-04-13T10:40:29.000Z</time>
        <extensions>
          <ns3:TrackPointExtension>
            <ns3:hr>157</ns3:hr>
            <ns3:cad>92</ns3:cad>
          </ns3:TrackPointExtension>
        </extensions>
      </trkpt>
      <trkpt lat="51.57130773179233074188232421875" lon="-2.9566083848476409912109375">
        <ele>7</ele>
        <time>2025-04-13T10:40:35.000Z</time>
        <extensions>
          <ns3:TrackPointExtension>
            <ns3:hr>156</ns3:hr>
            <ns3:cad>92</ns3:cad>
          </ns3:TrackPointExtension>
        </extensions>
      </trkpt>
      <trkpt lat="51.571210920810699462890625" lon="-2.95672514475882053375244140625">
        <ele>7</ele>
        <time>2025-04-13T10:40:39.000Z</time>
        <extensions>
          <ns3:TrackPointExtension>
            <ns3:hr>159</ns3:hr>
            <ns3:cad>92</ns3:cad>
          </ns3:TrackPointExtension>
        </extensions>
      </trkpt>
      <trkpt lat="51.57106046564877033233642578125" lon="-2.95688624493777751922607421875">
        <ele>7</ele>
        <time>2025-04-13T10:40:45.000Z</time>
        <extensions>
          <ns3:TrackPointExtension>
            <ns3:hr>158</ns3:hr>
            <ns3:cad>92</ns3:cad>
          </ns3:TrackPointExtension>
        </extensions>
      </trkpt>
      <trkpt lat="51.5708761475980281829833984375" lon="-2.95700929127633571624755859375">
        <ele>7</ele>
        <time>2025-04-13T10:40:51.000Z</time>
        <extensions>
          <ns3:TrackPointExtension>
            <ns3:hr>156</ns3:hr>
            <ns3:cad>92</ns3:cad>
          </ns3:TrackPointExtension>
        </extensions>
      </trkpt>
      <trkpt lat="51.57069065608084201812744140625" lon="-2.9571568965911865234375">
        <ele>7</ele>
        <time>2025-04-13T10:40:57.000Z</time>
        <extensions>
          <ns3:TrackPointExtension>
            <ns3:hr>153</ns3:hr>
            <ns3:cad>93</ns3:cad>
          </ns3:TrackPointExtension>
        </extensions>
      </trkpt>
      <trkpt lat="51.57063449732959270477294921875" lon="-2.95721297152340412139892578125">
        <ele>7</ele>
        <time>2025-04-13T10:40:59.000Z</time>
        <extensions>
          <ns3:TrackPointExtension>
            <ns3:hr>145</ns3:hr>
            <ns3:cad>93</ns3:cad>
          </ns3:TrackPointExtension>
        </extensions>
      </trkpt>
      <trkpt lat="51.57060943543910980224609375" lon="-2.957241721451282501220703125">
        <ele>7</ele>
        <time>2025-04-13T10:41:00.000Z</time>
        <extensions>
          <ns3:TrackPointExtension>
            <ns3:hr>141</ns3:hr>
            <ns3:cad>93</ns3:cad>
          </ns3:TrackPointExtension>
        </extensions>
      </trkpt>
      <trkpt lat="51.570584960281848907470703125" lon="-2.95726946555078029632568359375">
        <ele>7</ele>
        <time>2025-04-13T10:41:01.000Z</time>
        <extensions>
          <ns3:TrackPointExtension>
            <ns3:hr>136</ns3:hr>
            <ns3:cad>93</ns3:cad>
          </ns3:TrackPointExtension>
        </extensions>
      </trkpt>
      <trkpt lat="51.5704773366451263427734375" lon="-2.957393266260623931884765625">
        <ele>7.19999980926513671875</ele>
        <time>2025-04-13T10:41:05.000Z</time>
        <extensions>
          <ns3:TrackPointExtension>
            <ns3:hr>133</ns3:hr>
            <ns3:cad>92</ns3:cad>
          </ns3:TrackPointExtension>
        </extensions>
      </trkpt>
      <trkpt lat="51.5704210102558135986328125" lon="-2.95745051465928554534912109375">
        <ele>7.19999980926513671875</ele>
        <time>2025-04-13T10:41:07.000Z</time>
        <extensions>
          <ns3:TrackPointExtension>
            <ns3:hr>138</ns3:hr>
            <ns3:cad>92</ns3:cad>
          </ns3:TrackPointExtension>
        </extensions>
      </trkpt>
      <trkpt lat="51.5703943558037281036376953125" lon="-2.95748471282422542572021484375">
        <ele>7.19999980926513671875</ele>
        <time>2025-04-13T10:41:08.000Z</time>
        <extensions>
          <ns3:TrackPointExtension>
            <ns3:hr>138</ns3:hr>
            <ns3:cad>92</ns3:cad>
          </ns3:TrackPointExtension>
        </extensions>
      </trkpt>
      <trkpt lat="51.57022328115999698638916015625" lon="-2.95765536837279796600341796875">
        <ele>7.19999980926513671875</ele>
        <time>2025-04-13T10:41:14.000Z</time>
        <extensions>
          <ns3:TrackPointExtension>
            <ns3:hr>139</ns3:hr>
            <ns3:cad>92</ns3:cad>
          </ns3:TrackPointExtension>
        </extensions>
      </trkpt>
      <trkpt lat="51.57006268389523029327392578125" lon="-2.95779350213706493377685546875">
        <ele>7.80000019073486328125</ele>
        <time>2025-04-13T10:41:20.000Z</time>
        <extensions>
          <ns3:TrackPointExtension>
            <ns3:hr>139</ns3:hr>
            <ns3:cad>93</ns3:cad>
          </ns3:TrackPointExtension>
        </extensions>
      </trkpt>
      <trkpt lat="51.569903679192066192626953125" lon="-2.9579654149711132049560546875">
        <ele>7.400000095367431640625</ele>
        <time>2025-04-13T10:41:26.000Z</time>
        <extensions>
          <ns3:TrackPointExtension>
            <ns3:hr>140</ns3:hr>
            <ns3:cad>92</ns3:cad>
          </ns3:TrackPointExtension>
        </extensions>
      </trkpt>
      <trkpt lat="51.5697928704321384429931640625" lon="-2.958087958395481109619140625">
        <ele>6.599999904632568359375</ele>
        <time>2025-04-13T10:41:30.000Z</time>
        <extensions>
          <ns3:TrackPointExtension>
            <ns3:hr>143</ns3:hr>
            <ns3:cad>94</ns3:cad>
          </ns3:TrackPointExtension>
        </extensions>
      </trkpt>
      <trkpt lat="51.5696460194885730743408203125" lon="-2.95834033749997615814208984375">
        <ele>5.400000095367431640625</ele>
        <time>2025-04-13T10:41:36.000Z</time>
        <extensions>
          <ns3:TrackPointExtension>
            <ns3:hr>146</ns3:hr>
            <ns3:cad>92</ns3:cad>
          </ns3:TrackPointExtension>
        </extensions>
      </trkpt>
      <trkpt lat="51.5695005096495151519775390625" lon="-2.95857151038944721221923828125">
        <ele>5</ele>
        <time>2025-04-13T10:41:42.000Z</time>
        <extensions>
          <ns3:TrackPointExtension>
            <ns3:hr>145</ns3:hr>
            <ns3:cad>93</ns3:cad>
          </ns3:TrackPointExtension>
        </extensions>
      </trkpt>
      <trkpt lat="51.56935810111463069915771484375" lon="-2.95881785452365875244140625">
        <ele>6</ele>
        <time>2025-04-13T10:41:48.000Z</time>
        <extensions>
          <ns3:TrackPointExtension>
            <ns3:hr>143</ns3:hr>
            <ns3:cad>93</ns3:cad>
          </ns3:TrackPointExtension>
        </extensions>
      </trkpt>
      <trkpt lat="51.56931803561747074127197265625" lon="-2.958909384906291961669921875">
        <ele>6.599999904632568359375</ele>
        <time>2025-04-13T10:41:50.000Z</time>
        <extensions>
          <ns3:TrackPointExtension>
            <ns3:hr>140</ns3:hr>
            <ns3:cad>93</ns3:cad>
          </ns3:TrackPointExtension>
        </extensions>
      </trkpt>
      <trkpt lat="51.569185517728328704833984375" lon="-2.95918573625385761260986328125">
        <ele>8.6000003814697265625</ele>
        <time>2025-04-13T10:41:56.000Z</time>
        <extensions>
          <ns3:TrackPointExtension>
            <ns3:hr>141</ns3:hr>
            <ns3:cad>93</ns3:cad>
          </ns3:TrackPointExtension>
        </extensions>
      </trkpt>
      <trkpt lat="51.5690852701663970947265625" lon="-2.95943199656903743743896484375">
        <ele>9.19999980926513671875</ele>
        <time>2025-04-13T10:42:01.000Z</time>
        <extensions>
          <ns3:TrackPointExtension>
            <ns3:hr>142</ns3:hr>
            <ns3:cad>92</ns3:cad>
          </ns3:TrackPointExtension>
        </extensions>
      </trkpt>
      <trkpt lat="51.56899340450763702392578125" lon="-2.959688566625118255615234375">
        <ele>8.80000019073486328125</ele>
        <time>2025-04-13T10:42:06.000Z</time>
        <extensions>
          <ns3:TrackPointExtension>
            <ns3:hr>142</ns3:hr>
            <ns3:cad>92</ns3:cad>
          </ns3:TrackPointExtension>
        </extensions>
      </trkpt>
      <trkpt lat="51.5688745491206645965576171875" lon="-2.9599378444254398345947265625">
        <ele>9</ele>
        <time>2025-04-13T10:42:12.000Z</time>
        <extensions>
          <ns3:TrackPointExtension>
            <ns3:hr>144</ns3:hr>
            <ns3:cad>91</ns3:cad>
          </ns3:TrackPointExtension>
        </extensions>
      </trkpt>
      <trkpt lat="51.5687206573784351348876953125" lon="-2.96011897735297679901123046875">
        <ele>12</ele>
        <time>2025-04-13T10:42:18.000Z</time>
        <extensions>
          <ns3:TrackPointExtension>
            <ns3:hr>145</ns3:hr>
            <ns3:cad>91</ns3:cad>
          </ns3:TrackPointExtension>
        </extensions>
      </trkpt>
      <trkpt lat="51.568567268550395965576171875" lon="-2.96028376556932926177978515625">
        <ele>14</ele>
        <time>2025-04-13T10:42:24.000Z</time>
        <extensions>
          <ns3:TrackPointExtension>
            <ns3:hr>145</ns3:hr>
            <ns3:cad>91</ns3:cad>
          </ns3:TrackPointExtension>
        </extensions>
      </trkpt>
      <trkpt lat="51.56841279007494449615478515625" lon="-2.96045274473726749420166015625">
        <ele>16</ele>
        <time>2025-04-13T10:42:30.000Z</time>
        <extensions>
          <ns3:TrackPointExtension>
            <ns3:hr>147</ns3:hr>
            <ns3:cad>90</ns3:cad>
          </ns3:TrackPointExtension>
        </extensions>
      </trkpt>
      <trkpt lat="51.56826375983655452728271484375" lon="-2.96061602421104907989501953125">
        <ele>16.6000003814697265625</ele>
        <time>2025-04-13T10:42:36.000Z</time>
        <extensions>
          <ns3:TrackPointExtension>
            <ns3:hr>147</ns3:hr>
            <ns3:cad>90</ns3:cad>
          </ns3:TrackPointExtension>
        </extensions>
      </trkpt>
      <trkpt lat="51.5681091137230396270751953125" lon="-2.9607817344367504119873046875">
        <ele>15.3999996185302734375</ele>
        <time>2025-04-13T10:42:42.000Z</time>
        <extensions>
          <ns3:TrackPointExtension>
            <ns3:hr>149</ns3:hr>
            <ns3:cad>90</ns3:cad>
          </ns3:TrackPointExtension>
        </extensions>
      </trkpt>
      <trkpt lat="51.56794407404959201812744140625" lon="-2.9609399847686290740966796875">
        <ele>13.6000003814697265625</ele>
        <time>2025-04-13T10:42:48.000Z</time>
        <extensions>
          <ns3:TrackPointExtension>
            <ns3:hr>148</ns3:hr>
            <ns3:cad>91</ns3:cad>
          </ns3:TrackPointExtension>
        </extensions>
      </trkpt>
      <trkpt lat="51.567823626101016998291015625" lon="-2.9611149989068508148193359375">
        <ele>11.80000019073486328125</ele>
        <time>2025-04-13T10:42:53.000Z</time>
        <extensions>
          <ns3:TrackPointExtension>
            <ns3:hr>147</ns3:hr>
            <ns3:cad>90</ns3:cad>
          </ns3:TrackPointExtension>
        </extensions>
      </trkpt>
      <trkpt lat="51.56768507324159145355224609375" lon="-2.961370982229709625244140625">
        <ele>10.19999980926513671875</ele>
        <time>2025-04-13T10:42:59.000Z</time>
        <extensions>
          <ns3:TrackPointExtension>
            <ns3:hr>150</ns3:hr>
            <ns3:cad>91</ns3:cad>
          </ns3:TrackPointExtension>
        </extensions>
      </trkpt>
      <trkpt lat="51.5675441734492778778076171875" lon="-2.96161481179296970367431640625">
        <ele>8.80000019073486328125</ele>
        <time>2025-04-13T10:43:05.000Z</time>
        <extensions>
          <ns3:TrackPointExtension>
            <ns3:hr>151</ns3:hr>
            <ns3:cad>91</ns3:cad>
          </ns3:TrackPointExtension>
        </extensions>
      </trkpt>
      <trkpt lat="51.567412912845611572265625" lon="-2.96186274848878383636474609375">
        <ele>7.80000019073486328125</ele>
        <time>2025-04-13T10:43:11.000Z</time>
        <extensions>
          <ns3:TrackPointExtension>
            <ns3:hr>149</ns3:hr>
            <ns3:cad>92</ns3:cad>
          </ns3:TrackPointExtension>
        </extensions>
      </trkpt>
      <trkpt lat="51.567306630313396453857421875" lon="-2.9621362499892711639404296875">
        <ele>7.19999980926513671875</ele>
        <time>2025-04-13T10:43:17.000Z</time>
        <extensions>
          <ns3:TrackPointExtension>
            <ns3:hr>150</ns3:hr>
            <ns3:cad>92</ns3:cad>
          </ns3:TrackPointExtension>
        </extensions>
      </trkpt>
      <trkpt lat="51.5672139264643192291259765625" lon="-2.96242182143032550811767578125">
        <ele>7</ele>
        <time>2025-04-13T10:43:23.000Z</time>
        <extensions>
          <ns3:TrackPointExtension>
            <ns3:hr>150</ns3:hr>
            <ns3:cad>92</ns3:cad>
          </ns3:TrackPointExtension>
        </extensions>
      </trkpt>
      <trkpt lat="51.56713035888969898223876953125" lon="-2.96272289939224720001220703125">
        <ele>7.80000019073486328125</ele>
        <time>2025-04-13T10:43:29.000Z</time>
        <extensions>
          <ns3:TrackPointExtension>
            <ns3:hr>148</ns3:hr>
            <ns3:cad>93</ns3:cad>
          </ns3:TrackPointExtension>
        </extensions>
      </trkpt>
      <trkpt lat="51.5670553408563137054443359375" lon="-2.96302800066769123077392578125">
        <ele>8.6000003814697265625</ele>
        <time>2025-04-13T10:43:35.000Z</time>
        <extensions>
          <ns3:TrackPointExtension>
            <ns3:hr>149</ns3:hr>
            <ns3:cad>93</ns3:cad>
          </ns3:TrackPointExtension>
        </extensions>
      </trkpt>
      <trkpt lat="51.5669859386980533599853515625" lon="-2.96334005892276763916015625">
        <ele>9</ele>
        <time>2025-04-13T10:43:41.000Z</time>
        <extensions>
          <ns3:TrackPointExtension>
            <ns3:hr>148</ns3:hr>
            <ns3:cad>94</ns3:cad>
          </ns3:TrackPointExtension>
        </extensions>
      </trkpt>
      <trkpt lat="51.5669366531074047088623046875" lon="-2.963634766638278961181640625">
        <ele>10.6000003814697265625</ele>
        <time>2025-04-13T10:43:47.000Z</time>
        <extensions>
          <ns3:TrackPointExtension>
            <ns3:hr>147</ns3:hr>
            <ns3:cad>94</ns3:cad>
          </ns3:TrackPointExtension>
        </extensions>
      </trkpt>
      <trkpt lat="51.56689281575381755828857421875" lon="-2.96396635472774505615234375">
        <ele>14.19999980926513671875</ele>
        <time>2025-04-13T10:43:54.000Z</time>
        <extensions>
          <ns3:TrackPointExtension>
            <ns3:hr>145</ns3:hr>
            <ns3:cad>95</ns3:cad>
          </ns3:TrackPointExtension>
        </extensions>
      </trkpt>
      <trkpt lat="51.56686247326433658599853515625" lon="-2.96427589841187000274658203125">
        <ele>17</ele>
        <time>2025-04-13T10:44:00.000Z</time>
        <extensions>
          <ns3:TrackPointExtension>
            <ns3:hr>146</ns3:hr>
            <ns3:cad>94</ns3:cad>
          </ns3:TrackPointExtension>
        </extensions>
      </trkpt>
      <trkpt lat="51.56685694120824337005615234375" lon="-2.96462508849799633026123046875">
        <ele>20</ele>
        <time>2025-04-13T10:44:06.000Z</time>
        <extensions>
          <ns3:TrackPointExtension>
            <ns3:hr>145</ns3:hr>
            <ns3:cad>95</ns3:cad>
          </ns3:TrackPointExtension>
        </extensions>
      </trkpt>
      <trkpt lat="51.5668293647468090057373046875" lon="-2.964969836175441741943359375">
        <ele>20.200000762939453125</ele>
        <time>2025-04-13T10:44:12.000Z</time>
        <extensions>
          <ns3:TrackPointExtension>
            <ns3:hr>145</ns3:hr>
            <ns3:cad>95</ns3:cad>
          </ns3:TrackPointExtension>
        </extensions>
      </trkpt>
      <trkpt lat="51.56681385822594165802001953125" lon="-2.9653041064739227294921875">
        <ele>18</ele>
        <time>2025-04-13T10:44:18.000Z</time>
        <extensions>
          <ns3:TrackPointExtension>
            <ns3:hr>145</ns3:hr>
            <ns3:cad>95</ns3:cad>
          </ns3:TrackPointExtension>
        </extensions>
      </trkpt>
      <trkpt lat="51.56677731312811374664306640625" lon="-2.965609543025493621826171875">
        <ele>14.80000019073486328125</ele>
        <time>2025-04-13T10:44:24.000Z</time>
        <extensions>
          <ns3:TrackPointExtension>
            <ns3:hr>146</ns3:hr>
            <ns3:cad>95</ns3:cad>
          </ns3:TrackPointExtension>
        </extensions>
      </trkpt>
      <trkpt lat="51.56674060039222240447998046875" lon="-2.9659210145473480224609375">
        <ele>12.3999996185302734375</ele>
        <time>2025-04-13T10:44:30.000Z</time>
        <extensions>
          <ns3:TrackPointExtension>
            <ns3:hr>146</ns3:hr>
            <ns3:cad>95</ns3:cad>
          </ns3:TrackPointExtension>
        </extensions>
      </trkpt>
      <trkpt lat="51.5667177177965641021728515625" lon="-2.96627297066152095794677734375">
        <ele>10.80000019073486328125</ele>
        <time>2025-04-13T10:44:36.000Z</time>
        <extensions>
          <ns3:TrackPointExtension>
            <ns3:hr>145</ns3:hr>
            <ns3:cad>94</ns3:cad>
          </ns3:TrackPointExtension>
        </extensions>
      </trkpt>
      <trkpt lat="51.56668477691709995269775390625" lon="-2.9665669240057468414306640625">
        <ele>9.80000019073486328125</ele>
        <time>2025-04-13T10:44:41.000Z</time>
        <extensions>
          <ns3:TrackPointExtension>
            <ns3:hr>147</ns3:hr>
            <ns3:cad>94</ns3:cad>
          </ns3:TrackPointExtension>
        </extensions>
      </trkpt>
      <trkpt lat="51.56663767062127590179443359375" lon="-2.96689331531524658203125">
        <ele>8.80000019073486328125</ele>
        <time>2025-04-13T10:44:47.000Z</time>
        <extensions>
          <ns3:TrackPointExtension>
            <ns3:hr>147</ns3:hr>
            <ns3:cad>94</ns3:cad>
          </ns3:TrackPointExtension>
        </extensions>
      </trkpt>
      <trkpt lat="51.5666308812797069549560546875" lon="-2.96722163446247577667236328125">
        <ele>8.80000019073486328125</ele>
        <time>2025-04-13T10:44:53.000Z</time>
        <extensions>
          <ns3:TrackPointExtension>
            <ns3:hr>145</ns3:hr>
            <ns3:cad>94</ns3:cad>
          </ns3:TrackPointExtension>
        </extensions>
      </trkpt>
      <trkpt lat="51.566636748611927032470703125" lon="-2.967540062963962554931640625">
        <ele>9</ele>
        <time>2025-04-13T10:44:59.000Z</time>
        <extensions>
          <ns3:TrackPointExtension>
            <ns3:hr>145</ns3:hr>
            <ns3:cad>93</ns3:cad>
          </ns3:TrackPointExtension>
        </extensions>
      </trkpt>
      <trkpt lat="51.56664487905800342559814453125" lon="-2.967869974672794342041015625">
        <ele>9.80000019073486328125</ele>
        <time>2025-04-13T10:45:05.000Z</time>
        <extensions>
          <ns3:TrackPointExtension>
            <ns3:hr>147</ns3:hr>
            <ns3:cad>94</ns3:cad>
          </ns3:TrackPointExtension>
        </extensions>
      </trkpt>
      <trkpt lat="51.566626019775867462158203125" lon="-2.96817381866276264190673828125">
        <ele>10</ele>
        <time>2025-04-13T10:45:11.000Z</time>
        <extensions>
          <ns3:TrackPointExtension>
            <ns3:hr>149</ns3:hr>
            <ns3:cad>94</ns3:cad>
          </ns3:TrackPointExtension>
        </extensions>
      </trkpt>
      <trkpt lat="51.56661051325500011444091796875" lon="-2.968488223850727081298828125">
        <ele>10.6000003814697265625</ele>
        <time>2025-04-13T10:45:17.000Z</time>
        <extensions>
          <ns3:TrackPointExtension>
            <ns3:hr>147</ns3:hr>
            <ns3:cad>94</ns3:cad>
          </ns3:TrackPointExtension>
        </extensions>
      </trkpt>
      <trkpt lat="51.56658905558288097381591796875" lon="-2.9688102565705776214599609375">
        <ele>10.3999996185302734375</ele>
        <time>2025-04-13T10:45:23.000Z</time>
        <extensions>
          <ns3:TrackPointExtension>
            <ns3:hr>146</ns3:hr>
            <ns3:cad>93</ns3:cad>
          </ns3:TrackPointExtension>
        </extensions>
      </trkpt>
      <trkpt lat="51.56657832674682140350341796875" lon="-2.96910689212381839752197265625">
        <ele>10.19999980926513671875</ele>
        <time>2025-04-13T10:45:28.000Z</time>
        <extensions>
          <ns3:TrackPointExtension>
            <ns3:hr>145</ns3:hr>
            <ns3:cad>94</ns3:cad>
          </ns3:TrackPointExtension>
        </extensions>
      </trkpt>
      <trkpt lat="51.5665795840322971343994140625" lon="-2.969398833811283111572265625">
        <ele>10</ele>
        <time>2025-04-13T10:45:33.000Z</time>
        <extensions>
          <ns3:TrackPointExtension>
            <ns3:hr>145</ns3:hr>
            <ns3:cad>94</ns3:cad>
          </ns3:TrackPointExtension>
        </extensions>
      </trkpt>
      <trkpt lat="51.5666818432509899139404296875" lon="-2.9696531407535076141357421875">
        <ele>10</ele>
        <time>2025-04-13T10:45:38.000Z</time>
        <extensions>
          <ns3:TrackPointExtension>
            <ns3:hr>146</ns3:hr>
            <ns3:cad>95</ns3:cad>
          </ns3:TrackPointExtension>
        </extensions>
      </trkpt>
      <trkpt lat="51.5668511576950550079345703125" lon="-2.96978850848972797393798828125">
        <ele>9.6000003814697265625</ele>
        <time>2025-04-13T10:45:43.000Z</time>
        <extensions>
          <ns3:TrackPointExtension>
            <ns3:hr>146</ns3:hr>
            <ns3:cad>94</ns3:cad>
          </ns3:TrackPointExtension>
        </extensions>
      </trkpt>
      <trkpt lat="51.56702868640422821044921875" lon="-2.96985204331576824188232421875">
        <ele>8.80000019073486328125</ele>
        <time>2025-04-13T10:45:48.000Z</time>
        <extensions>
          <ns3:TrackPointExtension>
            <ns3:hr>146</ns3:hr>
            <ns3:cad>94</ns3:cad>
          </ns3:TrackPointExtension>
        </extensions>
      </trkpt>
      <trkpt lat="51.56722809188067913055419921875" lon="-2.96987593173980712890625">
        <ele>8</ele>
        <time>2025-04-13T10:45:54.000Z</time>
        <extensions>
          <ns3:TrackPointExtension>
            <ns3:hr>147</ns3:hr>
            <ns3:cad>94</ns3:cad>
          </ns3:TrackPointExtension>
        </extensions>
      </trkpt>
      <trkpt lat="51.56743126921355724334716796875" lon="-2.96989412046968936920166015625">
        <ele>5.599999904632568359375</ele>
        <time>2025-04-13T10:46:00.000Z</time>
        <extensions>
          <ns3:TrackPointExtension>
            <ns3:hr>148</ns3:hr>
            <ns3:cad>94</ns3:cad>
          </ns3:TrackPointExtension>
        </extensions>
      </trkpt>
      <trkpt lat="51.56763830222189426422119140625" lon="-2.96990585513412952423095703125">
        <ele>5</ele>
        <time>2025-04-13T10:46:06.000Z</time>
        <extensions>
          <ns3:TrackPointExtension>
            <ns3:hr>148</ns3:hr>
            <ns3:cad>93</ns3:cad>
          </ns3:TrackPointExtension>
        </extensions>
      </trkpt>
      <trkpt lat="51.56783611513674259185791015625" lon="-2.9698861576616764068603515625">
        <ele>5.599999904632568359375</ele>
        <time>2025-04-13T10:46:12.000Z</time>
        <extensions>
          <ns3:TrackPointExtension>
            <ns3:hr>147</ns3:hr>
            <ns3:cad>94</ns3:cad>
          </ns3:TrackPointExtension>
        </extensions>
      </trkpt>
      <trkpt lat="51.5680323354899883270263671875" lon="-2.96984030865132808685302734375">
        <ele>7.599999904632568359375</ele>
        <time>2025-04-13T10:46:18.000Z</time>
        <extensions>
          <ns3:TrackPointExtension>
            <ns3:hr>147</ns3:hr>
            <ns3:cad>94</ns3:cad>
          </ns3:TrackPointExtension>
        </extensions>
      </trkpt>
      <trkpt lat="51.56819988973438739776611328125" lon="-2.96980552375316619873046875">
        <ele>8.6000003814697265625</ele>
        <time>2025-04-13T10:46:23.000Z</time>
        <extensions>
          <ns3:TrackPointExtension>
            <ns3:hr>150</ns3:hr>
            <ns3:cad>94</ns3:cad>
          </ns3:TrackPointExtension>
        </extensions>
      </trkpt>
      <trkpt lat="51.5682331658899784088134765625" lon="-2.96979672275483608245849609375">
        <ele>8.80000019073486328125</ele>
        <time>2025-04-13T10:46:24.000Z</time>
        <extensions>
          <ns3:TrackPointExtension>
            <ns3:hr>150</ns3:hr>
            <ns3:cad>94</ns3:cad>
          </ns3:TrackPointExtension>
        </extensions>
      </trkpt>
      <trkpt lat="51.56843408010900020599365234375" lon="-2.96978247351944446563720703125">
        <ele>9</ele>
        <time>2025-04-13T10:46:30.000Z</time>
        <extensions>
          <ns3:TrackPointExtension>
            <ns3:hr>148</ns3:hr>
            <ns3:cad>94</ns3:cad>
          </ns3:TrackPointExtension>
        </extensions>
      </trkpt>
      <trkpt lat="51.56863038428127765655517578125" lon="-2.9697604291141033172607421875">
        <ele>8.3999996185302734375</ele>
        <time>2025-04-13T10:46:36.000Z</time>
        <extensions>
          <ns3:TrackPointExtension>
            <ns3:hr>145</ns3:hr>
            <ns3:cad>94</ns3:cad>
          </ns3:TrackPointExtension>
        </extensions>
      </trkpt>
      <trkpt lat="51.56883926130831241607666015625" lon="-2.969757579267024993896484375">
        <ele>8</ele>
        <time>2025-04-13T10:46:42.000Z</time>
        <extensions>
          <ns3:TrackPointExtension>
            <ns3:hr>144</ns3:hr>
            <ns3:cad>94</ns3:cad>
          </ns3:TrackPointExtension>
        </extensions>
      </trkpt>
      <trkpt lat="51.569040678441524505615234375" lon="-2.969740144908428192138671875">
        <ele>8</ele>
        <time>2025-04-13T10:46:48.000Z</time>
        <extensions>
          <ns3:TrackPointExtension>
            <ns3:hr>146</ns3:hr>
            <ns3:cad>94</ns3:cad>
          </ns3:TrackPointExtension>
        </extensions>
      </trkpt>
      <trkpt lat="51.5692406706511974334716796875" lon="-2.96972279436886310577392578125">
        <ele>7.80000019073486328125</ele>
        <time>2025-04-13T10:46:54.000Z</time>
        <extensions>
          <ns3:TrackPointExtension>
            <ns3:hr>145</ns3:hr>
            <ns3:cad>94</ns3:cad>
          </ns3:TrackPointExtension>
        </extensions>
      </trkpt>
      <trkpt lat="51.5694388188421726226806640625" lon="-2.9696957208216190338134765625">
        <ele>7</ele>
        <time>2025-04-13T10:47:00.000Z</time>
        <extensions>
          <ns3:TrackPointExtension>
            <ns3:hr>146</ns3:hr>
            <ns3:cad>94</ns3:cad>
          </ns3:TrackPointExtension>
        </extensions>
      </trkpt>
      <trkpt lat="51.56962531618773937225341796875" lon="-2.96970636583864688873291015625">
        <ele>7</ele>
        <time>2025-04-13T10:47:05.000Z</time>
        <extensions>
          <ns3:TrackPointExtension>
            <ns3:hr>146</ns3:hr>
            <ns3:cad>94</ns3:cad>
          </ns3:TrackPointExtension>
        </extensions>
      </trkpt>
      <trkpt lat="51.56980670057237148284912109375" lon="-2.96969848684966564178466796875">
        <ele>7</ele>
        <time>2025-04-13T10:47:10.000Z</time>
        <extensions>
          <ns3:TrackPointExtension>
            <ns3:hr>145</ns3:hr>
            <ns3:cad>94</ns3:cad>
          </ns3:TrackPointExtension>
        </extensions>
      </trkpt>
      <trkpt lat="51.57001540996134281158447265625" lon="-2.9696487821638584136962890625">
        <ele>7.19999980926513671875</ele>
        <time>2025-04-13T10:47:16.000Z</time>
        <extensions>
          <ns3:TrackPointExtension>
            <ns3:hr>144</ns3:hr>
            <ns3:cad>94</ns3:cad>
          </ns3:TrackPointExtension>
        </extensions>
      </trkpt>
      <trkpt lat="51.5702144801616668701171875" lon="-2.96962003223598003387451171875">
        <ele>8.6000003814697265625</ele>
        <time>2025-04-13T10:47:22.000Z</time>
        <extensions>
          <ns3:TrackPointExtension>
            <ns3:hr>144</ns3:hr>
            <ns3:cad>93</ns3:cad>
          </ns3:TrackPointExtension>
        </extensions>
      </trkpt>
      <trkpt lat="51.5704070962965488433837890625" lon="-2.96956890262663364410400390625">
        <ele>9.3999996185302734375</ele>
        <time>2025-04-13T10:47:28.000Z</time>
        <extensions>
          <ns3:TrackPointExtension>
            <ns3:hr>144</ns3:hr>
            <ns3:cad>93</ns3:cad>
          </ns3:TrackPointExtension>
        </extensions>
      </trkpt>
      <trkpt lat="51.57061479985713958740234375" lon="-2.9695351235568523406982421875">
        <ele>9.80000019073486328125</ele>
        <time>2025-04-13T10:47:34.000Z</time>
        <extensions>
          <ns3:TrackPointExtension>
            <ns3:hr>143</ns3:hr>
            <ns3:cad>93</ns3:cad>
          </ns3:TrackPointExtension>
        </extensions>
      </trkpt>
      <trkpt lat="51.570684202015399932861328125" lon="-2.9695178568363189697265625">
        <ele>9.19999980926513671875</ele>
        <time>2025-04-13T10:47:36.000Z</time>
        <extensions>
          <ns3:TrackPointExtension>
            <ns3:hr>140</ns3:hr>
            <ns3:cad>94</ns3:cad>
          </ns3:TrackPointExtension>
        </extensions>
      </trkpt>
      <trkpt lat="51.57089517451822757720947265625" lon="-2.96948893927037715911865234375">
        <ele>7.80000019073486328125</ele>
        <time>2025-04-13T10:47:42.000Z</time>
        <extensions>
          <ns3:TrackPointExtension>
            <ns3:hr>141</ns3:hr>
            <ns3:cad>93</ns3:cad>
          </ns3:TrackPointExtension>
        </extensions>
      </trkpt>
      <trkpt lat="51.571101285517215728759765625" lon="-2.96945281326770782470703125">
        <ele>7.19999980926513671875</ele>
        <time>2025-04-13T10:47:48.000Z</time>
        <extensions>
          <ns3:TrackPointExtension>
            <ns3:hr>143</ns3:hr>
            <ns3:cad>94</ns3:cad>
          </ns3:TrackPointExtension>
        </extensions>
      </trkpt>
      <trkpt lat="51.57130672596395015716552734375" lon="-2.9694167710840702056884765625">
        <ele>8.3999996185302734375</ele>
        <time>2025-04-13T10:47:54.000Z</time>
        <extensions>
          <ns3:TrackPointExtension>
            <ns3:hr>142</ns3:hr>
            <ns3:cad>94</ns3:cad>
          </ns3:TrackPointExtension>
        </extensions>
      </trkpt>
      <trkpt lat="51.5714994259178638458251953125" lon="-2.96940478496253490447998046875">
        <ele>9.80000019073486328125</ele>
        <time>2025-04-13T10:48:00.000Z</time>
        <extensions>
          <ns3:TrackPointExtension>
            <ns3:hr>141</ns3:hr>
            <ns3:cad>94</ns3:cad>
          </ns3:TrackPointExtension>
        </extensions>
      </trkpt>
      <trkpt lat="51.57170151360332965850830078125" lon="-2.969401180744171142578125">
        <ele>10</ele>
        <time>2025-04-13T10:48:06.000Z</time>
        <extensions>
          <ns3:TrackPointExtension>
            <ns3:hr>143</ns3:hr>
            <ns3:cad>94</ns3:cad>
          </ns3:TrackPointExtension>
        </extensions>
      </trkpt>
      <trkpt lat="51.57190184108912944793701171875" lon="-2.96938684768974781036376953125">
        <ele>10</ele>
        <time>2025-04-13T10:48:12.000Z</time>
        <extensions>
          <ns3:TrackPointExtension>
            <ns3:hr>143</ns3:hr>
            <ns3:cad>93</ns3:cad>
          </ns3:TrackPointExtension>
        </extensions>
      </trkpt>
      <trkpt lat="51.5721099637448787689208984375" lon="-2.96937368810176849365234375">
        <ele>10</ele>
        <time>2025-04-13T10:48:18.000Z</time>
        <extensions>
          <ns3:TrackPointExtension>
            <ns3:hr>143</ns3:hr>
            <ns3:cad>94</ns3:cad>
          </ns3:TrackPointExtension>
        </extensions>
      </trkpt>
      <trkpt lat="51.57231842167675495147705078125" lon="-2.96933353878557682037353515625">
        <ele>9.80000019073486328125</ele>
        <time>2025-04-13T10:48:24.000Z</time>
        <extensions>
          <ns3:TrackPointExtension>
            <ns3:hr>142</ns3:hr>
            <ns3:cad>94</ns3:cad>
          </ns3:TrackPointExtension>
        </extensions>
      </trkpt>
      <trkpt lat="51.57250433228909969329833984375" lon="-2.969332449138164520263671875">
        <ele>9.80000019073486328125</ele>
        <time>2025-04-13T10:48:29.000Z</time>
        <extensions>
          <ns3:TrackPointExtension>
            <ns3:hr>142</ns3:hr>
            <ns3:cad>94</ns3:cad>
          </ns3:TrackPointExtension>
        </extensions>
      </trkpt>
      <trkpt lat="51.5726752392947673797607421875" lon="-2.969309985637664794921875">
        <ele>10</ele>
        <time>2025-04-13T10:48:34.000Z</time>
        <extensions>
          <ns3:TrackPointExtension>
            <ns3:hr>145</ns3:hr>
            <ns3:cad>94</ns3:cad>
          </ns3:TrackPointExtension>
        </extensions>
      </trkpt>
      <trkpt lat="51.5728619880974292755126953125" lon="-2.9692692495882511138916015625">
        <ele>10.19999980926513671875</ele>
        <time>2025-04-13T10:48:40.000Z</time>
        <extensions>
          <ns3:TrackPointExtension>
            <ns3:hr>146</ns3:hr>
            <ns3:cad>93</ns3:cad>
          </ns3:TrackPointExtension>
        </extensions>
      </trkpt>
      <trkpt lat="51.57305829226970672607421875" lon="-2.9692710936069488525390625">
        <ele>11</ele>
        <time>2025-04-13T10:48:46.000Z</time>
        <extensions>
          <ns3:TrackPointExtension>
            <ns3:hr>146</ns3:hr>
            <ns3:cad>94</ns3:cad>
          </ns3:TrackPointExtension>
        </extensions>
      </trkpt>
      <trkpt lat="51.5732656605541706085205078125" lon="-2.969245947897434234619140625">
        <ele>9.3999996185302734375</ele>
        <time>2025-04-13T10:48:52.000Z</time>
        <extensions>
          <ns3:TrackPointExtension>
            <ns3:hr>145</ns3:hr>
            <ns3:cad>94</ns3:cad>
          </ns3:TrackPointExtension>
        </extensions>
      </trkpt>
      <trkpt lat="51.57346791587769985198974609375" lon="-2.969215773046016693115234375">
        <ele>8.80000019073486328125</ele>
        <time>2025-04-13T10:48:58.000Z</time>
        <extensions>
          <ns3:TrackPointExtension>
            <ns3:hr>143</ns3:hr>
            <ns3:cad>94</ns3:cad>
          </ns3:TrackPointExtension>
        </extensions>
      </trkpt>
      <trkpt lat="51.57367696054279804229736328125" lon="-2.9691904596984386444091796875">
        <ele>9</ele>
        <time>2025-04-13T10:49:04.000Z</time>
        <extensions>
          <ns3:TrackPointExtension>
            <ns3:hr>142</ns3:hr>
            <ns3:cad>95</ns3:cad>
          </ns3:TrackPointExtension>
        </extensions>
      </trkpt>
      <trkpt lat="51.57387997023761272430419921875" lon="-2.9691643081605434417724609375">
        <ele>9.3999996185302734375</ele>
        <time>2025-04-13T10:49:10.000Z</time>
        <extensions>
          <ns3:TrackPointExtension>
            <ns3:hr>142</ns3:hr>
            <ns3:cad>95</ns3:cad>
          </ns3:TrackPointExtension>
        </extensions>
      </trkpt>
      <trkpt lat="51.57406956888735294342041015625" lon="-2.96911074779927730560302734375">
        <ele>9</ele>
        <time>2025-04-13T10:49:16.000Z</time>
        <extensions>
          <ns3:TrackPointExtension>
            <ns3:hr>141</ns3:hr>
            <ns3:cad>94</ns3:cad>
          </ns3:TrackPointExtension>
        </extensions>
      </trkpt>
      <trkpt lat="51.57426369376480579376220703125" lon="-2.9691059701144695281982421875">
        <ele>9</ele>
        <time>2025-04-13T10:49:22.000Z</time>
        <extensions>
          <ns3:TrackPointExtension>
            <ns3:hr>141</ns3:hr>
            <ns3:cad>95</ns3:cad>
          </ns3:TrackPointExtension>
        </extensions>
      </trkpt>
      <trkpt lat="51.57447625882923603057861328125" lon="-2.9690791480243206024169921875">
        <ele>9</ele>
        <time>2025-04-13T10:49:28.000Z</time>
        <extensions>
          <ns3:TrackPointExtension>
            <ns3:hr>140</ns3:hr>
            <ns3:cad>95</ns3:cad>
          </ns3:TrackPointExtension>
        </extensions>
      </trkpt>
      <trkpt lat="51.57468077726662158966064453125" lon="-2.9690459556877613067626953125">
        <ele>9.80000019073486328125</ele>
        <time>2025-04-13T10:49:34.000Z</time>
        <extensions>
          <ns3:TrackPointExtension>
            <ns3:hr>140</ns3:hr>
            <ns3:cad>94</ns3:cad>
          </ns3:TrackPointExtension>
        </extensions>
      </trkpt>
      <trkpt lat="51.5748528577387332916259765625" lon="-2.96903179027140140533447265625">
        <ele>10.3999996185302734375</ele>
        <time>2025-04-13T10:49:39.000Z</time>
        <extensions>
          <ns3:TrackPointExtension>
            <ns3:hr>143</ns3:hr>
            <ns3:cad>94</ns3:cad>
          </ns3:TrackPointExtension>
        </extensions>
      </trkpt>
      <trkpt lat="51.57505226321518421173095703125" lon="-2.96903531067073345184326171875">
        <ele>11.19999980926513671875</ele>
        <time>2025-04-13T10:49:45.000Z</time>
        <extensions>
          <ns3:TrackPointExtension>
            <ns3:hr>145</ns3:hr>
            <ns3:cad>94</ns3:cad>
          </ns3:TrackPointExtension>
        </extensions>
      </trkpt>
      <trkpt lat="51.5751572884619235992431640625" lon="-2.96902902424335479736328125">
        <ele>11.3999996185302734375</ele>
        <time>2025-04-13T10:49:48.000Z</time>
        <extensions>
          <ns3:TrackPointExtension>
            <ns3:hr>148</ns3:hr>
            <ns3:cad>93</ns3:cad>
          </ns3:TrackPointExtension>
        </extensions>
      </trkpt>
      <trkpt lat="51.57535937614738941192626953125" lon="-2.9690208099782466888427734375">
        <ele>11.80000019073486328125</ele>
        <time>2025-04-13T10:49:54.000Z</time>
        <extensions>
          <ns3:TrackPointExtension>
            <ns3:hr>150</ns3:hr>
            <ns3:cad>93</ns3:cad>
          </ns3:TrackPointExtension>
        </extensions>
      </trkpt>
      <trkpt lat="51.57546213828027248382568359375" lon="-2.969010584056377410888671875">
        <ele>11.3999996185302734375</ele>
        <time>2025-04-13T10:49:57.000Z</time>
        <extensions>
          <ns3:TrackPointExtension>
            <ns3:hr>152</ns3:hr>
            <ns3:cad>93</ns3:cad>
          </ns3:TrackPointExtension>
        </extensions>
      </trkpt>
      <trkpt lat="51.57566514797508716583251953125" lon="-2.9689876176416873931884765625">
        <ele>10.80000019073486328125</ele>
        <time>2025-04-13T10:50:03.000Z</time>
        <extensions>
          <ns3:TrackPointExtension>
            <ns3:hr>152</ns3:hr>
            <ns3:cad>94</ns3:cad>
          </ns3:TrackPointExtension>
        </extensions>
      </trkpt>
      <trkpt lat="51.5758774615824222564697265625" lon="-2.96895325183868408203125">
        <ele>10.19999980926513671875</ele>
        <time>2025-04-13T10:50:09.000Z</time>
        <extensions>
          <ns3:TrackPointExtension>
            <ns3:hr>149</ns3:hr>
            <ns3:cad>94</ns3:cad>
          </ns3:TrackPointExtension>
        </extensions>
      </trkpt>
      <trkpt lat="51.57607317902147769927978515625" lon="-2.96890773810446262359619140625">
        <ele>10.80000019073486328125</ele>
        <time>2025-04-13T10:50:15.000Z</time>
        <extensions>
          <ns3:TrackPointExtension>
            <ns3:hr>148</ns3:hr>
            <ns3:cad>94</ns3:cad>
          </ns3:TrackPointExtension>
        </extensions>
      </trkpt>
      <trkpt lat="51.5762653760612010955810546875" lon="-2.96886348165571689605712890625">
        <ele>10.6000003814697265625</ele>
        <time>2025-04-13T10:50:21.000Z</time>
        <extensions>
          <ns3:TrackPointExtension>
            <ns3:hr>147</ns3:hr>
            <ns3:cad>93</ns3:cad>
          </ns3:TrackPointExtension>
        </extensions>
      </trkpt>
      <trkpt lat="51.57639739103615283966064453125" lon="-2.9688045568764209747314453125">
        <ele>10</ele>
        <time>2025-04-13T10:50:25.000Z</time>
        <extensions>
          <ns3:TrackPointExtension>
            <ns3:hr>144</ns3:hr>
            <ns3:cad>94</ns3:cad>
          </ns3:TrackPointExtension>
        </extensions>
      </trkpt>
      <trkpt lat="51.5764655359089374542236328125" lon="-2.96878385357558727264404296875">
        <ele>10</ele>
        <time>2025-04-13T10:50:27.000Z</time>
        <extensions>
          <ns3:TrackPointExtension>
            <ns3:hr>141</ns3:hr>
            <ns3:cad>94</ns3:cad>
          </ns3:TrackPointExtension>
        </extensions>
      </trkpt>
      <trkpt lat="51.57664616592228412628173828125" lon="-2.96881436370313167572021484375">
        <ele>10</ele>
        <time>2025-04-13T10:50:33.000Z</time>
        <extensions>
          <ns3:TrackPointExtension>
            <ns3:hr>142</ns3:hr>
            <ns3:cad>93</ns3:cad>
          </ns3:TrackPointExtension>
        </extensions>
      </trkpt>
      <trkpt lat="51.57673157751560211181640625" lon="-2.9690757952630519866943359375">
        <ele>9.80000019073486328125</ele>
        <time>2025-04-13T10:50:39.000Z</time>
        <extensions>
          <ns3:TrackPointExtension>
            <ns3:hr>143</ns3:hr>
            <ns3:cad>93</ns3:cad>
          </ns3:TrackPointExtension>
        </extensions>
      </trkpt>
      <trkpt lat="51.57678999938070774078369140625" lon="-2.96936119906604290008544921875">
        <ele>9.6000003814697265625</ele>
        <time>2025-04-13T10:50:45.000Z</time>
        <extensions>
          <ns3:TrackPointExtension>
            <ns3:hr>143</ns3:hr>
            <ns3:cad>95</ns3:cad>
          </ns3:TrackPointExtension>
        </extensions>
      </trkpt>
      <trkpt lat="51.5768393687903881072998046875" lon="-2.96967736445367336273193359375">
        <ele>9.3999996185302734375</ele>
        <time>2025-04-13T10:50:52.000Z</time>
        <extensions>
          <ns3:TrackPointExtension>
            <ns3:hr>143</ns3:hr>
            <ns3:cad>94</ns3:cad>
          </ns3:TrackPointExtension>
        </extensions>
      </trkpt>
      <trkpt lat="51.5768920071423053741455078125" lon="-2.96997106634080410003662109375">
        <ele>9.3999996185302734375</ele>
        <time>2025-04-13T10:50:58.000Z</time>
        <extensions>
          <ns3:TrackPointExtension>
            <ns3:hr>142</ns3:hr>
            <ns3:cad>93</ns3:cad>
          </ns3:TrackPointExtension>
        </extensions>
      </trkpt>
      <trkpt lat="51.57690323889255523681640625" lon="-2.9701171629130840301513671875">
        <ele>10</ele>
        <time>2025-04-13T10:51:01.000Z</time>
        <extensions>
          <ns3:TrackPointExtension>
            <ns3:hr>145</ns3:hr>
            <ns3:cad>93</ns3:cad>
          </ns3:TrackPointExtension>
        </extensions>
      </trkpt>
      <trkpt lat="51.57692897133529186248779296875" lon="-2.97044229693710803985595703125">
        <ele>9</ele>
        <time>2025-04-13T10:51:08.000Z</time>
        <extensions>
          <ns3:TrackPointExtension>
            <ns3:hr>147</ns3:hr>
            <ns3:cad>91</ns3:cad>
          </ns3:TrackPointExtension>
        </extensions>
      </trkpt>
      <trkpt lat="51.5769362635910511016845703125" lon="-2.97076516784727573394775390625">
        <ele>8</ele>
        <time>2025-04-13T10:51:15.000Z</time>
        <extensions>
          <ns3:TrackPointExtension>
            <ns3:hr>146</ns3:hr>
            <ns3:cad>91</ns3:cad>
          </ns3:TrackPointExtension>
        </extensions>
      </trkpt>
      <trkpt lat="51.57693986780941486358642578125" lon="-2.9710854403674602508544921875">
        <ele>7.19999980926513671875</ele>
        <time>2025-04-13T10:51:22.000Z</time>
        <extensions>
          <ns3:TrackPointExtension>
            <ns3:hr>146</ns3:hr>
            <ns3:cad>91</ns3:cad>
          </ns3:TrackPointExtension>
        </extensions>
      </trkpt>
      <trkpt lat="51.5769387781620025634765625" lon="-2.9714056290686130523681640625">
        <ele>7.599999904632568359375</ele>
        <time>2025-04-13T10:51:29.000Z</time>
        <extensions>
          <ns3:TrackPointExtension>
            <ns3:hr>144</ns3:hr>
            <ns3:cad>91</ns3:cad>
          </ns3:TrackPointExtension>
        </extensions>
      </trkpt>
      <trkpt lat="51.5769188292324542999267578125" lon="-2.971714250743389129638671875">
        <ele>7.80000019073486328125</ele>
        <time>2025-04-13T10:51:36.000Z</time>
        <extensions>
          <ns3:TrackPointExtension>
            <ns3:hr>143</ns3:hr>
            <ns3:cad>91</ns3:cad>
          </ns3:TrackPointExtension>
        </extensions>
      </trkpt>
      <trkpt lat="51.576904915273189544677734375" lon="-2.97203402034938335418701171875">
        <ele>7.80000019073486328125</ele>
        <time>2025-04-13T10:51:43.000Z</time>
        <extensions>
          <ns3:TrackPointExtension>
            <ns3:hr>144</ns3:hr>
            <ns3:cad>91</ns3:cad>
          </ns3:TrackPointExtension>
        </extensions>
      </trkpt>
      <trkpt lat="51.5768846310675144195556640625" lon="-2.9723574779927730560302734375">
        <ele>8</ele>
        <time>2025-04-13T10:51:50.000Z</time>
        <extensions>
          <ns3:TrackPointExtension>
            <ns3:hr>143</ns3:hr>
            <ns3:cad>91</ns3:cad>
          </ns3:TrackPointExtension>
        </extensions>
      </trkpt>
      <trkpt lat="51.57687105238437652587890625" lon="-2.972683198750019073486328125">
        <ele>7.80000019073486328125</ele>
        <time>2025-04-13T10:51:57.000Z</time>
        <extensions>
          <ns3:TrackPointExtension>
            <ns3:hr>143</ns3:hr>
            <ns3:cad>91</ns3:cad>
          </ns3:TrackPointExtension>
        </extensions>
      </trkpt>
      <trkpt lat="51.57685839571058750152587890625" lon="-2.9730208218097686767578125">
        <ele>6.19999980926513671875</ele>
        <time>2025-04-13T10:52:04.000Z</time>
        <extensions>
          <ns3:TrackPointExtension>
            <ns3:hr>142</ns3:hr>
            <ns3:cad>91</ns3:cad>
          </ns3:TrackPointExtension>
        </extensions>
      </trkpt>
      <trkpt lat="51.57684867270290851593017578125" lon="-2.9733576066792011260986328125">
        <ele>3.599999904632568359375</ele>
        <time>2025-04-13T10:52:11.000Z</time>
        <extensions>
          <ns3:TrackPointExtension>
            <ns3:hr>141</ns3:hr>
            <ns3:cad>91</ns3:cad>
          </ns3:TrackPointExtension>
        </extensions>
      </trkpt>
      <trkpt lat="51.5768373571336269378662109375" lon="-2.9736466147005558013916015625">
        <ele>1</ele>
        <time>2025-04-13T10:52:17.000Z</time>
        <extensions>
          <ns3:TrackPointExtension>
            <ns3:hr>142</ns3:hr>
            <ns3:cad>91</ns3:cad>
          </ns3:TrackPointExtension>
        </extensions>
      </trkpt>
      <trkpt lat="51.5768226049840450286865234375" lon="-2.97394308261573314666748046875">
        <ele>-1.39999997615814208984375</ele>
        <time>2025-04-13T10:52:23.000Z</time>
        <extensions>
          <ns3:TrackPointExtension>
            <ns3:hr>142</ns3:hr>
            <ns3:cad>92</ns3:cad>
          </ns3:TrackPointExtension>
        </extensions>
      </trkpt>
      <trkpt lat="51.5768008120357990264892578125" lon="-2.9742440767586231231689453125">
        <ele>-2.400000095367431640625</ele>
        <time>2025-04-13T10:52:29.000Z</time>
        <extensions>
          <ns3:TrackPointExtension>
            <ns3:hr>144</ns3:hr>
            <ns3:cad>93</ns3:cad>
          </ns3:TrackPointExtension>
        </extensions>
      </trkpt>
      <trkpt lat="51.5767890773713588714599609375" lon="-2.9745630919933319091796875">
        <ele>-1.39999997615814208984375</ele>
        <time>2025-04-13T10:52:35.000Z</time>
        <extensions>
          <ns3:TrackPointExtension>
            <ns3:hr>144</ns3:hr>
            <ns3:cad>92</ns3:cad>
          </ns3:TrackPointExtension>
        </extensions>
      </trkpt>
      <trkpt lat="51.57677583396434783935546875" lon="-2.97488504089415073394775390625">
        <ele>0.60000002384185791015625</ele>
        <time>2025-04-13T10:52:41.000Z</time>
        <extensions>
          <ns3:TrackPointExtension>
            <ns3:hr>144</ns3:hr>
            <ns3:cad>94</ns3:cad>
          </ns3:TrackPointExtension>
        </extensions>
      </trkpt>
      <trkpt lat="51.5767639316618442535400390625" lon="-2.9752056486904621124267578125">
        <ele>2.7999999523162841796875</ele>
        <time>2025-04-13T10:52:47.000Z</time>
        <extensions>
          <ns3:TrackPointExtension>
            <ns3:hr>146</ns3:hr>
            <ns3:cad>94</ns3:cad>
          </ns3:TrackPointExtension>
        </extensions>
      </trkpt>
      <trkpt lat="51.57675161026418209075927734375" lon="-2.9755345545709133148193359375">
        <ele>4.19999980926513671875</ele>
        <time>2025-04-13T10:52:53.000Z</time>
        <extensions>
          <ns3:TrackPointExtension>
            <ns3:hr>146</ns3:hr>
            <ns3:cad>95</ns3:cad>
          </ns3:TrackPointExtension>
        </extensions>
      </trkpt>
      <trkpt lat="51.5767384506762027740478515625" lon="-2.9758701659739017486572265625">
        <ele>6.400000095367431640625</ele>
        <time>2025-04-13T10:52:59.000Z</time>
        <extensions>
          <ns3:TrackPointExtension>
            <ns3:hr>144</ns3:hr>
            <ns3:cad>94</ns3:cad>
          </ns3:TrackPointExtension>
        </extensions>
      </trkpt>
      <trkpt lat="51.5767186693847179412841796875" lon="-2.97621021978557109832763671875">
        <ele>7.80000019073486328125</ele>
        <time>2025-04-13T10:53:05.000Z</time>
        <extensions>
          <ns3:TrackPointExtension>
            <ns3:hr>145</ns3:hr>
            <ns3:cad>95</ns3:cad>
          </ns3:TrackPointExtension>
        </extensions>
      </trkpt>
      <trkpt lat="51.57669712789356708526611328125" lon="-2.9765484295785427093505859375">
        <ele>10</ele>
        <time>2025-04-13T10:53:11.000Z</time>
        <extensions>
          <ns3:TrackPointExtension>
            <ns3:hr>146</ns3:hr>
            <ns3:cad>94</ns3:cad>
          </ns3:TrackPointExtension>
        </extensions>
      </trkpt>
      <trkpt lat="51.5766697190701961517333984375" lon="-2.97683618031442165374755859375">
        <ele>10.80000019073486328125</ele>
        <time>2025-04-13T10:53:16.000Z</time>
        <extensions>
          <ns3:TrackPointExtension>
            <ns3:hr>145</ns3:hr>
            <ns3:cad>95</ns3:cad>
          </ns3:TrackPointExtension>
        </extensions>
      </trkpt>
      <trkpt lat="51.57663359306752681732177734375" lon="-2.97712753526866436004638671875">
        <ele>9.6000003814697265625</ele>
        <time>2025-04-13T10:53:21.000Z</time>
        <extensions>
          <ns3:TrackPointExtension>
            <ns3:hr>143</ns3:hr>
            <ns3:cad>95</ns3:cad>
          </ns3:TrackPointExtension>
        </extensions>
      </trkpt>
      <trkpt lat="51.57658263109624385833740234375" lon="-2.97746264375746250152587890625">
        <ele>8.6000003814697265625</ele>
        <time>2025-04-13T10:53:27.000Z</time>
        <extensions>
          <ns3:TrackPointExtension>
            <ns3:hr>143</ns3:hr>
            <ns3:cad>95</ns3:cad>
          </ns3:TrackPointExtension>
        </extensions>
      </trkpt>
      <trkpt lat="51.57651959918439388275146484375" lon="-2.97774025239050388336181640625">
        <ele>7.19999980926513671875</ele>
        <time>2025-04-13T10:53:32.000Z</time>
        <extensions>
          <ns3:TrackPointExtension>
            <ns3:hr>143</ns3:hr>
            <ns3:cad>95</ns3:cad>
          </ns3:TrackPointExtension>
        </extensions>
      </trkpt>
      <trkpt lat="51.5764444135129451751708984375" lon="-2.97800444997847080230712890625">
        <ele>7</ele>
        <time>2025-04-13T10:53:37.000Z</time>
        <extensions>
          <ns3:TrackPointExtension>
            <ns3:hr>144</ns3:hr>
            <ns3:cad>95</ns3:cad>
          </ns3:TrackPointExtension>
        </extensions>
      </trkpt>
      <trkpt lat="51.5763559006154537200927734375" lon="-2.978260852396488189697265625">
        <ele>7.599999904632568359375</ele>
        <time>2025-04-13T10:53:42.000Z</time>
        <extensions>
          <ns3:TrackPointExtension>
            <ns3:hr>143</ns3:hr>
            <ns3:cad>96</ns3:cad>
          </ns3:TrackPointExtension>
        </extensions>
      </trkpt>
      <trkpt lat="51.5762583352625370025634765625" lon="-2.978527061641216278076171875">
        <ele>9.3999996185302734375</ele>
        <time>2025-04-13T10:53:47.000Z</time>
        <extensions>
          <ns3:TrackPointExtension>
            <ns3:hr>143</ns3:hr>
            <ns3:cad>95</ns3:cad>
          </ns3:TrackPointExtension>
        </extensions>
      </trkpt>
      <trkpt lat="51.5761587582528591156005859375" lon="-2.9787749983370304107666015625">
        <ele>11</ele>
        <time>2025-04-13T10:53:52.000Z</time>
        <extensions>
          <ns3:TrackPointExtension>
            <ns3:hr>142</ns3:hr>
            <ns3:cad>96</ns3:cad>
          </ns3:TrackPointExtension>
        </extensions>
      </trkpt>
      <trkpt lat="51.57605390064418315887451171875" lon="-2.97901597805321216583251953125">
        <ele>11</ele>
        <time>2025-04-13T10:53:57.000Z</time>
        <extensions>
          <ns3:TrackPointExtension>
            <ns3:hr>143</ns3:hr>
            <ns3:cad>95</ns3:cad>
          </ns3:TrackPointExtension>
        </extensions>
      </trkpt>
      <trkpt lat="51.575983576476573944091796875" lon="-2.97929660417139530181884765625">
        <ele>10</ele>
        <time>2025-04-13T10:54:02.000Z</time>
        <extensions>
          <ns3:TrackPointExtension>
            <ns3:hr>144</ns3:hr>
            <ns3:cad>95</ns3:cad>
          </ns3:TrackPointExtension>
        </extensions>
      </trkpt>
      <trkpt lat="51.57596589066088199615478515625" lon="-2.97959768213331699371337890625">
        <ele>10</ele>
        <time>2025-04-13T10:54:07.000Z</time>
        <extensions>
          <ns3:TrackPointExtension>
            <ns3:hr>144</ns3:hr>
            <ns3:cad>95</ns3:cad>
          </ns3:TrackPointExtension>
        </extensions>
      </trkpt>
      <trkpt lat="51.57604149542748928070068359375" lon="-2.97985970042645931243896484375">
        <ele>10</ele>
        <time>2025-04-13T10:54:12.000Z</time>
        <extensions>
          <ns3:TrackPointExtension>
            <ns3:hr>144</ns3:hr>
            <ns3:cad>95</ns3:cad>
          </ns3:TrackPointExtension>
        </extensions>
      </trkpt>
      <trkpt lat="51.57619438134133815765380859375" lon="-2.98009020276367664337158203125">
        <ele>10</ele>
        <time>2025-04-13T10:54:18.000Z</time>
        <extensions>
          <ns3:TrackPointExtension>
            <ns3:hr>144</ns3:hr>
            <ns3:cad>93</ns3:cad>
          </ns3:TrackPointExtension>
        </extensions>
      </trkpt>
      <trkpt lat="51.5763562358915805816650390625" lon="-2.9802989959716796875">
        <ele>10</ele>
        <time>2025-04-13T10:54:24.000Z</time>
        <extensions>
          <ns3:TrackPointExtension>
            <ns3:hr>146</ns3:hr>
            <ns3:cad>93</ns3:cad>
          </ns3:TrackPointExtension>
        </extensions>
      </trkpt>
      <trkpt lat="51.57651943154633045196533203125" lon="-2.98051700927317142486572265625">
        <ele>10</ele>
        <time>2025-04-13T10:54:30.000Z</time>
        <extensions>
          <ns3:TrackPointExtension>
            <ns3:hr>144</ns3:hr>
            <ns3:cad>94</ns3:cad>
          </ns3:TrackPointExtension>
        </extensions>
      </trkpt>
      <trkpt lat="51.57666762359440326690673828125" lon="-2.9807377047836780548095703125">
        <ele>11</ele>
        <time>2025-04-13T10:54:36.000Z</time>
        <extensions>
          <ns3:TrackPointExtension>
            <ns3:hr>143</ns3:hr>
            <ns3:cad>93</ns3:cad>
          </ns3:TrackPointExtension>
        </extensions>
      </trkpt>
      <trkpt lat="51.57680458389222621917724609375" lon="-2.98095689155161380767822265625">
        <ele>11</ele>
        <time>2025-04-13T10:54:42.000Z</time>
        <extensions>
          <ns3:TrackPointExtension>
            <ns3:hr>142</ns3:hr>
            <ns3:cad>94</ns3:cad>
          </ns3:TrackPointExtension>
        </extensions>
      </trkpt>
      <trkpt lat="51.576951853930950164794921875" lon="-2.9811789281666278839111328125">
        <ele>11</ele>
        <time>2025-04-13T10:54:48.000Z</time>
        <extensions>
          <ns3:TrackPointExtension>
            <ns3:hr>143</ns3:hr>
            <ns3:cad>94</ns3:cad>
          </ns3:TrackPointExtension>
        </extensions>
      </trkpt>
      <trkpt lat="51.57710214145481586456298828125" lon="-2.98141253180801868438720703125">
        <ele>9.80000019073486328125</ele>
        <time>2025-04-13T10:54:54.000Z</time>
        <extensions>
          <ns3:TrackPointExtension>
            <ns3:hr>143</ns3:hr>
            <ns3:cad>94</ns3:cad>
          </ns3:TrackPointExtension>
        </extensions>
      </trkpt>
      <trkpt lat="51.57726542092859745025634765625" lon="-2.98162937164306640625">
        <ele>8</ele>
        <time>2025-04-13T10:55:00.000Z</time>
        <extensions>
          <ns3:TrackPointExtension>
            <ns3:hr>144</ns3:hr>
            <ns3:cad>94</ns3:cad>
          </ns3:TrackPointExtension>
        </extensions>
      </trkpt>
      <trkpt lat="51.5774108469486236572265625" lon="-2.9818317107856273651123046875">
        <ele>8</ele>
        <time>2025-04-13T10:55:06.000Z</time>
        <extensions>
          <ns3:TrackPointExtension>
            <ns3:hr>144</ns3:hr>
            <ns3:cad>93</ns3:cad>
          </ns3:TrackPointExtension>
        </extensions>
      </trkpt>
      <trkpt lat="51.5775444544851779937744140625" lon="-2.9820553399622440338134765625">
        <ele>9</ele>
        <time>2025-04-13T10:55:12.000Z</time>
        <extensions>
          <ns3:TrackPointExtension>
            <ns3:hr>143</ns3:hr>
            <ns3:cad>93</ns3:cad>
          </ns3:TrackPointExtension>
        </extensions>
      </trkpt>
      <trkpt lat="51.5776785649359226226806640625" lon="-2.98224837519228458404541015625">
        <ele>10.19999980926513671875</ele>
        <time>2025-04-13T10:55:18.000Z</time>
        <extensions>
          <ns3:TrackPointExtension>
            <ns3:hr>142</ns3:hr>
            <ns3:cad>93</ns3:cad>
          </ns3:TrackPointExtension>
        </extensions>
      </trkpt>
      <trkpt lat="51.5778264217078685760498046875" lon="-2.982446439564228057861328125">
        <ele>11</ele>
        <time>2025-04-13T10:55:24.000Z</time>
        <extensions>
          <ns3:TrackPointExtension>
            <ns3:hr>142</ns3:hr>
            <ns3:cad>93</ns3:cad>
          </ns3:TrackPointExtension>
        </extensions>
      </trkpt>
      <trkpt lat="51.57796598039567470550537109375" lon="-2.98264349810779094696044921875">
        <ele>11.6000003814697265625</ele>
        <time>2025-04-13T10:55:30.000Z</time>
        <extensions>
          <ns3:TrackPointExtension>
            <ns3:hr>143</ns3:hr>
            <ns3:cad>92</ns3:cad>
          </ns3:TrackPointExtension>
        </extensions>
      </trkpt>
      <trkpt lat="51.57811467535793781280517578125" lon="-2.98284868709743022918701171875">
        <ele>11.19999980926513671875</ele>
        <time>2025-04-13T10:55:36.000Z</time>
        <extensions>
          <ns3:TrackPointExtension>
            <ns3:hr>144</ns3:hr>
            <ns3:cad>92</ns3:cad>
          </ns3:TrackPointExtension>
        </extensions>
      </trkpt>
      <trkpt lat="51.5782478637993335723876953125" lon="-2.9830455780029296875">
        <ele>10.3999996185302734375</ele>
        <time>2025-04-13T10:55:42.000Z</time>
        <extensions>
          <ns3:TrackPointExtension>
            <ns3:hr>146</ns3:hr>
            <ns3:cad>92</ns3:cad>
          </ns3:TrackPointExtension>
        </extensions>
      </trkpt>
      <trkpt lat="51.57839211635291576385498046875" lon="-2.983257472515106201171875">
        <ele>10</ele>
        <time>2025-04-13T10:55:48.000Z</time>
        <extensions>
          <ns3:TrackPointExtension>
            <ns3:hr>146</ns3:hr>
            <ns3:cad>93</ns3:cad>
          </ns3:TrackPointExtension>
        </extensions>
      </trkpt>
      <trkpt lat="51.57852773554623126983642578125" lon="-2.98347674310207366943359375">
        <ele>9.3999996185302734375</ele>
        <time>2025-04-13T10:55:54.000Z</time>
        <extensions>
          <ns3:TrackPointExtension>
            <ns3:hr>144</ns3:hr>
            <ns3:cad>93</ns3:cad>
          </ns3:TrackPointExtension>
        </extensions>
      </trkpt>
      <trkpt lat="51.57867617905139923095703125" lon="-2.98369157128036022186279296875">
        <ele>9.3999996185302734375</ele>
        <time>2025-04-13T10:56:00.000Z</time>
        <extensions>
          <ns3:TrackPointExtension>
            <ns3:hr>143</ns3:hr>
            <ns3:cad>93</ns3:cad>
          </ns3:TrackPointExtension>
        </extensions>
      </trkpt>
      <trkpt lat="51.57882696948945522308349609375" lon="-2.98391662538051605224609375">
        <ele>10</ele>
        <time>2025-04-13T10:56:06.000Z</time>
        <extensions>
          <ns3:TrackPointExtension>
            <ns3:hr>142</ns3:hr>
            <ns3:cad>93</ns3:cad>
          </ns3:TrackPointExtension>
        </extensions>
      </trkpt>
      <trkpt lat="51.578946746885776519775390625" lon="-2.9840787313878536224365234375">
        <ele>10.3999996185302734375</ele>
        <time>2025-04-13T10:56:11.000Z</time>
        <extensions>
          <ns3:TrackPointExtension>
            <ns3:hr>146</ns3:hr>
            <ns3:cad>92</ns3:cad>
          </ns3:TrackPointExtension>
        </extensions>
      </trkpt>
      <trkpt lat="51.5790920890867710113525390625" lon="-2.98430378548800945281982421875">
        <ele>11.6000003814697265625</ele>
        <time>2025-04-13T10:56:17.000Z</time>
        <extensions>
          <ns3:TrackPointExtension>
            <ns3:hr>149</ns3:hr>
            <ns3:cad>92</ns3:cad>
          </ns3:TrackPointExtension>
        </extensions>
      </trkpt>
      <trkpt lat="51.57925494946539402008056640625" lon="-2.9845202900469303131103515625">
        <ele>12.19999980926513671875</ele>
        <time>2025-04-13T10:56:23.000Z</time>
        <extensions>
          <ns3:TrackPointExtension>
            <ns3:hr>147</ns3:hr>
            <ns3:cad>92</ns3:cad>
          </ns3:TrackPointExtension>
        </extensions>
      </trkpt>
      <trkpt lat="51.57941856421530246734619140625" lon="-2.9846926219761371612548828125">
        <ele>12.3999996185302734375</ele>
        <time>2025-04-13T10:56:29.000Z</time>
        <extensions>
          <ns3:TrackPointExtension>
            <ns3:hr>147</ns3:hr>
            <ns3:cad>92</ns3:cad>
          </ns3:TrackPointExtension>
        </extensions>
      </trkpt>
      <trkpt lat="51.579584442079067230224609375" lon="-2.9848364554345607757568359375">
        <ele>11.6000003814697265625</ele>
        <time>2025-04-13T10:56:35.000Z</time>
        <extensions>
          <ns3:TrackPointExtension>
            <ns3:hr>147</ns3:hr>
            <ns3:cad>93</ns3:cad>
          </ns3:TrackPointExtension>
        </extensions>
      </trkpt>
      <trkpt lat="51.5797656588256359100341796875" lon="-2.9849501140415668487548828125">
        <ele>10.6000003814697265625</ele>
        <time>2025-04-13T10:56:41.000Z</time>
        <extensions>
          <ns3:TrackPointExtension>
            <ns3:hr>145</ns3:hr>
            <ns3:cad>93</ns3:cad>
          </ns3:TrackPointExtension>
        </extensions>
      </trkpt>
      <trkpt lat="51.57995701767504215240478515625" lon="-2.985056228935718536376953125">
        <ele>10</ele>
        <time>2025-04-13T10:56:47.000Z</time>
        <extensions>
          <ns3:TrackPointExtension>
            <ns3:hr>143</ns3:hr>
            <ns3:cad>94</ns3:cad>
          </ns3:TrackPointExtension>
        </extensions>
      </trkpt>
      <trkpt lat="51.58015717752277851104736328125" lon="-2.9851335100829601287841796875">
        <ele>10</ele>
        <time>2025-04-13T10:56:53.000Z</time>
        <extensions>
          <ns3:TrackPointExtension>
            <ns3:hr>143</ns3:hr>
            <ns3:cad>94</ns3:cad>
          </ns3:TrackPointExtension>
        </extensions>
      </trkpt>
      <trkpt lat="51.5803567506372928619384765625" lon="-2.98520215786993503570556640625">
        <ele>10.3999996185302734375</ele>
        <time>2025-04-13T10:56:59.000Z</time>
        <extensions>
          <ns3:TrackPointExtension>
            <ns3:hr>142</ns3:hr>
            <ns3:cad>94</ns3:cad>
          </ns3:TrackPointExtension>
        </extensions>
      </trkpt>
      <trkpt lat="51.58056504093110561370849609375" lon="-2.98520743846893310546875">
        <ele>11.19999980926513671875</ele>
        <time>2025-04-13T10:57:05.000Z</time>
        <extensions>
          <ns3:TrackPointExtension>
            <ns3:hr>142</ns3:hr>
            <ns3:cad>95</ns3:cad>
          </ns3:TrackPointExtension>
        </extensions>
      </trkpt>
      <trkpt lat="51.58075086772441864013671875" lon="-2.98524792306125164031982421875">
        <ele>11.3999996185302734375</ele>
        <time>2025-04-13T10:57:10.000Z</time>
        <extensions>
          <ns3:TrackPointExtension>
            <ns3:hr>142</ns3:hr>
            <ns3:cad>94</ns3:cad>
          </ns3:TrackPointExtension>
        </extensions>
      </trkpt>
      <trkpt lat="51.5809397958219051361083984375" lon="-2.9853296466171741485595703125">
        <ele>10.6000003814697265625</ele>
        <time>2025-04-13T10:57:15.000Z</time>
        <extensions>
          <ns3:TrackPointExtension>
            <ns3:hr>142</ns3:hr>
            <ns3:cad>96</ns3:cad>
          </ns3:TrackPointExtension>
        </extensions>
      </trkpt>
      <trkpt lat="51.5811362676322460174560546875" lon="-2.98535672016441822052001953125">
        <ele>10</ele>
        <time>2025-04-13T10:57:20.000Z</time>
        <extensions>
          <ns3:TrackPointExtension>
            <ns3:hr>141</ns3:hr>
            <ns3:cad>96</ns3:cad>
          </ns3:TrackPointExtension>
        </extensions>
      </trkpt>
      <trkpt lat="51.58132343553006649017333984375" lon="-2.9853702150285243988037109375">
        <ele>9.3999996185302734375</ele>
        <time>2025-04-13T10:57:25.000Z</time>
        <extensions>
          <ns3:TrackPointExtension>
            <ns3:hr>142</ns3:hr>
            <ns3:cad>95</ns3:cad>
          </ns3:TrackPointExtension>
        </extensions>
      </trkpt>
      <trkpt lat="51.58152326010167598724365234375" lon="-2.9854235239326953887939453125">
        <ele>9</ele>
        <time>2025-04-13T10:57:31.000Z</time>
        <extensions>
          <ns3:TrackPointExtension>
            <ns3:hr>143</ns3:hr>
            <ns3:cad>94</ns3:cad>
          </ns3:TrackPointExtension>
        </extensions>
      </trkpt>
      <trkpt lat="51.581712774932384490966796875" lon="-2.98552536405622959136962890625">
        <ele>8.6000003814697265625</ele>
        <time>2025-04-13T10:57:37.000Z</time>
        <extensions>
          <ns3:TrackPointExtension>
            <ns3:hr>144</ns3:hr>
            <ns3:cad>95</ns3:cad>
          </ns3:TrackPointExtension>
        </extensions>
      </trkpt>
      <trkpt lat="51.5818933211266994476318359375" lon="-2.98570104874670505523681640625">
        <ele>8.80000019073486328125</ele>
        <time>2025-04-13T10:57:44.000Z</time>
        <extensions>
          <ns3:TrackPointExtension>
            <ns3:hr>143</ns3:hr>
            <ns3:cad>95</ns3:cad>
          </ns3:TrackPointExtension>
        </extensions>
      </trkpt>
      <trkpt lat="51.58208669163286685943603515625" lon="-2.985794506967067718505859375">
        <ele>9</ele>
        <time>2025-04-13T10:57:50.000Z</time>
        <extensions>
          <ns3:TrackPointExtension>
            <ns3:hr>143</ns3:hr>
            <ns3:cad>94</ns3:cad>
          </ns3:TrackPointExtension>
        </extensions>
      </trkpt>
      <trkpt lat="51.5822785533964633941650390625" lon="-2.985919229686260223388671875">
        <ele>9.19999980926513671875</ele>
        <time>2025-04-13T10:57:56.000Z</time>
        <extensions>
          <ns3:TrackPointExtension>
            <ns3:hr>144</ns3:hr>
            <ns3:cad>94</ns3:cad>
          </ns3:TrackPointExtension>
        </extensions>
      </trkpt>
      <trkpt lat="51.5824549086391925811767578125" lon="-2.98599206842482089996337890625">
        <ele>9.6000003814697265625</ele>
        <time>2025-04-13T10:58:01.000Z</time>
        <extensions>
          <ns3:TrackPointExtension>
            <ns3:hr>144</ns3:hr>
            <ns3:cad>94</ns3:cad>
          </ns3:TrackPointExtension>
        </extensions>
      </trkpt>
      <trkpt lat="51.58259463496506214141845703125" lon="-2.98617948777973651885986328125">
        <ele>10.19999980926513671875</ele>
        <time>2025-04-13T10:58:07.000Z</time>
        <extensions>
          <ns3:TrackPointExtension>
            <ns3:hr>144</ns3:hr>
            <ns3:cad>94</ns3:cad>
          </ns3:TrackPointExtension>
        </extensions>
      </trkpt>
      <trkpt lat="51.5827630273997783660888671875" lon="-2.986358106136322021484375">
        <ele>10.3999996185302734375</ele>
        <time>2025-04-13T10:58:13.000Z</time>
        <extensions>
          <ns3:TrackPointExtension>
            <ns3:hr>143</ns3:hr>
            <ns3:cad>94</ns3:cad>
          </ns3:TrackPointExtension>
        </extensions>
      </trkpt>
      <trkpt lat="51.582951284945011138916015625" lon="-2.98650302924215793609619140625">
        <ele>10.6000003814697265625</ele>
        <time>2025-04-13T10:58:18.000Z</time>
        <extensions>
          <ns3:TrackPointExtension>
            <ns3:hr>144</ns3:hr>
            <ns3:cad>94</ns3:cad>
          </ns3:TrackPointExtension>
        </extensions>
      </trkpt>
      <trkpt lat="51.58310660161077976226806640625" lon="-2.98669866286218166351318359375">
        <ele>11.19999980926513671875</ele>
        <time>2025-04-13T10:58:24.000Z</time>
        <extensions>
          <ns3:TrackPointExtension>
            <ns3:hr>144</ns3:hr>
            <ns3:cad>94</ns3:cad>
          </ns3:TrackPointExtension>
        </extensions>
      </trkpt>
      <trkpt lat="51.58327172510325908660888671875" lon="-2.98690469004213809967041015625">
        <ele>10.6000003814697265625</ele>
        <time>2025-04-13T10:58:30.000Z</time>
        <extensions>
          <ns3:TrackPointExtension>
            <ns3:hr>144</ns3:hr>
            <ns3:cad>95</ns3:cad>
          </ns3:TrackPointExtension>
        </extensions>
      </trkpt>
      <trkpt lat="51.58343500457704067230224609375" lon="-2.98708808608353137969970703125">
        <ele>10</ele>
        <time>2025-04-13T10:58:35.000Z</time>
        <extensions>
          <ns3:TrackPointExtension>
            <ns3:hr>146</ns3:hr>
            <ns3:cad>95</ns3:cad>
          </ns3:TrackPointExtension>
        </extensions>
      </trkpt>
      <trkpt lat="51.5835864655673503875732421875" lon="-2.98729025758802890777587890625">
        <ele>10</ele>
        <time>2025-04-13T10:58:40.000Z</time>
        <extensions>
          <ns3:TrackPointExtension>
            <ns3:hr>146</ns3:hr>
            <ns3:cad>96</ns3:cad>
          </ns3:TrackPointExtension>
        </extensions>
      </trkpt>
      <trkpt lat="51.58372954465448856353759765625" lon="-2.98751355148851871490478515625">
        <ele>10</ele>
        <time>2025-04-13T10:58:45.000Z</time>
        <extensions>
          <ns3:TrackPointExtension>
            <ns3:hr>144</ns3:hr>
            <ns3:cad>95</ns3:cad>
          </ns3:TrackPointExtension>
        </extensions>
      </trkpt>
      <trkpt lat="51.58388947136700153350830078125" lon="-2.9877526871860027313232421875">
        <ele>10</ele>
        <time>2025-04-13T10:58:50.000Z</time>
        <extensions>
          <ns3:TrackPointExtension>
            <ns3:hr>144</ns3:hr>
            <ns3:cad>97</ns3:cad>
          </ns3:TrackPointExtension>
        </extensions>
      </trkpt>
      <trkpt lat="51.5840417705476284027099609375" lon="-2.987969107925891876220703125">
        <ele>10.19999980926513671875</ele>
        <time>2025-04-13T10:58:55.000Z</time>
        <extensions>
          <ns3:TrackPointExtension>
            <ns3:hr>144</ns3:hr>
            <ns3:cad>96</ns3:cad>
          </ns3:TrackPointExtension>
        </extensions>
      </trkpt>
      <trkpt lat="51.58416976220905780792236328125" lon="-2.98817555420100688934326171875">
        <ele>10</ele>
        <time>2025-04-13T10:59:00.000Z</time>
        <extensions>
          <ns3:TrackPointExtension>
            <ns3:hr>141</ns3:hr>
            <ns3:cad>97</ns3:cad>
          </ns3:TrackPointExtension>
        </extensions>
      </trkpt>
      <trkpt lat="51.5841973386704921722412109375" lon="-2.98821846954524517059326171875">
        <ele>10</ele>
        <time>2025-04-13T10:59:01.000Z</time>
        <extensions>
          <ns3:TrackPointExtension>
            <ns3:hr>138</ns3:hr>
            <ns3:cad>97</ns3:cad>
          </ns3:TrackPointExtension>
        </extensions>
      </trkpt>
      <trkpt lat="51.58422768115997314453125" lon="-2.98826255835592746734619140625">
        <ele>10.19999980926513671875</ele>
        <time>2025-04-13T10:59:02.000Z</time>
        <extensions>
          <ns3:TrackPointExtension>
            <ns3:hr>138</ns3:hr>
            <ns3:cad>96</ns3:cad>
          </ns3:TrackPointExtension>
        </extensions>
      </trkpt>
      <trkpt lat="51.58436916768550872802734375" lon="-2.98847503960132598876953125">
        <ele>10.3999996185302734375</ele>
        <time>2025-04-13T10:59:07.000Z</time>
        <extensions>
          <ns3:TrackPointExtension>
            <ns3:hr>138</ns3:hr>
            <ns3:cad>95</ns3:cad>
          </ns3:TrackPointExtension>
        </extensions>
      </trkpt>
      <trkpt lat="51.58450302667915821075439453125" lon="-2.98868316225707530975341796875">
        <ele>10.80000019073486328125</ele>
        <time>2025-04-13T10:59:12.000Z</time>
        <extensions>
          <ns3:TrackPointExtension>
            <ns3:hr>139</ns3:hr>
            <ns3:cad>96</ns3:cad>
          </ns3:TrackPointExtension>
        </extensions>
      </trkpt>
      <trkpt lat="51.5846395678818225860595703125" lon="-2.98890528269112110137939453125">
        <ele>11.19999980926513671875</ele>
        <time>2025-04-13T10:59:17.000Z</time>
        <extensions>
          <ns3:TrackPointExtension>
            <ns3:hr>140</ns3:hr>
            <ns3:cad>95</ns3:cad>
          </ns3:TrackPointExtension>
        </extensions>
      </trkpt>
      <trkpt lat="51.58477284014225006103515625" lon="-2.9891172610223293304443359375">
        <ele>12.19999980926513671875</ele>
        <time>2025-04-13T10:59:22.000Z</time>
        <extensions>
          <ns3:TrackPointExtension>
            <ns3:hr>141</ns3:hr>
            <ns3:cad>97</ns3:cad>
          </ns3:TrackPointExtension>
        </extensions>
      </trkpt>
      <trkpt lat="51.58479957841336727142333984375" lon="-2.989151962101459503173828125">
        <ele>12.19999980926513671875</ele>
        <time>2025-04-13T10:59:23.000Z</time>
        <extensions>
          <ns3:TrackPointExtension>
            <ns3:hr>142</ns3:hr>
            <ns3:cad>97</ns3:cad>
          </ns3:TrackPointExtension>
        </extensions>
      </trkpt>
    </trkseg>
  </trk>
</gpx>
