<?xml version="1.0" encoding="UTF-8"?>
<gpx creator="Garmin Connect" version="1.1"
  xsi:schemaLocation="http://www.topografix.com/GPX/1/1 http://www.topografix.com/GPX/11.xsd"
  xmlns:ns3="http://www.garmin.com/xmlschemas/TrackPointExtension/v1"
  xmlns="http://www.topografix.com/GPX/1/1"
  xmlns:xsi="http://www.w3.org/2001/XMLSchema-instance" xmlns:ns2="http://www.garmin.com/xmlschemas/GpxExtensions/v3">
  <metadata>
    <link href="connect.garmin.com">
      <text>Garmin Connect</text>
    </link>
    <time>2019-11-02T09:57:49.000Z</time>
  </metadata>
  <trk>
    <name>Kingston upon Thames Running</name>
    <type>running</type>
    <trkseg>
      <trkpt lat="51.42692592926323413848876953125" lon="-0.3100045211613178253173828125">
        <ele>7.19999980926513671875</ele>
        <time>2019-11-02T09:57:49.000Z</time>
        <extensions>
          <ns3:TrackPointExtension>
            <ns3:hr>130</ns3:hr>
            <ns3:cad>0</ns3:cad>
          </ns3:TrackPointExtension>
        </extensions>
      </trkpt>
      <trkpt lat="51.4269172959029674530029296875" lon="-0.3099974803626537322998046875">
        <ele>7.19999980926513671875</ele>
        <time>2019-11-02T09:57:50.000Z</time>
        <extensions>
          <ns3:TrackPointExtension>
            <ns3:hr>130</ns3:hr>
            <ns3:cad>61</ns3:cad>
          </ns3:TrackPointExtension>
        </extensions>
      </trkpt>
      <trkpt lat="51.426785029470920562744140625" lon="-0.30976270325481891632080078125">
        <ele>7</ele>
        <time>2019-11-02T09:57:54.000Z</time>
        <extensions>
          <ns3:TrackPointExtension>
            <ns3:hr>130</ns3:hr>
            <ns3:cad>118</ns3:cad>
          </ns3:TrackPointExtension>
        </extensions>
      </trkpt>
      <trkpt lat="51.42664630897343158721923828125" lon="-0.30954142101109027862548828125">
        <ele>7</ele>
        <time>2019-11-02T09:57:59.000Z</time>
        <extensions>
          <ns3:TrackPointExtension>
            <ns3:hr>129</ns3:hr>
            <ns3:cad>113</ns3:cad>
          </ns3:TrackPointExtension>
        </extensions>
      </trkpt>
      <trkpt lat="51.42649895511567592620849609375" lon="-0.30935718677937984466552734375">
        <ele>7.599999904632568359375</ele>
        <time>2019-11-02T09:58:03.000Z</time>
        <extensions>
          <ns3:TrackPointExtension>
            <ns3:hr>128</ns3:hr>
            <ns3:cad>107</ns3:cad>
          </ns3:TrackPointExtension>
        </extensions>
      </trkpt>
      <trkpt lat="51.4263691194355487823486328125" lon="-0.3091535903513431549072265625">
        <ele>8</ele>
        <time>2019-11-02T09:58:08.000Z</time>
        <extensions>
          <ns3:TrackPointExtension>
            <ns3:hr>131</ns3:hr>
            <ns3:cad>105</ns3:cad>
          </ns3:TrackPointExtension>
        </extensions>
      </trkpt>
      <trkpt lat="51.426227800548076629638671875" lon="-0.30895083211362361907958984375">
        <ele>6.400000095367431640625</ele>
        <time>2019-11-02T09:58:12.000Z</time>
        <extensions>
          <ns3:TrackPointExtension>
            <ns3:hr>131</ns3:hr>
            <ns3:cad>105</ns3:cad>
          </ns3:TrackPointExtension>
        </extensions>
      </trkpt>
      <trkpt lat="51.426159404218196868896484375" lon="-0.308846645057201385498046875">
        <ele>6.19999980926513671875</ele>
        <time>2019-11-02T09:58:14.000Z</time>
        <extensions>
          <ns3:TrackPointExtension>
            <ns3:hr>135</ns3:hr>
            <ns3:cad>104</ns3:cad>
          </ns3:TrackPointExtension>
        </extensions>
      </trkpt>
      <trkpt lat="51.42603325657546520233154296875" lon="-0.308633744716644287109375">
        <ele>4.19999980926513671875</ele>
        <time>2019-11-02T09:58:18.000Z</time>
        <extensions>
          <ns3:TrackPointExtension>
            <ns3:hr>138</ns3:hr>
            <ns3:cad>105</ns3:cad>
          </ns3:TrackPointExtension>
        </extensions>
      </trkpt>
      <trkpt lat="51.42586528323590755462646484375" lon="-0.30839972198009490966796875">
        <ele>5.19999980926513671875</ele>
        <time>2019-11-02T09:58:23.000Z</time>
        <extensions>
          <ns3:TrackPointExtension>
            <ns3:hr>139</ns3:hr>
            <ns3:cad>104</ns3:cad>
          </ns3:TrackPointExtension>
        </extensions>
      </trkpt>
      <trkpt lat="51.425695717334747314453125" lon="-0.30817173421382904052734375">
        <ele>6.80000019073486328125</ele>
        <time>2019-11-02T09:58:28.000Z</time>
        <extensions>
          <ns3:TrackPointExtension>
            <ns3:hr>139</ns3:hr>
            <ns3:cad>105</ns3:cad>
          </ns3:TrackPointExtension>
        </extensions>
      </trkpt>
      <trkpt lat="51.42552196048200130462646484375" lon="-0.3079536370933055877685546875">
        <ele>8.19999980926513671875</ele>
        <time>2019-11-02T09:58:33.000Z</time>
        <extensions>
          <ns3:TrackPointExtension>
            <ns3:hr>138</ns3:hr>
            <ns3:cad>104</ns3:cad>
          </ns3:TrackPointExtension>
        </extensions>
      </trkpt>
      <trkpt lat="51.4254518039524555206298828125" lon="-0.30787660740315914154052734375">
        <ele>8.80000019073486328125</ele>
        <time>2019-11-02T09:58:34.000Z</time>
        <extensions>
          <ns3:TrackPointExtension>
            <ns3:hr>138</ns3:hr>
            <ns3:cad>104</ns3:cad>
          </ns3:TrackPointExtension>
        </extensions>
      </trkpt>
      <trkpt lat="51.42529061995446681976318359375" lon="-0.30767879448831081390380859375">
        <ele>10</ele>
        <time>2019-11-02T09:58:40.000Z</time>
        <extensions>
          <ns3:TrackPointExtension>
            <ns3:hr>138</ns3:hr>
            <ns3:cad>103</ns3:cad>
          </ns3:TrackPointExtension>
        </extensions>
      </trkpt>
      <trkpt lat="51.42522674985229969024658203125" lon="-0.30761115252971649169921875">
        <ele>9.80000019073486328125</ele>
        <time>2019-11-02T09:58:41.000Z</time>
        <extensions>
          <ns3:TrackPointExtension>
            <ns3:hr>137</ns3:hr>
            <ns3:cad>102</ns3:cad>
          </ns3:TrackPointExtension>
        </extensions>
      </trkpt>
      <trkpt lat="51.42519489862024784088134765625" lon="-0.307577960193157196044921875">
        <ele>9.80000019073486328125</ele>
        <time>2019-11-02T09:58:43.000Z</time>
        <extensions>
          <ns3:TrackPointExtension>
            <ns3:hr>137</ns3:hr>
            <ns3:cad>103</ns3:cad>
          </ns3:TrackPointExtension>
        </extensions>
      </trkpt>
      <trkpt lat="51.425035558640956878662109375" lon="-0.30740235932171344757080078125">
        <ele>10</ele>
        <time>2019-11-02T09:58:48.000Z</time>
        <extensions>
          <ns3:TrackPointExtension>
            <ns3:hr>138</ns3:hr>
            <ns3:cad>101</ns3:cad>
          </ns3:TrackPointExtension>
        </extensions>
      </trkpt>
      <trkpt lat="51.424869596958160400390625" lon="-0.30726808123290538787841796875">
        <ele>9.6000003814697265625</ele>
        <time>2019-11-02T09:58:53.000Z</time>
        <extensions>
          <ns3:TrackPointExtension>
            <ns3:hr>138</ns3:hr>
            <ns3:cad>100</ns3:cad>
          </ns3:TrackPointExtension>
        </extensions>
      </trkpt>
      <trkpt lat="51.4247314631938934326171875" lon="-0.30715391971170902252197265625">
        <ele>9.19999980926513671875</ele>
        <time>2019-11-02T09:58:57.000Z</time>
        <extensions>
          <ns3:TrackPointExtension>
            <ns3:hr>139</ns3:hr>
            <ns3:cad>101</ns3:cad>
          </ns3:TrackPointExtension>
        </extensions>
      </trkpt>
      <trkpt lat="51.4245955087244510650634765625" lon="-0.30705065466463565826416015625">
        <ele>8.6000003814697265625</ele>
        <time>2019-11-02T09:59:01.000Z</time>
        <extensions>
          <ns3:TrackPointExtension>
            <ns3:hr>141</ns3:hr>
            <ns3:cad>101</ns3:cad>
          </ns3:TrackPointExtension>
        </extensions>
      </trkpt>
      <trkpt lat="51.42441638745367527008056640625" lon="-0.30694940127432346343994140625">
        <ele>8</ele>
        <time>2019-11-02T09:59:06.000Z</time>
        <extensions>
          <ns3:TrackPointExtension>
            <ns3:hr>141</ns3:hr>
            <ns3:cad>102</ns3:cad>
          </ns3:TrackPointExtension>
        </extensions>
      </trkpt>
      <trkpt lat="51.42423533834517002105712890625" lon="-0.30681696720421314239501953125">
        <ele>8.19999980926513671875</ele>
        <time>2019-11-02T09:59:11.000Z</time>
        <extensions>
          <ns3:TrackPointExtension>
            <ns3:hr>139</ns3:hr>
            <ns3:cad>101</ns3:cad>
          </ns3:TrackPointExtension>
        </extensions>
      </trkpt>
      <trkpt lat="51.4240550436079502105712890625" lon="-0.30672200024127960205078125">
        <ele>9.19999980926513671875</ele>
        <time>2019-11-02T09:59:16.000Z</time>
        <extensions>
          <ns3:TrackPointExtension>
            <ns3:hr>139</ns3:hr>
            <ns3:cad>101</ns3:cad>
          </ns3:TrackPointExtension>
        </extensions>
      </trkpt>
      <trkpt lat="51.42387860454618930816650390625" lon="-0.30662971548736095428466796875">
        <ele>8</ele>
        <time>2019-11-02T09:59:21.000Z</time>
        <extensions>
          <ns3:TrackPointExtension>
            <ns3:hr>138</ns3:hr>
            <ns3:cad>101</ns3:cad>
          </ns3:TrackPointExtension>
        </extensions>
      </trkpt>
      <trkpt lat="51.42370174638926982879638671875" lon="-0.3065132908523082733154296875">
        <ele>7</ele>
        <time>2019-11-02T09:59:26.000Z</time>
        <extensions>
          <ns3:TrackPointExtension>
            <ns3:hr>138</ns3:hr>
            <ns3:cad>101</ns3:cad>
          </ns3:TrackPointExtension>
        </extensions>
      </trkpt>
      <trkpt lat="51.42351843416690826416015625" lon="-0.30640281736850738525390625">
        <ele>6.599999904632568359375</ele>
        <time>2019-11-02T09:59:31.000Z</time>
        <extensions>
          <ns3:TrackPointExtension>
            <ns3:hr>138</ns3:hr>
            <ns3:cad>101</ns3:cad>
          </ns3:TrackPointExtension>
        </extensions>
      </trkpt>
      <trkpt lat="51.4233445934951305389404296875" lon="-0.30631002970039844512939453125">
        <ele>7</ele>
        <time>2019-11-02T09:59:36.000Z</time>
        <extensions>
          <ns3:TrackPointExtension>
            <ns3:hr>138</ns3:hr>
            <ns3:cad>101</ns3:cad>
          </ns3:TrackPointExtension>
        </extensions>
      </trkpt>
      <trkpt lat="51.42316765151917934417724609375" lon="-0.3062279708683490753173828125">
        <ele>6.80000019073486328125</ele>
        <time>2019-11-02T09:59:41.000Z</time>
        <extensions>
          <ns3:TrackPointExtension>
            <ns3:hr>140</ns3:hr>
            <ns3:cad>100</ns3:cad>
          </ns3:TrackPointExtension>
        </extensions>
      </trkpt>
      <trkpt lat="51.4229935593903064727783203125" lon="-0.3061344288289546966552734375">
        <ele>6.80000019073486328125</ele>
        <time>2019-11-02T09:59:46.000Z</time>
        <extensions>
          <ns3:TrackPointExtension>
            <ns3:hr>140</ns3:hr>
            <ns3:cad>99</ns3:cad>
          </ns3:TrackPointExtension>
        </extensions>
      </trkpt>
      <trkpt lat="51.42278878949582576751708984375" lon="-0.3060392104089260101318359375">
        <ele>7</ele>
        <time>2019-11-02T09:59:52.000Z</time>
        <extensions>
          <ns3:TrackPointExtension>
            <ns3:hr>141</ns3:hr>
            <ns3:cad>100</ns3:cad>
          </ns3:TrackPointExtension>
        </extensions>
      </trkpt>
      <trkpt lat="51.4226197265088558197021484375" lon="-0.30593519099056720733642578125">
        <ele>7</ele>
        <time>2019-11-02T09:59:57.000Z</time>
        <extensions>
          <ns3:TrackPointExtension>
            <ns3:hr>139</ns3:hr>
            <ns3:cad>100</ns3:cad>
          </ns3:TrackPointExtension>
        </extensions>
      </trkpt>
      <trkpt lat="51.42243322916328907012939453125" lon="-0.30578725039958953857421875">
        <ele>7.19999980926513671875</ele>
        <time>2019-11-02T10:00:03.000Z</time>
        <extensions>
          <ns3:TrackPointExtension>
            <ns3:hr>138</ns3:hr>
            <ns3:cad>98</ns3:cad>
          </ns3:TrackPointExtension>
        </extensions>
      </trkpt>
      <trkpt lat="51.4222334884107112884521484375" lon="-0.30566294677555561065673828125">
        <ele>8.3999996185302734375</ele>
        <time>2019-11-02T10:00:09.000Z</time>
        <extensions>
          <ns3:TrackPointExtension>
            <ns3:hr>137</ns3:hr>
            <ns3:cad>99</ns3:cad>
          </ns3:TrackPointExtension>
        </extensions>
      </trkpt>
      <trkpt lat="51.4220578037202358245849609375" lon="-0.30558197759091854095458984375">
        <ele>9.19999980926513671875</ele>
        <time>2019-11-02T10:00:14.000Z</time>
        <extensions>
          <ns3:TrackPointExtension>
            <ns3:hr>138</ns3:hr>
            <ns3:cad>100</ns3:cad>
          </ns3:TrackPointExtension>
        </extensions>
      </trkpt>
      <trkpt lat="51.42187826335430145263671875" lon="-0.30549765564501285552978515625">
        <ele>9.80000019073486328125</ele>
        <time>2019-11-02T10:00:19.000Z</time>
        <extensions>
          <ns3:TrackPointExtension>
            <ns3:hr>137</ns3:hr>
            <ns3:cad>100</ns3:cad>
          </ns3:TrackPointExtension>
        </extensions>
      </trkpt>
      <trkpt lat="51.42166896723210811614990234375" lon="-0.3054125793278217315673828125">
        <ele>9.3999996185302734375</ele>
        <time>2019-11-02T10:00:25.000Z</time>
        <extensions>
          <ns3:TrackPointExtension>
            <ns3:hr>140</ns3:hr>
            <ns3:cad>99</ns3:cad>
          </ns3:TrackPointExtension>
        </extensions>
      </trkpt>
      <trkpt lat="51.4214717410504817962646484375" lon="-0.3053280897438526153564453125">
        <ele>8.80000019073486328125</ele>
        <time>2019-11-02T10:00:31.000Z</time>
        <extensions>
          <ns3:TrackPointExtension>
            <ns3:hr>140</ns3:hr>
            <ns3:cad>99</ns3:cad>
          </ns3:TrackPointExtension>
        </extensions>
      </trkpt>
      <trkpt lat="51.42128281295299530029296875" lon="-0.30522759072482585906982421875">
        <ele>10</ele>
        <time>2019-11-02T10:00:37.000Z</time>
        <extensions>
          <ns3:TrackPointExtension>
            <ns3:hr>140</ns3:hr>
            <ns3:cad>100</ns3:cad>
          </ns3:TrackPointExtension>
        </extensions>
      </trkpt>
      <trkpt lat="51.4210948906838893890380859375" lon="-0.30514662154018878936767578125">
        <ele>10.19999980926513671875</ele>
        <time>2019-11-02T10:00:42.000Z</time>
        <extensions>
          <ns3:TrackPointExtension>
            <ns3:hr>139</ns3:hr>
            <ns3:cad>100</ns3:cad>
          </ns3:TrackPointExtension>
        </extensions>
      </trkpt>
      <trkpt lat="51.4209074713289737701416015625" lon="-0.3050773032009601593017578125">
        <ele>9.80000019073486328125</ele>
        <time>2019-11-02T10:00:47.000Z</time>
        <extensions>
          <ns3:TrackPointExtension>
            <ns3:hr>139</ns3:hr>
            <ns3:cad>100</ns3:cad>
          </ns3:TrackPointExtension>
        </extensions>
      </trkpt>
      <trkpt lat="51.42071284353733062744140625" lon="-0.305005051195621490478515625">
        <ele>9.3999996185302734375</ele>
        <time>2019-11-02T10:00:52.000Z</time>
        <extensions>
          <ns3:TrackPointExtension>
            <ns3:hr>141</ns3:hr>
            <ns3:cad>100</ns3:cad>
          </ns3:TrackPointExtension>
        </extensions>
      </trkpt>
      <trkpt lat="51.420563645660877227783203125" lon="-0.30496808700263500213623046875">
        <ele>9</ele>
        <time>2019-11-02T10:00:56.000Z</time>
        <extensions>
          <ns3:TrackPointExtension>
            <ns3:hr>139</ns3:hr>
            <ns3:cad>100</ns3:cad>
          </ns3:TrackPointExtension>
        </extensions>
      </trkpt>
      <trkpt lat="51.42048753798007965087890625" lon="-0.30495501123368740081787109375">
        <ele>8.80000019073486328125</ele>
        <time>2019-11-02T10:00:58.000Z</time>
        <extensions>
          <ns3:TrackPointExtension>
            <ns3:hr>148</ns3:hr>
            <ns3:cad>100</ns3:cad>
          </ns3:TrackPointExtension>
        </extensions>
      </trkpt>
      <trkpt lat="51.42030003480613231658935546875" lon="-0.3049022890627384185791015625">
        <ele>8.3999996185302734375</ele>
        <time>2019-11-02T10:01:03.000Z</time>
        <extensions>
          <ns3:TrackPointExtension>
            <ns3:hr>150</ns3:hr>
            <ns3:cad>100</ns3:cad>
          </ns3:TrackPointExtension>
        </extensions>
      </trkpt>
      <trkpt lat="51.420123092830181121826171875" lon="-0.3049740381538867950439453125">
        <ele>8.19999980926513671875</ele>
        <time>2019-11-02T10:01:08.000Z</time>
        <extensions>
          <ns3:TrackPointExtension>
            <ns3:hr>151</ns3:hr>
            <ns3:cad>100</ns3:cad>
          </ns3:TrackPointExtension>
        </extensions>
      </trkpt>
      <trkpt lat="51.41995704732835292816162109375" lon="-0.3051249124109745025634765625">
        <ele>7.80000019073486328125</ele>
        <time>2019-11-02T10:01:13.000Z</time>
        <extensions>
          <ns3:TrackPointExtension>
            <ns3:hr>149</ns3:hr>
            <ns3:cad>101</ns3:cad>
          </ns3:TrackPointExtension>
        </extensions>
      </trkpt>
      <trkpt lat="51.41978706233203411102294921875" lon="-0.30528257600963115692138671875">
        <ele>8.19999980926513671875</ele>
        <time>2019-11-02T10:01:18.000Z</time>
        <extensions>
          <ns3:TrackPointExtension>
            <ns3:hr>147</ns3:hr>
            <ns3:cad>101</ns3:cad>
          </ns3:TrackPointExtension>
        </extensions>
      </trkpt>
      <trkpt lat="51.4196186698973178863525390625" lon="-0.30539967119693756103515625">
        <ele>8.6000003814697265625</ele>
        <time>2019-11-02T10:01:23.000Z</time>
        <extensions>
          <ns3:TrackPointExtension>
            <ns3:hr>146</ns3:hr>
            <ns3:cad>100</ns3:cad>
          </ns3:TrackPointExtension>
        </extensions>
      </trkpt>
      <trkpt lat="51.41941809095442295074462890625" lon="-0.30550536699593067169189453125">
        <ele>9</ele>
        <time>2019-11-02T10:01:29.000Z</time>
        <extensions>
          <ns3:TrackPointExtension>
            <ns3:hr>145</ns3:hr>
            <ns3:cad>100</ns3:cad>
          </ns3:TrackPointExtension>
        </extensions>
      </trkpt>
      <trkpt lat="51.41923905350267887115478515625" lon="-0.305440910160541534423828125">
        <ele>8.3999996185302734375</ele>
        <time>2019-11-02T10:01:35.000Z</time>
        <extensions>
          <ns3:TrackPointExtension>
            <ns3:hr>144</ns3:hr>
            <ns3:cad>100</ns3:cad>
          </ns3:TrackPointExtension>
        </extensions>
      </trkpt>
      <trkpt lat="51.41905247233808040618896484375" lon="-0.305404029786586761474609375">
        <ele>8.3999996185302734375</ele>
        <time>2019-11-02T10:01:40.000Z</time>
        <extensions>
          <ns3:TrackPointExtension>
            <ns3:hr>144</ns3:hr>
            <ns3:cad>99</ns3:cad>
          </ns3:TrackPointExtension>
        </extensions>
      </trkpt>
      <trkpt lat="51.41884594224393367767333984375" lon="-0.3054137527942657470703125">
        <ele>8</ele>
        <time>2019-11-02T10:01:46.000Z</time>
        <extensions>
          <ns3:TrackPointExtension>
            <ns3:hr>144</ns3:hr>
            <ns3:cad>100</ns3:cad>
          </ns3:TrackPointExtension>
        </extensions>
      </trkpt>
      <trkpt lat="51.41866841353476047515869140625" lon="-0.30542154796421527862548828125">
        <ele>8.80000019073486328125</ele>
        <time>2019-11-02T10:01:51.000Z</time>
        <extensions>
          <ns3:TrackPointExtension>
            <ns3:hr>143</ns3:hr>
            <ns3:cad>100</ns3:cad>
          </ns3:TrackPointExtension>
        </extensions>
      </trkpt>
      <trkpt lat="51.41852156259119510650634765625" lon="-0.3056283295154571533203125">
        <ele>8.80000019073486328125</ele>
        <time>2019-11-02T10:01:57.000Z</time>
        <extensions>
          <ns3:TrackPointExtension>
            <ns3:hr>142</ns3:hr>
            <ns3:cad>99</ns3:cad>
          </ns3:TrackPointExtension>
        </extensions>
      </trkpt>
      <trkpt lat="51.41847177408635616302490234375" lon="-0.30589311383664608001708984375">
        <ele>8.80000019073486328125</ele>
        <time>2019-11-02T10:02:02.000Z</time>
        <extensions>
          <ns3:TrackPointExtension>
            <ns3:hr>143</ns3:hr>
            <ns3:cad>100</ns3:cad>
          </ns3:TrackPointExtension>
        </extensions>
      </trkpt>
      <trkpt lat="51.41829608939588069915771484375" lon="-0.30605421401560306549072265625">
        <ele>10</ele>
        <time>2019-11-02T10:02:07.000Z</time>
        <extensions>
          <ns3:TrackPointExtension>
            <ns3:hr>142</ns3:hr>
            <ns3:cad>101</ns3:cad>
          </ns3:TrackPointExtension>
        </extensions>
      </trkpt>
      <trkpt lat="51.418118141591548919677734375" lon="-0.3061770088970661163330078125">
        <ele>11.19999980926513671875</ele>
        <time>2019-11-02T10:02:12.000Z</time>
        <extensions>
          <ns3:TrackPointExtension>
            <ns3:hr>143</ns3:hr>
            <ns3:cad>101</ns3:cad>
          </ns3:TrackPointExtension>
        </extensions>
      </trkpt>
      <trkpt lat="51.41793072223663330078125" lon="-0.306278429925441741943359375">
        <ele>11.3999996185302734375</ele>
        <time>2019-11-02T10:02:17.000Z</time>
        <extensions>
          <ns3:TrackPointExtension>
            <ns3:hr>145</ns3:hr>
            <ns3:cad>100</ns3:cad>
          </ns3:TrackPointExtension>
        </extensions>
      </trkpt>
      <trkpt lat="51.41775931231677532196044921875" lon="-0.3063610754907131195068359375">
        <ele>11</ele>
        <time>2019-11-02T10:02:22.000Z</time>
        <extensions>
          <ns3:TrackPointExtension>
            <ns3:hr>148</ns3:hr>
            <ns3:cad>100</ns3:cad>
          </ns3:TrackPointExtension>
        </extensions>
      </trkpt>
      <trkpt lat="51.417574323713779449462890625" lon="-0.30647934414446353912353515625">
        <ele>11</ele>
        <time>2019-11-02T10:02:27.000Z</time>
        <extensions>
          <ns3:TrackPointExtension>
            <ns3:hr>147</ns3:hr>
            <ns3:cad>100</ns3:cad>
          </ns3:TrackPointExtension>
        </extensions>
      </trkpt>
      <trkpt lat="51.4174065180122852325439453125" lon="-0.306601636111736297607421875">
        <ele>11</ele>
        <time>2019-11-02T10:02:32.000Z</time>
        <extensions>
          <ns3:TrackPointExtension>
            <ns3:hr>145</ns3:hr>
            <ns3:cad>100</ns3:cad>
          </ns3:TrackPointExtension>
        </extensions>
      </trkpt>
      <trkpt lat="51.4172398857772350311279296875" lon="-0.3067305497825145721435546875">
        <ele>10.6000003814697265625</ele>
        <time>2019-11-02T10:02:37.000Z</time>
        <extensions>
          <ns3:TrackPointExtension>
            <ns3:hr>144</ns3:hr>
            <ns3:cad>101</ns3:cad>
          </ns3:TrackPointExtension>
        </extensions>
      </trkpt>
      <trkpt lat="51.4170484431087970733642578125" lon="-0.3068743832409381866455078125">
        <ele>10</ele>
        <time>2019-11-02T10:02:43.000Z</time>
        <extensions>
          <ns3:TrackPointExtension>
            <ns3:hr>144</ns3:hr>
            <ns3:cad>101</ns3:cad>
          </ns3:TrackPointExtension>
        </extensions>
      </trkpt>
      <trkpt lat="51.41684417612850666046142578125" lon="-0.30698745511472225189208984375">
        <ele>9.80000019073486328125</ele>
        <time>2019-11-02T10:02:49.000Z</time>
        <extensions>
          <ns3:TrackPointExtension>
            <ns3:hr>143</ns3:hr>
            <ns3:cad>100</ns3:cad>
          </ns3:TrackPointExtension>
        </extensions>
      </trkpt>
      <trkpt lat="51.41665390692651271820068359375" lon="-0.3070487268269062042236328125">
        <ele>10</ele>
        <time>2019-11-02T10:02:54.000Z</time>
        <extensions>
          <ns3:TrackPointExtension>
            <ns3:hr>143</ns3:hr>
            <ns3:cad>100</ns3:cad>
          </ns3:TrackPointExtension>
        </extensions>
      </trkpt>
      <trkpt lat="51.41646615229547023773193359375" lon="-0.30711754225194454193115234375">
        <ele>12</ele>
        <time>2019-11-02T10:02:59.000Z</time>
        <extensions>
          <ns3:TrackPointExtension>
            <ns3:hr>143</ns3:hr>
            <ns3:cad>101</ns3:cad>
          </ns3:TrackPointExtension>
        </extensions>
      </trkpt>
      <trkpt lat="51.4162744581699371337890625" lon="-0.30720706097781658172607421875">
        <ele>13.3999996185302734375</ele>
        <time>2019-11-02T10:03:04.000Z</time>
        <extensions>
          <ns3:TrackPointExtension>
            <ns3:hr>143</ns3:hr>
            <ns3:cad>101</ns3:cad>
          </ns3:TrackPointExtension>
        </extensions>
      </trkpt>
      <trkpt lat="51.41608276404440402984619140625" lon="-0.3072403371334075927734375">
        <ele>14</ele>
        <time>2019-11-02T10:03:09.000Z</time>
        <extensions>
          <ns3:TrackPointExtension>
            <ns3:hr>144</ns3:hr>
            <ns3:cad>101</ns3:cad>
          </ns3:TrackPointExtension>
        </extensions>
      </trkpt>
      <trkpt lat="51.41588847152888774871826171875" lon="-0.3072844259440898895263671875">
        <ele>13.6000003814697265625</ele>
        <time>2019-11-02T10:03:14.000Z</time>
        <extensions>
          <ns3:TrackPointExtension>
            <ns3:hr>144</ns3:hr>
            <ns3:cad>101</ns3:cad>
          </ns3:TrackPointExtension>
        </extensions>
      </trkpt>
      <trkpt lat="51.41570985317230224609375" lon="-0.3073645569384098052978515625">
        <ele>13</ele>
        <time>2019-11-02T10:03:19.000Z</time>
        <extensions>
          <ns3:TrackPointExtension>
            <ns3:hr>144</ns3:hr>
            <ns3:cad>100</ns3:cad>
          </ns3:TrackPointExtension>
        </extensions>
      </trkpt>
      <trkpt lat="51.4155261218547821044921875" lon="-0.307445861399173736572265625">
        <ele>12</ele>
        <time>2019-11-02T10:03:24.000Z</time>
        <extensions>
          <ns3:TrackPointExtension>
            <ns3:hr>143</ns3:hr>
            <ns3:cad>100</ns3:cad>
          </ns3:TrackPointExtension>
        </extensions>
      </trkpt>
      <trkpt lat="51.41534465365111827850341796875" lon="-0.30751098878681659698486328125">
        <ele>9.80000019073486328125</ele>
        <time>2019-11-02T10:03:29.000Z</time>
        <extensions>
          <ns3:TrackPointExtension>
            <ns3:hr>145</ns3:hr>
            <ns3:cad>101</ns3:cad>
          </ns3:TrackPointExtension>
        </extensions>
      </trkpt>
      <trkpt lat="51.4151524566113948822021484375" lon="-0.3075412474572658538818359375">
        <ele>8.6000003814697265625</ele>
        <time>2019-11-02T10:03:34.000Z</time>
        <extensions>
          <ns3:TrackPointExtension>
            <ns3:hr>145</ns3:hr>
            <ns3:cad>100</ns3:cad>
          </ns3:TrackPointExtension>
        </extensions>
      </trkpt>
      <trkpt lat="51.41496352851390838623046875" lon="-0.30757469125092029571533203125">
        <ele>8</ele>
        <time>2019-11-02T10:03:39.000Z</time>
        <extensions>
          <ns3:TrackPointExtension>
            <ns3:hr>145</ns3:hr>
            <ns3:cad>101</ns3:cad>
          </ns3:TrackPointExtension>
        </extensions>
      </trkpt>
      <trkpt lat="51.414774768054485321044921875" lon="-0.3075943887233734130859375">
        <ele>8.19999980926513671875</ele>
        <time>2019-11-02T10:03:44.000Z</time>
        <extensions>
          <ns3:TrackPointExtension>
            <ns3:hr>144</ns3:hr>
            <ns3:cad>101</ns3:cad>
          </ns3:TrackPointExtension>
        </extensions>
      </trkpt>
      <trkpt lat="51.4145764522254467010498046875" lon="-0.30766236595809459686279296875">
        <ele>8.6000003814697265625</ele>
        <time>2019-11-02T10:03:50.000Z</time>
        <extensions>
          <ns3:TrackPointExtension>
            <ns3:hr>143</ns3:hr>
            <ns3:cad>100</ns3:cad>
          </ns3:TrackPointExtension>
        </extensions>
      </trkpt>
      <trkpt lat="51.4143808186054229736328125" lon="-0.30767510645091533660888671875">
        <ele>9</ele>
        <time>2019-11-02T10:03:56.000Z</time>
        <extensions>
          <ns3:TrackPointExtension>
            <ns3:hr>144</ns3:hr>
            <ns3:cad>100</ns3:cad>
          </ns3:TrackPointExtension>
        </extensions>
      </trkpt>
      <trkpt lat="51.41429238952696323394775390625" lon="-0.30764509923756122589111328125">
        <ele>8.80000019073486328125</ele>
        <time>2019-11-02T10:04:00.000Z</time>
        <extensions>
          <ns3:TrackPointExtension>
            <ns3:hr>144</ns3:hr>
            <ns3:cad>99</ns3:cad>
          </ns3:TrackPointExtension>
        </extensions>
      </trkpt>
      <trkpt lat="51.414324156939983367919921875" lon="-0.30766789801418781280517578125">
        <ele>8.80000019073486328125</ele>
        <time>2019-11-02T10:04:03.000Z</time>
        <extensions>
          <ns3:TrackPointExtension>
            <ns3:hr>145</ns3:hr>
            <ns3:cad>99</ns3:cad>
          </ns3:TrackPointExtension>
        </extensions>
      </trkpt>
      <trkpt lat="51.41453915275633335113525390625" lon="-0.30768625438213348388671875">
        <ele>8.80000019073486328125</ele>
        <time>2019-11-02T10:04:09.000Z</time>
        <extensions>
          <ns3:TrackPointExtension>
            <ns3:hr>146</ns3:hr>
            <ns3:cad>103</ns3:cad>
          </ns3:TrackPointExtension>
        </extensions>
      </trkpt>
      <trkpt lat="51.4147388935089111328125" lon="-0.3076877631247043609619140625">
        <ele>8</ele>
        <time>2019-11-02T10:04:14.000Z</time>
        <extensions>
          <ns3:TrackPointExtension>
            <ns3:hr>145</ns3:hr>
            <ns3:cad>101</ns3:cad>
          </ns3:TrackPointExtension>
        </extensions>
      </trkpt>
      <trkpt lat="51.41477837227284908294677734375" lon="-0.3076864220201969146728515625">
        <ele>8</ele>
        <time>2019-11-02T10:04:15.000Z</time>
        <extensions>
          <ns3:TrackPointExtension>
            <ns3:hr>145</ns3:hr>
            <ns3:cad>101</ns3:cad>
          </ns3:TrackPointExtension>
        </extensions>
      </trkpt>
      <trkpt lat="51.41497316770255565643310546875" lon="-0.30766890384256839752197265625">
        <ele>8</ele>
        <time>2019-11-02T10:04:20.000Z</time>
        <extensions>
          <ns3:TrackPointExtension>
            <ns3:hr>145</ns3:hr>
            <ns3:cad>101</ns3:cad>
          </ns3:TrackPointExtension>
        </extensions>
      </trkpt>
      <trkpt lat="51.41519025899469852447509765625" lon="-0.307616852223873138427734375">
        <ele>8.3999996185302734375</ele>
        <time>2019-11-02T10:04:26.000Z</time>
        <extensions>
          <ns3:TrackPointExtension>
            <ns3:hr>143</ns3:hr>
            <ns3:cad>103</ns3:cad>
          </ns3:TrackPointExtension>
        </extensions>
      </trkpt>
      <trkpt lat="51.41538790427148342132568359375" lon="-0.30755926854908466339111328125">
        <ele>10</ele>
        <time>2019-11-02T10:04:32.000Z</time>
        <extensions>
          <ns3:TrackPointExtension>
            <ns3:hr>146</ns3:hr>
            <ns3:cad>103</ns3:cad>
          </ns3:TrackPointExtension>
        </extensions>
      </trkpt>
      <trkpt lat="51.4155864715576171875" lon="-0.3074597753584384918212890625">
        <ele>12.3999996185302734375</ele>
        <time>2019-11-02T10:04:38.000Z</time>
        <extensions>
          <ns3:TrackPointExtension>
            <ns3:hr>146</ns3:hr>
            <ns3:cad>101</ns3:cad>
          </ns3:TrackPointExtension>
        </extensions>
      </trkpt>
      <trkpt lat="51.41578503884375095367431640625" lon="-0.307379476726055145263671875">
        <ele>13.6000003814697265625</ele>
        <time>2019-11-02T10:04:44.000Z</time>
        <extensions>
          <ns3:TrackPointExtension>
            <ns3:hr>146</ns3:hr>
            <ns3:cad>101</ns3:cad>
          </ns3:TrackPointExtension>
        </extensions>
      </trkpt>
      <trkpt lat="51.415989138185977935791015625" lon="-0.3073234856128692626953125">
        <ele>14</ele>
        <time>2019-11-02T10:04:49.000Z</time>
        <extensions>
          <ns3:TrackPointExtension>
            <ns3:hr>145</ns3:hr>
            <ns3:cad>101</ns3:cad>
          </ns3:TrackPointExtension>
        </extensions>
      </trkpt>
      <trkpt lat="51.4161713607609272003173828125" lon="-0.3072730265557765960693359375">
        <ele>13.6000003814697265625</ele>
        <time>2019-11-02T10:04:53.000Z</time>
        <extensions>
          <ns3:TrackPointExtension>
            <ns3:hr>146</ns3:hr>
            <ns3:cad>101</ns3:cad>
          </ns3:TrackPointExtension>
        </extensions>
      </trkpt>
      <trkpt lat="51.416355930268764495849609375" lon="-0.307189039885997772216796875">
        <ele>13</ele>
        <time>2019-11-02T10:04:58.000Z</time>
        <extensions>
          <ns3:TrackPointExtension>
            <ns3:hr>145</ns3:hr>
            <ns3:cad>101</ns3:cad>
          </ns3:TrackPointExtension>
        </extensions>
      </trkpt>
      <trkpt lat="51.416547708213329315185546875" lon="-0.30712558887898921966552734375">
        <ele>11</ele>
        <time>2019-11-02T10:05:03.000Z</time>
        <extensions>
          <ns3:TrackPointExtension>
            <ns3:hr>145</ns3:hr>
            <ns3:cad>102</ns3:cad>
          </ns3:TrackPointExtension>
        </extensions>
      </trkpt>
      <trkpt lat="51.41673185862600803375244140625" lon="-0.30705568380653858184814453125">
        <ele>10</ele>
        <time>2019-11-02T10:05:08.000Z</time>
        <extensions>
          <ns3:TrackPointExtension>
            <ns3:hr>144</ns3:hr>
            <ns3:cad>101</ns3:cad>
          </ns3:TrackPointExtension>
        </extensions>
      </trkpt>
      <trkpt lat="51.4168663881719112396240234375" lon="-0.30700941570103168487548828125">
        <ele>9.6000003814697265625</ele>
        <time>2019-11-02T10:05:12.000Z</time>
        <extensions>
          <ns3:TrackPointExtension>
            <ns3:hr>147</ns3:hr>
            <ns3:cad>101</ns3:cad>
          </ns3:TrackPointExtension>
        </extensions>
      </trkpt>
      <trkpt lat="51.41703796572983264923095703125" lon="-0.3068676777184009552001953125">
        <ele>10</ele>
        <time>2019-11-02T10:05:18.000Z</time>
        <extensions>
          <ns3:TrackPointExtension>
            <ns3:hr>146</ns3:hr>
            <ns3:cad>101</ns3:cad>
          </ns3:TrackPointExtension>
        </extensions>
      </trkpt>
      <trkpt lat="51.4171952940523624420166015625" lon="-0.30670967884361743927001953125">
        <ele>10.6000003814697265625</ele>
        <time>2019-11-02T10:05:23.000Z</time>
        <extensions>
          <ns3:TrackPointExtension>
            <ns3:hr>144</ns3:hr>
            <ns3:cad>101</ns3:cad>
          </ns3:TrackPointExtension>
        </extensions>
      </trkpt>
      <trkpt lat="51.41736318357288837432861328125" lon="-0.30656232498586177825927734375">
        <ele>11</ele>
        <time>2019-11-02T10:05:28.000Z</time>
        <extensions>
          <ns3:TrackPointExtension>
            <ns3:hr>143</ns3:hr>
            <ns3:cad>101</ns3:cad>
          </ns3:TrackPointExtension>
        </extensions>
      </trkpt>
      <trkpt lat="51.4175458252429962158203125" lon="-0.306431315839290618896484375">
        <ele>11</ele>
        <time>2019-11-02T10:05:33.000Z</time>
        <extensions>
          <ns3:TrackPointExtension>
            <ns3:hr>143</ns3:hr>
            <ns3:cad>100</ns3:cad>
          </ns3:TrackPointExtension>
        </extensions>
      </trkpt>
      <trkpt lat="51.41771874390542507171630859375" lon="-0.306291840970516204833984375">
        <ele>10.80000019073486328125</ele>
        <time>2019-11-02T10:05:39.000Z</time>
        <extensions>
          <ns3:TrackPointExtension>
            <ns3:hr>146</ns3:hr>
            <ns3:cad>100</ns3:cad>
          </ns3:TrackPointExtension>
        </extensions>
      </trkpt>
      <trkpt lat="51.41791085712611675262451171875" lon="-0.30619922094047069549560546875">
        <ele>11</ele>
        <time>2019-11-02T10:05:44.000Z</time>
        <extensions>
          <ns3:TrackPointExtension>
            <ns3:hr>146</ns3:hr>
            <ns3:cad>101</ns3:cad>
          </ns3:TrackPointExtension>
        </extensions>
      </trkpt>
      <trkpt lat="51.418110430240631103515625" lon="-0.3061300702393054962158203125">
        <ele>11</ele>
        <time>2019-11-02T10:05:49.000Z</time>
        <extensions>
          <ns3:TrackPointExtension>
            <ns3:hr>145</ns3:hr>
            <ns3:cad>101</ns3:cad>
          </ns3:TrackPointExtension>
        </extensions>
      </trkpt>
      <trkpt lat="51.41830296255648136138916015625" lon="-0.30598707497119903564453125">
        <ele>9.80000019073486328125</ele>
        <time>2019-11-02T10:05:54.000Z</time>
        <extensions>
          <ns3:TrackPointExtension>
            <ns3:hr>139</ns3:hr>
            <ns3:cad>100</ns3:cad>
          </ns3:TrackPointExtension>
        </extensions>
      </trkpt>
      <trkpt lat="51.41832928173243999481201171875" lon="-0.30593971721827983856201171875">
        <ele>9.6000003814697265625</ele>
        <time>2019-11-02T10:05:55.000Z</time>
        <extensions>
          <ns3:TrackPointExtension>
            <ns3:hr>139</ns3:hr>
            <ns3:cad>101</ns3:cad>
          </ns3:TrackPointExtension>
        </extensions>
      </trkpt>
      <trkpt lat="51.4184041321277618408203125" lon="-0.3056704066693782806396484375">
        <ele>9</ele>
        <time>2019-11-02T10:06:00.000Z</time>
        <extensions>
          <ns3:TrackPointExtension>
            <ns3:hr>140</ns3:hr>
            <ns3:cad>101</ns3:cad>
          </ns3:TrackPointExtension>
        </extensions>
      </trkpt>
      <trkpt lat="51.41852374188601970672607421875" lon="-0.30545541085302829742431640625">
        <ele>8.80000019073486328125</ele>
        <time>2019-11-02T10:06:05.000Z</time>
        <extensions>
          <ns3:TrackPointExtension>
            <ns3:hr>139</ns3:hr>
            <ns3:cad>101</ns3:cad>
          </ns3:TrackPointExtension>
        </extensions>
      </trkpt>
      <trkpt lat="51.4185860194265842437744140625" lon="-0.30542640946805477142333984375">
        <ele>8.80000019073486328125</ele>
        <time>2019-11-02T10:06:06.000Z</time>
        <extensions>
          <ns3:TrackPointExtension>
            <ns3:hr>139</ns3:hr>
            <ns3:cad>101</ns3:cad>
          </ns3:TrackPointExtension>
        </extensions>
      </trkpt>
      <trkpt lat="51.41878173686563968658447265625" lon="-0.30545256100594997406005859375">
        <ele>8.3999996185302734375</ele>
        <time>2019-11-02T10:06:12.000Z</time>
        <extensions>
          <ns3:TrackPointExtension>
            <ns3:hr>139</ns3:hr>
            <ns3:cad>101</ns3:cad>
          </ns3:TrackPointExtension>
        </extensions>
      </trkpt>
      <trkpt lat="51.418979465961456298828125" lon="-0.30542808584868907928466796875">
        <ele>8.19999980926513671875</ele>
        <time>2019-11-02T10:06:17.000Z</time>
        <extensions>
          <ns3:TrackPointExtension>
            <ns3:hr>141</ns3:hr>
            <ns3:cad>101</ns3:cad>
          </ns3:TrackPointExtension>
        </extensions>
      </trkpt>
      <trkpt lat="51.41920418478548526763916015625" lon="-0.3054695762693881988525390625">
        <ele>8.19999980926513671875</ele>
        <time>2019-11-02T10:06:22.000Z</time>
        <extensions>
          <ns3:TrackPointExtension>
            <ns3:hr>141</ns3:hr>
            <ns3:cad>101</ns3:cad>
          </ns3:TrackPointExtension>
        </extensions>
      </trkpt>
      <trkpt lat="51.41939328052103519439697265625" lon="-0.3055222146213054656982421875">
        <ele>8.80000019073486328125</ele>
        <time>2019-11-02T10:06:27.000Z</time>
        <extensions>
          <ns3:TrackPointExtension>
            <ns3:hr>141</ns3:hr>
            <ns3:cad>102</ns3:cad>
          </ns3:TrackPointExtension>
        </extensions>
      </trkpt>
      <trkpt lat="51.4195670373737812042236328125" lon="-0.30541308224201202392578125">
        <ele>8.80000019073486328125</ele>
        <time>2019-11-02T10:06:32.000Z</time>
        <extensions>
          <ns3:TrackPointExtension>
            <ns3:hr>141</ns3:hr>
            <ns3:cad>102</ns3:cad>
          </ns3:TrackPointExtension>
        </extensions>
      </trkpt>
      <trkpt lat="51.41974180005490779876708984375" lon="-0.30530445277690887451171875">
        <ele>8.3999996185302734375</ele>
        <time>2019-11-02T10:06:37.000Z</time>
        <extensions>
          <ns3:TrackPointExtension>
            <ns3:hr>141</ns3:hr>
            <ns3:cad>102</ns3:cad>
          </ns3:TrackPointExtension>
        </extensions>
      </trkpt>
      <trkpt lat="51.419929973781108856201171875" lon="-0.30520194210112094879150390625">
        <ele>7.599999904632568359375</ele>
        <time>2019-11-02T10:06:42.000Z</time>
        <extensions>
          <ns3:TrackPointExtension>
            <ns3:hr>143</ns3:hr>
            <ns3:cad>102</ns3:cad>
          </ns3:TrackPointExtension>
        </extensions>
      </trkpt>
      <trkpt lat="51.42011747695505619049072265625" lon="-0.3050803206861019134521484375">
        <ele>7.599999904632568359375</ele>
        <time>2019-11-02T10:06:47.000Z</time>
        <extensions>
          <ns3:TrackPointExtension>
            <ns3:hr>141</ns3:hr>
            <ns3:cad>102</ns3:cad>
          </ns3:TrackPointExtension>
        </extensions>
      </trkpt>
      <trkpt lat="51.42030917108058929443359375" lon="-0.30500178225338459014892578125">
        <ele>7.80000019073486328125</ele>
        <time>2019-11-02T10:06:52.000Z</time>
        <extensions>
          <ns3:TrackPointExtension>
            <ns3:hr>141</ns3:hr>
            <ns3:cad>102</ns3:cad>
          </ns3:TrackPointExtension>
        </extensions>
      </trkpt>
      <trkpt lat="51.42051913775503635406494140625" lon="-0.30502256937325000762939453125">
        <ele>8.6000003814697265625</ele>
        <time>2019-11-02T10:06:57.000Z</time>
        <extensions>
          <ns3:TrackPointExtension>
            <ns3:hr>139</ns3:hr>
            <ns3:cad>102</ns3:cad>
          </ns3:TrackPointExtension>
        </extensions>
      </trkpt>
      <trkpt lat="51.42068141140043735504150390625" lon="-0.30507646501064300537109375">
        <ele>9</ele>
        <time>2019-11-02T10:07:01.000Z</time>
        <extensions>
          <ns3:TrackPointExtension>
            <ns3:hr>133</ns3:hr>
            <ns3:cad>101</ns3:cad>
          </ns3:TrackPointExtension>
        </extensions>
      </trkpt>
      <trkpt lat="51.42072021961212158203125" lon="-0.30509063042700290679931640625">
        <ele>9.19999980926513671875</ele>
        <time>2019-11-02T10:07:02.000Z</time>
        <extensions>
          <ns3:TrackPointExtension>
            <ns3:hr>130</ns3:hr>
            <ns3:cad>101</ns3:cad>
          </ns3:TrackPointExtension>
        </extensions>
      </trkpt>
      <trkpt lat="51.42080345191061496734619140625" lon="-0.305114686489105224609375">
        <ele>9.3999996185302734375</ele>
        <time>2019-11-02T10:07:03.000Z</time>
        <extensions>
          <ns3:TrackPointExtension>
            <ns3:hr>130</ns3:hr>
            <ns3:cad>102</ns3:cad>
          </ns3:TrackPointExtension>
        </extensions>
      </trkpt>
      <trkpt lat="51.4209973253309726715087890625" lon="-0.3052097372710704803466796875">
        <ele>9.80000019073486328125</ele>
        <time>2019-11-02T10:07:09.000Z</time>
        <extensions>
          <ns3:TrackPointExtension>
            <ns3:hr>131</ns3:hr>
            <ns3:cad>102</ns3:cad>
          </ns3:TrackPointExtension>
        </extensions>
      </trkpt>
      <trkpt lat="51.4211641252040863037109375" lon="-0.30528559349477291107177734375">
        <ele>9.6000003814697265625</ele>
        <time>2019-11-02T10:07:13.000Z</time>
        <extensions>
          <ns3:TrackPointExtension>
            <ns3:hr>134</ns3:hr>
            <ns3:cad>103</ns3:cad>
          </ns3:TrackPointExtension>
        </extensions>
      </trkpt>
      <trkpt lat="51.42136436887085437774658203125" lon="-0.3053659759461879730224609375">
        <ele>8.3999996185302734375</ele>
        <time>2019-11-02T10:07:18.000Z</time>
        <extensions>
          <ns3:TrackPointExtension>
            <ns3:hr>133</ns3:hr>
            <ns3:cad>104</ns3:cad>
          </ns3:TrackPointExtension>
        </extensions>
      </trkpt>
      <trkpt lat="51.42152597196400165557861328125" lon="-0.30542875640094280242919921875">
        <ele>8.3999996185302734375</ele>
        <time>2019-11-02T10:07:22.000Z</time>
        <extensions>
          <ns3:TrackPointExtension>
            <ns3:hr>133</ns3:hr>
            <ns3:cad>102</ns3:cad>
          </ns3:TrackPointExtension>
        </extensions>
      </trkpt>
      <trkpt lat="51.42164633609354496002197265625" lon="-0.30547971837222576141357421875">
        <ele>9</ele>
        <time>2019-11-02T10:07:25.000Z</time>
        <extensions>
          <ns3:TrackPointExtension>
            <ns3:hr>133</ns3:hr>
            <ns3:cad>102</ns3:cad>
          </ns3:TrackPointExtension>
        </extensions>
      </trkpt>
      <trkpt lat="51.42171959392726421356201171875" lon="-0.3055155090987682342529296875">
        <ele>9.19999980926513671875</ele>
        <time>2019-11-02T10:07:27.000Z</time>
        <extensions>
          <ns3:TrackPointExtension>
            <ns3:hr>133</ns3:hr>
            <ns3:cad>102</ns3:cad>
          </ns3:TrackPointExtension>
        </extensions>
      </trkpt>
      <trkpt lat="51.42184549011290073394775390625" lon="-0.3055430017411708831787109375">
        <ele>9.3999996185302734375</ele>
        <time>2019-11-02T10:07:30.000Z</time>
        <extensions>
          <ns3:TrackPointExtension>
            <ns3:hr>137</ns3:hr>
            <ns3:cad>102</ns3:cad>
          </ns3:TrackPointExtension>
        </extensions>
      </trkpt>
      <trkpt lat="51.42193500883877277374267578125" lon="-0.3055666387081146240234375">
        <ele>9.80000019073486328125</ele>
        <time>2019-11-02T10:07:32.000Z</time>
        <extensions>
          <ns3:TrackPointExtension>
            <ns3:hr>140</ns3:hr>
            <ns3:cad>102</ns3:cad>
          </ns3:TrackPointExtension>
        </extensions>
      </trkpt>
      <trkpt lat="51.42213500104844570159912109375" lon="-0.305639393627643585205078125">
        <ele>8.80000019073486328125</ele>
        <time>2019-11-02T10:07:37.000Z</time>
        <extensions>
          <ns3:TrackPointExtension>
            <ns3:hr>141</ns3:hr>
            <ns3:cad>102</ns3:cad>
          </ns3:TrackPointExtension>
        </extensions>
      </trkpt>
      <trkpt lat="51.422325186431407928466796875" lon="-0.3057196922600269317626953125">
        <ele>7.80000019073486328125</ele>
        <time>2019-11-02T10:07:42.000Z</time>
        <extensions>
          <ns3:TrackPointExtension>
            <ns3:hr>141</ns3:hr>
            <ns3:cad>102</ns3:cad>
          </ns3:TrackPointExtension>
        </extensions>
      </trkpt>
      <trkpt lat="51.42250455915927886962890625" lon="-0.3058254718780517578125">
        <ele>7</ele>
        <time>2019-11-02T10:07:47.000Z</time>
        <extensions>
          <ns3:TrackPointExtension>
            <ns3:hr>141</ns3:hr>
            <ns3:cad>102</ns3:cad>
          </ns3:TrackPointExtension>
        </extensions>
      </trkpt>
      <trkpt lat="51.42268560826778411865234375" lon="-0.3059233725070953369140625">
        <ele>7</ele>
        <time>2019-11-02T10:07:52.000Z</time>
        <extensions>
          <ns3:TrackPointExtension>
            <ns3:hr>141</ns3:hr>
            <ns3:cad>104</ns3:cad>
          </ns3:TrackPointExtension>
        </extensions>
      </trkpt>
      <trkpt lat="51.42288702540099620819091796875" lon="-0.30601783655583858489990234375">
        <ele>7.19999980926513671875</ele>
        <time>2019-11-02T10:07:57.000Z</time>
        <extensions>
          <ns3:TrackPointExtension>
            <ns3:hr>142</ns3:hr>
            <ns3:cad>102</ns3:cad>
          </ns3:TrackPointExtension>
        </extensions>
      </trkpt>
      <trkpt lat="51.42307394184172153472900390625" lon="-0.30610400252044200897216796875">
        <ele>7</ele>
        <time>2019-11-02T10:08:02.000Z</time>
        <extensions>
          <ns3:TrackPointExtension>
            <ns3:hr>142</ns3:hr>
            <ns3:cad>102</ns3:cad>
          </ns3:TrackPointExtension>
        </extensions>
      </trkpt>
      <trkpt lat="51.423254571855068206787109375" lon="-0.3062048368155956268310546875">
        <ele>7.19999980926513671875</ele>
        <time>2019-11-02T10:08:07.000Z</time>
        <extensions>
          <ns3:TrackPointExtension>
            <ns3:hr>142</ns3:hr>
            <ns3:cad>101</ns3:cad>
          </ns3:TrackPointExtension>
        </extensions>
      </trkpt>
      <trkpt lat="51.4234317652881145477294921875" lon="-0.306298546493053436279296875">
        <ele>7.19999980926513671875</ele>
        <time>2019-11-02T10:08:12.000Z</time>
        <extensions>
          <ns3:TrackPointExtension>
            <ns3:hr>142</ns3:hr>
            <ns3:cad>101</ns3:cad>
          </ns3:TrackPointExtension>
        </extensions>
      </trkpt>
      <trkpt lat="51.4236138202250003814697265625" lon="-0.30639150179922580718994140625">
        <ele>6.80000019073486328125</ele>
        <time>2019-11-02T10:08:17.000Z</time>
        <extensions>
          <ns3:TrackPointExtension>
            <ns3:hr>142</ns3:hr>
            <ns3:cad>101</ns3:cad>
          </ns3:TrackPointExtension>
        </extensions>
      </trkpt>
      <trkpt lat="51.42379227094352245330810546875" lon="-0.30649476684629917144775390625">
        <ele>8</ele>
        <time>2019-11-02T10:08:22.000Z</time>
        <extensions>
          <ns3:TrackPointExtension>
            <ns3:hr>142</ns3:hr>
            <ns3:cad>101</ns3:cad>
          </ns3:TrackPointExtension>
        </extensions>
      </trkpt>
      <trkpt lat="51.4239750802516937255859375" lon="-0.3065974451601505279541015625">
        <ele>9.19999980926513671875</ele>
        <time>2019-11-02T10:08:27.000Z</time>
        <extensions>
          <ns3:TrackPointExtension>
            <ns3:hr>140</ns3:hr>
            <ns3:cad>103</ns3:cad>
          </ns3:TrackPointExtension>
        </extensions>
      </trkpt>
      <trkpt lat="51.4241418801248073577880859375" lon="-0.306725017726421356201171875">
        <ele>9.80000019073486328125</ele>
        <time>2019-11-02T10:08:32.000Z</time>
        <extensions>
          <ns3:TrackPointExtension>
            <ns3:hr>141</ns3:hr>
            <ns3:cad>103</ns3:cad>
          </ns3:TrackPointExtension>
        </extensions>
      </trkpt>
      <trkpt lat="51.424334831535816192626953125" lon="-0.30686155892908573150634765625">
        <ele>8.19999980926513671875</ele>
        <time>2019-11-02T10:08:38.000Z</time>
        <extensions>
          <ns3:TrackPointExtension>
            <ns3:hr>142</ns3:hr>
            <ns3:cad>100</ns3:cad>
          </ns3:TrackPointExtension>
        </extensions>
      </trkpt>
      <trkpt lat="51.42450171522796154022216796875" lon="-0.3069984354078769683837890625">
        <ele>8.19999980926513671875</ele>
        <time>2019-11-02T10:08:43.000Z</time>
        <extensions>
          <ns3:TrackPointExtension>
            <ns3:hr>143</ns3:hr>
            <ns3:cad>101</ns3:cad>
          </ns3:TrackPointExtension>
        </extensions>
      </trkpt>
      <trkpt lat="51.424703299999237060546875" lon="-0.3071174584329128265380859375">
        <ele>9</ele>
        <time>2019-11-02T10:08:49.000Z</time>
        <extensions>
          <ns3:TrackPointExtension>
            <ns3:hr>143</ns3:hr>
            <ns3:cad>100</ns3:cad>
          </ns3:TrackPointExtension>
        </extensions>
      </trkpt>
      <trkpt lat="51.424888037145137786865234375" lon="-0.307280905544757843017578125">
        <ele>9.6000003814697265625</ele>
        <time>2019-11-02T10:08:55.000Z</time>
        <extensions>
          <ns3:TrackPointExtension>
            <ns3:hr>143</ns3:hr>
            <ns3:cad>100</ns3:cad>
          </ns3:TrackPointExtension>
        </extensions>
      </trkpt>
      <trkpt lat="51.42506548203527927398681640625" lon="-0.3074683248996734619140625">
        <ele>10</ele>
        <time>2019-11-02T10:09:01.000Z</time>
        <extensions>
          <ns3:TrackPointExtension>
            <ns3:hr>144</ns3:hr>
            <ns3:cad>101</ns3:cad>
          </ns3:TrackPointExtension>
        </extensions>
      </trkpt>
      <trkpt lat="51.42520696856081485748291015625" lon="-0.30766236595809459686279296875">
        <ele>9.80000019073486328125</ele>
        <time>2019-11-02T10:09:06.000Z</time>
        <extensions>
          <ns3:TrackPointExtension>
            <ns3:hr>142</ns3:hr>
            <ns3:cad>101</ns3:cad>
          </ns3:TrackPointExtension>
        </extensions>
      </trkpt>
      <trkpt lat="51.425376199185848236083984375" lon="-0.307879708707332611083984375">
        <ele>9</ele>
        <time>2019-11-02T10:09:12.000Z</time>
        <extensions>
          <ns3:TrackPointExtension>
            <ns3:hr>141</ns3:hr>
            <ns3:cad>101</ns3:cad>
          </ns3:TrackPointExtension>
        </extensions>
      </trkpt>
      <trkpt lat="51.42552246339619159698486328125" lon="-0.30807257629930973052978515625">
        <ele>7.80000019073486328125</ele>
        <time>2019-11-02T10:09:17.000Z</time>
        <extensions>
          <ns3:TrackPointExtension>
            <ns3:hr>141</ns3:hr>
            <ns3:cad>103</ns3:cad>
          </ns3:TrackPointExtension>
        </extensions>
      </trkpt>
      <trkpt lat="51.425679624080657958984375" lon="-0.30825949274003505706787109375">
        <ele>6.599999904632568359375</ele>
        <time>2019-11-02T10:09:22.000Z</time>
        <extensions>
          <ns3:TrackPointExtension>
            <ns3:hr>142</ns3:hr>
            <ns3:cad>103</ns3:cad>
          </ns3:TrackPointExtension>
        </extensions>
      </trkpt>
      <trkpt lat="51.42583058215677738189697265625" lon="-0.3084461577236652374267578125">
        <ele>5.19999980926513671875</ele>
        <time>2019-11-02T10:09:27.000Z</time>
        <extensions>
          <ns3:TrackPointExtension>
            <ns3:hr>142</ns3:hr>
            <ns3:cad>103</ns3:cad>
          </ns3:TrackPointExtension>
        </extensions>
      </trkpt>
      <trkpt lat="51.4259842224419116973876953125" lon="-0.30864288099110126495361328125">
        <ele>4</ele>
        <time>2019-11-02T10:09:32.000Z</time>
        <extensions>
          <ns3:TrackPointExtension>
            <ns3:hr>143</ns3:hr>
            <ns3:cad>101</ns3:cad>
          </ns3:TrackPointExtension>
        </extensions>
      </trkpt>
      <trkpt lat="51.4261223562061786651611328125" lon="-0.30885276384651660919189453125">
        <ele>6.19999980926513671875</ele>
        <time>2019-11-02T10:09:37.000Z</time>
        <extensions>
          <ns3:TrackPointExtension>
            <ns3:hr>142</ns3:hr>
            <ns3:cad>101</ns3:cad>
          </ns3:TrackPointExtension>
        </extensions>
      </trkpt>
      <trkpt lat="51.426253616809844970703125" lon="-0.3090734593570232391357421875">
        <ele>7</ele>
        <time>2019-11-02T10:09:42.000Z</time>
        <extensions>
          <ns3:TrackPointExtension>
            <ns3:hr>142</ns3:hr>
            <ns3:cad>102</ns3:cad>
          </ns3:TrackPointExtension>
        </extensions>
      </trkpt>
      <trkpt lat="51.4263875596225261688232421875" lon="-0.3092809952795505523681640625">
        <ele>8</ele>
        <time>2019-11-02T10:09:47.000Z</time>
        <extensions>
          <ns3:TrackPointExtension>
            <ns3:hr>141</ns3:hr>
            <ns3:cad>103</ns3:cad>
          </ns3:TrackPointExtension>
        </extensions>
      </trkpt>
      <trkpt lat="51.42650985158979892730712890625" lon="-0.30950755812227725982666015625">
        <ele>7</ele>
        <time>2019-11-02T10:09:52.000Z</time>
        <extensions>
          <ns3:TrackPointExtension>
            <ns3:hr>141</ns3:hr>
            <ns3:cad>101</ns3:cad>
          </ns3:TrackPointExtension>
        </extensions>
      </trkpt>
      <trkpt lat="51.426654271781444549560546875" lon="-0.30969195999205112457275390625">
        <ele>7</ele>
        <time>2019-11-02T10:09:57.000Z</time>
        <extensions>
          <ns3:TrackPointExtension>
            <ns3:hr>140</ns3:hr>
            <ns3:cad>101</ns3:cad>
          </ns3:TrackPointExtension>
        </extensions>
      </trkpt>
      <trkpt lat="51.42675586044788360595703125" lon="-0.30994869768619537353515625">
        <ele>7</ele>
        <time>2019-11-02T10:10:02.000Z</time>
        <extensions>
          <ns3:TrackPointExtension>
            <ns3:hr>140</ns3:hr>
            <ns3:cad>101</ns3:cad>
          </ns3:TrackPointExtension>
        </extensions>
      </trkpt>
      <trkpt lat="51.4268852770328521728515625" lon="-0.3101838938891887664794921875">
        <ele>7.80000019073486328125</ele>
        <time>2019-11-02T10:10:07.000Z</time>
        <extensions>
          <ns3:TrackPointExtension>
            <ns3:hr>140</ns3:hr>
            <ns3:cad>101</ns3:cad>
          </ns3:TrackPointExtension>
        </extensions>
      </trkpt>
      <trkpt lat="51.4270192198455333709716796875" lon="-0.310413725674152374267578125">
        <ele>8</ele>
        <time>2019-11-02T10:10:12.000Z</time>
        <extensions>
          <ns3:TrackPointExtension>
            <ns3:hr>140</ns3:hr>
            <ns3:cad>101</ns3:cad>
          </ns3:TrackPointExtension>
        </extensions>
      </trkpt>
      <trkpt lat="51.42713564448058605194091796875" lon="-0.3106666915118694305419921875">
        <ele>7</ele>
        <time>2019-11-02T10:10:17.000Z</time>
        <extensions>
          <ns3:TrackPointExtension>
            <ns3:hr>141</ns3:hr>
            <ns3:cad>102</ns3:cad>
          </ns3:TrackPointExtension>
        </extensions>
      </trkpt>
      <trkpt lat="51.427252404391765594482421875" lon="-0.31092275865375995635986328125">
        <ele>7.19999980926513671875</ele>
        <time>2019-11-02T10:10:22.000Z</time>
        <extensions>
          <ns3:TrackPointExtension>
            <ns3:hr>142</ns3:hr>
            <ns3:cad>102</ns3:cad>
          </ns3:TrackPointExtension>
        </extensions>
      </trkpt>
      <trkpt lat="51.42737151123583316802978515625" lon="-0.31115778721868991851806640625">
        <ele>8.19999980926513671875</ele>
        <time>2019-11-02T10:10:27.000Z</time>
        <extensions>
          <ns3:TrackPointExtension>
            <ns3:hr>143</ns3:hr>
            <ns3:cad>103</ns3:cad>
          </ns3:TrackPointExtension>
        </extensions>
      </trkpt>
      <trkpt lat="51.42749640159308910369873046875" lon="-0.3113861940801143646240234375">
        <ele>9.19999980926513671875</ele>
        <time>2019-11-02T10:10:32.000Z</time>
        <extensions>
          <ns3:TrackPointExtension>
            <ns3:hr>143</ns3:hr>
            <ns3:cad>101</ns3:cad>
          </ns3:TrackPointExtension>
        </extensions>
      </trkpt>
      <trkpt lat="51.42761257477104663848876953125" lon="-0.31162298284471035003662109375">
        <ele>10.3999996185302734375</ele>
        <time>2019-11-02T10:10:37.000Z</time>
        <extensions>
          <ns3:TrackPointExtension>
            <ns3:hr>143</ns3:hr>
            <ns3:cad>101</ns3:cad>
          </ns3:TrackPointExtension>
        </extensions>
      </trkpt>
      <trkpt lat="51.4277851581573486328125" lon="-0.3118336200714111328125">
        <ele>10.19999980926513671875</ele>
        <time>2019-11-02T10:10:43.000Z</time>
        <extensions>
          <ns3:TrackPointExtension>
            <ns3:hr>142</ns3:hr>
            <ns3:cad>101</ns3:cad>
          </ns3:TrackPointExtension>
        </extensions>
      </trkpt>
      <trkpt lat="51.42791566438972949981689453125" lon="-0.31205356121063232421875">
        <ele>9.19999980926513671875</ele>
        <time>2019-11-02T10:10:48.000Z</time>
        <extensions>
          <ns3:TrackPointExtension>
            <ns3:hr>140</ns3:hr>
            <ns3:cad>101</ns3:cad>
          </ns3:TrackPointExtension>
        </extensions>
      </trkpt>
      <trkpt lat="51.42804734408855438232421875" lon="-0.3122522123157978057861328125">
        <ele>8</ele>
        <time>2019-11-02T10:10:53.000Z</time>
        <extensions>
          <ns3:TrackPointExtension>
            <ns3:hr>141</ns3:hr>
            <ns3:cad>100</ns3:cad>
          </ns3:TrackPointExtension>
        </extensions>
      </trkpt>
      <trkpt lat="51.42818824388086795806884765625" lon="-0.3124463371932506561279296875">
        <ele>8</ele>
        <time>2019-11-02T10:10:58.000Z</time>
        <extensions>
          <ns3:TrackPointExtension>
            <ns3:hr>140</ns3:hr>
            <ns3:cad>101</ns3:cad>
          </ns3:TrackPointExtension>
        </extensions>
      </trkpt>
      <trkpt lat="51.42828731797635555267333984375" lon="-0.3127450682222843170166015625">
        <ele>8</ele>
        <time>2019-11-02T10:11:04.000Z</time>
        <extensions>
          <ns3:TrackPointExtension>
            <ns3:hr>142</ns3:hr>
            <ns3:cad>101</ns3:cad>
          </ns3:TrackPointExtension>
        </extensions>
      </trkpt>
      <trkpt lat="51.42835655249655246734619140625" lon="-0.313033573329448699951171875">
        <ele>8</ele>
        <time>2019-11-02T10:11:09.000Z</time>
        <extensions>
          <ns3:TrackPointExtension>
            <ns3:hr>142</ns3:hr>
            <ns3:cad>102</ns3:cad>
          </ns3:TrackPointExtension>
        </extensions>
      </trkpt>
      <trkpt lat="51.42843835987150669097900390625" lon="-0.3133076615631580352783203125">
        <ele>7.400000095367431640625</ele>
        <time>2019-11-02T10:11:14.000Z</time>
        <extensions>
          <ns3:TrackPointExtension>
            <ns3:hr>143</ns3:hr>
            <ns3:cad>100</ns3:cad>
          </ns3:TrackPointExtension>
        </extensions>
      </trkpt>
      <trkpt lat="51.42853676341474056243896484375" lon="-0.3135557658970355987548828125">
        <ele>7.599999904632568359375</ele>
        <time>2019-11-02T10:11:19.000Z</time>
        <extensions>
          <ns3:TrackPointExtension>
            <ns3:hr>144</ns3:hr>
            <ns3:cad>100</ns3:cad>
          </ns3:TrackPointExtension>
        </extensions>
      </trkpt>
      <trkpt lat="51.42863743007183074951171875" lon="-0.31381468288600444793701171875">
        <ele>8</ele>
        <time>2019-11-02T10:11:24.000Z</time>
        <extensions>
          <ns3:TrackPointExtension>
            <ns3:hr>145</ns3:hr>
            <ns3:cad>100</ns3:cad>
          </ns3:TrackPointExtension>
        </extensions>
      </trkpt>
      <trkpt lat="51.42873608507215976715087890625" lon="-0.3140935488045215606689453125">
        <ele>7.400000095367431640625</ele>
        <time>2019-11-02T10:11:29.000Z</time>
        <extensions>
          <ns3:TrackPointExtension>
            <ns3:hr>146</ns3:hr>
            <ns3:cad>101</ns3:cad>
          </ns3:TrackPointExtension>
        </extensions>
      </trkpt>
      <trkpt lat="51.4288451336324214935302734375" lon="-0.31434810720384120941162109375">
        <ele>8</ele>
        <time>2019-11-02T10:11:34.000Z</time>
        <extensions>
          <ns3:TrackPointExtension>
            <ns3:hr>147</ns3:hr>
            <ns3:cad>101</ns3:cad>
          </ns3:TrackPointExtension>
        </extensions>
      </trkpt>
      <trkpt lat="51.428938843309879302978515625" lon="-0.3145387955009937286376953125">
        <ele>7.400000095367431640625</ele>
        <time>2019-11-02T10:11:38.000Z</time>
        <extensions>
          <ns3:TrackPointExtension>
            <ns3:hr>151</ns3:hr>
            <ns3:cad>100</ns3:cad>
          </ns3:TrackPointExtension>
        </extensions>
      </trkpt>
      <trkpt lat="51.4290563575923442840576171875" lon="-0.31483157537877559661865234375">
        <ele>7.400000095367431640625</ele>
        <time>2019-11-02T10:11:44.000Z</time>
        <extensions>
          <ns3:TrackPointExtension>
            <ns3:hr>152</ns3:hr>
            <ns3:cad>101</ns3:cad>
          </ns3:TrackPointExtension>
        </extensions>
      </trkpt>
      <trkpt lat="51.4291877858340740203857421875" lon="-0.3150638379156589508056640625">
        <ele>7.19999980926513671875</ele>
        <time>2019-11-02T10:11:49.000Z</time>
        <extensions>
          <ns3:TrackPointExtension>
            <ns3:hr>151</ns3:hr>
            <ns3:cad>100</ns3:cad>
          </ns3:TrackPointExtension>
        </extensions>
      </trkpt>
      <trkpt lat="51.4292992651462554931640625" lon="-0.3152961842715740203857421875">
        <ele>7</ele>
        <time>2019-11-02T10:11:54.000Z</time>
        <extensions>
          <ns3:TrackPointExtension>
            <ns3:hr>150</ns3:hr>
            <ns3:cad>100</ns3:cad>
          </ns3:TrackPointExtension>
        </extensions>
      </trkpt>
      <trkpt lat="51.42943547107279300689697265625" lon="-0.3155630640685558319091796875">
        <ele>6</ele>
        <time>2019-11-02T10:12:00.000Z</time>
        <extensions>
          <ns3:TrackPointExtension>
            <ns3:hr>150</ns3:hr>
            <ns3:cad>100</ns3:cad>
          </ns3:TrackPointExtension>
        </extensions>
      </trkpt>
      <trkpt lat="51.42949699424207210540771484375" lon="-0.3158537484705448150634765625">
        <ele>6.599999904632568359375</ele>
        <time>2019-11-02T10:12:05.000Z</time>
        <extensions>
          <ns3:TrackPointExtension>
            <ns3:hr>148</ns3:hr>
            <ns3:cad>101</ns3:cad>
          </ns3:TrackPointExtension>
        </extensions>
      </trkpt>
      <trkpt lat="51.4295773766934871673583984375" lon="-0.31613227911293506622314453125">
        <ele>7</ele>
        <time>2019-11-02T10:12:10.000Z</time>
        <extensions>
          <ns3:TrackPointExtension>
            <ns3:hr>149</ns3:hr>
            <ns3:cad>101</ns3:cad>
          </ns3:TrackPointExtension>
        </extensions>
      </trkpt>
      <trkpt lat="51.4296668954193592071533203125" lon="-0.31639044173061847686767578125">
        <ele>9</ele>
        <time>2019-11-02T10:12:15.000Z</time>
        <extensions>
          <ns3:TrackPointExtension>
            <ns3:hr>149</ns3:hr>
            <ns3:cad>100</ns3:cad>
          </ns3:TrackPointExtension>
        </extensions>
      </trkpt>
      <trkpt lat="51.4297902770340442657470703125" lon="-0.3166265599429607391357421875">
        <ele>10</ele>
        <time>2019-11-02T10:12:20.000Z</time>
        <extensions>
          <ns3:TrackPointExtension>
            <ns3:hr>149</ns3:hr>
            <ns3:cad>101</ns3:cad>
          </ns3:TrackPointExtension>
        </extensions>
      </trkpt>
      <trkpt lat="51.42988289706408977508544921875" lon="-0.31689159572124481201171875">
        <ele>9.80000019073486328125</ele>
        <time>2019-11-02T10:12:25.000Z</time>
        <extensions>
          <ns3:TrackPointExtension>
            <ns3:hr>148</ns3:hr>
            <ns3:cad>101</ns3:cad>
          </ns3:TrackPointExtension>
        </extensions>
      </trkpt>
      <trkpt lat="51.4299689792096614837646484375" lon="-0.317151434719562530517578125">
        <ele>9</ele>
        <time>2019-11-02T10:12:30.000Z</time>
        <extensions>
          <ns3:TrackPointExtension>
            <ns3:hr>148</ns3:hr>
            <ns3:cad>101</ns3:cad>
          </ns3:TrackPointExtension>
        </extensions>
      </trkpt>
      <trkpt lat="51.430046260356903076171875" lon="-0.31745108775794506072998046875">
        <ele>9.19999980926513671875</ele>
        <time>2019-11-02T10:12:36.000Z</time>
        <extensions>
          <ns3:TrackPointExtension>
            <ns3:hr>147</ns3:hr>
            <ns3:cad>100</ns3:cad>
          </ns3:TrackPointExtension>
        </extensions>
      </trkpt>
      <trkpt lat="51.43014491535723209381103515625" lon="-0.31769223511219024658203125">
        <ele>8.80000019073486328125</ele>
        <time>2019-11-02T10:12:41.000Z</time>
        <extensions>
          <ns3:TrackPointExtension>
            <ns3:hr>149</ns3:hr>
            <ns3:cad>101</ns3:cad>
          </ns3:TrackPointExtension>
        </extensions>
      </trkpt>
      <trkpt lat="51.43022655509412288665771484375" lon="-0.3179639764130115509033203125">
        <ele>8.80000019073486328125</ele>
        <time>2019-11-02T10:12:46.000Z</time>
        <extensions>
          <ns3:TrackPointExtension>
            <ns3:hr>149</ns3:hr>
            <ns3:cad>100</ns3:cad>
          </ns3:TrackPointExtension>
        </extensions>
      </trkpt>
      <trkpt lat="51.43032294698059558868408203125" lon="-0.3182744421064853668212890625">
        <ele>9.19999980926513671875</ele>
        <time>2019-11-02T10:12:52.000Z</time>
        <extensions>
          <ns3:TrackPointExtension>
            <ns3:hr>148</ns3:hr>
            <ns3:cad>100</ns3:cad>
          </ns3:TrackPointExtension>
        </extensions>
      </trkpt>
      <trkpt lat="51.4304031617939472198486328125" lon="-0.31859119422733783721923828125">
        <ele>9.3999996185302734375</ele>
        <time>2019-11-02T10:12:58.000Z</time>
        <extensions>
          <ns3:TrackPointExtension>
            <ns3:hr>147</ns3:hr>
            <ns3:cad>100</ns3:cad>
          </ns3:TrackPointExtension>
        </extensions>
      </trkpt>
      <trkpt lat="51.4304715581238269805908203125" lon="-0.31887534074485301971435546875">
        <ele>9.6000003814697265625</ele>
        <time>2019-11-02T10:13:03.000Z</time>
        <extensions>
          <ns3:TrackPointExtension>
            <ns3:hr>146</ns3:hr>
            <ns3:cad>101</ns3:cad>
          </ns3:TrackPointExtension>
        </extensions>
      </trkpt>
      <trkpt lat="51.43053819425404071807861328125" lon="-0.3191475011408329010009765625">
        <ele>8.80000019073486328125</ele>
        <time>2019-11-02T10:13:08.000Z</time>
        <extensions>
          <ns3:TrackPointExtension>
            <ns3:hr>147</ns3:hr>
            <ns3:cad>100</ns3:cad>
          </ns3:TrackPointExtension>
        </extensions>
      </trkpt>
      <trkpt lat="51.43060147762298583984375" lon="-0.319427289068698883056640625">
        <ele>8</ele>
        <time>2019-11-02T10:13:13.000Z</time>
        <extensions>
          <ns3:TrackPointExtension>
            <ns3:hr>147</ns3:hr>
            <ns3:cad>102</ns3:cad>
          </ns3:TrackPointExtension>
        </extensions>
      </trkpt>
      <trkpt lat="51.43067817203700542449951171875" lon="-0.31971286050975322723388671875">
        <ele>7.80000019073486328125</ele>
        <time>2019-11-02T10:13:18.000Z</time>
        <extensions>
          <ns3:TrackPointExtension>
            <ns3:hr>147</ns3:hr>
            <ns3:cad>101</ns3:cad>
          </ns3:TrackPointExtension>
        </extensions>
      </trkpt>
      <trkpt lat="51.43075142987072467803955078125" lon="-0.3199890442192554473876953125">
        <ele>7.80000019073486328125</ele>
        <time>2019-11-02T10:13:23.000Z</time>
        <extensions>
          <ns3:TrackPointExtension>
            <ns3:hr>147</ns3:hr>
            <ns3:cad>100</ns3:cad>
          </ns3:TrackPointExtension>
        </extensions>
      </trkpt>
      <trkpt lat="51.430814377963542938232421875" lon="-0.3202946484088897705078125">
        <ele>8</ele>
        <time>2019-11-02T10:13:29.000Z</time>
        <extensions>
          <ns3:TrackPointExtension>
            <ns3:hr>148</ns3:hr>
            <ns3:cad>100</ns3:cad>
          </ns3:TrackPointExtension>
        </extensions>
      </trkpt>
      <trkpt lat="51.43088671378791332244873046875" lon="-0.32055859453976154327392578125">
        <ele>8.19999980926513671875</ele>
        <time>2019-11-02T10:13:34.000Z</time>
        <extensions>
          <ns3:TrackPointExtension>
            <ns3:hr>148</ns3:hr>
            <ns3:cad>100</ns3:cad>
          </ns3:TrackPointExtension>
        </extensions>
      </trkpt>
      <trkpt lat="51.430969946086406707763671875" lon="-0.3208738379180431365966796875">
        <ele>8.6000003814697265625</ele>
        <time>2019-11-02T10:13:40.000Z</time>
        <extensions>
          <ns3:TrackPointExtension>
            <ns3:hr>147</ns3:hr>
            <ns3:cad>100</ns3:cad>
          </ns3:TrackPointExtension>
        </extensions>
      </trkpt>
      <trkpt lat="51.4310252666473388671875" lon="-0.321148596704006195068359375">
        <ele>8.80000019073486328125</ele>
        <time>2019-11-02T10:13:45.000Z</time>
        <extensions>
          <ns3:TrackPointExtension>
            <ns3:hr>146</ns3:hr>
            <ns3:cad>101</ns3:cad>
          </ns3:TrackPointExtension>
        </extensions>
      </trkpt>
      <trkpt lat="51.431016214191913604736328125" lon="-0.32128983177244663238525390625">
        <ele>8.80000019073486328125</ele>
        <time>2019-11-02T10:13:47.000Z</time>
        <extensions>
          <ns3:TrackPointExtension>
            <ns3:hr>145</ns3:hr>
            <ns3:cad>100</ns3:cad>
          </ns3:TrackPointExtension>
        </extensions>
      </trkpt>
      <trkpt lat="51.431061141192913055419921875" lon="-0.32169719226658344268798828125">
        <ele>8.80000019073486328125</ele>
        <time>2019-11-02T10:13:52.000Z</time>
        <extensions>
          <ns3:TrackPointExtension>
            <ns3:hr>146</ns3:hr>
            <ns3:cad>101</ns3:cad>
          </ns3:TrackPointExtension>
        </extensions>
      </trkpt>
      <trkpt lat="51.4311189763247966766357421875" lon="-0.322007574141025543212890625">
        <ele>9</ele>
        <time>2019-11-02T10:13:58.000Z</time>
        <extensions>
          <ns3:TrackPointExtension>
            <ns3:hr>148</ns3:hr>
            <ns3:cad>103</ns3:cad>
          </ns3:TrackPointExtension>
        </extensions>
      </trkpt>
      <trkpt lat="51.431208662688732147216796875" lon="-0.32229834236204624176025390625">
        <ele>9.3999996185302734375</ele>
        <time>2019-11-02T10:14:03.000Z</time>
        <extensions>
          <ns3:TrackPointExtension>
            <ns3:hr>147</ns3:hr>
            <ns3:cad>103</ns3:cad>
          </ns3:TrackPointExtension>
        </extensions>
      </trkpt>
      <trkpt lat="51.431305222213268280029296875" lon="-0.3225800581276416778564453125">
        <ele>8.3999996185302734375</ele>
        <time>2019-11-02T10:14:08.000Z</time>
        <extensions>
          <ns3:TrackPointExtension>
            <ns3:hr>147</ns3:hr>
            <ns3:cad>103</ns3:cad>
          </ns3:TrackPointExtension>
        </extensions>
      </trkpt>
      <trkpt lat="51.43140220083296298980712890625" lon="-0.32285154797136783599853515625">
        <ele>7.19999980926513671875</ele>
        <time>2019-11-02T10:14:13.000Z</time>
        <extensions>
          <ns3:TrackPointExtension>
            <ns3:hr>149</ns3:hr>
            <ns3:cad>103</ns3:cad>
          </ns3:TrackPointExtension>
        </extensions>
      </trkpt>
      <trkpt lat="51.43149775452911853790283203125" lon="-0.3231268934905529022216796875">
        <ele>6</ele>
        <time>2019-11-02T10:14:18.000Z</time>
        <extensions>
          <ns3:TrackPointExtension>
            <ns3:hr>147</ns3:hr>
            <ns3:cad>101</ns3:cad>
          </ns3:TrackPointExtension>
        </extensions>
      </trkpt>
      <trkpt lat="51.4315866865217685699462890625" lon="-0.32338480465114116668701171875">
        <ele>5.599999904632568359375</ele>
        <time>2019-11-02T10:14:23.000Z</time>
        <extensions>
          <ns3:TrackPointExtension>
            <ns3:hr>149</ns3:hr>
            <ns3:cad>100</ns3:cad>
          </ns3:TrackPointExtension>
        </extensions>
      </trkpt>
      <trkpt lat="51.4316837489604949951171875" lon="-0.3236345015466213226318359375">
        <ele>4.80000019073486328125</ele>
        <time>2019-11-02T10:14:28.000Z</time>
        <extensions>
          <ns3:TrackPointExtension>
            <ns3:hr>149</ns3:hr>
            <ns3:cad>101</ns3:cad>
          </ns3:TrackPointExtension>
        </extensions>
      </trkpt>
      <trkpt lat="51.4317895285785198211669921875" lon="-0.32388277351856231689453125">
        <ele>4</ele>
        <time>2019-11-02T10:14:33.000Z</time>
        <extensions>
          <ns3:TrackPointExtension>
            <ns3:hr>148</ns3:hr>
            <ns3:cad>101</ns3:cad>
          </ns3:TrackPointExtension>
        </extensions>
      </trkpt>
      <trkpt lat="51.43189639784395694732666015625" lon="-0.32413448207080364227294921875">
        <ele>4</ele>
        <time>2019-11-02T10:14:38.000Z</time>
        <extensions>
          <ns3:TrackPointExtension>
            <ns3:hr>149</ns3:hr>
            <ns3:cad>101</ns3:cad>
          </ns3:TrackPointExtension>
        </extensions>
      </trkpt>
      <trkpt lat="51.4319957233965396881103515625" lon="-0.3243781439960002899169921875">
        <ele>4</ele>
        <time>2019-11-02T10:14:43.000Z</time>
        <extensions>
          <ns3:TrackPointExtension>
            <ns3:hr>147</ns3:hr>
            <ns3:cad>101</ns3:cad>
          </ns3:TrackPointExtension>
        </extensions>
      </trkpt>
      <trkpt lat="51.43210326321423053741455078125" lon="-0.3246242366731166839599609375">
        <ele>4</ele>
        <time>2019-11-02T10:14:48.000Z</time>
        <extensions>
          <ns3:TrackPointExtension>
            <ns3:hr>148</ns3:hr>
            <ns3:cad>100</ns3:cad>
          </ns3:TrackPointExtension>
        </extensions>
      </trkpt>
      <trkpt lat="51.43221004866063594818115234375" lon="-0.32486379146575927734375">
        <ele>4</ele>
        <time>2019-11-02T10:14:53.000Z</time>
        <extensions>
          <ns3:TrackPointExtension>
            <ns3:hr>148</ns3:hr>
            <ns3:cad>100</ns3:cad>
          </ns3:TrackPointExtension>
        </extensions>
      </trkpt>
      <trkpt lat="51.43232680857181549072265625" lon="-0.32510317862033843994140625">
        <ele>4</ele>
        <time>2019-11-02T10:14:58.000Z</time>
        <extensions>
          <ns3:TrackPointExtension>
            <ns3:hr>148</ns3:hr>
            <ns3:cad>100</ns3:cad>
          </ns3:TrackPointExtension>
        </extensions>
      </trkpt>
      <trkpt lat="51.4324409700930118560791015625" lon="-0.32535455189645290374755859375">
        <ele>4</ele>
        <time>2019-11-02T10:15:03.000Z</time>
        <extensions>
          <ns3:TrackPointExtension>
            <ns3:hr>149</ns3:hr>
            <ns3:cad>101</ns3:cad>
          </ns3:TrackPointExtension>
        </extensions>
      </trkpt>
      <trkpt lat="51.432587318122386932373046875" lon="-0.32557533122599124908447265625">
        <ele>4</ele>
        <time>2019-11-02T10:15:08.000Z</time>
        <extensions>
          <ns3:TrackPointExtension>
            <ns3:hr>149</ns3:hr>
            <ns3:cad>101</ns3:cad>
          </ns3:TrackPointExtension>
        </extensions>
      </trkpt>
      <trkpt lat="51.4327383600175380706787109375" lon="-0.325784794986248016357421875">
        <ele>5</ele>
        <time>2019-11-02T10:15:13.000Z</time>
        <extensions>
          <ns3:TrackPointExtension>
            <ns3:hr>148</ns3:hr>
            <ns3:cad>101</ns3:cad>
          </ns3:TrackPointExtension>
        </extensions>
      </trkpt>
      <trkpt lat="51.432862915098667144775390625" lon="-0.3260163031518459320068359375">
        <ele>6.19999980926513671875</ele>
        <time>2019-11-02T10:15:18.000Z</time>
        <extensions>
          <ns3:TrackPointExtension>
            <ns3:hr>149</ns3:hr>
            <ns3:cad>101</ns3:cad>
          </ns3:TrackPointExtension>
        </extensions>
      </trkpt>
      <trkpt lat="51.432976238429546356201171875" lon="-0.326256193220615386962890625">
        <ele>7.80000019073486328125</ele>
        <time>2019-11-02T10:15:23.000Z</time>
        <extensions>
          <ns3:TrackPointExtension>
            <ns3:hr>148</ns3:hr>
            <ns3:cad>100</ns3:cad>
          </ns3:TrackPointExtension>
        </extensions>
      </trkpt>
      <trkpt lat="51.43310221843421459197998046875" lon="-0.326484180986881256103515625">
        <ele>9.80000019073486328125</ele>
        <time>2019-11-02T10:15:28.000Z</time>
        <extensions>
          <ns3:TrackPointExtension>
            <ns3:hr>148</ns3:hr>
            <ns3:cad>100</ns3:cad>
          </ns3:TrackPointExtension>
        </extensions>
      </trkpt>
      <trkpt lat="51.4332546852529048919677734375" lon="-0.326669923961162567138671875">
        <ele>10.3999996185302734375</ele>
        <time>2019-11-02T10:15:33.000Z</time>
        <extensions>
          <ns3:TrackPointExtension>
            <ns3:hr>148</ns3:hr>
            <ns3:cad>101</ns3:cad>
          </ns3:TrackPointExtension>
        </extensions>
      </trkpt>
      <trkpt lat="51.43341788090765476226806640625" lon="-0.3268199600279331207275390625">
        <ele>11.6000003814697265625</ele>
        <time>2019-11-02T10:15:38.000Z</time>
        <extensions>
          <ns3:TrackPointExtension>
            <ns3:hr>148</ns3:hr>
            <ns3:cad>101</ns3:cad>
          </ns3:TrackPointExtension>
        </extensions>
      </trkpt>
      <trkpt lat="51.43358476459980010986328125" lon="-0.326954238116741180419921875">
        <ele>11.6000003814697265625</ele>
        <time>2019-11-02T10:15:43.000Z</time>
        <extensions>
          <ns3:TrackPointExtension>
            <ns3:hr>147</ns3:hr>
            <ns3:cad>101</ns3:cad>
          </ns3:TrackPointExtension>
        </extensions>
      </trkpt>
      <trkpt lat="51.4337663166224956512451171875" lon="-0.3270201198756694793701171875">
        <ele>11.19999980926513671875</ele>
        <time>2019-11-02T10:15:48.000Z</time>
        <extensions>
          <ns3:TrackPointExtension>
            <ns3:hr>148</ns3:hr>
            <ns3:cad>100</ns3:cad>
          </ns3:TrackPointExtension>
        </extensions>
      </trkpt>
      <trkpt lat="51.43395222723484039306640625" lon="-0.32710611820220947265625">
        <ele>11</ele>
        <time>2019-11-02T10:15:54.000Z</time>
        <extensions>
          <ns3:TrackPointExtension>
            <ns3:hr>147</ns3:hr>
            <ns3:cad>100</ns3:cad>
          </ns3:TrackPointExtension>
        </extensions>
      </trkpt>
      <trkpt lat="51.43414534628391265869140625" lon="-0.32720192335546016693115234375">
        <ele>10</ele>
        <time>2019-11-02T10:16:00.000Z</time>
        <extensions>
          <ns3:TrackPointExtension>
            <ns3:hr>148</ns3:hr>
            <ns3:cad>100</ns3:cad>
          </ns3:TrackPointExtension>
        </extensions>
      </trkpt>
      <trkpt lat="51.4343399740755558013916015625" lon="-0.3272809647023677825927734375">
        <ele>9</ele>
        <time>2019-11-02T10:16:06.000Z</time>
        <extensions>
          <ns3:TrackPointExtension>
            <ns3:hr>149</ns3:hr>
            <ns3:cad>99</ns3:cad>
          </ns3:TrackPointExtension>
        </extensions>
      </trkpt>
      <trkpt lat="51.434536278247833251953125" lon="-0.32728917896747589111328125">
        <ele>8.19999980926513671875</ele>
        <time>2019-11-02T10:16:12.000Z</time>
        <extensions>
          <ns3:TrackPointExtension>
            <ns3:hr>149</ns3:hr>
            <ns3:cad>99</ns3:cad>
          </ns3:TrackPointExtension>
        </extensions>
      </trkpt>
      <trkpt lat="51.4347215183079242706298828125" lon="-0.32729797996580600738525390625">
        <ele>7.599999904632568359375</ele>
        <time>2019-11-02T10:16:18.000Z</time>
        <extensions>
          <ns3:TrackPointExtension>
            <ns3:hr>150</ns3:hr>
            <ns3:cad>100</ns3:cad>
          </ns3:TrackPointExtension>
        </extensions>
      </trkpt>
      <trkpt lat="51.43492494709789752960205078125" lon="-0.32733301632106304168701171875">
        <ele>8.19999980926513671875</ele>
        <time>2019-11-02T10:16:24.000Z</time>
        <extensions>
          <ns3:TrackPointExtension>
            <ns3:hr>149</ns3:hr>
            <ns3:cad>100</ns3:cad>
          </ns3:TrackPointExtension>
        </extensions>
      </trkpt>
      <trkpt lat="51.43511940725147724151611328125" lon="-0.32736771740019321441650390625">
        <ele>8</ele>
        <time>2019-11-02T10:16:29.000Z</time>
        <extensions>
          <ns3:TrackPointExtension>
            <ns3:hr>148</ns3:hr>
            <ns3:cad>100</ns3:cad>
          </ns3:TrackPointExtension>
        </extensions>
      </trkpt>
      <trkpt lat="51.43530364148318767547607421875" lon="-0.32737408764660358428955078125">
        <ele>8.19999980926513671875</ele>
        <time>2019-11-02T10:16:34.000Z</time>
        <extensions>
          <ns3:TrackPointExtension>
            <ns3:hr>148</ns3:hr>
            <ns3:cad>100</ns3:cad>
          </ns3:TrackPointExtension>
        </extensions>
      </trkpt>
      <trkpt lat="51.43551050685346126556396484375" lon="-0.327425301074981689453125">
        <ele>9</ele>
        <time>2019-11-02T10:16:39.000Z</time>
        <extensions>
          <ns3:TrackPointExtension>
            <ns3:hr>148</ns3:hr>
            <ns3:cad>100</ns3:cad>
          </ns3:TrackPointExtension>
        </extensions>
      </trkpt>
      <trkpt lat="51.435693316161632537841796875" lon="-0.327473245561122894287109375">
        <ele>10.19999980926513671875</ele>
        <time>2019-11-02T10:16:43.000Z</time>
        <extensions>
          <ns3:TrackPointExtension>
            <ns3:hr>148</ns3:hr>
            <ns3:cad>99</ns3:cad>
          </ns3:TrackPointExtension>
        </extensions>
      </trkpt>
      <trkpt lat="51.43582097254693508148193359375" lon="-0.32752010039985179901123046875">
        <ele>11</ele>
        <time>2019-11-02T10:16:46.000Z</time>
        <extensions>
          <ns3:TrackPointExtension>
            <ns3:hr>145</ns3:hr>
            <ns3:cad>100</ns3:cad>
          </ns3:TrackPointExtension>
        </extensions>
      </trkpt>
      <trkpt lat="51.43601023592054843902587890625" lon="-0.327634848654270172119140625">
        <ele>12</ele>
        <time>2019-11-02T10:16:51.000Z</time>
        <extensions>
          <ns3:TrackPointExtension>
            <ns3:hr>146</ns3:hr>
            <ns3:cad>99</ns3:cad>
          </ns3:TrackPointExtension>
        </extensions>
      </trkpt>
      <trkpt lat="51.4361930452287197113037109375" lon="-0.32771456055343151092529296875">
        <ele>12.3999996185302734375</ele>
        <time>2019-11-02T10:16:56.000Z</time>
        <extensions>
          <ns3:TrackPointExtension>
            <ns3:hr>147</ns3:hr>
            <ns3:cad>99</ns3:cad>
          </ns3:TrackPointExtension>
        </extensions>
      </trkpt>
      <trkpt lat="51.436294130980968475341796875" lon="-0.3277550451457500457763671875">
        <ele>12.6000003814697265625</ele>
        <time>2019-11-02T10:16:59.000Z</time>
        <extensions>
          <ns3:TrackPointExtension>
            <ns3:hr>148</ns3:hr>
            <ns3:cad>100</ns3:cad>
          </ns3:TrackPointExtension>
        </extensions>
      </trkpt>
      <trkpt lat="51.43647509627044200897216796875" lon="-0.32780877314507961273193359375">
        <ele>11.6000003814697265625</ele>
        <time>2019-11-02T10:17:04.000Z</time>
        <extensions>
          <ns3:TrackPointExtension>
            <ns3:hr>149</ns3:hr>
            <ns3:cad>100</ns3:cad>
          </ns3:TrackPointExtension>
        </extensions>
      </trkpt>
      <trkpt lat="51.436681039631366729736328125" lon="-0.3278343379497528076171875">
        <ele>9.80000019073486328125</ele>
        <time>2019-11-02T10:17:10.000Z</time>
        <extensions>
          <ns3:TrackPointExtension>
            <ns3:hr>149</ns3:hr>
            <ns3:cad>98</ns3:cad>
          </ns3:TrackPointExtension>
        </extensions>
      </trkpt>
      <trkpt lat="51.4368632622063159942626953125" lon="-0.3279253654181957244873046875">
        <ele>8.80000019073486328125</ele>
        <time>2019-11-02T10:17:15.000Z</time>
        <extensions>
          <ns3:TrackPointExtension>
            <ns3:hr>149</ns3:hr>
            <ns3:cad>99</ns3:cad>
          </ns3:TrackPointExtension>
        </extensions>
      </trkpt>
      <trkpt lat="51.43702981062233448028564453125" lon="-0.328048579394817352294921875">
        <ele>7.80000019073486328125</ele>
        <time>2019-11-02T10:17:20.000Z</time>
        <extensions>
          <ns3:TrackPointExtension>
            <ns3:hr>149</ns3:hr>
            <ns3:cad>99</ns3:cad>
          </ns3:TrackPointExtension>
        </extensions>
      </trkpt>
      <trkpt lat="51.4372037351131439208984375" lon="-0.3281811811029911041259765625">
        <ele>7.400000095367431640625</ele>
        <time>2019-11-02T10:17:26.000Z</time>
        <extensions>
          <ns3:TrackPointExtension>
            <ns3:hr>149</ns3:hr>
            <ns3:cad>98</ns3:cad>
          </ns3:TrackPointExtension>
        </extensions>
      </trkpt>
      <trkpt lat="51.4373936690390110015869140625" lon="-0.3283340670168399810791015625">
        <ele>6.400000095367431640625</ele>
        <time>2019-11-02T10:17:32.000Z</time>
        <extensions>
          <ns3:TrackPointExtension>
            <ns3:hr>149</ns3:hr>
            <ns3:cad>99</ns3:cad>
          </ns3:TrackPointExtension>
        </extensions>
      </trkpt>
      <trkpt lat="51.43758486025035381317138671875" lon="-0.32846926711499691009521484375">
        <ele>5.599999904632568359375</ele>
        <time>2019-11-02T10:17:38.000Z</time>
        <extensions>
          <ns3:TrackPointExtension>
            <ns3:hr>149</ns3:hr>
            <ns3:cad>98</ns3:cad>
          </ns3:TrackPointExtension>
        </extensions>
      </trkpt>
      <trkpt lat="51.43776624463498592376708984375" lon="-0.3285908885300159454345703125">
        <ele>5</ele>
        <time>2019-11-02T10:17:44.000Z</time>
        <extensions>
          <ns3:TrackPointExtension>
            <ns3:hr>150</ns3:hr>
            <ns3:cad>99</ns3:cad>
          </ns3:TrackPointExtension>
        </extensions>
      </trkpt>
      <trkpt lat="51.43794201314449310302734375" lon="-0.3286931477487087249755859375">
        <ele>4.400000095367431640625</ele>
        <time>2019-11-02T10:17:49.000Z</time>
        <extensions>
          <ns3:TrackPointExtension>
            <ns3:hr>150</ns3:hr>
            <ns3:cad>99</ns3:cad>
          </ns3:TrackPointExtension>
        </extensions>
      </trkpt>
      <trkpt lat="51.4381359703838825225830078125" lon="-0.32884427346289157867431640625">
        <ele>4</ele>
        <time>2019-11-02T10:17:54.000Z</time>
        <extensions>
          <ns3:TrackPointExtension>
            <ns3:hr>151</ns3:hr>
            <ns3:cad>99</ns3:cad>
          </ns3:TrackPointExtension>
        </extensions>
      </trkpt>
      <trkpt lat="51.4383103139698505401611328125" lon="-0.32898969948291778564453125">
        <ele>4</ele>
        <time>2019-11-02T10:17:59.000Z</time>
        <extensions>
          <ns3:TrackPointExtension>
            <ns3:hr>150</ns3:hr>
            <ns3:cad>100</ns3:cad>
          </ns3:TrackPointExtension>
        </extensions>
      </trkpt>
      <trkpt lat="51.43849588930606842041015625" lon="-0.3291813097894191741943359375">
        <ele>6.599999904632568359375</ele>
        <time>2019-11-02T10:18:04.000Z</time>
        <extensions>
          <ns3:TrackPointExtension>
            <ns3:hr>149</ns3:hr>
            <ns3:cad>100</ns3:cad>
          </ns3:TrackPointExtension>
        </extensions>
      </trkpt>
      <trkpt lat="51.438696049153804779052734375" lon="-0.32930913381278514862060546875">
        <ele>7.80000019073486328125</ele>
        <time>2019-11-02T10:18:09.000Z</time>
        <extensions>
          <ns3:TrackPointExtension>
            <ns3:hr>149</ns3:hr>
            <ns3:cad>102</ns3:cad>
          </ns3:TrackPointExtension>
        </extensions>
      </trkpt>
      <trkpt lat="51.43886913545429706573486328125" lon="-0.32941390760242938995361328125">
        <ele>8.80000019073486328125</ele>
        <time>2019-11-02T10:18:14.000Z</time>
        <extensions>
          <ns3:TrackPointExtension>
            <ns3:hr>150</ns3:hr>
            <ns3:cad>100</ns3:cad>
          </ns3:TrackPointExtension>
        </extensions>
      </trkpt>
      <trkpt lat="51.439058147370815277099609375" lon="-0.32950376160442829132080078125">
        <ele>7.599999904632568359375</ele>
        <time>2019-11-02T10:18:19.000Z</time>
        <extensions>
          <ns3:TrackPointExtension>
            <ns3:hr>149</ns3:hr>
            <ns3:cad>100</ns3:cad>
          </ns3:TrackPointExtension>
        </extensions>
      </trkpt>
      <trkpt lat="51.43925235606729984283447265625" lon="-0.32959948293864727020263671875">
        <ele>6.19999980926513671875</ele>
        <time>2019-11-02T10:18:24.000Z</time>
        <extensions>
          <ns3:TrackPointExtension>
            <ns3:hr>149</ns3:hr>
            <ns3:cad>100</ns3:cad>
          </ns3:TrackPointExtension>
        </extensions>
      </trkpt>
      <trkpt lat="51.439445726573467254638671875" lon="-0.32968170940876007080078125">
        <ele>6</ele>
        <time>2019-11-02T10:18:29.000Z</time>
        <extensions>
          <ns3:TrackPointExtension>
            <ns3:hr>149</ns3:hr>
            <ns3:cad>101</ns3:cad>
          </ns3:TrackPointExtension>
        </extensions>
      </trkpt>
      <trkpt lat="51.43964789807796478271484375" lon="-0.32975949347019195556640625">
        <ele>6.80000019073486328125</ele>
        <time>2019-11-02T10:18:35.000Z</time>
        <extensions>
          <ns3:TrackPointExtension>
            <ns3:hr>148</ns3:hr>
            <ns3:cad>100</ns3:cad>
          </ns3:TrackPointExtension>
        </extensions>
      </trkpt>
      <trkpt lat="51.43984596244990825653076171875" lon="-0.329804085195064544677734375">
        <ele>7</ele>
        <time>2019-11-02T10:18:41.000Z</time>
        <extensions>
          <ns3:TrackPointExtension>
            <ns3:hr>149</ns3:hr>
            <ns3:cad>100</ns3:cad>
          </ns3:TrackPointExtension>
        </extensions>
      </trkpt>
      <trkpt lat="51.4400400035083293914794921875" lon="-0.32989553175866603851318359375">
        <ele>7.80000019073486328125</ele>
        <time>2019-11-02T10:18:47.000Z</time>
        <extensions>
          <ns3:TrackPointExtension>
            <ns3:hr>151</ns3:hr>
            <ns3:cad>99</ns3:cad>
          </ns3:TrackPointExtension>
        </extensions>
      </trkpt>
      <trkpt lat="51.440245024859905242919921875" lon="-0.32997784204781055450439453125">
        <ele>8</ele>
        <time>2019-11-02T10:18:53.000Z</time>
        <extensions>
          <ns3:TrackPointExtension>
            <ns3:hr>150</ns3:hr>
            <ns3:cad>100</ns3:cad>
          </ns3:TrackPointExtension>
        </extensions>
      </trkpt>
      <trkpt lat="51.44043655134737491607666015625" lon="-0.33001254312694072723388671875">
        <ele>7.400000095367431640625</ele>
        <time>2019-11-02T10:18:59.000Z</time>
        <extensions>
          <ns3:TrackPointExtension>
            <ns3:hr>149</ns3:hr>
            <ns3:cad>99</ns3:cad>
          </ns3:TrackPointExtension>
        </extensions>
      </trkpt>
      <trkpt lat="51.440630257129669189453125" lon="-0.33004791475832462310791015625">
        <ele>6.599999904632568359375</ele>
        <time>2019-11-02T10:19:05.000Z</time>
        <extensions>
          <ns3:TrackPointExtension>
            <ns3:hr>150</ns3:hr>
            <ns3:cad>98</ns3:cad>
          </ns3:TrackPointExtension>
        </extensions>
      </trkpt>
      <trkpt lat="51.44082882441580295562744140625" lon="-0.33001028001308441162109375">
        <ele>6</ele>
        <time>2019-11-02T10:19:11.000Z</time>
        <extensions>
          <ns3:TrackPointExtension>
            <ns3:hr>149</ns3:hr>
            <ns3:cad>99</ns3:cad>
          </ns3:TrackPointExtension>
        </extensions>
      </trkpt>
      <trkpt lat="51.4410441555082798004150390625" lon="-0.329973399639129638671875">
        <ele>5.19999980926513671875</ele>
        <time>2019-11-02T10:19:16.000Z</time>
        <extensions>
          <ns3:TrackPointExtension>
            <ns3:hr>149</ns3:hr>
            <ns3:cad>99</ns3:cad>
          </ns3:TrackPointExtension>
        </extensions>
      </trkpt>
      <trkpt lat="51.44116259180009365081787109375" lon="-0.3299440629780292510986328125">
        <ele>5</ele>
        <time>2019-11-02T10:19:19.000Z</time>
        <extensions>
          <ns3:TrackPointExtension>
            <ns3:hr>146</ns3:hr>
            <ns3:cad>99</ns3:cad>
          </ns3:TrackPointExtension>
        </extensions>
      </trkpt>
      <trkpt lat="51.44125848077237606048583984375" lon="-0.32990860752761363983154296875">
        <ele>5</ele>
        <time>2019-11-02T10:19:22.000Z</time>
        <extensions>
          <ns3:TrackPointExtension>
            <ns3:hr>149</ns3:hr>
            <ns3:cad>99</ns3:cad>
          </ns3:TrackPointExtension>
        </extensions>
      </trkpt>
      <trkpt lat="51.4414441399276256561279296875" lon="-0.32985244877636432647705078125">
        <ele>5.19999980926513671875</ele>
        <time>2019-11-02T10:19:27.000Z</time>
        <extensions>
          <ns3:TrackPointExtension>
            <ns3:hr>148</ns3:hr>
            <ns3:cad>99</ns3:cad>
          </ns3:TrackPointExtension>
        </extensions>
      </trkpt>
      <trkpt lat="51.44164589233696460723876953125" lon="-0.329775251448154449462890625">
        <ele>5.599999904632568359375</ele>
        <time>2019-11-02T10:19:33.000Z</time>
        <extensions>
          <ns3:TrackPointExtension>
            <ns3:hr>148</ns3:hr>
            <ns3:cad>98</ns3:cad>
          </ns3:TrackPointExtension>
        </extensions>
      </trkpt>
      <trkpt lat="51.44183666445314884185791015625" lon="-0.32968279905617237091064453125">
        <ele>5.400000095367431640625</ele>
        <time>2019-11-02T10:19:39.000Z</time>
        <extensions>
          <ns3:TrackPointExtension>
            <ns3:hr>149</ns3:hr>
            <ns3:cad>99</ns3:cad>
          </ns3:TrackPointExtension>
        </extensions>
      </trkpt>
      <trkpt lat="51.44200480543076992034912109375" lon="-0.32952169887721538543701171875">
        <ele>5.19999980926513671875</ele>
        <time>2019-11-02T10:19:45.000Z</time>
        <extensions>
          <ns3:TrackPointExtension>
            <ns3:hr>147</ns3:hr>
            <ns3:cad>99</ns3:cad>
          </ns3:TrackPointExtension>
        </extensions>
      </trkpt>
      <trkpt lat="51.44218535162508487701416015625" lon="-0.3293221257627010345458984375">
        <ele>5.599999904632568359375</ele>
        <time>2019-11-02T10:19:51.000Z</time>
        <extensions>
          <ns3:TrackPointExtension>
            <ns3:hr>148</ns3:hr>
            <ns3:cad>99</ns3:cad>
          </ns3:TrackPointExtension>
        </extensions>
      </trkpt>
      <trkpt lat="51.44233773462474346160888671875" lon="-0.3291504643857479095458984375">
        <ele>6.400000095367431640625</ele>
        <time>2019-11-02T10:19:56.000Z</time>
        <extensions>
          <ns3:TrackPointExtension>
            <ns3:hr>149</ns3:hr>
            <ns3:cad>99</ns3:cad>
          </ns3:TrackPointExtension>
        </extensions>
      </trkpt>
      <trkpt lat="51.44248743541538715362548828125" lon="-0.3289479576051235198974609375">
        <ele>6</ele>
        <time>2019-11-02T10:20:02.000Z</time>
        <extensions>
          <ns3:TrackPointExtension>
            <ns3:hr>149</ns3:hr>
            <ns3:cad>99</ns3:cad>
          </ns3:TrackPointExtension>
        </extensions>
      </trkpt>
      <trkpt lat="51.44264820031821727752685546875" lon="-0.32875525765120983123779296875">
        <ele>5.400000095367431640625</ele>
        <time>2019-11-02T10:20:07.000Z</time>
        <extensions>
          <ns3:TrackPointExtension>
            <ns3:hr>150</ns3:hr>
            <ns3:cad>99</ns3:cad>
          </ns3:TrackPointExtension>
        </extensions>
      </trkpt>
      <trkpt lat="51.44280024804174900054931640625" lon="-0.3285801596939563751220703125">
        <ele>4.80000019073486328125</ele>
        <time>2019-11-02T10:20:12.000Z</time>
        <extensions>
          <ns3:TrackPointExtension>
            <ns3:hr>151</ns3:hr>
            <ns3:cad>99</ns3:cad>
          </ns3:TrackPointExtension>
        </extensions>
      </trkpt>
      <trkpt lat="51.44294341094791889190673828125" lon="-0.32832979224622249603271484375">
        <ele>4.400000095367431640625</ele>
        <time>2019-11-02T10:20:18.000Z</time>
        <extensions>
          <ns3:TrackPointExtension>
            <ns3:hr>151</ns3:hr>
            <ns3:cad>99</ns3:cad>
          </ns3:TrackPointExtension>
        </extensions>
      </trkpt>
      <trkpt lat="51.443073749542236328125" lon="-0.3280703723430633544921875">
        <ele>3.599999904632568359375</ele>
        <time>2019-11-02T10:20:24.000Z</time>
        <extensions>
          <ns3:TrackPointExtension>
            <ns3:hr>150</ns3:hr>
            <ns3:cad>100</ns3:cad>
          </ns3:TrackPointExtension>
        </extensions>
      </trkpt>
      <trkpt lat="51.44318263046443462371826171875" lon="-0.3278294764459133148193359375">
        <ele>3</ele>
        <time>2019-11-02T10:20:29.000Z</time>
        <extensions>
          <ns3:TrackPointExtension>
            <ns3:hr>150</ns3:hr>
            <ns3:cad>98</ns3:cad>
          </ns3:TrackPointExtension>
        </extensions>
      </trkpt>
      <trkpt lat="51.44327768124639987945556640625" lon="-0.32755027525126934051513671875">
        <ele>3</ele>
        <time>2019-11-02T10:20:35.000Z</time>
        <extensions>
          <ns3:TrackPointExtension>
            <ns3:hr>149</ns3:hr>
            <ns3:cad>99</ns3:cad>
          </ns3:TrackPointExtension>
        </extensions>
      </trkpt>
      <trkpt lat="51.44341112114489078521728515625" lon="-0.327285826206207275390625">
        <ele>4.599999904632568359375</ele>
        <time>2019-11-02T10:20:41.000Z</time>
        <extensions>
          <ns3:TrackPointExtension>
            <ns3:hr>150</ns3:hr>
            <ns3:cad>99</ns3:cad>
          </ns3:TrackPointExtension>
        </extensions>
      </trkpt>
      <trkpt lat="51.44353039562702178955078125" lon="-0.32704870216548442840576171875">
        <ele>6.19999980926513671875</ele>
        <time>2019-11-02T10:20:46.000Z</time>
        <extensions>
          <ns3:TrackPointExtension>
            <ns3:hr>150</ns3:hr>
            <ns3:cad>99</ns3:cad>
          </ns3:TrackPointExtension>
        </extensions>
      </trkpt>
      <trkpt lat="51.44367146305739879608154296875" lon="-0.32679020427167415618896484375">
        <ele>7</ele>
        <time>2019-11-02T10:20:52.000Z</time>
        <extensions>
          <ns3:TrackPointExtension>
            <ns3:hr>149</ns3:hr>
            <ns3:cad>97</ns3:cad>
          </ns3:TrackPointExtension>
        </extensions>
      </trkpt>
      <trkpt lat="51.4437873847782611846923828125" lon="-0.326502621173858642578125">
        <ele>7</ele>
        <time>2019-11-02T10:20:58.000Z</time>
        <extensions>
          <ns3:TrackPointExtension>
            <ns3:hr>149</ns3:hr>
            <ns3:cad>99</ns3:cad>
          </ns3:TrackPointExtension>
        </extensions>
      </trkpt>
      <trkpt lat="51.4439094252884387969970703125" lon="-0.3262399323284626007080078125">
        <ele>6.80000019073486328125</ele>
        <time>2019-11-02T10:21:03.000Z</time>
        <extensions>
          <ns3:TrackPointExtension>
            <ns3:hr>150</ns3:hr>
            <ns3:cad>99</ns3:cad>
          </ns3:TrackPointExtension>
        </extensions>
      </trkpt>
      <trkpt lat="51.44399131648242473602294921875" lon="-0.3259355016052722930908203125">
        <ele>6.599999904632568359375</ele>
        <time>2019-11-02T10:21:09.000Z</time>
        <extensions>
          <ns3:TrackPointExtension>
            <ns3:hr>150</ns3:hr>
            <ns3:cad>99</ns3:cad>
          </ns3:TrackPointExtension>
        </extensions>
      </trkpt>
      <trkpt lat="51.44408921711146831512451171875" lon="-0.3256176598370075225830078125">
        <ele>6</ele>
        <time>2019-11-02T10:21:15.000Z</time>
        <extensions>
          <ns3:TrackPointExtension>
            <ns3:hr>151</ns3:hr>
            <ns3:cad>99</ns3:cad>
          </ns3:TrackPointExtension>
        </extensions>
      </trkpt>
      <trkpt lat="51.444165743887424468994140625" lon="-0.32529789023101329803466796875">
        <ele>6</ele>
        <time>2019-11-02T10:21:21.000Z</time>
        <extensions>
          <ns3:TrackPointExtension>
            <ns3:hr>149</ns3:hr>
            <ns3:cad>98</ns3:cad>
          </ns3:TrackPointExtension>
        </extensions>
      </trkpt>
      <trkpt lat="51.4442393369972705841064453125" lon="-0.32502916641533374786376953125">
        <ele>6</ele>
        <time>2019-11-02T10:21:26.000Z</time>
        <extensions>
          <ns3:TrackPointExtension>
            <ns3:hr>150</ns3:hr>
            <ns3:cad>98</ns3:cad>
          </ns3:TrackPointExtension>
        </extensions>
      </trkpt>
      <trkpt lat="51.44432005472481250762939453125" lon="-0.3247311897575855255126953125">
        <ele>6</ele>
        <time>2019-11-02T10:21:32.000Z</time>
        <extensions>
          <ns3:TrackPointExtension>
            <ns3:hr>150</ns3:hr>
            <ns3:cad>99</ns3:cad>
          </ns3:TrackPointExtension>
        </extensions>
      </trkpt>
      <trkpt lat="51.4443942345678806304931640625" lon="-0.3244599513709545135498046875">
        <ele>6</ele>
        <time>2019-11-02T10:21:37.000Z</time>
        <extensions>
          <ns3:TrackPointExtension>
            <ns3:hr>150</ns3:hr>
            <ns3:cad>99</ns3:cad>
          </ns3:TrackPointExtension>
        </extensions>
      </trkpt>
      <trkpt lat="51.4444690011441707611083984375" lon="-0.32419080846011638641357421875">
        <ele>5.19999980926513671875</ele>
        <time>2019-11-02T10:21:42.000Z</time>
        <extensions>
          <ns3:TrackPointExtension>
            <ns3:hr>151</ns3:hr>
            <ns3:cad>99</ns3:cad>
          </ns3:TrackPointExtension>
        </extensions>
      </trkpt>
      <trkpt lat="51.4445534907281398773193359375" lon="-0.3239142894744873046875">
        <ele>5</ele>
        <time>2019-11-02T10:21:47.000Z</time>
        <extensions>
          <ns3:TrackPointExtension>
            <ns3:hr>150</ns3:hr>
            <ns3:cad>99</ns3:cad>
          </ns3:TrackPointExtension>
        </extensions>
      </trkpt>
      <trkpt lat="51.44463655538856983184814453125" lon="-0.32363709993660449981689453125">
        <ele>5.80000019073486328125</ele>
        <time>2019-11-02T10:21:52.000Z</time>
        <extensions>
          <ns3:TrackPointExtension>
            <ns3:hr>150</ns3:hr>
            <ns3:cad>99</ns3:cad>
          </ns3:TrackPointExtension>
        </extensions>
      </trkpt>
      <trkpt lat="51.44474132917821407318115234375" lon="-0.32337977550923824310302734375">
        <ele>6.19999980926513671875</ele>
        <time>2019-11-02T10:21:57.000Z</time>
        <extensions>
          <ns3:TrackPointExtension>
            <ns3:hr>150</ns3:hr>
            <ns3:cad>98</ns3:cad>
          </ns3:TrackPointExtension>
        </extensions>
      </trkpt>
      <trkpt lat="51.4448428340256214141845703125" lon="-0.3231136500835418701171875">
        <ele>6</ele>
        <time>2019-11-02T10:22:02.000Z</time>
        <extensions>
          <ns3:TrackPointExtension>
            <ns3:hr>150</ns3:hr>
            <ns3:cad>99</ns3:cad>
          </ns3:TrackPointExtension>
        </extensions>
      </trkpt>
      <trkpt lat="51.4449440874159336090087890625" lon="-0.3228266537189483642578125">
        <ele>6</ele>
        <time>2019-11-02T10:22:08.000Z</time>
        <extensions>
          <ns3:TrackPointExtension>
            <ns3:hr>150</ns3:hr>
            <ns3:cad>99</ns3:cad>
          </ns3:TrackPointExtension>
        </extensions>
      </trkpt>
      <trkpt lat="51.44503570161759853363037109375" lon="-0.32255097292363643646240234375">
        <ele>7</ele>
        <time>2019-11-02T10:22:14.000Z</time>
        <extensions>
          <ns3:TrackPointExtension>
            <ns3:hr>150</ns3:hr>
            <ns3:cad>98</ns3:cad>
          </ns3:TrackPointExtension>
        </extensions>
      </trkpt>
      <trkpt lat="51.4451180957257747650146484375" lon="-0.32223857939243316650390625">
        <ele>8</ele>
        <time>2019-11-02T10:22:20.000Z</time>
        <extensions>
          <ns3:TrackPointExtension>
            <ns3:hr>154</ns3:hr>
            <ns3:cad>98</ns3:cad>
          </ns3:TrackPointExtension>
        </extensions>
      </trkpt>
      <trkpt lat="51.44520769827067852020263671875" lon="-0.32195619307458400726318359375">
        <ele>8.6000003814697265625</ele>
        <time>2019-11-02T10:22:25.000Z</time>
        <extensions>
          <ns3:TrackPointExtension>
            <ns3:hr>154</ns3:hr>
            <ns3:cad>97</ns3:cad>
          </ns3:TrackPointExtension>
        </extensions>
      </trkpt>
      <trkpt lat="51.445270478725433349609375" lon="-0.32166299410164356231689453125">
        <ele>8.19999980926513671875</ele>
        <time>2019-11-02T10:22:30.000Z</time>
        <extensions>
          <ns3:TrackPointExtension>
            <ns3:hr>153</ns3:hr>
            <ns3:cad>98</ns3:cad>
          </ns3:TrackPointExtension>
        </extensions>
      </trkpt>
      <trkpt lat="51.44535454921424388885498046875" lon="-0.32137759029865264892578125">
        <ele>7.599999904632568359375</ele>
        <time>2019-11-02T10:22:35.000Z</time>
        <extensions>
          <ns3:TrackPointExtension>
            <ns3:hr>152</ns3:hr>
            <ns3:cad>98</ns3:cad>
          </ns3:TrackPointExtension>
        </extensions>
      </trkpt>
      <trkpt lat="51.4454252086579799652099609375" lon="-0.321098975837230682373046875">
        <ele>7.400000095367431640625</ele>
        <time>2019-11-02T10:22:40.000Z</time>
        <extensions>
          <ns3:TrackPointExtension>
            <ns3:hr>151</ns3:hr>
            <ns3:cad>98</ns3:cad>
          </ns3:TrackPointExtension>
        </extensions>
      </trkpt>
      <trkpt lat="51.44546083174645900726318359375" lon="-0.32087601721286773681640625">
        <ele>7.19999980926513671875</ele>
        <time>2019-11-02T10:22:44.000Z</time>
        <extensions>
          <ns3:TrackPointExtension>
            <ns3:hr>148</ns3:hr>
            <ns3:cad>99</ns3:cad>
          </ns3:TrackPointExtension>
        </extensions>
      </trkpt>
      <trkpt lat="51.44550726749002933502197265625" lon="-0.3205456025898456573486328125">
        <ele>6.19999980926513671875</ele>
        <time>2019-11-02T10:22:50.000Z</time>
        <extensions>
          <ns3:TrackPointExtension>
            <ns3:hr>149</ns3:hr>
            <ns3:cad>99</ns3:cad>
          </ns3:TrackPointExtension>
        </extensions>
      </trkpt>
      <trkpt lat="51.4455506019294261932373046875" lon="-0.32023505307734012603759765625">
        <ele>5</ele>
        <time>2019-11-02T10:22:55.000Z</time>
        <extensions>
          <ns3:TrackPointExtension>
            <ns3:hr>149</ns3:hr>
            <ns3:cad>99</ns3:cad>
          </ns3:TrackPointExtension>
        </extensions>
      </trkpt>
      <trkpt lat="51.44557013176381587982177734375" lon="-0.3199203126132488250732421875">
        <ele>5</ele>
        <time>2019-11-02T10:23:00.000Z</time>
        <extensions>
          <ns3:TrackPointExtension>
            <ns3:hr>148</ns3:hr>
            <ns3:cad>99</ns3:cad>
          </ns3:TrackPointExtension>
        </extensions>
      </trkpt>
      <trkpt lat="51.44557365216314792633056640625" lon="-0.31960238702595233917236328125">
        <ele>5</ele>
        <time>2019-11-02T10:23:05.000Z</time>
        <extensions>
          <ns3:TrackPointExtension>
            <ns3:hr>149</ns3:hr>
            <ns3:cad>99</ns3:cad>
          </ns3:TrackPointExtension>
        </extensions>
      </trkpt>
      <trkpt lat="51.44556845538318157196044921875" lon="-0.31928186304867267608642578125">
        <ele>4.599999904632568359375</ele>
        <time>2019-11-02T10:23:10.000Z</time>
        <extensions>
          <ns3:TrackPointExtension>
            <ns3:hr>150</ns3:hr>
            <ns3:cad>98</ns3:cad>
          </ns3:TrackPointExtension>
        </extensions>
      </trkpt>
      <trkpt lat="51.4455844648182392120361328125" lon="-0.31896485947072505950927734375">
        <ele>3.7999999523162841796875</ele>
        <time>2019-11-02T10:23:15.000Z</time>
        <extensions>
          <ns3:TrackPointExtension>
            <ns3:hr>150</ns3:hr>
            <ns3:cad>99</ns3:cad>
          </ns3:TrackPointExtension>
        </extensions>
      </trkpt>
      <trkpt lat="51.44559980370104312896728515625" lon="-0.31865355558693408966064453125">
        <ele>2.7999999523162841796875</ele>
        <time>2019-11-02T10:23:20.000Z</time>
        <extensions>
          <ns3:TrackPointExtension>
            <ns3:hr>150</ns3:hr>
            <ns3:cad>100</ns3:cad>
          </ns3:TrackPointExtension>
        </extensions>
      </trkpt>
      <trkpt lat="51.4456129632890224456787109375" lon="-0.3183505497872829437255859375">
        <ele>3.2000000476837158203125</ele>
        <time>2019-11-02T10:23:25.000Z</time>
        <extensions>
          <ns3:TrackPointExtension>
            <ns3:hr>152</ns3:hr>
            <ns3:cad>100</ns3:cad>
          </ns3:TrackPointExtension>
        </extensions>
      </trkpt>
      <trkpt lat="51.44563098438084125518798828125" lon="-0.318042598664760589599609375">
        <ele>4.599999904632568359375</ele>
        <time>2019-11-02T10:23:30.000Z</time>
        <extensions>
          <ns3:TrackPointExtension>
            <ns3:hr>153</ns3:hr>
            <ns3:cad>100</ns3:cad>
          </ns3:TrackPointExtension>
        </extensions>
      </trkpt>
      <trkpt lat="51.4456525258719921112060546875" lon="-0.31779759563505649566650390625">
        <ele>5.19999980926513671875</ele>
        <time>2019-11-02T10:23:34.000Z</time>
        <extensions>
          <ns3:TrackPointExtension>
            <ns3:hr>152</ns3:hr>
            <ns3:cad>100</ns3:cad>
          </ns3:TrackPointExtension>
        </extensions>
      </trkpt>
      <trkpt lat="51.445677168667316436767578125" lon="-0.31749500893056392669677734375">
        <ele>6.400000095367431640625</ele>
        <time>2019-11-02T10:23:39.000Z</time>
        <extensions>
          <ns3:TrackPointExtension>
            <ns3:hr>152</ns3:hr>
            <ns3:cad>98</ns3:cad>
          </ns3:TrackPointExtension>
        </extensions>
      </trkpt>
      <trkpt lat="51.44570457749068737030029296875" lon="-0.317190997302532196044921875">
        <ele>7</ele>
        <time>2019-11-02T10:23:45.000Z</time>
        <extensions>
          <ns3:TrackPointExtension>
            <ns3:hr>152</ns3:hr>
            <ns3:cad>99</ns3:cad>
          </ns3:TrackPointExtension>
        </extensions>
      </trkpt>
      <trkpt lat="51.44574590027332305908203125" lon="-0.31689670868217945098876953125">
        <ele>7.80000019073486328125</ele>
        <time>2019-11-02T10:23:50.000Z</time>
        <extensions>
          <ns3:TrackPointExtension>
            <ns3:hr>152</ns3:hr>
            <ns3:cad>99</ns3:cad>
          </ns3:TrackPointExtension>
        </extensions>
      </trkpt>
      <trkpt lat="51.4457809366285800933837890625" lon="-0.3166131488978862762451171875">
        <ele>7.80000019073486328125</ele>
        <time>2019-11-02T10:23:55.000Z</time>
        <extensions>
          <ns3:TrackPointExtension>
            <ns3:hr>151</ns3:hr>
            <ns3:cad>98</ns3:cad>
          </ns3:TrackPointExtension>
        </extensions>
      </trkpt>
      <trkpt lat="51.445829384028911590576171875" lon="-0.31629706732928752899169921875">
        <ele>7</ele>
        <time>2019-11-02T10:24:01.000Z</time>
        <extensions>
          <ns3:TrackPointExtension>
            <ns3:hr>151</ns3:hr>
            <ns3:cad>98</ns3:cad>
          </ns3:TrackPointExtension>
        </extensions>
      </trkpt>
      <trkpt lat="51.4458949305117130279541015625" lon="-0.316010825335979461669921875">
        <ele>6.599999904632568359375</ele>
        <time>2019-11-02T10:24:06.000Z</time>
        <extensions>
          <ns3:TrackPointExtension>
            <ns3:hr>151</ns3:hr>
            <ns3:cad>99</ns3:cad>
          </ns3:TrackPointExtension>
        </extensions>
      </trkpt>
      <trkpt lat="51.44596491940319538116455078125" lon="-0.31570647843182086944580078125">
        <ele>7.599999904632568359375</ele>
        <time>2019-11-02T10:24:11.000Z</time>
        <extensions>
          <ns3:TrackPointExtension>
            <ns3:hr>152</ns3:hr>
            <ns3:cad>99</ns3:cad>
          </ns3:TrackPointExtension>
        </extensions>
      </trkpt>
      <trkpt lat="51.44597816281020641326904296875" lon="-0.31565233133733272552490234375">
        <ele>7.599999904632568359375</ele>
        <time>2019-11-02T10:24:12.000Z</time>
        <extensions>
          <ns3:TrackPointExtension>
            <ns3:hr>155</ns3:hr>
            <ns3:cad>98</ns3:cad>
          </ns3:TrackPointExtension>
        </extensions>
      </trkpt>
      <trkpt lat="51.4460330642759799957275390625" lon="-0.31536382623016834259033203125">
        <ele>7.80000019073486328125</ele>
        <time>2019-11-02T10:24:17.000Z</time>
        <extensions>
          <ns3:TrackPointExtension>
            <ns3:hr>155</ns3:hr>
            <ns3:cad>99</ns3:cad>
          </ns3:TrackPointExtension>
        </extensions>
      </trkpt>
      <trkpt lat="51.446077823638916015625" lon="-0.31505939550697803497314453125">
        <ele>7.400000095367431640625</ele>
        <time>2019-11-02T10:24:22.000Z</time>
        <extensions>
          <ns3:TrackPointExtension>
            <ns3:hr>153</ns3:hr>
            <ns3:cad>98</ns3:cad>
          </ns3:TrackPointExtension>
        </extensions>
      </trkpt>
      <trkpt lat="51.4461199007928371429443359375" lon="-0.314765274524688720703125">
        <ele>5.599999904632568359375</ele>
        <time>2019-11-02T10:24:27.000Z</time>
        <extensions>
          <ns3:TrackPointExtension>
            <ns3:hr>152</ns3:hr>
            <ns3:cad>99</ns3:cad>
          </ns3:TrackPointExtension>
        </extensions>
      </trkpt>
      <trkpt lat="51.44618720747530460357666015625" lon="-0.31448104418814182281494140625">
        <ele>4.400000095367431640625</ele>
        <time>2019-11-02T10:24:32.000Z</time>
        <extensions>
          <ns3:TrackPointExtension>
            <ns3:hr>152</ns3:hr>
            <ns3:cad>98</ns3:cad>
          </ns3:TrackPointExtension>
        </extensions>
      </trkpt>
      <trkpt lat="51.446222998201847076416015625" lon="-0.31419203616678714752197265625">
        <ele>4</ele>
        <time>2019-11-02T10:24:37.000Z</time>
        <extensions>
          <ns3:TrackPointExtension>
            <ns3:hr>152</ns3:hr>
            <ns3:cad>98</ns3:cad>
          </ns3:TrackPointExtension>
        </extensions>
      </trkpt>
      <trkpt lat="51.44626096822321414947509765625" lon="-0.3139083087444305419921875">
        <ele>4.80000019073486328125</ele>
        <time>2019-11-02T10:24:42.000Z</time>
        <extensions>
          <ns3:TrackPointExtension>
            <ns3:hr>152</ns3:hr>
            <ns3:cad>98</ns3:cad>
          </ns3:TrackPointExtension>
        </extensions>
      </trkpt>
      <trkpt lat="51.446322910487651824951171875" lon="-0.31363581307232379913330078125">
        <ele>5</ele>
        <time>2019-11-02T10:24:47.000Z</time>
        <extensions>
          <ns3:TrackPointExtension>
            <ns3:hr>152</ns3:hr>
            <ns3:cad>99</ns3:cad>
          </ns3:TrackPointExtension>
        </extensions>
      </trkpt>
      <trkpt lat="51.44639122299849987030029296875" lon="-0.31332048587501049041748046875">
        <ele>5</ele>
        <time>2019-11-02T10:24:53.000Z</time>
        <extensions>
          <ns3:TrackPointExtension>
            <ns3:hr>152</ns3:hr>
            <ns3:cad>98</ns3:cad>
          </ns3:TrackPointExtension>
        </extensions>
      </trkpt>
      <trkpt lat="51.44645593129098415374755859375" lon="-0.31299644149839878082275390625">
        <ele>4.80000019073486328125</ele>
        <time>2019-11-02T10:24:59.000Z</time>
        <extensions>
          <ns3:TrackPointExtension>
            <ns3:hr>153</ns3:hr>
            <ns3:cad>98</ns3:cad>
          </ns3:TrackPointExtension>
        </extensions>
      </trkpt>
      <trkpt lat="51.44649817608296871185302734375" lon="-0.31267038546502590179443359375">
        <ele>5</ele>
        <time>2019-11-02T10:25:05.000Z</time>
        <extensions>
          <ns3:TrackPointExtension>
            <ns3:hr>153</ns3:hr>
            <ns3:cad>99</ns3:cad>
          </ns3:TrackPointExtension>
        </extensions>
      </trkpt>
      <trkpt lat="51.44656623713672161102294921875" lon="-0.31235338188707828521728515625">
        <ele>6.400000095367431640625</ele>
        <time>2019-11-02T10:25:11.000Z</time>
        <extensions>
          <ns3:TrackPointExtension>
            <ns3:hr>153</ns3:hr>
            <ns3:cad>98</ns3:cad>
          </ns3:TrackPointExtension>
        </extensions>
      </trkpt>
      <trkpt lat="51.446622312068939208984375" lon="-0.31207032501697540283203125">
        <ele>6.80000019073486328125</ele>
        <time>2019-11-02T10:25:16.000Z</time>
        <extensions>
          <ns3:TrackPointExtension>
            <ns3:hr>152</ns3:hr>
            <ns3:cad>98</ns3:cad>
          </ns3:TrackPointExtension>
        </extensions>
      </trkpt>
      <trkpt lat="51.4466808177530765533447265625" lon="-0.3117523156106472015380859375">
        <ele>5.400000095367431640625</ele>
        <time>2019-11-02T10:25:22.000Z</time>
        <extensions>
          <ns3:TrackPointExtension>
            <ns3:hr>151</ns3:hr>
            <ns3:cad>98</ns3:cad>
          </ns3:TrackPointExtension>
        </extensions>
      </trkpt>
      <trkpt lat="51.44673069007694721221923828125" lon="-0.31143455766141414642333984375">
        <ele>3.7999999523162841796875</ele>
        <time>2019-11-02T10:25:28.000Z</time>
        <extensions>
          <ns3:TrackPointExtension>
            <ns3:hr>151</ns3:hr>
            <ns3:cad>98</ns3:cad>
          </ns3:TrackPointExtension>
        </extensions>
      </trkpt>
      <trkpt lat="51.44679472781717777252197265625" lon="-0.31110498122870922088623046875">
        <ele>3</ele>
        <time>2019-11-02T10:25:34.000Z</time>
        <extensions>
          <ns3:TrackPointExtension>
            <ns3:hr>153</ns3:hr>
            <ns3:cad>97</ns3:cad>
          </ns3:TrackPointExtension>
        </extensions>
      </trkpt>
      <trkpt lat="51.44687636755406856536865234375" lon="-0.31080373562872409820556640625">
        <ele>2.400000095367431640625</ele>
        <time>2019-11-02T10:25:40.000Z</time>
        <extensions>
          <ns3:TrackPointExtension>
            <ns3:hr>152</ns3:hr>
            <ns3:cad>97</ns3:cad>
          </ns3:TrackPointExtension>
        </extensions>
      </trkpt>
      <trkpt lat="51.446951888501644134521484375" lon="-0.31049259938299655914306640625">
        <ele>3.2000000476837158203125</ele>
        <time>2019-11-02T10:25:46.000Z</time>
        <extensions>
          <ns3:TrackPointExtension>
            <ns3:hr>153</ns3:hr>
            <ns3:cad>97</ns3:cad>
          </ns3:TrackPointExtension>
        </extensions>
      </trkpt>
      <trkpt lat="51.44701994955539703369140625" lon="-0.31022630631923675537109375">
        <ele>5</ele>
        <time>2019-11-02T10:25:51.000Z</time>
        <extensions>
          <ns3:TrackPointExtension>
            <ns3:hr>152</ns3:hr>
            <ns3:cad>98</ns3:cad>
          </ns3:TrackPointExtension>
        </extensions>
      </trkpt>
      <trkpt lat="51.4470975659787654876708984375" lon="-0.3099129907786846160888671875">
        <ele>6</ele>
        <time>2019-11-02T10:25:57.000Z</time>
        <extensions>
          <ns3:TrackPointExtension>
            <ns3:hr>151</ns3:hr>
            <ns3:cad>97</ns3:cad>
          </ns3:TrackPointExtension>
        </extensions>
      </trkpt>
      <trkpt lat="51.4471669681370258331298828125" lon="-0.30959070660173892974853515625">
        <ele>6.400000095367431640625</ele>
        <time>2019-11-02T10:26:03.000Z</time>
        <extensions>
          <ns3:TrackPointExtension>
            <ns3:hr>152</ns3:hr>
            <ns3:cad>97</ns3:cad>
          </ns3:TrackPointExtension>
        </extensions>
      </trkpt>
      <trkpt lat="51.44723393954336643218994140625" lon="-0.30926414765417575836181640625">
        <ele>6.80000019073486328125</ele>
        <time>2019-11-02T10:26:09.000Z</time>
        <extensions>
          <ns3:TrackPointExtension>
            <ns3:hr>151</ns3:hr>
            <ns3:cad>98</ns3:cad>
          </ns3:TrackPointExtension>
        </extensions>
      </trkpt>
      <trkpt lat="51.44733770750463008880615234375" lon="-0.30900782905519008636474609375">
        <ele>6.400000095367431640625</ele>
        <time>2019-11-02T10:26:14.000Z</time>
        <extensions>
          <ns3:TrackPointExtension>
            <ns3:hr>150</ns3:hr>
            <ns3:cad>98</ns3:cad>
          </ns3:TrackPointExtension>
        </extensions>
      </trkpt>
      <trkpt lat="51.44746008329093456268310546875" lon="-0.308738015592098236083984375">
        <ele>6</ele>
        <time>2019-11-02T10:26:19.000Z</time>
        <extensions>
          <ns3:TrackPointExtension>
            <ns3:hr>149</ns3:hr>
            <ns3:cad>98</ns3:cad>
          </ns3:TrackPointExtension>
        </extensions>
      </trkpt>
      <trkpt lat="51.44754826091229915618896484375" lon="-0.3084820322692394256591796875">
        <ele>5.80000019073486328125</ele>
        <time>2019-11-02T10:26:24.000Z</time>
        <extensions>
          <ns3:TrackPointExtension>
            <ns3:hr>150</ns3:hr>
            <ns3:cad>98</ns3:cad>
          </ns3:TrackPointExtension>
        </extensions>
      </trkpt>
      <trkpt lat="51.4476428925991058349609375" lon="-0.3081876598298549652099609375">
        <ele>6.599999904632568359375</ele>
        <time>2019-11-02T10:26:30.000Z</time>
        <extensions>
          <ns3:TrackPointExtension>
            <ns3:hr>150</ns3:hr>
            <ns3:cad>98</ns3:cad>
          </ns3:TrackPointExtension>
        </extensions>
      </trkpt>
      <trkpt lat="51.44774456508457660675048828125" lon="-0.307885743677616119384765625">
        <ele>7.19999980926513671875</ele>
        <time>2019-11-02T10:26:36.000Z</time>
        <extensions>
          <ns3:TrackPointExtension>
            <ns3:hr>151</ns3:hr>
            <ns3:cad>98</ns3:cad>
          </ns3:TrackPointExtension>
        </extensions>
      </trkpt>
      <trkpt lat="51.44784741103649139404296875" lon="-0.307587683200836181640625">
        <ele>7.599999904632568359375</ele>
        <time>2019-11-02T10:26:42.000Z</time>
        <extensions>
          <ns3:TrackPointExtension>
            <ns3:hr>152</ns3:hr>
            <ns3:cad>97</ns3:cad>
          </ns3:TrackPointExtension>
        </extensions>
      </trkpt>
      <trkpt lat="51.4479632489383220672607421875" lon="-0.30730177648365497589111328125">
        <ele>7.400000095367431640625</ele>
        <time>2019-11-02T10:26:48.000Z</time>
        <extensions>
          <ns3:TrackPointExtension>
            <ns3:hr>152</ns3:hr>
            <ns3:cad>98</ns3:cad>
          </ns3:TrackPointExtension>
        </extensions>
      </trkpt>
      <trkpt lat="51.44807212986052036285400390625" lon="-0.3070579469203948974609375">
        <ele>7.19999980926513671875</ele>
        <time>2019-11-02T10:26:53.000Z</time>
        <extensions>
          <ns3:TrackPointExtension>
            <ns3:hr>152</ns3:hr>
            <ns3:cad>97</ns3:cad>
          </ns3:TrackPointExtension>
        </extensions>
      </trkpt>
      <trkpt lat="51.448094509541988372802734375" lon="-0.30700899660587310791015625">
        <ele>7.400000095367431640625</ele>
        <time>2019-11-02T10:26:54.000Z</time>
        <extensions>
          <ns3:TrackPointExtension>
            <ns3:hr>152</ns3:hr>
            <ns3:cad>97</ns3:cad>
          </ns3:TrackPointExtension>
        </extensions>
      </trkpt>
      <trkpt lat="51.448204815387725830078125" lon="-0.30673365108668804168701171875">
        <ele>7.400000095367431640625</ele>
        <time>2019-11-02T10:27:00.000Z</time>
        <extensions>
          <ns3:TrackPointExtension>
            <ns3:hr>152</ns3:hr>
            <ns3:cad>98</ns3:cad>
          </ns3:TrackPointExtension>
        </extensions>
      </trkpt>
      <trkpt lat="51.44830380566418170928955078125" lon="-0.30644715763628482818603515625">
        <ele>7.80000019073486328125</ele>
        <time>2019-11-02T10:27:06.000Z</time>
        <extensions>
          <ns3:TrackPointExtension>
            <ns3:hr>152</ns3:hr>
            <ns3:cad>97</ns3:cad>
          </ns3:TrackPointExtension>
        </extensions>
      </trkpt>
      <trkpt lat="51.44838678650557994842529296875" lon="-0.30614197254180908203125">
        <ele>8</ele>
        <time>2019-11-02T10:27:12.000Z</time>
        <extensions>
          <ns3:TrackPointExtension>
            <ns3:hr>151</ns3:hr>
            <ns3:cad>97</ns3:cad>
          </ns3:TrackPointExtension>
        </extensions>
      </trkpt>
      <trkpt lat="51.4484879560768604278564453125" lon="-0.30589344911277294158935546875">
        <ele>7.19999980926513671875</ele>
        <time>2019-11-02T10:27:17.000Z</time>
        <extensions>
          <ns3:TrackPointExtension>
            <ns3:hr>151</ns3:hr>
            <ns3:cad>98</ns3:cad>
          </ns3:TrackPointExtension>
        </extensions>
      </trkpt>
      <trkpt lat="51.44863857887685298919677734375" lon="-0.30568943358957767486572265625">
        <ele>5.599999904632568359375</ele>
        <time>2019-11-02T10:27:22.000Z</time>
        <extensions>
          <ns3:TrackPointExtension>
            <ns3:hr>149</ns3:hr>
            <ns3:cad>97</ns3:cad>
          </ns3:TrackPointExtension>
        </extensions>
      </trkpt>
      <trkpt lat="51.44880102016031742095947265625" lon="-0.305508635938167572021484375">
        <ele>4.599999904632568359375</ele>
        <time>2019-11-02T10:27:27.000Z</time>
        <extensions>
          <ns3:TrackPointExtension>
            <ns3:hr>150</ns3:hr>
            <ns3:cad>98</ns3:cad>
          </ns3:TrackPointExtension>
        </extensions>
      </trkpt>
      <trkpt lat="51.448939740657806396484375" lon="-0.3053233958780765533447265625">
        <ele>3.599999904632568359375</ele>
        <time>2019-11-02T10:27:32.000Z</time>
        <extensions>
          <ns3:TrackPointExtension>
            <ns3:hr>153</ns3:hr>
            <ns3:cad>95</ns3:cad>
          </ns3:TrackPointExtension>
        </extensions>
      </trkpt>
      <trkpt lat="51.449109725654125213623046875" lon="-0.30513891018927097320556640625">
        <ele>3.2000000476837158203125</ele>
        <time>2019-11-02T10:27:37.000Z</time>
        <extensions>
          <ns3:TrackPointExtension>
            <ns3:hr>151</ns3:hr>
            <ns3:cad>97</ns3:cad>
          </ns3:TrackPointExtension>
        </extensions>
      </trkpt>
      <trkpt lat="51.44925967790186405181884765625" lon="-0.304948389530181884765625">
        <ele>2.7999999523162841796875</ele>
        <time>2019-11-02T10:27:42.000Z</time>
        <extensions>
          <ns3:TrackPointExtension>
            <ns3:hr>150</ns3:hr>
            <ns3:cad>98</ns3:cad>
          </ns3:TrackPointExtension>
        </extensions>
      </trkpt>
      <trkpt lat="51.44940569065511226654052734375" lon="-0.30477211810648441314697265625">
        <ele>2.599999904632568359375</ele>
        <time>2019-11-02T10:27:47.000Z</time>
        <extensions>
          <ns3:TrackPointExtension>
            <ns3:hr>151</ns3:hr>
            <ns3:cad>98</ns3:cad>
          </ns3:TrackPointExtension>
        </extensions>
      </trkpt>
      <trkpt lat="51.4495499432086944580078125" lon="-0.30459190718829631805419921875">
        <ele>2.400000095367431640625</ele>
        <time>2019-11-02T10:27:52.000Z</time>
        <extensions>
          <ns3:TrackPointExtension>
            <ns3:hr>153</ns3:hr>
            <ns3:cad>99</ns3:cad>
          </ns3:TrackPointExtension>
        </extensions>
      </trkpt>
      <trkpt lat="51.44969285465776920318603515625" lon="-0.30440700240433216094970703125">
        <ele>2</ele>
        <time>2019-11-02T10:27:57.000Z</time>
        <extensions>
          <ns3:TrackPointExtension>
            <ns3:hr>154</ns3:hr>
            <ns3:cad>98</ns3:cad>
          </ns3:TrackPointExtension>
        </extensions>
      </trkpt>
      <trkpt lat="51.44985848106443881988525390625" lon="-0.304209105670452117919921875">
        <ele>1.39999997615814208984375</ele>
        <time>2019-11-02T10:28:03.000Z</time>
        <extensions>
          <ns3:TrackPointExtension>
            <ns3:hr>153</ns3:hr>
            <ns3:cad>98</ns3:cad>
          </ns3:TrackPointExtension>
        </extensions>
      </trkpt>
      <trkpt lat="51.45001807250082492828369140625" lon="-0.304035432636737823486328125">
        <ele>1.2000000476837158203125</ele>
        <time>2019-11-02T10:28:08.000Z</time>
        <extensions>
          <ns3:TrackPointExtension>
            <ns3:hr>152</ns3:hr>
            <ns3:cad>97</ns3:cad>
          </ns3:TrackPointExtension>
        </extensions>
      </trkpt>
      <trkpt lat="51.45019006915390491485595703125" lon="-0.30383518896996974945068359375">
        <ele>1.2000000476837158203125</ele>
        <time>2019-11-02T10:28:14.000Z</time>
        <extensions>
          <ns3:TrackPointExtension>
            <ns3:hr>151</ns3:hr>
            <ns3:cad>98</ns3:cad>
          </ns3:TrackPointExtension>
        </extensions>
      </trkpt>
      <trkpt lat="51.4503688551485538482666015625" lon="-0.30366285704076290130615234375">
        <ele>1.2000000476837158203125</ele>
        <time>2019-11-02T10:28:20.000Z</time>
        <extensions>
          <ns3:TrackPointExtension>
            <ns3:hr>151</ns3:hr>
            <ns3:cad>98</ns3:cad>
          </ns3:TrackPointExtension>
        </extensions>
      </trkpt>
      <trkpt lat="51.45053406246006488800048828125" lon="-0.3035212866961956024169921875">
        <ele>1.2000000476837158203125</ele>
        <time>2019-11-02T10:28:25.000Z</time>
        <extensions>
          <ns3:TrackPointExtension>
            <ns3:hr>151</ns3:hr>
            <ns3:cad>98</ns3:cad>
          </ns3:TrackPointExtension>
        </extensions>
      </trkpt>
      <trkpt lat="51.4506940729916095733642578125" lon="-0.303379632532596588134765625">
        <ele>2.2000000476837158203125</ele>
        <time>2019-11-02T10:28:30.000Z</time>
        <extensions>
          <ns3:TrackPointExtension>
            <ns3:hr>152</ns3:hr>
            <ns3:cad>99</ns3:cad>
          </ns3:TrackPointExtension>
        </extensions>
      </trkpt>
      <trkpt lat="51.4508593641221523284912109375" lon="-0.303238146007061004638671875">
        <ele>3.2000000476837158203125</ele>
        <time>2019-11-02T10:28:35.000Z</time>
        <extensions>
          <ns3:TrackPointExtension>
            <ns3:hr>152</ns3:hr>
            <ns3:cad>99</ns3:cad>
          </ns3:TrackPointExtension>
        </extensions>
      </trkpt>
      <trkpt lat="51.4510233141481876373291015625" lon="-0.30309590511023998260498046875">
        <ele>3.599999904632568359375</ele>
        <time>2019-11-02T10:28:40.000Z</time>
        <extensions>
          <ns3:TrackPointExtension>
            <ns3:hr>153</ns3:hr>
            <ns3:cad>98</ns3:cad>
          </ns3:TrackPointExtension>
        </extensions>
      </trkpt>
      <trkpt lat="51.45118030719459056854248046875" lon="-0.302930362522602081298828125">
        <ele>4.19999980926513671875</ele>
        <time>2019-11-02T10:28:45.000Z</time>
        <extensions>
          <ns3:TrackPointExtension>
            <ns3:hr>151</ns3:hr>
            <ns3:cad>98</ns3:cad>
          </ns3:TrackPointExtension>
        </extensions>
      </trkpt>
      <trkpt lat="51.4513287506997585296630859375" lon="-0.30276699922978878021240234375">
        <ele>4.80000019073486328125</ele>
        <time>2019-11-02T10:28:50.000Z</time>
        <extensions>
          <ns3:TrackPointExtension>
            <ns3:hr>154</ns3:hr>
            <ns3:cad>98</ns3:cad>
          </ns3:TrackPointExtension>
        </extensions>
      </trkpt>
      <trkpt lat="51.45146361552178859710693359375" lon="-0.30255946330726146697998046875">
        <ele>6.599999904632568359375</ele>
        <time>2019-11-02T10:28:56.000Z</time>
        <extensions>
          <ns3:TrackPointExtension>
            <ns3:hr>155</ns3:hr>
            <ns3:cad>98</ns3:cad>
          </ns3:TrackPointExtension>
        </extensions>
      </trkpt>
      <trkpt lat="51.4515535533428192138671875" lon="-0.30227716080844402313232421875">
        <ele>8.6000003814697265625</ele>
        <time>2019-11-02T10:29:02.000Z</time>
        <extensions>
          <ns3:TrackPointExtension>
            <ns3:hr>152</ns3:hr>
            <ns3:cad>98</ns3:cad>
          </ns3:TrackPointExtension>
        </extensions>
      </trkpt>
      <trkpt lat="51.4516549743711948394775390625" lon="-0.30202142894268035888671875">
        <ele>10</ele>
        <time>2019-11-02T10:29:08.000Z</time>
        <extensions>
          <ns3:TrackPointExtension>
            <ns3:hr>151</ns3:hr>
            <ns3:cad>97</ns3:cad>
          </ns3:TrackPointExtension>
        </extensions>
      </trkpt>
      <trkpt lat="51.45167970098555088043212890625" lon="-0.30200424604117870330810546875">
        <ele>10.19999980926513671875</ele>
        <time>2019-11-02T10:29:09.000Z</time>
        <extensions>
          <ns3:TrackPointExtension>
            <ns3:hr>152</ns3:hr>
            <ns3:cad>97</ns3:cad>
          </ns3:TrackPointExtension>
        </extensions>
      </trkpt>
      <trkpt lat="51.45186527632176876068115234375" lon="-0.3019414655864238739013671875">
        <ele>12.19999980926513671875</ele>
        <time>2019-11-02T10:29:15.000Z</time>
        <extensions>
          <ns3:TrackPointExtension>
            <ns3:hr>153</ns3:hr>
            <ns3:cad>98</ns3:cad>
          </ns3:TrackPointExtension>
        </extensions>
      </trkpt>
      <trkpt lat="51.45207515917718410491943359375" lon="-0.30198949389159679412841796875">
        <ele>13</ele>
        <time>2019-11-02T10:29:21.000Z</time>
        <extensions>
          <ns3:TrackPointExtension>
            <ns3:hr>154</ns3:hr>
            <ns3:cad>97</ns3:cad>
          </ns3:TrackPointExtension>
        </extensions>
      </trkpt>
      <trkpt lat="51.452253274619579315185546875" lon="-0.3021178208291530609130859375">
        <ele>12.80000019073486328125</ele>
        <time>2019-11-02T10:29:26.000Z</time>
        <extensions>
          <ns3:TrackPointExtension>
            <ns3:hr>153</ns3:hr>
            <ns3:cad>98</ns3:cad>
          </ns3:TrackPointExtension>
        </extensions>
      </trkpt>
      <trkpt lat="51.4524619840085506439208984375" lon="-0.302253775298595428466796875">
        <ele>9</ele>
        <time>2019-11-02T10:29:31.000Z</time>
        <extensions>
          <ns3:TrackPointExtension>
            <ns3:hr>152</ns3:hr>
            <ns3:cad>99</ns3:cad>
          </ns3:TrackPointExtension>
        </extensions>
      </trkpt>
      <trkpt lat="51.45266658626496791839599609375" lon="-0.30235930345952510833740234375">
        <ele>9.19999980926513671875</ele>
        <time>2019-11-02T10:29:36.000Z</time>
        <extensions>
          <ns3:TrackPointExtension>
            <ns3:hr>152</ns3:hr>
            <ns3:cad>99</ns3:cad>
          </ns3:TrackPointExtension>
        </extensions>
      </trkpt>
      <trkpt lat="51.4528683386743068695068359375" lon="-0.30241814441978931427001953125">
        <ele>9.19999980926513671875</ele>
        <time>2019-11-02T10:29:41.000Z</time>
        <extensions>
          <ns3:TrackPointExtension>
            <ns3:hr>152</ns3:hr>
            <ns3:cad>99</ns3:cad>
          </ns3:TrackPointExtension>
        </extensions>
      </trkpt>
      <trkpt lat="51.45304955542087554931640625" lon="-0.3025151230394840240478515625">
        <ele>8.80000019073486328125</ele>
        <time>2019-11-02T10:29:46.000Z</time>
        <extensions>
          <ns3:TrackPointExtension>
            <ns3:hr>150</ns3:hr>
            <ns3:cad>99</ns3:cad>
          </ns3:TrackPointExtension>
        </extensions>
      </trkpt>
      <trkpt lat="51.45325516350567340850830078125" lon="-0.30258829705417156219482421875">
        <ele>8.19999980926513671875</ele>
        <time>2019-11-02T10:29:52.000Z</time>
        <extensions>
          <ns3:TrackPointExtension>
            <ns3:hr>150</ns3:hr>
            <ns3:cad>98</ns3:cad>
          </ns3:TrackPointExtension>
        </extensions>
      </trkpt>
      <trkpt lat="51.45343445241451263427734375" lon="-0.30275777913630008697509765625">
        <ele>7</ele>
        <time>2019-11-02T10:29:58.000Z</time>
        <extensions>
          <ns3:TrackPointExtension>
            <ns3:hr>152</ns3:hr>
            <ns3:cad>98</ns3:cad>
          </ns3:TrackPointExtension>
        </extensions>
      </trkpt>
      <trkpt lat="51.45362078212201595306396484375" lon="-0.30293874442577362060546875">
        <ele>7</ele>
        <time>2019-11-02T10:30:03.000Z</time>
        <extensions>
          <ns3:TrackPointExtension>
            <ns3:hr>152</ns3:hr>
            <ns3:cad>102</ns3:cad>
          </ns3:TrackPointExtension>
        </extensions>
      </trkpt>
      <trkpt lat="51.453810632228851318359375" lon="-0.30305651016533374786376953125">
        <ele>7</ele>
        <time>2019-11-02T10:30:08.000Z</time>
        <extensions>
          <ns3:TrackPointExtension>
            <ns3:hr>153</ns3:hr>
            <ns3:cad>100</ns3:cad>
          </ns3:TrackPointExtension>
        </extensions>
      </trkpt>
      <trkpt lat="51.45392018370330333709716796875" lon="-0.30311618931591510772705078125">
        <ele>7.400000095367431640625</ele>
        <time>2019-11-02T10:30:11.000Z</time>
        <extensions>
          <ns3:TrackPointExtension>
            <ns3:hr>152</ns3:hr>
            <ns3:cad>99</ns3:cad>
          </ns3:TrackPointExtension>
        </extensions>
      </trkpt>
      <trkpt lat="51.4540890790522098541259765625" lon="-0.30325792729854583740234375">
        <ele>8.6000003814697265625</ele>
        <time>2019-11-02T10:30:16.000Z</time>
        <extensions>
          <ns3:TrackPointExtension>
            <ns3:hr>152</ns3:hr>
            <ns3:cad>99</ns3:cad>
          </ns3:TrackPointExtension>
        </extensions>
      </trkpt>
      <trkpt lat="51.4542583934962749481201171875" lon="-0.3033606894314289093017578125">
        <ele>9.3999996185302734375</ele>
        <time>2019-11-02T10:30:21.000Z</time>
        <extensions>
          <ns3:TrackPointExtension>
            <ns3:hr>151</ns3:hr>
            <ns3:cad>98</ns3:cad>
          </ns3:TrackPointExtension>
        </extensions>
      </trkpt>
      <trkpt lat="51.454433239996433258056640625" lon="-0.30345682986080646514892578125">
        <ele>10.3999996185302734375</ele>
        <time>2019-11-02T10:30:26.000Z</time>
        <extensions>
          <ns3:TrackPointExtension>
            <ns3:hr>150</ns3:hr>
            <ns3:cad>100</ns3:cad>
          </ns3:TrackPointExtension>
        </extensions>
      </trkpt>
      <trkpt lat="51.4546124450862407684326171875" lon="-0.303562022745609283447265625">
        <ele>10</ele>
        <time>2019-11-02T10:30:31.000Z</time>
        <extensions>
          <ns3:TrackPointExtension>
            <ns3:hr>151</ns3:hr>
            <ns3:cad>99</ns3:cad>
          </ns3:TrackPointExtension>
        </extensions>
      </trkpt>
      <trkpt lat="51.45478972233831882476806640625" lon="-0.30367660336196422576904296875">
        <ele>9.6000003814697265625</ele>
        <time>2019-11-02T10:30:36.000Z</time>
        <extensions>
          <ns3:TrackPointExtension>
            <ns3:hr>151</ns3:hr>
            <ns3:cad>99</ns3:cad>
          </ns3:TrackPointExtension>
        </extensions>
      </trkpt>
      <trkpt lat="51.45496289245784282684326171875" lon="-0.3037824667990207672119140625">
        <ele>9.19999980926513671875</ele>
        <time>2019-11-02T10:30:41.000Z</time>
        <extensions>
          <ns3:TrackPointExtension>
            <ns3:hr>151</ns3:hr>
            <ns3:cad>100</ns3:cad>
          </ns3:TrackPointExtension>
        </extensions>
      </trkpt>
      <trkpt lat="51.45514972507953643798828125" lon="-0.30393476597964763641357421875">
        <ele>8</ele>
        <time>2019-11-02T10:30:47.000Z</time>
        <extensions>
          <ns3:TrackPointExtension>
            <ns3:hr>151</ns3:hr>
            <ns3:cad>99</ns3:cad>
          </ns3:TrackPointExtension>
        </extensions>
      </trkpt>
      <trkpt lat="51.4553550817072391510009765625" lon="-0.3040587343275547027587890625">
        <ele>8.3999996185302734375</ele>
        <time>2019-11-02T10:30:53.000Z</time>
        <extensions>
          <ns3:TrackPointExtension>
            <ns3:hr>151</ns3:hr>
            <ns3:cad>99</ns3:cad>
          </ns3:TrackPointExtension>
        </extensions>
      </trkpt>
      <trkpt lat="51.45553621463477611541748046875" lon="-0.3041663579642772674560546875">
        <ele>8.19999980926513671875</ele>
        <time>2019-11-02T10:30:58.000Z</time>
        <extensions>
          <ns3:TrackPointExtension>
            <ns3:hr>154</ns3:hr>
            <ns3:cad>99</ns3:cad>
          </ns3:TrackPointExtension>
        </extensions>
      </trkpt>
      <trkpt lat="51.45572044886648654937744140625" lon="-0.30433977954089641571044921875">
        <ele>9.19999980926513671875</ele>
        <time>2019-11-02T10:31:04.000Z</time>
        <extensions>
          <ns3:TrackPointExtension>
            <ns3:hr>155</ns3:hr>
            <ns3:cad>98</ns3:cad>
          </ns3:TrackPointExtension>
        </extensions>
      </trkpt>
      <trkpt lat="51.45589261315762996673583984375" lon="-0.304461903870105743408203125">
        <ele>9.6000003814697265625</ele>
        <time>2019-11-02T10:31:09.000Z</time>
        <extensions>
          <ns3:TrackPointExtension>
            <ns3:hr>152</ns3:hr>
            <ns3:cad>99</ns3:cad>
          </ns3:TrackPointExtension>
        </extensions>
      </trkpt>
      <trkpt lat="51.45606033504009246826171875" lon="-0.3045908175408840179443359375">
        <ele>8.80000019073486328125</ele>
        <time>2019-11-02T10:31:14.000Z</time>
        <extensions>
          <ns3:TrackPointExtension>
            <ns3:hr>152</ns3:hr>
            <ns3:cad>99</ns3:cad>
          </ns3:TrackPointExtension>
        </extensions>
      </trkpt>
      <trkpt lat="51.45620861090719699859619140625" lon="-0.3047564439475536346435546875">
        <ele>8.3999996185302734375</ele>
        <time>2019-11-02T10:31:19.000Z</time>
        <extensions>
          <ns3:TrackPointExtension>
            <ns3:hr>153</ns3:hr>
            <ns3:cad>97</ns3:cad>
          </ns3:TrackPointExtension>
        </extensions>
      </trkpt>
      <trkpt lat="51.45635395310819149017333984375" lon="-0.3049304522573947906494140625">
        <ele>6.400000095367431640625</ele>
        <time>2019-11-02T10:31:24.000Z</time>
        <extensions>
          <ns3:TrackPointExtension>
            <ns3:hr>152</ns3:hr>
            <ns3:cad>98</ns3:cad>
          </ns3:TrackPointExtension>
        </extensions>
      </trkpt>
      <trkpt lat="51.456514298915863037109375" lon="-0.3050984255969524383544921875">
        <ele>7</ele>
        <time>2019-11-02T10:31:29.000Z</time>
        <extensions>
          <ns3:TrackPointExtension>
            <ns3:hr>150</ns3:hr>
            <ns3:cad>98</ns3:cad>
          </ns3:TrackPointExtension>
        </extensions>
      </trkpt>
      <trkpt lat="51.4566738903522491455078125" lon="-0.3052526526153087615966796875">
        <ele>6.19999980926513671875</ele>
        <time>2019-11-02T10:31:34.000Z</time>
        <extensions>
          <ns3:TrackPointExtension>
            <ns3:hr>149</ns3:hr>
            <ns3:cad>99</ns3:cad>
          </ns3:TrackPointExtension>
        </extensions>
      </trkpt>
      <trkpt lat="51.4568242616951465606689453125" lon="-0.3054135851562023162841796875">
        <ele>8.3999996185302734375</ele>
        <time>2019-11-02T10:31:39.000Z</time>
        <extensions>
          <ns3:TrackPointExtension>
            <ns3:hr>151</ns3:hr>
            <ns3:cad>98</ns3:cad>
          </ns3:TrackPointExtension>
        </extensions>
      </trkpt>
      <trkpt lat="51.45698024891316890716552734375" lon="-0.30559823848307132720947265625">
        <ele>10.80000019073486328125</ele>
        <time>2019-11-02T10:31:44.000Z</time>
        <extensions>
          <ns3:TrackPointExtension>
            <ns3:hr>151</ns3:hr>
            <ns3:cad>99</ns3:cad>
          </ns3:TrackPointExtension>
        </extensions>
      </trkpt>
      <trkpt lat="51.457124166190624237060546875" lon="-0.30579269863665103912353515625">
        <ele>14.19999980926513671875</ele>
        <time>2019-11-02T10:31:49.000Z</time>
        <extensions>
          <ns3:TrackPointExtension>
            <ns3:hr>151</ns3:hr>
            <ns3:cad>99</ns3:cad>
          </ns3:TrackPointExtension>
        </extensions>
      </trkpt>
      <trkpt lat="51.4572668261826038360595703125" lon="-0.30598439276218414306640625">
        <ele>16.3999996185302734375</ele>
        <time>2019-11-02T10:31:54.000Z</time>
        <extensions>
          <ns3:TrackPointExtension>
            <ns3:hr>153</ns3:hr>
            <ns3:cad>98</ns3:cad>
          </ns3:TrackPointExtension>
        </extensions>
      </trkpt>
      <trkpt lat="51.45741342566907405853271484375" lon="-0.30616418458521366119384765625">
        <ele>14.80000019073486328125</ele>
        <time>2019-11-02T10:31:59.000Z</time>
        <extensions>
          <ns3:TrackPointExtension>
            <ns3:hr>155</ns3:hr>
            <ns3:cad>98</ns3:cad>
          </ns3:TrackPointExtension>
        </extensions>
      </trkpt>
      <trkpt lat="51.45755860023200511932373046875" lon="-0.3063466586172580718994140625">
        <ele>11.6000003814697265625</ele>
        <time>2019-11-02T10:32:04.000Z</time>
        <extensions>
          <ns3:TrackPointExtension>
            <ns3:hr>153</ns3:hr>
            <ns3:cad>99</ns3:cad>
          </ns3:TrackPointExtension>
        </extensions>
      </trkpt>
      <trkpt lat="51.45774099044501781463623046875" lon="-0.306529216468334197998046875">
        <ele>8.19999980926513671875</ele>
        <time>2019-11-02T10:32:10.000Z</time>
        <extensions>
          <ns3:TrackPointExtension>
            <ns3:hr>153</ns3:hr>
            <ns3:cad>99</ns3:cad>
          </ns3:TrackPointExtension>
        </extensions>
      </trkpt>
      <trkpt lat="51.4578984864056110382080078125" lon="-0.3067080862820148468017578125">
        <ele>7.80000019073486328125</ele>
        <time>2019-11-02T10:32:15.000Z</time>
        <extensions>
          <ns3:TrackPointExtension>
            <ns3:hr>154</ns3:hr>
            <ns3:cad>98</ns3:cad>
          </ns3:TrackPointExtension>
        </extensions>
      </trkpt>
      <trkpt lat="51.45806662738323211669921875" lon="-0.306926853954792022705078125">
        <ele>7.19999980926513671875</ele>
        <time>2019-11-02T10:32:21.000Z</time>
        <extensions>
          <ns3:TrackPointExtension>
            <ns3:hr>154</ns3:hr>
            <ns3:cad>99</ns3:cad>
          </ns3:TrackPointExtension>
        </extensions>
      </trkpt>
      <trkpt lat="51.45820601843297481536865234375" lon="-0.30712475068867206573486328125">
        <ele>7.599999904632568359375</ele>
        <time>2019-11-02T10:32:26.000Z</time>
        <extensions>
          <ns3:TrackPointExtension>
            <ns3:hr>152</ns3:hr>
            <ns3:cad>98</ns3:cad>
          </ns3:TrackPointExtension>
        </extensions>
      </trkpt>
      <trkpt lat="51.45834515802562236785888671875" lon="-0.3073303587734699249267578125">
        <ele>8.19999980926513671875</ele>
        <time>2019-11-02T10:32:31.000Z</time>
        <extensions>
          <ns3:TrackPointExtension>
            <ns3:hr>152</ns3:hr>
            <ns3:cad>99</ns3:cad>
          </ns3:TrackPointExtension>
        </extensions>
      </trkpt>
      <trkpt lat="51.4584909193217754364013671875" lon="-0.307523310184478759765625">
        <ele>8.3999996185302734375</ele>
        <time>2019-11-02T10:32:36.000Z</time>
        <extensions>
          <ns3:TrackPointExtension>
            <ns3:hr>151</ns3:hr>
            <ns3:cad>99</ns3:cad>
          </ns3:TrackPointExtension>
        </extensions>
      </trkpt>
      <trkpt lat="51.458628214895725250244140625" lon="-0.30771668069064617156982421875">
        <ele>8</ele>
        <time>2019-11-02T10:32:41.000Z</time>
        <extensions>
          <ns3:TrackPointExtension>
            <ns3:hr>151</ns3:hr>
            <ns3:cad>99</ns3:cad>
          </ns3:TrackPointExtension>
        </extensions>
      </trkpt>
      <trkpt lat="51.45876257680356502532958984375" lon="-0.30792991630733013153076171875">
        <ele>6.599999904632568359375</ele>
        <time>2019-11-02T10:32:46.000Z</time>
        <extensions>
          <ns3:TrackPointExtension>
            <ns3:hr>151</ns3:hr>
            <ns3:cad>99</ns3:cad>
          </ns3:TrackPointExtension>
        </extensions>
      </trkpt>
      <trkpt lat="51.45890456624329090118408203125" lon="-0.308166705071926116943359375">
        <ele>5.599999904632568359375</ele>
        <time>2019-11-02T10:32:52.000Z</time>
        <extensions>
          <ns3:TrackPointExtension>
            <ns3:hr>149</ns3:hr>
            <ns3:cad>98</ns3:cad>
          </ns3:TrackPointExtension>
        </extensions>
      </trkpt>
      <trkpt lat="51.4588893949985504150390625" lon="-0.30845730565488338470458984375">
        <ele>4.400000095367431640625</ele>
        <time>2019-11-02T10:32:57.000Z</time>
        <extensions>
          <ns3:TrackPointExtension>
            <ns3:hr>148</ns3:hr>
            <ns3:cad>99</ns3:cad>
          </ns3:TrackPointExtension>
        </extensions>
      </trkpt>
      <trkpt lat="51.45895670168101787567138671875" lon="-0.3087262809276580810546875">
        <ele>5.19999980926513671875</ele>
        <time>2019-11-02T10:33:02.000Z</time>
        <extensions>
          <ns3:TrackPointExtension>
            <ns3:hr>149</ns3:hr>
            <ns3:cad>100</ns3:cad>
          </ns3:TrackPointExtension>
        </extensions>
      </trkpt>
      <trkpt lat="51.45907874219119548797607421875" lon="-0.30899240635335445404052734375">
        <ele>6</ele>
        <time>2019-11-02T10:33:07.000Z</time>
        <extensions>
          <ns3:TrackPointExtension>
            <ns3:hr>149</ns3:hr>
            <ns3:cad>100</ns3:cad>
          </ns3:TrackPointExtension>
        </extensions>
      </trkpt>
      <trkpt lat="51.459186114370822906494140625" lon="-0.309240259230136871337890625">
        <ele>6.599999904632568359375</ele>
        <time>2019-11-02T10:33:12.000Z</time>
        <extensions>
          <ns3:TrackPointExtension>
            <ns3:hr>150</ns3:hr>
            <ns3:cad>100</ns3:cad>
          </ns3:TrackPointExtension>
        </extensions>
      </trkpt>
      <trkpt lat="51.45926934666931629180908203125" lon="-0.30949934385716915130615234375">
        <ele>7.400000095367431640625</ele>
        <time>2019-11-02T10:33:17.000Z</time>
        <extensions>
          <ns3:TrackPointExtension>
            <ns3:hr>150</ns3:hr>
            <ns3:cad>99</ns3:cad>
          </ns3:TrackPointExtension>
        </extensions>
      </trkpt>
      <trkpt lat="51.4593599550426006317138671875" lon="-0.3097631223499774932861328125">
        <ele>8</ele>
        <time>2019-11-02T10:33:22.000Z</time>
        <extensions>
          <ns3:TrackPointExtension>
            <ns3:hr>151</ns3:hr>
            <ns3:cad>100</ns3:cad>
          </ns3:TrackPointExtension>
        </extensions>
      </trkpt>
      <trkpt lat="51.45941049791872501373291015625" lon="-0.30992145650088787078857421875">
        <ele>8</ele>
        <time>2019-11-02T10:33:25.000Z</time>
        <extensions>
          <ns3:TrackPointExtension>
            <ns3:hr>151</ns3:hr>
            <ns3:cad>100</ns3:cad>
          </ns3:TrackPointExtension>
        </extensions>
      </trkpt>
      <trkpt lat="51.459491886198520660400390625" lon="-0.31019252724945545196533203125">
        <ele>8</ele>
        <time>2019-11-02T10:33:30.000Z</time>
        <extensions>
          <ns3:TrackPointExtension>
            <ns3:hr>151</ns3:hr>
            <ns3:cad>99</ns3:cad>
          </ns3:TrackPointExtension>
        </extensions>
      </trkpt>
      <trkpt lat="51.45957998000085353851318359375" lon="-0.31044901348650455474853515625">
        <ele>7.19999980926513671875</ele>
        <time>2019-11-02T10:33:35.000Z</time>
        <extensions>
          <ns3:TrackPointExtension>
            <ns3:hr>151</ns3:hr>
            <ns3:cad>100</ns3:cad>
          </ns3:TrackPointExtension>
        </extensions>
      </trkpt>
      <trkpt lat="51.4596878550946712493896484375" lon="-0.3107464872300624847412109375">
        <ele>5.19999980926513671875</ele>
        <time>2019-11-02T10:33:41.000Z</time>
        <extensions>
          <ns3:TrackPointExtension>
            <ns3:hr>151</ns3:hr>
            <ns3:cad>99</ns3:cad>
          </ns3:TrackPointExtension>
        </extensions>
      </trkpt>
      <trkpt lat="51.459772847592830657958984375" lon="-0.31101328320801258087158203125">
        <ele>5.599999904632568359375</ele>
        <time>2019-11-02T10:33:46.000Z</time>
        <extensions>
          <ns3:TrackPointExtension>
            <ns3:hr>153</ns3:hr>
            <ns3:cad>99</ns3:cad>
          </ns3:TrackPointExtension>
        </extensions>
      </trkpt>
      <trkpt lat="51.4598608575761318206787109375" lon="-0.31126775778830051422119140625">
        <ele>6</ele>
        <time>2019-11-02T10:33:51.000Z</time>
        <extensions>
          <ns3:TrackPointExtension>
            <ns3:hr>152</ns3:hr>
            <ns3:cad>100</ns3:cad>
          </ns3:TrackPointExtension>
        </extensions>
      </trkpt>
      <trkpt lat="51.45995263941586017608642578125" lon="-0.31152944080531597137451171875">
        <ele>7.400000095367431640625</ele>
        <time>2019-11-02T10:33:56.000Z</time>
        <extensions>
          <ns3:TrackPointExtension>
            <ns3:hr>152</ns3:hr>
            <ns3:cad>99</ns3:cad>
          </ns3:TrackPointExtension>
        </extensions>
      </trkpt>
      <trkpt lat="51.460038386285305023193359375" lon="-0.31178777106106281280517578125">
        <ele>9</ele>
        <time>2019-11-02T10:34:01.000Z</time>
        <extensions>
          <ns3:TrackPointExtension>
            <ns3:hr>151</ns3:hr>
            <ns3:cad>99</ns3:cad>
          </ns3:TrackPointExtension>
        </extensions>
      </trkpt>
      <trkpt lat="51.460126228630542755126953125" lon="-0.312055237591266632080078125">
        <ele>8.80000019073486328125</ele>
        <time>2019-11-02T10:34:06.000Z</time>
        <extensions>
          <ns3:TrackPointExtension>
            <ns3:hr>151</ns3:hr>
            <ns3:cad>98</ns3:cad>
          </ns3:TrackPointExtension>
        </extensions>
      </trkpt>
      <trkpt lat="51.460205018520355224609375" lon="-0.31232647597789764404296875">
        <ele>8.80000019073486328125</ele>
        <time>2019-11-02T10:34:11.000Z</time>
        <extensions>
          <ns3:TrackPointExtension>
            <ns3:hr>151</ns3:hr>
            <ns3:cad>99</ns3:cad>
          </ns3:TrackPointExtension>
        </extensions>
      </trkpt>
      <trkpt lat="51.46028690971434116363525390625" lon="-0.31259327195584774017333984375">
        <ele>9</ele>
        <time>2019-11-02T10:34:16.000Z</time>
        <extensions>
          <ns3:TrackPointExtension>
            <ns3:hr>150</ns3:hr>
            <ns3:cad>98</ns3:cad>
          </ns3:TrackPointExtension>
        </extensions>
      </trkpt>
      <trkpt lat="51.46038271486759185791015625" lon="-0.31285210512578487396240234375">
        <ele>7</ele>
        <time>2019-11-02T10:34:21.000Z</time>
        <extensions>
          <ns3:TrackPointExtension>
            <ns3:hr>150</ns3:hr>
            <ns3:cad>98</ns3:cad>
          </ns3:TrackPointExtension>
        </extensions>
      </trkpt>
      <trkpt lat="51.4605040848255157470703125" lon="-0.3130964376032352447509765625">
        <ele>6.599999904632568359375</ele>
        <time>2019-11-02T10:34:27.000Z</time>
        <extensions>
          <ns3:TrackPointExtension>
            <ns3:hr>152</ns3:hr>
            <ns3:cad>97</ns3:cad>
          </ns3:TrackPointExtension>
        </extensions>
      </trkpt>
      <trkpt lat="51.46060475148260593414306640625" lon="-0.31337119638919830322265625">
        <ele>6.400000095367431640625</ele>
        <time>2019-11-02T10:34:33.000Z</time>
        <extensions>
          <ns3:TrackPointExtension>
            <ns3:hr>152</ns3:hr>
            <ns3:cad>98</ns3:cad>
          </ns3:TrackPointExtension>
        </extensions>
      </trkpt>
      <trkpt lat="51.4607138000428676605224609375" lon="-0.31362273730337619781494140625">
        <ele>7.400000095367431640625</ele>
        <time>2019-11-02T10:34:38.000Z</time>
        <extensions>
          <ns3:TrackPointExtension>
            <ns3:hr>151</ns3:hr>
            <ns3:cad>99</ns3:cad>
          </ns3:TrackPointExtension>
        </extensions>
      </trkpt>
      <trkpt lat="51.4608264528214931488037109375" lon="-0.313848964869976043701171875">
        <ele>9</ele>
        <time>2019-11-02T10:34:43.000Z</time>
        <extensions>
          <ns3:TrackPointExtension>
            <ns3:hr>150</ns3:hr>
            <ns3:cad>99</ns3:cad>
          </ns3:TrackPointExtension>
        </extensions>
      </trkpt>
      <trkpt lat="51.4609484933316707611083984375" lon="-0.31408323906362056732177734375">
        <ele>8.80000019073486328125</ele>
        <time>2019-11-02T10:34:48.000Z</time>
        <extensions>
          <ns3:TrackPointExtension>
            <ns3:hr>151</ns3:hr>
            <ns3:cad>99</ns3:cad>
          </ns3:TrackPointExtension>
        </extensions>
      </trkpt>
      <trkpt lat="51.46106667816638946533203125" lon="-0.314308293163776397705078125">
        <ele>8.80000019073486328125</ele>
        <time>2019-11-02T10:34:53.000Z</time>
        <extensions>
          <ns3:TrackPointExtension>
            <ns3:hr>152</ns3:hr>
            <ns3:cad>98</ns3:cad>
          </ns3:TrackPointExtension>
        </extensions>
      </trkpt>
      <trkpt lat="51.4612022973597049713134765625" lon="-0.31452228315174579620361328125">
        <ele>8.80000019073486328125</ele>
        <time>2019-11-02T10:34:58.000Z</time>
        <extensions>
          <ns3:TrackPointExtension>
            <ns3:hr>151</ns3:hr>
            <ns3:cad>99</ns3:cad>
          </ns3:TrackPointExtension>
        </extensions>
      </trkpt>
      <trkpt lat="51.46134386770427227020263671875" lon="-0.31473635695874691009521484375">
        <ele>9</ele>
        <time>2019-11-02T10:35:03.000Z</time>
        <extensions>
          <ns3:TrackPointExtension>
            <ns3:hr>150</ns3:hr>
            <ns3:cad>99</ns3:cad>
          </ns3:TrackPointExtension>
        </extensions>
      </trkpt>
      <trkpt lat="51.4614849351346492767333984375" lon="-0.3149290569126605987548828125">
        <ele>9.6000003814697265625</ele>
        <time>2019-11-02T10:35:08.000Z</time>
        <extensions>
          <ns3:TrackPointExtension>
            <ns3:hr>152</ns3:hr>
            <ns3:cad>99</ns3:cad>
          </ns3:TrackPointExtension>
        </extensions>
      </trkpt>
      <trkpt lat="51.461624912917613983154296875" lon="-0.31511303968727588653564453125">
        <ele>9.3999996185302734375</ele>
        <time>2019-11-02T10:35:13.000Z</time>
        <extensions>
          <ns3:TrackPointExtension>
            <ns3:hr>152</ns3:hr>
            <ns3:cad>99</ns3:cad>
          </ns3:TrackPointExtension>
        </extensions>
      </trkpt>
      <trkpt lat="51.46176245994865894317626953125" lon="-0.31529827974736690521240234375">
        <ele>9.80000019073486328125</ele>
        <time>2019-11-02T10:35:18.000Z</time>
        <extensions>
          <ns3:TrackPointExtension>
            <ns3:hr>152</ns3:hr>
            <ns3:cad>99</ns3:cad>
          </ns3:TrackPointExtension>
        </extensions>
      </trkpt>
      <trkpt lat="51.4619150944054126739501953125" lon="-0.31550866551697254180908203125">
        <ele>11</ele>
        <time>2019-11-02T10:35:24.000Z</time>
        <extensions>
          <ns3:TrackPointExtension>
            <ns3:hr>152</ns3:hr>
            <ns3:cad>98</ns3:cad>
          </ns3:TrackPointExtension>
        </extensions>
      </trkpt>
      <trkpt lat="51.46201886236667633056640625" lon="-0.315661132335662841796875">
        <ele>11</ele>
        <time>2019-11-02T10:35:28.000Z</time>
        <extensions>
          <ns3:TrackPointExtension>
            <ns3:hr>149</ns3:hr>
            <ns3:cad>99</ns3:cad>
          </ns3:TrackPointExtension>
        </extensions>
      </trkpt>
      <trkpt lat="51.462150625884532928466796875" lon="-0.3158628009259700775146484375">
        <ele>11</ele>
        <time>2019-11-02T10:35:33.000Z</time>
        <extensions>
          <ns3:TrackPointExtension>
            <ns3:hr>150</ns3:hr>
            <ns3:cad>99</ns3:cad>
          </ns3:TrackPointExtension>
        </extensions>
      </trkpt>
      <trkpt lat="51.462302505970001220703125" lon="-0.3160763718187808990478515625">
        <ele>9.19999980926513671875</ele>
        <time>2019-11-02T10:35:39.000Z</time>
        <extensions>
          <ns3:TrackPointExtension>
            <ns3:hr>150</ns3:hr>
            <ns3:cad>98</ns3:cad>
          </ns3:TrackPointExtension>
        </extensions>
      </trkpt>
      <trkpt lat="51.46244340576231479644775390625" lon="-0.3162691555917263031005859375">
        <ele>7.400000095367431640625</ele>
        <time>2019-11-02T10:35:44.000Z</time>
        <extensions>
          <ns3:TrackPointExtension>
            <ns3:hr>150</ns3:hr>
            <ns3:cad>98</ns3:cad>
          </ns3:TrackPointExtension>
        </extensions>
      </trkpt>
      <trkpt lat="51.46259126253426074981689453125" lon="-0.31650401651859283447265625">
        <ele>4.400000095367431640625</ele>
        <time>2019-11-02T10:35:50.000Z</time>
        <extensions>
          <ns3:TrackPointExtension>
            <ns3:hr>149</ns3:hr>
            <ns3:cad>98</ns3:cad>
          </ns3:TrackPointExtension>
        </extensions>
      </trkpt>
      <trkpt lat="51.4627234451472759246826171875" lon="-0.31674583442509174346923828125">
        <ele>4.19999980926513671875</ele>
        <time>2019-11-02T10:35:56.000Z</time>
        <extensions>
          <ns3:TrackPointExtension>
            <ns3:hr>150</ns3:hr>
            <ns3:cad>99</ns3:cad>
          </ns3:TrackPointExtension>
        </extensions>
      </trkpt>
      <trkpt lat="51.46287121810019016265869140625" lon="-0.31699041835963726043701171875">
        <ele>4.400000095367431640625</ele>
        <time>2019-11-02T10:36:01.000Z</time>
        <extensions>
          <ns3:TrackPointExtension>
            <ns3:hr>149</ns3:hr>
            <ns3:cad>99</ns3:cad>
          </ns3:TrackPointExtension>
        </extensions>
      </trkpt>
      <trkpt lat="51.463006921112537384033203125" lon="-0.31721882522106170654296875">
        <ele>5.400000095367431640625</ele>
        <time>2019-11-02T10:36:06.000Z</time>
        <extensions>
          <ns3:TrackPointExtension>
            <ns3:hr>150</ns3:hr>
            <ns3:cad>99</ns3:cad>
          </ns3:TrackPointExtension>
        </extensions>
      </trkpt>
      <trkpt lat="51.46313742734491825103759765625" lon="-0.31744237057864665985107421875">
        <ele>5.599999904632568359375</ele>
        <time>2019-11-02T10:36:11.000Z</time>
        <extensions>
          <ns3:TrackPointExtension>
            <ns3:hr>151</ns3:hr>
            <ns3:cad>99</ns3:cad>
          </ns3:TrackPointExtension>
        </extensions>
      </trkpt>
      <trkpt lat="51.4632675983011722564697265625" lon="-0.31768930144608020782470703125">
        <ele>5.80000019073486328125</ele>
        <time>2019-11-02T10:36:16.000Z</time>
        <extensions>
          <ns3:TrackPointExtension>
            <ns3:hr>151</ns3:hr>
            <ns3:cad>99</ns3:cad>
          </ns3:TrackPointExtension>
        </extensions>
      </trkpt>
      <trkpt lat="51.463399194180965423583984375" lon="-0.31792483292520046234130859375">
        <ele>5.599999904632568359375</ele>
        <time>2019-11-02T10:36:21.000Z</time>
        <extensions>
          <ns3:TrackPointExtension>
            <ns3:hr>150</ns3:hr>
            <ns3:cad>99</ns3:cad>
          </ns3:TrackPointExtension>
        </extensions>
      </trkpt>
      <trkpt lat="51.46353120915591716766357421875" lon="-0.31813739798963069915771484375">
        <ele>6.400000095367431640625</ele>
        <time>2019-11-02T10:36:26.000Z</time>
        <extensions>
          <ns3:TrackPointExtension>
            <ns3:hr>150</ns3:hr>
            <ns3:cad>98</ns3:cad>
          </ns3:TrackPointExtension>
        </extensions>
      </trkpt>
      <trkpt lat="51.46366280503571033477783203125" lon="-0.31833370216190814971923828125">
        <ele>7.400000095367431640625</ele>
        <time>2019-11-02T10:36:31.000Z</time>
        <extensions>
          <ns3:TrackPointExtension>
            <ns3:hr>151</ns3:hr>
            <ns3:cad>98</ns3:cad>
          </ns3:TrackPointExtension>
        </extensions>
      </trkpt>
      <trkpt lat="51.463829018175601959228515625" lon="-0.31852799467742443084716796875">
        <ele>8</ele>
        <time>2019-11-02T10:36:37.000Z</time>
        <extensions>
          <ns3:TrackPointExtension>
            <ns3:hr>151</ns3:hr>
            <ns3:cad>97</ns3:cad>
          </ns3:TrackPointExtension>
        </extensions>
      </trkpt>
      <trkpt lat="51.46397276781499385833740234375" lon="-0.318710803985595703125">
        <ele>8.6000003814697265625</ele>
        <time>2019-11-02T10:36:42.000Z</time>
        <extensions>
          <ns3:TrackPointExtension>
            <ns3:hr>151</ns3:hr>
            <ns3:cad>98</ns3:cad>
          </ns3:TrackPointExtension>
        </extensions>
      </trkpt>
      <trkpt lat="51.46400344558060169219970703125" lon="-0.31874491833150386810302734375">
        <ele>8.6000003814697265625</ele>
        <time>2019-11-02T10:36:43.000Z</time>
        <extensions>
          <ns3:TrackPointExtension>
            <ns3:hr>151</ns3:hr>
            <ns3:cad>98</ns3:cad>
          </ns3:TrackPointExtension>
        </extensions>
      </trkpt>
      <trkpt lat="51.46414392627775669097900390625" lon="-0.31894189305603504180908203125">
        <ele>9.19999980926513671875</ele>
        <time>2019-11-02T10:36:48.000Z</time>
        <extensions>
          <ns3:TrackPointExtension>
            <ns3:hr>151</ns3:hr>
            <ns3:cad>98</ns3:cad>
          </ns3:TrackPointExtension>
        </extensions>
      </trkpt>
      <trkpt lat="51.46429178304970264434814453125" lon="-0.31912897713482379913330078125">
        <ele>9.6000003814697265625</ele>
        <time>2019-11-02T10:36:53.000Z</time>
        <extensions>
          <ns3:TrackPointExtension>
            <ns3:hr>151</ns3:hr>
            <ns3:cad>98</ns3:cad>
          </ns3:TrackPointExtension>
        </extensions>
      </trkpt>
      <trkpt lat="51.4644531346857547760009765625" lon="-0.31929376535117626190185546875">
        <ele>9.6000003814697265625</ele>
        <time>2019-11-02T10:36:58.000Z</time>
        <extensions>
          <ns3:TrackPointExtension>
            <ns3:hr>150</ns3:hr>
            <ns3:cad>98</ns3:cad>
          </ns3:TrackPointExtension>
        </extensions>
      </trkpt>
      <trkpt lat="51.4646284841001033782958984375" lon="-0.31947053968906402587890625">
        <ele>9.3999996185302734375</ele>
        <time>2019-11-02T10:37:04.000Z</time>
        <extensions>
          <ns3:TrackPointExtension>
            <ns3:hr>152</ns3:hr>
            <ns3:cad>99</ns3:cad>
          </ns3:TrackPointExtension>
        </extensions>
      </trkpt>
      <trkpt lat="51.46480995230376720428466796875" lon="-0.3195977769792079925537109375">
        <ele>9.6000003814697265625</ele>
        <time>2019-11-02T10:37:10.000Z</time>
        <extensions>
          <ns3:TrackPointExtension>
            <ns3:hr>152</ns3:hr>
            <ns3:cad>99</ns3:cad>
          </ns3:TrackPointExtension>
        </extensions>
      </trkpt>
      <trkpt lat="51.46499787457287311553955078125" lon="-0.31966902315616607666015625">
        <ele>9</ele>
        <time>2019-11-02T10:37:16.000Z</time>
        <extensions>
          <ns3:TrackPointExtension>
            <ns3:hr>151</ns3:hr>
            <ns3:cad>98</ns3:cad>
          </ns3:TrackPointExtension>
        </extensions>
      </trkpt>
      <trkpt lat="51.46520934998989105224609375" lon="-0.31973532401025295257568359375">
        <ele>9</ele>
        <time>2019-11-02T10:37:22.000Z</time>
        <extensions>
          <ns3:TrackPointExtension>
            <ns3:hr>152</ns3:hr>
            <ns3:cad>98</ns3:cad>
          </ns3:TrackPointExtension>
        </extensions>
      </trkpt>
      <trkpt lat="51.465389728546142578125" lon="-0.31976197846233844757080078125">
        <ele>8.6000003814697265625</ele>
        <time>2019-11-02T10:37:27.000Z</time>
        <extensions>
          <ns3:TrackPointExtension>
            <ns3:hr>151</ns3:hr>
            <ns3:cad>97</ns3:cad>
          </ns3:TrackPointExtension>
        </extensions>
      </trkpt>
      <trkpt lat="51.46559868939220905303955078125" lon="-0.31977094709873199462890625">
        <ele>8.6000003814697265625</ele>
        <time>2019-11-02T10:37:34.000Z</time>
        <extensions>
          <ns3:TrackPointExtension>
            <ns3:hr>149</ns3:hr>
            <ns3:cad>98</ns3:cad>
          </ns3:TrackPointExtension>
        </extensions>
      </trkpt>
      <trkpt lat="51.46577973850071430206298828125" lon="-0.31971956603229045867919921875">
        <ele>8.80000019073486328125</ele>
        <time>2019-11-02T10:37:40.000Z</time>
        <extensions>
          <ns3:TrackPointExtension>
            <ns3:hr>149</ns3:hr>
            <ns3:cad>98</ns3:cad>
          </ns3:TrackPointExtension>
        </extensions>
      </trkpt>
      <trkpt lat="51.4659702591598033905029296875" lon="-0.31963792629539966583251953125">
        <ele>9</ele>
        <time>2019-11-02T10:37:46.000Z</time>
        <extensions>
          <ns3:TrackPointExtension>
            <ns3:hr>147</ns3:hr>
            <ns3:cad>98</ns3:cad>
          </ns3:TrackPointExtension>
        </extensions>
      </trkpt>
      <trkpt lat="51.46614812314510345458984375" lon="-0.3195437975227832794189453125">
        <ele>8.80000019073486328125</ele>
        <time>2019-11-02T10:37:52.000Z</time>
        <extensions>
          <ns3:TrackPointExtension>
            <ns3:hr>149</ns3:hr>
            <ns3:cad>99</ns3:cad>
          </ns3:TrackPointExtension>
        </extensions>
      </trkpt>
      <trkpt lat="51.46634300239384174346923828125" lon="-0.31947582028806209564208984375">
        <ele>8.19999980926513671875</ele>
        <time>2019-11-02T10:37:58.000Z</time>
        <extensions>
          <ns3:TrackPointExtension>
            <ns3:hr>150</ns3:hr>
            <ns3:cad>99</ns3:cad>
          </ns3:TrackPointExtension>
        </extensions>
      </trkpt>
      <trkpt lat="51.46652237512171268463134765625" lon="-0.31942200846970081329345703125">
        <ele>7.400000095367431640625</ele>
        <time>2019-11-02T10:38:03.000Z</time>
        <extensions>
          <ns3:TrackPointExtension>
            <ns3:hr>150</ns3:hr>
            <ns3:cad>99</ns3:cad>
          </ns3:TrackPointExtension>
        </extensions>
      </trkpt>
      <trkpt lat="51.46673393435776233673095703125" lon="-0.31939334236085414886474609375">
        <ele>7</ele>
        <time>2019-11-02T10:38:09.000Z</time>
        <extensions>
          <ns3:TrackPointExtension>
            <ns3:hr>150</ns3:hr>
            <ns3:cad>98</ns3:cad>
          </ns3:TrackPointExtension>
        </extensions>
      </trkpt>
      <trkpt lat="51.46691883914172649383544921875" lon="-0.3193657658994197845458984375">
        <ele>7.19999980926513671875</ele>
        <time>2019-11-02T10:38:14.000Z</time>
        <extensions>
          <ns3:TrackPointExtension>
            <ns3:hr>150</ns3:hr>
            <ns3:cad>97</ns3:cad>
          </ns3:TrackPointExtension>
        </extensions>
      </trkpt>
      <trkpt lat="51.46710106171667575836181640625" lon="-0.31933215446770191192626953125">
        <ele>8.19999980926513671875</ele>
        <time>2019-11-02T10:38:19.000Z</time>
        <extensions>
          <ns3:TrackPointExtension>
            <ns3:hr>150</ns3:hr>
            <ns3:cad>97</ns3:cad>
          </ns3:TrackPointExtension>
        </extensions>
      </trkpt>
      <trkpt lat="51.4672801829874515533447265625" lon="-0.3193049132823944091796875">
        <ele>9</ele>
        <time>2019-11-02T10:38:24.000Z</time>
        <extensions>
          <ns3:TrackPointExtension>
            <ns3:hr>151</ns3:hr>
            <ns3:cad>96</ns3:cad>
          </ns3:TrackPointExtension>
        </extensions>
      </trkpt>
      <trkpt lat="51.467489562928676605224609375" lon="-0.319258309900760650634765625">
        <ele>9.6000003814697265625</ele>
        <time>2019-11-02T10:38:30.000Z</time>
        <extensions>
          <ns3:TrackPointExtension>
            <ns3:hr>152</ns3:hr>
            <ns3:cad>97</ns3:cad>
          </ns3:TrackPointExtension>
        </extensions>
      </trkpt>
      <trkpt lat="51.46767337806522846221923828125" lon="-0.3192326612770557403564453125">
        <ele>8.80000019073486328125</ele>
        <time>2019-11-02T10:38:35.000Z</time>
        <extensions>
          <ns3:TrackPointExtension>
            <ns3:hr>153</ns3:hr>
            <ns3:cad>96</ns3:cad>
          </ns3:TrackPointExtension>
        </extensions>
      </trkpt>
      <trkpt lat="51.46786834113299846649169921875" lon="-0.3192226029932498931884765625">
        <ele>8.3999996185302734375</ele>
        <time>2019-11-02T10:38:40.000Z</time>
        <extensions>
          <ns3:TrackPointExtension>
            <ns3:hr>153</ns3:hr>
            <ns3:cad>97</ns3:cad>
          </ns3:TrackPointExtension>
        </extensions>
      </trkpt>
      <trkpt lat="51.46805039606988430023193359375" lon="-0.3192105330526828765869140625">
        <ele>8.3999996185302734375</ele>
        <time>2019-11-02T10:38:45.000Z</time>
        <extensions>
          <ns3:TrackPointExtension>
            <ns3:hr>154</ns3:hr>
            <ns3:cad>98</ns3:cad>
          </ns3:TrackPointExtension>
        </extensions>
      </trkpt>
      <trkpt lat="51.4682555012404918670654296875" lon="-0.31918413005769252777099609375">
        <ele>7.400000095367431640625</ele>
        <time>2019-11-02T10:38:51.000Z</time>
        <extensions>
          <ns3:TrackPointExtension>
            <ns3:hr>153</ns3:hr>
            <ns3:cad>97</ns3:cad>
          </ns3:TrackPointExtension>
        </extensions>
      </trkpt>
      <trkpt lat="51.46844048984348773956298828125" lon="-0.31915730796754360198974609375">
        <ele>6.80000019073486328125</ele>
        <time>2019-11-02T10:38:56.000Z</time>
        <extensions>
          <ns3:TrackPointExtension>
            <ns3:hr>152</ns3:hr>
            <ns3:cad>97</ns3:cad>
          </ns3:TrackPointExtension>
        </extensions>
      </trkpt>
      <trkpt lat="51.46863059140741825103759765625" lon="-0.3191015683114528656005859375">
        <ele>6.19999980926513671875</ele>
        <time>2019-11-02T10:39:01.000Z</time>
        <extensions>
          <ns3:TrackPointExtension>
            <ns3:hr>151</ns3:hr>
            <ns3:cad>97</ns3:cad>
          </ns3:TrackPointExtension>
        </extensions>
      </trkpt>
      <trkpt lat="51.468839384615421295166015625" lon="-0.3190512768924236297607421875">
        <ele>7.80000019073486328125</ele>
        <time>2019-11-02T10:39:07.000Z</time>
        <extensions>
          <ns3:TrackPointExtension>
            <ns3:hr>151</ns3:hr>
            <ns3:cad>97</ns3:cad>
          </ns3:TrackPointExtension>
        </extensions>
      </trkpt>
      <trkpt lat="51.469043903052806854248046875" lon="-0.3189790248870849609375">
        <ele>8</ele>
        <time>2019-11-02T10:39:13.000Z</time>
        <extensions>
          <ns3:TrackPointExtension>
            <ns3:hr>153</ns3:hr>
            <ns3:cad>97</ns3:cad>
          </ns3:TrackPointExtension>
        </extensions>
      </trkpt>
      <trkpt lat="51.46923911757767200469970703125" lon="-0.318910963833332061767578125">
        <ele>7.80000019073486328125</ele>
        <time>2019-11-02T10:39:19.000Z</time>
        <extensions>
          <ns3:TrackPointExtension>
            <ns3:hr>154</ns3:hr>
            <ns3:cad>97</ns3:cad>
          </ns3:TrackPointExtension>
        </extensions>
      </trkpt>
      <trkpt lat="51.4694490842521190643310546875" lon="-0.3188382089138031005859375">
        <ele>8</ele>
        <time>2019-11-02T10:39:25.000Z</time>
        <extensions>
          <ns3:TrackPointExtension>
            <ns3:hr>152</ns3:hr>
            <ns3:cad>98</ns3:cad>
          </ns3:TrackPointExtension>
        </extensions>
      </trkpt>
      <trkpt lat="51.4696504175662994384765625" lon="-0.31878934241831302642822265625">
        <ele>8.80000019073486328125</ele>
        <time>2019-11-02T10:39:30.000Z</time>
        <extensions>
          <ns3:TrackPointExtension>
            <ns3:hr>153</ns3:hr>
            <ns3:cad>96</ns3:cad>
          </ns3:TrackPointExtension>
        </extensions>
      </trkpt>
      <trkpt lat="51.46983825601637363433837890625" lon="-0.31873150728642940521240234375">
        <ele>9.3999996185302734375</ele>
        <time>2019-11-02T10:39:35.000Z</time>
        <extensions>
          <ns3:TrackPointExtension>
            <ns3:hr>152</ns3:hr>
            <ns3:cad>99</ns3:cad>
          </ns3:TrackPointExtension>
        </extensions>
      </trkpt>
      <trkpt lat="51.4700177125632762908935546875" lon="-0.3186351992189884185791015625">
        <ele>10</ele>
        <time>2019-11-02T10:39:40.000Z</time>
        <extensions>
          <ns3:TrackPointExtension>
            <ns3:hr>152</ns3:hr>
            <ns3:cad>97</ns3:cad>
          </ns3:TrackPointExtension>
        </extensions>
      </trkpt>
      <trkpt lat="51.4701870270073413848876953125" lon="-0.318527407944202423095703125">
        <ele>10.19999980926513671875</ele>
        <time>2019-11-02T10:39:45.000Z</time>
        <extensions>
          <ns3:TrackPointExtension>
            <ns3:hr>153</ns3:hr>
            <ns3:cad>97</ns3:cad>
          </ns3:TrackPointExtension>
        </extensions>
      </trkpt>
      <trkpt lat="51.470259614288806915283203125" lon="-0.3184653818607330322265625">
        <ele>10.3999996185302734375</ele>
        <time>2019-11-02T10:39:47.000Z</time>
        <extensions>
          <ns3:TrackPointExtension>
            <ns3:hr>156</ns3:hr>
            <ns3:cad>97</ns3:cad>
          </ns3:TrackPointExtension>
        </extensions>
      </trkpt>
      <trkpt lat="51.4704381488263607025146484375" lon="-0.3182710893452167510986328125">
        <ele>10</ele>
        <time>2019-11-02T10:39:52.000Z</time>
        <extensions>
          <ns3:TrackPointExtension>
            <ns3:hr>156</ns3:hr>
            <ns3:cad>99</ns3:cad>
          </ns3:TrackPointExtension>
        </extensions>
      </trkpt>
      <trkpt lat="51.4706024341285228729248046875" lon="-0.31808861531317234039306640625">
        <ele>10.6000003814697265625</ele>
        <time>2019-11-02T10:39:57.000Z</time>
        <extensions>
          <ns3:TrackPointExtension>
            <ns3:hr>154</ns3:hr>
            <ns3:cad>98</ns3:cad>
          </ns3:TrackPointExtension>
        </extensions>
      </trkpt>
      <trkpt lat="51.470755822956562042236328125" lon="-0.31786180101335048675537109375">
        <ele>10.80000019073486328125</ele>
        <time>2019-11-02T10:40:02.000Z</time>
        <extensions>
          <ns3:TrackPointExtension>
            <ns3:hr>152</ns3:hr>
            <ns3:cad>98</ns3:cad>
          </ns3:TrackPointExtension>
        </extensions>
      </trkpt>
      <trkpt lat="51.47079773247241973876953125" lon="-0.317770354449748992919921875">
        <ele>11</ele>
        <time>2019-11-02T10:40:04.000Z</time>
        <extensions>
          <ns3:TrackPointExtension>
            <ns3:hr>152</ns3:hr>
            <ns3:cad>97</ns3:cad>
          </ns3:TrackPointExtension>
        </extensions>
      </trkpt>
      <trkpt lat="51.470929495990276336669921875" lon="-0.31755653209984302520751953125">
        <ele>10.19999980926513671875</ele>
        <time>2019-11-02T10:40:09.000Z</time>
        <extensions>
          <ns3:TrackPointExtension>
            <ns3:hr>151</ns3:hr>
            <ns3:cad>99</ns3:cad>
          </ns3:TrackPointExtension>
        </extensions>
      </trkpt>
      <trkpt lat="51.4710470102727413177490234375" lon="-0.31729124486446380615234375">
        <ele>8.19999980926513671875</ele>
        <time>2019-11-02T10:40:15.000Z</time>
        <extensions>
          <ns3:TrackPointExtension>
            <ns3:hr>151</ns3:hr>
            <ns3:cad>98</ns3:cad>
          </ns3:TrackPointExtension>
        </extensions>
      </trkpt>
      <trkpt lat="51.47113091312348842620849609375" lon="-0.3169873170554637908935546875">
        <ele>6.599999904632568359375</ele>
        <time>2019-11-02T10:40:21.000Z</time>
        <extensions>
          <ns3:TrackPointExtension>
            <ns3:hr>151</ns3:hr>
            <ns3:cad>98</ns3:cad>
          </ns3:TrackPointExtension>
        </extensions>
      </trkpt>
      <trkpt lat="51.47120551206171512603759765625" lon="-0.316667295992374420166015625">
        <ele>7.80000019073486328125</ele>
        <time>2019-11-02T10:40:27.000Z</time>
        <extensions>
          <ns3:TrackPointExtension>
            <ns3:hr>151</ns3:hr>
            <ns3:cad>98</ns3:cad>
          </ns3:TrackPointExtension>
        </extensions>
      </trkpt>
      <trkpt lat="51.47126016207039356231689453125" lon="-0.31638926826417446136474609375">
        <ele>10</ele>
        <time>2019-11-02T10:40:32.000Z</time>
        <extensions>
          <ns3:TrackPointExtension>
            <ns3:hr>151</ns3:hr>
            <ns3:cad>98</ns3:cad>
          </ns3:TrackPointExtension>
        </extensions>
      </trkpt>
      <trkpt lat="51.471329145133495330810546875" lon="-0.316093973815441131591796875">
        <ele>11</ele>
        <time>2019-11-02T10:40:38.000Z</time>
        <extensions>
          <ns3:TrackPointExtension>
            <ns3:hr>151</ns3:hr>
            <ns3:cad>97</ns3:cad>
          </ns3:TrackPointExtension>
        </extensions>
      </trkpt>
      <trkpt lat="51.47140986286103725433349609375" lon="-0.315809659659862518310546875">
        <ele>10.80000019073486328125</ele>
        <time>2019-11-02T10:40:43.000Z</time>
        <extensions>
          <ns3:TrackPointExtension>
            <ns3:hr>150</ns3:hr>
            <ns3:cad>99</ns3:cad>
          </ns3:TrackPointExtension>
        </extensions>
      </trkpt>
      <trkpt lat="51.47148429416120052337646484375" lon="-0.31552970409393310546875">
        <ele>9.3999996185302734375</ele>
        <time>2019-11-02T10:40:48.000Z</time>
        <extensions>
          <ns3:TrackPointExtension>
            <ns3:hr>149</ns3:hr>
            <ns3:cad>98</ns3:cad>
          </ns3:TrackPointExtension>
        </extensions>
      </trkpt>
      <trkpt lat="51.47154472768306732177734375" lon="-0.31522301025688648223876953125">
        <ele>7.599999904632568359375</ele>
        <time>2019-11-02T10:40:54.000Z</time>
        <extensions>
          <ns3:TrackPointExtension>
            <ns3:hr>152</ns3:hr>
            <ns3:cad>98</ns3:cad>
          </ns3:TrackPointExtension>
        </extensions>
      </trkpt>
      <trkpt lat="51.47159795276820659637451171875" lon="-0.31492511741816997528076171875">
        <ele>7</ele>
        <time>2019-11-02T10:41:00.000Z</time>
        <extensions>
          <ns3:TrackPointExtension>
            <ns3:hr>153</ns3:hr>
            <ns3:cad>97</ns3:cad>
          </ns3:TrackPointExtension>
        </extensions>
      </trkpt>
      <trkpt lat="51.471659727394580841064453125" lon="-0.31461984850466251373291015625">
        <ele>7.19999980926513671875</ele>
        <time>2019-11-02T10:41:05.000Z</time>
        <extensions>
          <ns3:TrackPointExtension>
            <ns3:hr>152</ns3:hr>
            <ns3:cad>97</ns3:cad>
          </ns3:TrackPointExtension>
        </extensions>
      </trkpt>
      <trkpt lat="51.471754945814609527587890625" lon="-0.314339138567447662353515625">
        <ele>6.80000019073486328125</ele>
        <time>2019-11-02T10:41:10.000Z</time>
        <extensions>
          <ns3:TrackPointExtension>
            <ns3:hr>151</ns3:hr>
            <ns3:cad>97</ns3:cad>
          </ns3:TrackPointExtension>
        </extensions>
      </trkpt>
      <trkpt lat="51.47183717228472232818603515625" lon="-0.31407318077981472015380859375">
        <ele>6.19999980926513671875</ele>
        <time>2019-11-02T10:41:16.000Z</time>
        <extensions>
          <ns3:TrackPointExtension>
            <ns3:hr>151</ns3:hr>
            <ns3:cad>97</ns3:cad>
          </ns3:TrackPointExtension>
        </extensions>
      </trkpt>
      <trkpt lat="51.471968181431293487548828125" lon="-0.3137981705367565155029296875">
        <ele>6.19999980926513671875</ele>
        <time>2019-11-02T10:41:22.000Z</time>
        <extensions>
          <ns3:TrackPointExtension>
            <ns3:hr>151</ns3:hr>
            <ns3:cad>97</ns3:cad>
          </ns3:TrackPointExtension>
        </extensions>
      </trkpt>
      <trkpt lat="51.47208041511476039886474609375" lon="-0.31354629434645175933837890625">
        <ele>7</ele>
        <time>2019-11-02T10:41:27.000Z</time>
        <extensions>
          <ns3:TrackPointExtension>
            <ns3:hr>151</ns3:hr>
            <ns3:cad>97</ns3:cad>
          </ns3:TrackPointExtension>
        </extensions>
      </trkpt>
      <trkpt lat="51.47217580117285251617431640625" lon="-0.31327120028436183929443359375">
        <ele>7.19999980926513671875</ele>
        <time>2019-11-02T10:41:32.000Z</time>
        <extensions>
          <ns3:TrackPointExtension>
            <ns3:hr>151</ns3:hr>
            <ns3:cad>98</ns3:cad>
          </ns3:TrackPointExtension>
        </extensions>
      </trkpt>
      <trkpt lat="51.4722575247287750244140625" lon="-0.3130055777728557586669921875">
        <ele>7</ele>
        <time>2019-11-02T10:41:37.000Z</time>
        <extensions>
          <ns3:TrackPointExtension>
            <ns3:hr>151</ns3:hr>
            <ns3:cad>96</ns3:cad>
          </ns3:TrackPointExtension>
        </extensions>
      </trkpt>
      <trkpt lat="51.47235048003494739532470703125" lon="-0.31272788532078266143798828125">
        <ele>7.599999904632568359375</ele>
        <time>2019-11-02T10:41:43.000Z</time>
        <extensions>
          <ns3:TrackPointExtension>
            <ns3:hr>151</ns3:hr>
            <ns3:cad>97</ns3:cad>
          </ns3:TrackPointExtension>
        </extensions>
      </trkpt>
      <trkpt lat="51.4724645577371120452880859375" lon="-0.31244046986103057861328125">
        <ele>8</ele>
        <time>2019-11-02T10:41:49.000Z</time>
        <extensions>
          <ns3:TrackPointExtension>
            <ns3:hr>150</ns3:hr>
            <ns3:cad>98</ns3:cad>
          </ns3:TrackPointExtension>
        </extensions>
      </trkpt>
      <trkpt lat="51.4725718460977077484130859375" lon="-0.31220150180160999298095703125">
        <ele>8</ele>
        <time>2019-11-02T10:41:54.000Z</time>
        <extensions>
          <ns3:TrackPointExtension>
            <ns3:hr>151</ns3:hr>
            <ns3:cad>98</ns3:cad>
          </ns3:TrackPointExtension>
        </extensions>
      </trkpt>
      <trkpt lat="51.47268190048635005950927734375" lon="-0.31190495006740093231201171875">
        <ele>6.19999980926513671875</ele>
        <time>2019-11-02T10:41:59.000Z</time>
        <extensions>
          <ns3:TrackPointExtension>
            <ns3:hr>153</ns3:hr>
            <ns3:cad>97</ns3:cad>
          </ns3:TrackPointExtension>
        </extensions>
      </trkpt>
      <trkpt lat="51.4727854169905185699462890625" lon="-0.3116057999432086944580078125">
        <ele>5</ele>
        <time>2019-11-02T10:42:05.000Z</time>
        <extensions>
          <ns3:TrackPointExtension>
            <ns3:hr>153</ns3:hr>
            <ns3:cad>98</ns3:cad>
          </ns3:TrackPointExtension>
        </extensions>
      </trkpt>
      <trkpt lat="51.47287569008767604827880859375" lon="-0.3113100863993167877197265625">
        <ele>5.80000019073486328125</ele>
        <time>2019-11-02T10:42:11.000Z</time>
        <extensions>
          <ns3:TrackPointExtension>
            <ns3:hr>153</ns3:hr>
            <ns3:cad>98</ns3:cad>
          </ns3:TrackPointExtension>
        </extensions>
      </trkpt>
      <trkpt lat="51.47295699454843997955322265625" lon="-0.31104949302971363067626953125">
        <ele>6.400000095367431640625</ele>
        <time>2019-11-02T10:42:16.000Z</time>
        <extensions>
          <ns3:TrackPointExtension>
            <ns3:hr>153</ns3:hr>
            <ns3:cad>99</ns3:cad>
          </ns3:TrackPointExtension>
        </extensions>
      </trkpt>
      <trkpt lat="51.47308322601020336151123046875" lon="-0.3107585571706295013427734375">
        <ele>6</ele>
        <time>2019-11-02T10:42:22.000Z</time>
        <extensions>
          <ns3:TrackPointExtension>
            <ns3:hr>155</ns3:hr>
            <ns3:cad>97</ns3:cad>
          </ns3:TrackPointExtension>
        </extensions>
      </trkpt>
      <trkpt lat="51.4731850661337375640869140625" lon="-0.3104943595826625823974609375">
        <ele>6.599999904632568359375</ele>
        <time>2019-11-02T10:42:27.000Z</time>
        <extensions>
          <ns3:TrackPointExtension>
            <ns3:hr>154</ns3:hr>
            <ns3:cad>97</ns3:cad>
          </ns3:TrackPointExtension>
        </extensions>
      </trkpt>
      <trkpt lat="51.47328414022922515869140625" lon="-0.31024449504911899566650390625">
        <ele>7.80000019073486328125</ele>
        <time>2019-11-02T10:42:32.000Z</time>
        <extensions>
          <ns3:TrackPointExtension>
            <ns3:hr>153</ns3:hr>
            <ns3:cad>97</ns3:cad>
          </ns3:TrackPointExtension>
        </extensions>
      </trkpt>
      <trkpt lat="51.4733867347240447998046875" lon="-0.30999504961073398590087890625">
        <ele>7.599999904632568359375</ele>
        <time>2019-11-02T10:42:37.000Z</time>
        <extensions>
          <ns3:TrackPointExtension>
            <ns3:hr>152</ns3:hr>
            <ns3:cad>97</ns3:cad>
          </ns3:TrackPointExtension>
        </extensions>
      </trkpt>
      <trkpt lat="51.4735200069844722747802734375" lon="-0.30973152257502079010009765625">
        <ele>6</ele>
        <time>2019-11-02T10:42:42.000Z</time>
        <extensions>
          <ns3:TrackPointExtension>
            <ns3:hr>152</ns3:hr>
            <ns3:cad>97</ns3:cad>
          </ns3:TrackPointExtension>
        </extensions>
      </trkpt>
      <trkpt lat="51.47367130033671855926513671875" lon="-0.3094848431646823883056640625">
        <ele>5.80000019073486328125</ele>
        <time>2019-11-02T10:42:47.000Z</time>
        <extensions>
          <ns3:TrackPointExtension>
            <ns3:hr>152</ns3:hr>
            <ns3:cad>98</ns3:cad>
          </ns3:TrackPointExtension>
        </extensions>
      </trkpt>
      <trkpt lat="51.47378713823854923248291015625" lon="-0.309226848185062408447265625">
        <ele>5.599999904632568359375</ele>
        <time>2019-11-02T10:42:52.000Z</time>
        <extensions>
          <ns3:TrackPointExtension>
            <ns3:hr>151</ns3:hr>
            <ns3:cad>97</ns3:cad>
          </ns3:TrackPointExtension>
        </extensions>
      </trkpt>
      <trkpt lat="51.47389166057109832763671875" lon="-0.30897228978574275970458984375">
        <ele>4.80000019073486328125</ele>
        <time>2019-11-02T10:42:57.000Z</time>
        <extensions>
          <ns3:TrackPointExtension>
            <ns3:hr>152</ns3:hr>
            <ns3:cad>96</ns3:cad>
          </ns3:TrackPointExtension>
        </extensions>
      </trkpt>
      <trkpt lat="51.473987884819507598876953125" lon="-0.308679677546024322509765625">
        <ele>3.2000000476837158203125</ele>
        <time>2019-11-02T10:43:03.000Z</time>
        <extensions>
          <ns3:TrackPointExtension>
            <ns3:hr>150</ns3:hr>
            <ns3:cad>97</ns3:cad>
          </ns3:TrackPointExtension>
        </extensions>
      </trkpt>
      <trkpt lat="51.474093161523342132568359375" lon="-0.3084092773497104644775390625">
        <ele>3</ele>
        <time>2019-11-02T10:43:09.000Z</time>
        <extensions>
          <ns3:TrackPointExtension>
            <ns3:hr>151</ns3:hr>
            <ns3:cad>98</ns3:cad>
          </ns3:TrackPointExtension>
        </extensions>
      </trkpt>
      <trkpt lat="51.47423087619245052337646484375" lon="-0.30814264900982379913330078125">
        <ele>3</ele>
        <time>2019-11-02T10:43:15.000Z</time>
        <extensions>
          <ns3:TrackPointExtension>
            <ns3:hr>153</ns3:hr>
            <ns3:cad>97</ns3:cad>
          </ns3:TrackPointExtension>
        </extensions>
      </trkpt>
      <trkpt lat="51.474344618618488311767578125" lon="-0.30788197182118892669677734375">
        <ele>4</ele>
        <time>2019-11-02T10:43:20.000Z</time>
        <extensions>
          <ns3:TrackPointExtension>
            <ns3:hr>152</ns3:hr>
            <ns3:cad>98</ns3:cad>
          </ns3:TrackPointExtension>
        </extensions>
      </trkpt>
      <trkpt lat="51.47438208572566509246826171875" lon="-0.30777082778513431549072265625">
        <ele>5</ele>
        <time>2019-11-02T10:43:22.000Z</time>
        <extensions>
          <ns3:TrackPointExtension>
            <ns3:hr>151</ns3:hr>
            <ns3:cad>98</ns3:cad>
          </ns3:TrackPointExtension>
        </extensions>
      </trkpt>
      <trkpt lat="51.474499516189098358154296875" lon="-0.30752289108932018280029296875">
        <ele>5.80000019073486328125</ele>
        <time>2019-11-02T10:43:27.000Z</time>
        <extensions>
          <ns3:TrackPointExtension>
            <ns3:hr>150</ns3:hr>
            <ns3:cad>98</ns3:cad>
          </ns3:TrackPointExtension>
        </extensions>
      </trkpt>
      <trkpt lat="51.474603451788425445556640625" lon="-0.30727051198482513427734375">
        <ele>7.400000095367431640625</ele>
        <time>2019-11-02T10:43:32.000Z</time>
        <extensions>
          <ns3:TrackPointExtension>
            <ns3:hr>148</ns3:hr>
            <ns3:cad>97</ns3:cad>
          </ns3:TrackPointExtension>
        </extensions>
      </trkpt>
      <trkpt lat="51.4747229777276515960693359375" lon="-0.30703254975378513336181640625">
        <ele>9</ele>
        <time>2019-11-02T10:43:37.000Z</time>
        <extensions>
          <ns3:TrackPointExtension>
            <ns3:hr>149</ns3:hr>
            <ns3:cad>98</ns3:cad>
          </ns3:TrackPointExtension>
        </extensions>
      </trkpt>
      <trkpt lat="51.4748473651707172393798828125" lon="-0.30681679956614971160888671875">
        <ele>9</ele>
        <time>2019-11-02T10:43:42.000Z</time>
        <extensions>
          <ns3:TrackPointExtension>
            <ns3:hr>149</ns3:hr>
            <ns3:cad>98</ns3:cad>
          </ns3:TrackPointExtension>
        </extensions>
      </trkpt>
      <trkpt lat="51.474995724856853485107421875" lon="-0.306581519544124603271484375">
        <ele>7.80000019073486328125</ele>
        <time>2019-11-02T10:43:48.000Z</time>
        <extensions>
          <ns3:TrackPointExtension>
            <ns3:hr>149</ns3:hr>
            <ns3:cad>98</ns3:cad>
          </ns3:TrackPointExtension>
        </extensions>
      </trkpt>
      <trkpt lat="51.4751370437443256378173828125" lon="-0.30638362281024456024169921875">
        <ele>6.19999980926513671875</ele>
        <time>2019-11-02T10:43:54.000Z</time>
        <extensions>
          <ns3:TrackPointExtension>
            <ns3:hr>151</ns3:hr>
            <ns3:cad>97</ns3:cad>
          </ns3:TrackPointExtension>
        </extensions>
      </trkpt>
      <trkpt lat="51.47531566210091114044189453125" lon="-0.3062195889651775360107421875">
        <ele>6.400000095367431640625</ele>
        <time>2019-11-02T10:44:00.000Z</time>
        <extensions>
          <ns3:TrackPointExtension>
            <ns3:hr>152</ns3:hr>
            <ns3:cad>98</ns3:cad>
          </ns3:TrackPointExtension>
        </extensions>
      </trkpt>
      <trkpt lat="51.4754922688007354736328125" lon="-0.30605169944465160369873046875">
        <ele>9.3999996185302734375</ele>
        <time>2019-11-02T10:44:05.000Z</time>
        <extensions>
          <ns3:TrackPointExtension>
            <ns3:hr>153</ns3:hr>
            <ns3:cad>97</ns3:cad>
          </ns3:TrackPointExtension>
        </extensions>
      </trkpt>
      <trkpt lat="51.47566837258636951446533203125" lon="-0.305893532931804656982421875">
        <ele>11.3999996185302734375</ele>
        <time>2019-11-02T10:44:10.000Z</time>
        <extensions>
          <ns3:TrackPointExtension>
            <ns3:hr>153</ns3:hr>
            <ns3:cad>98</ns3:cad>
          </ns3:TrackPointExtension>
        </extensions>
      </trkpt>
      <trkpt lat="51.47581757046282291412353515625" lon="-0.30573134310543537139892578125">
        <ele>13</ele>
        <time>2019-11-02T10:44:15.000Z</time>
        <extensions>
          <ns3:TrackPointExtension>
            <ns3:hr>155</ns3:hr>
            <ns3:cad>98</ns3:cad>
          </ns3:TrackPointExtension>
        </extensions>
      </trkpt>
      <trkpt lat="51.47600767202675342559814453125" lon="-0.305575691163539886474609375">
        <ele>13</ele>
        <time>2019-11-02T10:44:20.000Z</time>
        <extensions>
          <ns3:TrackPointExtension>
            <ns3:hr>154</ns3:hr>
            <ns3:cad>97</ns3:cad>
          </ns3:TrackPointExtension>
        </extensions>
      </trkpt>
      <trkpt lat="51.47619643248617649078369140625" lon="-0.30541417188942432403564453125">
        <ele>12.3999996185302734375</ele>
        <time>2019-11-02T10:44:25.000Z</time>
        <extensions>
          <ns3:TrackPointExtension>
            <ns3:hr>152</ns3:hr>
            <ns3:cad>98</ns3:cad>
          </ns3:TrackPointExtension>
        </extensions>
      </trkpt>
      <trkpt lat="51.47638116963207721710205078125" lon="-0.30525374226272106170654296875">
        <ele>11</ele>
        <time>2019-11-02T10:44:30.000Z</time>
        <extensions>
          <ns3:TrackPointExtension>
            <ns3:hr>153</ns3:hr>
            <ns3:cad>99</ns3:cad>
          </ns3:TrackPointExtension>
        </extensions>
      </trkpt>
      <trkpt lat="51.47656439803540706634521484375" lon="-0.30508853495121002197265625">
        <ele>7.19999980926513671875</ele>
        <time>2019-11-02T10:44:35.000Z</time>
        <extensions>
          <ns3:TrackPointExtension>
            <ns3:hr>153</ns3:hr>
            <ns3:cad>99</ns3:cad>
          </ns3:TrackPointExtension>
        </extensions>
      </trkpt>
      <trkpt lat="51.4767232351005077362060546875" lon="-0.30490882694721221923828125">
        <ele>4.599999904632568359375</ele>
        <time>2019-11-02T10:44:40.000Z</time>
        <extensions>
          <ns3:TrackPointExtension>
            <ns3:hr>153</ns3:hr>
            <ns3:cad>99</ns3:cad>
          </ns3:TrackPointExtension>
        </extensions>
      </trkpt>
      <trkpt lat="51.47678551264107227325439453125" lon="-0.3048479743301868438720703125">
        <ele>4.400000095367431640625</ele>
        <time>2019-11-02T10:44:42.000Z</time>
        <extensions>
          <ns3:TrackPointExtension>
            <ns3:hr>153</ns3:hr>
            <ns3:cad>99</ns3:cad>
          </ns3:TrackPointExtension>
        </extensions>
      </trkpt>
      <trkpt lat="51.4769143424928188323974609375" lon="-0.304728113114833831787109375">
        <ele>4</ele>
        <time>2019-11-02T10:44:46.000Z</time>
        <extensions>
          <ns3:TrackPointExtension>
            <ns3:hr>152</ns3:hr>
            <ns3:cad>98</ns3:cad>
          </ns3:TrackPointExtension>
        </extensions>
      </trkpt>
      <trkpt lat="51.47709966637194156646728515625" lon="-0.30454195104539394378662109375">
        <ele>5</ele>
        <time>2019-11-02T10:44:52.000Z</time>
        <extensions>
          <ns3:TrackPointExtension>
            <ns3:hr>151</ns3:hr>
            <ns3:cad>99</ns3:cad>
          </ns3:TrackPointExtension>
        </extensions>
      </trkpt>
      <trkpt lat="51.4772777818143367767333984375" lon="-0.30438579618930816650390625">
        <ele>5.19999980926513671875</ele>
        <time>2019-11-02T10:44:58.000Z</time>
        <extensions>
          <ns3:TrackPointExtension>
            <ns3:hr>151</ns3:hr>
            <ns3:cad>99</ns3:cad>
          </ns3:TrackPointExtension>
        </extensions>
      </trkpt>
      <trkpt lat="51.47745095193386077880859375" lon="-0.304215140640735626220703125">
        <ele>4.599999904632568359375</ele>
        <time>2019-11-02T10:45:04.000Z</time>
        <extensions>
          <ns3:TrackPointExtension>
            <ns3:hr>149</ns3:hr>
            <ns3:cad>99</ns3:cad>
          </ns3:TrackPointExtension>
        </extensions>
      </trkpt>
      <trkpt lat="51.477614901959896087646484375" lon="-0.304042808711528778076171875">
        <ele>4.599999904632568359375</ele>
        <time>2019-11-02T10:45:11.000Z</time>
        <extensions>
          <ns3:TrackPointExtension>
            <ns3:hr>148</ns3:hr>
            <ns3:cad>98</ns3:cad>
          </ns3:TrackPointExtension>
        </extensions>
      </trkpt>
      <trkpt lat="51.4777622558176517486572265625" lon="-0.30385061167180538177490234375">
        <ele>5.80000019073486328125</ele>
        <time>2019-11-02T10:45:17.000Z</time>
        <extensions>
          <ns3:TrackPointExtension>
            <ns3:hr>149</ns3:hr>
            <ns3:cad>98</ns3:cad>
          </ns3:TrackPointExtension>
        </extensions>
      </trkpt>
      <trkpt lat="51.47793768905103206634521484375" lon="-0.30367945320904254913330078125">
        <ele>7.599999904632568359375</ele>
        <time>2019-11-02T10:45:23.000Z</time>
        <extensions>
          <ns3:TrackPointExtension>
            <ns3:hr>147</ns3:hr>
            <ns3:cad>98</ns3:cad>
          </ns3:TrackPointExtension>
        </extensions>
      </trkpt>
      <trkpt lat="51.478013880550861358642578125" lon="-0.30358708463609218597412109375">
        <ele>8.6000003814697265625</ele>
        <time>2019-11-02T10:45:26.000Z</time>
        <extensions>
          <ns3:TrackPointExtension>
            <ns3:hr>152</ns3:hr>
            <ns3:cad>98</ns3:cad>
          </ns3:TrackPointExtension>
        </extensions>
      </trkpt>
      <trkpt lat="51.4780321530997753143310546875" lon="-0.30355791561305522918701171875">
        <ele>9</ele>
        <time>2019-11-02T10:45:27.000Z</time>
        <extensions>
          <ns3:TrackPointExtension>
            <ns3:hr>156</ns3:hr>
            <ns3:cad>98</ns3:cad>
          </ns3:TrackPointExtension>
        </extensions>
      </trkpt>
      <trkpt lat="51.47805838845670223236083984375" lon="-0.30353419482707977294921875">
        <ele>9.19999980926513671875</ele>
        <time>2019-11-02T10:45:28.000Z</time>
        <extensions>
          <ns3:TrackPointExtension>
            <ns3:hr>160</ns3:hr>
            <ns3:cad>97</ns3:cad>
          </ns3:TrackPointExtension>
        </extensions>
      </trkpt>
      <trkpt lat="51.4780988730490207672119140625" lon="-0.303473174571990966796875">
        <ele>9.3999996185302734375</ele>
        <time>2019-11-02T10:45:29.000Z</time>
        <extensions>
          <ns3:TrackPointExtension>
            <ns3:hr>163</ns3:hr>
            <ns3:cad>96</ns3:cad>
          </ns3:TrackPointExtension>
        </extensions>
      </trkpt>
      <trkpt lat="51.4782598055899143218994140625" lon="-0.30330696143209934234619140625">
        <ele>9.3999996185302734375</ele>
        <time>2019-11-02T10:45:35.000Z</time>
        <extensions>
          <ns3:TrackPointExtension>
            <ns3:hr>165</ns3:hr>
            <ns3:cad>97</ns3:cad>
          </ns3:TrackPointExtension>
        </extensions>
      </trkpt>
      <trkpt lat="51.47840841673314571380615234375" lon="-0.30313345603644847869873046875">
        <ele>9.19999980926513671875</ele>
        <time>2019-11-02T10:45:40.000Z</time>
        <extensions>
          <ns3:TrackPointExtension>
            <ns3:hr>163</ns3:hr>
            <ns3:cad>98</ns3:cad>
          </ns3:TrackPointExtension>
        </extensions>
      </trkpt>
      <trkpt lat="51.4785635657608509063720703125" lon="-0.30301409773528575897216796875">
        <ele>8.3999996185302734375</ele>
        <time>2019-11-02T10:45:44.000Z</time>
        <extensions>
          <ns3:TrackPointExtension>
            <ns3:hr>160</ns3:hr>
            <ns3:cad>98</ns3:cad>
          </ns3:TrackPointExtension>
        </extensions>
      </trkpt>
      <trkpt lat="51.47875073365867137908935546875" lon="-0.3028664924204349517822265625">
        <ele>7.80000019073486328125</ele>
        <time>2019-11-02T10:45:49.000Z</time>
        <extensions>
          <ns3:TrackPointExtension>
            <ns3:hr>160</ns3:hr>
            <ns3:cad>97</ns3:cad>
          </ns3:TrackPointExtension>
        </extensions>
      </trkpt>
      <trkpt lat="51.478915773332118988037109375" lon="-0.30271167866885662078857421875">
        <ele>7.80000019073486328125</ele>
        <time>2019-11-02T10:45:54.000Z</time>
        <extensions>
          <ns3:TrackPointExtension>
            <ns3:hr>160</ns3:hr>
            <ns3:cad>98</ns3:cad>
          </ns3:TrackPointExtension>
        </extensions>
      </trkpt>
      <trkpt lat="51.47907829843461513519287109375" lon="-0.302552841603755950927734375">
        <ele>7.19999980926513671875</ele>
        <time>2019-11-02T10:45:59.000Z</time>
        <extensions>
          <ns3:TrackPointExtension>
            <ns3:hr>159</ns3:hr>
            <ns3:cad>97</ns3:cad>
          </ns3:TrackPointExtension>
        </extensions>
      </trkpt>
      <trkpt lat="51.47925297729671001434326171875" lon="-0.302384197711944580078125">
        <ele>7</ele>
        <time>2019-11-02T10:46:04.000Z</time>
        <extensions>
          <ns3:TrackPointExtension>
            <ns3:hr>157</ns3:hr>
            <ns3:cad>97</ns3:cad>
          </ns3:TrackPointExtension>
        </extensions>
      </trkpt>
      <trkpt lat="51.47941005416214466094970703125" lon="-0.30222150497138500213623046875">
        <ele>7.599999904632568359375</ele>
        <time>2019-11-02T10:46:09.000Z</time>
        <extensions>
          <ns3:TrackPointExtension>
            <ns3:hr>156</ns3:hr>
            <ns3:cad>97</ns3:cad>
          </ns3:TrackPointExtension>
        </extensions>
      </trkpt>
      <trkpt lat="51.4795593358576297760009765625" lon="-0.30203877948224544525146484375">
        <ele>9.80000019073486328125</ele>
        <time>2019-11-02T10:46:15.000Z</time>
        <extensions>
          <ns3:TrackPointExtension>
            <ns3:hr>156</ns3:hr>
            <ns3:cad>97</ns3:cad>
          </ns3:TrackPointExtension>
        </extensions>
      </trkpt>
      <trkpt lat="51.47970777936279773712158203125" lon="-0.3018603287637233734130859375">
        <ele>12.3999996185302734375</ele>
        <time>2019-11-02T10:46:20.000Z</time>
        <extensions>
          <ns3:TrackPointExtension>
            <ns3:hr>156</ns3:hr>
            <ns3:cad>97</ns3:cad>
          </ns3:TrackPointExtension>
        </extensions>
      </trkpt>
      <trkpt lat="51.47987357340753078460693359375" lon="-0.30169227160513401031494140625">
        <ele>12.6000003814697265625</ele>
        <time>2019-11-02T10:46:25.000Z</time>
        <extensions>
          <ns3:TrackPointExtension>
            <ns3:hr>155</ns3:hr>
            <ns3:cad>97</ns3:cad>
          </ns3:TrackPointExtension>
        </extensions>
      </trkpt>
      <trkpt lat="51.4800225198268890380859375" lon="-0.3014958836138248443603515625">
        <ele>12.3999996185302734375</ele>
        <time>2019-11-02T10:46:30.000Z</time>
        <extensions>
          <ns3:TrackPointExtension>
            <ns3:hr>154</ns3:hr>
            <ns3:cad>97</ns3:cad>
          </ns3:TrackPointExtension>
        </extensions>
      </trkpt>
      <trkpt lat="51.4801557920873165130615234375" lon="-0.3013014234602451324462890625">
        <ele>11.19999980926513671875</ele>
        <time>2019-11-02T10:46:35.000Z</time>
        <extensions>
          <ns3:TrackPointExtension>
            <ns3:hr>155</ns3:hr>
            <ns3:cad>97</ns3:cad>
          </ns3:TrackPointExtension>
        </extensions>
      </trkpt>
      <trkpt lat="51.48025922477245330810546875" lon="-0.3011753596365451812744140625">
        <ele>9.80000019073486328125</ele>
        <time>2019-11-02T10:46:39.000Z</time>
        <extensions>
          <ns3:TrackPointExtension>
            <ns3:hr>154</ns3:hr>
            <ns3:cad>98</ns3:cad>
          </ns3:TrackPointExtension>
        </extensions>
      </trkpt>
      <trkpt lat="51.4803978614509105682373046875" lon="-0.3009731881320476531982421875">
        <ele>9.3999996185302734375</ele>
        <time>2019-11-02T10:46:45.000Z</time>
        <extensions>
          <ns3:TrackPointExtension>
            <ns3:hr>154</ns3:hr>
            <ns3:cad>97</ns3:cad>
          </ns3:TrackPointExtension>
        </extensions>
      </trkpt>
      <trkpt lat="51.48053943179547786712646484375" lon="-0.300781242549419403076171875">
        <ele>9</ele>
        <time>2019-11-02T10:46:50.000Z</time>
        <extensions>
          <ns3:TrackPointExtension>
            <ns3:hr>153</ns3:hr>
            <ns3:cad>98</ns3:cad>
          </ns3:TrackPointExtension>
        </extensions>
      </trkpt>
      <trkpt lat="51.48068594746291637420654296875" lon="-0.300533808767795562744140625">
        <ele>9.80000019073486328125</ele>
        <time>2019-11-02T10:46:56.000Z</time>
        <extensions>
          <ns3:TrackPointExtension>
            <ns3:hr>153</ns3:hr>
            <ns3:cad>97</ns3:cad>
          </ns3:TrackPointExtension>
        </extensions>
      </trkpt>
      <trkpt lat="51.48087135516107082366943359375" lon="-0.30034295283257961273193359375">
        <ele>11.19999980926513671875</ele>
        <time>2019-11-02T10:47:01.000Z</time>
        <extensions>
          <ns3:TrackPointExtension>
            <ns3:hr>154</ns3:hr>
            <ns3:cad>98</ns3:cad>
          </ns3:TrackPointExtension>
        </extensions>
      </trkpt>
      <trkpt lat="51.4810154400765895843505859375" lon="-0.30015888623893260955810546875">
        <ele>12</ele>
        <time>2019-11-02T10:47:06.000Z</time>
        <extensions>
          <ns3:TrackPointExtension>
            <ns3:hr>155</ns3:hr>
            <ns3:cad>98</ns3:cad>
          </ns3:TrackPointExtension>
        </extensions>
      </trkpt>
      <trkpt lat="51.48118550889194011688232421875" lon="-0.2999673597514629364013671875">
        <ele>11.19999980926513671875</ele>
        <time>2019-11-02T10:47:11.000Z</time>
        <extensions>
          <ns3:TrackPointExtension>
            <ns3:hr>155</ns3:hr>
            <ns3:cad>98</ns3:cad>
          </ns3:TrackPointExtension>
        </extensions>
      </trkpt>
      <trkpt lat="51.481349207460880279541015625" lon="-0.29975068755447864532470703125">
        <ele>9.3999996185302734375</ele>
        <time>2019-11-02T10:47:17.000Z</time>
        <extensions>
          <ns3:TrackPointExtension>
            <ns3:hr>156</ns3:hr>
            <ns3:cad>98</ns3:cad>
          </ns3:TrackPointExtension>
        </extensions>
      </trkpt>
      <trkpt lat="51.48149480111896991729736328125" lon="-0.29951549135148525238037109375">
        <ele>8.80000019073486328125</ele>
        <time>2019-11-02T10:47:23.000Z</time>
        <extensions>
          <ns3:TrackPointExtension>
            <ns3:hr>154</ns3:hr>
            <ns3:cad>98</ns3:cad>
          </ns3:TrackPointExtension>
        </extensions>
      </trkpt>
      <trkpt lat="51.4816584996879100799560546875" lon="-0.299301333725452423095703125">
        <ele>9.6000003814697265625</ele>
        <time>2019-11-02T10:47:29.000Z</time>
        <extensions>
          <ns3:TrackPointExtension>
            <ns3:hr>153</ns3:hr>
            <ns3:cad>97</ns3:cad>
          </ns3:TrackPointExtension>
        </extensions>
      </trkpt>
      <trkpt lat="51.48182940669357776641845703125" lon="-0.29913176782429218292236328125">
        <ele>10.80000019073486328125</ele>
        <time>2019-11-02T10:47:34.000Z</time>
        <extensions>
          <ns3:TrackPointExtension>
            <ns3:hr>154</ns3:hr>
            <ns3:cad>97</ns3:cad>
          </ns3:TrackPointExtension>
        </extensions>
      </trkpt>
      <trkpt lat="51.48199595510959625244140625" lon="-0.2989712543785572052001953125">
        <ele>10.80000019073486328125</ele>
        <time>2019-11-02T10:47:39.000Z</time>
        <extensions>
          <ns3:TrackPointExtension>
            <ns3:hr>155</ns3:hr>
            <ns3:cad>97</ns3:cad>
          </ns3:TrackPointExtension>
        </extensions>
      </trkpt>
      <trkpt lat="51.4821374416351318359375" lon="-0.2987833321094512939453125">
        <ele>9.80000019073486328125</ele>
        <time>2019-11-02T10:47:44.000Z</time>
        <extensions>
          <ns3:TrackPointExtension>
            <ns3:hr>156</ns3:hr>
            <ns3:cad>97</ns3:cad>
          </ns3:TrackPointExtension>
        </extensions>
      </trkpt>
      <trkpt lat="51.48230030201375484466552734375" lon="-0.2986242435872554779052734375">
        <ele>7.80000019073486328125</ele>
        <time>2019-11-02T10:47:49.000Z</time>
        <extensions>
          <ns3:TrackPointExtension>
            <ns3:hr>155</ns3:hr>
            <ns3:cad>98</ns3:cad>
          </ns3:TrackPointExtension>
        </extensions>
      </trkpt>
      <trkpt lat="51.4824802614748477935791015625" lon="-0.29844830743968486785888671875">
        <ele>5.599999904632568359375</ele>
        <time>2019-11-02T10:47:55.000Z</time>
        <extensions>
          <ns3:TrackPointExtension>
            <ns3:hr>155</ns3:hr>
            <ns3:cad>98</ns3:cad>
          </ns3:TrackPointExtension>
        </extensions>
      </trkpt>
      <trkpt lat="51.482658125460147857666015625" lon="-0.29829072766005992889404296875">
        <ele>4.80000019073486328125</ele>
        <time>2019-11-02T10:48:00.000Z</time>
        <extensions>
          <ns3:TrackPointExtension>
            <ns3:hr>157</ns3:hr>
            <ns3:cad>97</ns3:cad>
          </ns3:TrackPointExtension>
        </extensions>
      </trkpt>
      <trkpt lat="51.48283171467483043670654296875" lon="-0.2981127798557281494140625">
        <ele>4.80000019073486328125</ele>
        <time>2019-11-02T10:48:05.000Z</time>
        <extensions>
          <ns3:TrackPointExtension>
            <ns3:hr>157</ns3:hr>
            <ns3:cad>96</ns3:cad>
          </ns3:TrackPointExtension>
        </extensions>
      </trkpt>
      <trkpt lat="51.48298795334994792938232421875" lon="-0.2979290485382080078125">
        <ele>4.80000019073486328125</ele>
        <time>2019-11-02T10:48:10.000Z</time>
        <extensions>
          <ns3:TrackPointExtension>
            <ns3:hr>156</ns3:hr>
            <ns3:cad>98</ns3:cad>
          </ns3:TrackPointExtension>
        </extensions>
      </trkpt>
      <trkpt lat="51.48312474600970745086669921875" lon="-0.29774129390716552734375">
        <ele>4.400000095367431640625</ele>
        <time>2019-11-02T10:48:15.000Z</time>
        <extensions>
          <ns3:TrackPointExtension>
            <ns3:hr>155</ns3:hr>
            <ns3:cad>97</ns3:cad>
          </ns3:TrackPointExtension>
        </extensions>
      </trkpt>
      <trkpt lat="51.4832855947315692901611328125" lon="-0.2975698001682758331298828125">
        <ele>3.7999999523162841796875</ele>
        <time>2019-11-02T10:48:20.000Z</time>
        <extensions>
          <ns3:TrackPointExtension>
            <ns3:hr>154</ns3:hr>
            <ns3:cad>97</ns3:cad>
          </ns3:TrackPointExtension>
        </extensions>
      </trkpt>
      <trkpt lat="51.483450047671794891357421875" lon="-0.29739118181169033050537109375">
        <ele>4.19999980926513671875</ele>
        <time>2019-11-02T10:48:25.000Z</time>
        <extensions>
          <ns3:TrackPointExtension>
            <ns3:hr>154</ns3:hr>
            <ns3:cad>97</ns3:cad>
          </ns3:TrackPointExtension>
        </extensions>
      </trkpt>
      <trkpt lat="51.4836074598133563995361328125" lon="-0.29717107303440570831298828125">
        <ele>5</ele>
        <time>2019-11-02T10:48:31.000Z</time>
        <extensions>
          <ns3:TrackPointExtension>
            <ns3:hr>155</ns3:hr>
            <ns3:cad>97</ns3:cad>
          </ns3:TrackPointExtension>
        </extensions>
      </trkpt>
      <trkpt lat="51.48373536765575408935546875" lon="-0.2969555743038654327392578125">
        <ele>6.599999904632568359375</ele>
        <time>2019-11-02T10:48:36.000Z</time>
        <extensions>
          <ns3:TrackPointExtension>
            <ns3:hr>154</ns3:hr>
            <ns3:cad>97</ns3:cad>
          </ns3:TrackPointExtension>
        </extensions>
      </trkpt>
      <trkpt lat="51.48387257941067218780517578125" lon="-0.29670001007616519927978515625">
        <ele>7.599999904632568359375</ele>
        <time>2019-11-02T10:48:42.000Z</time>
        <extensions>
          <ns3:TrackPointExtension>
            <ns3:hr>154</ns3:hr>
            <ns3:cad>98</ns3:cad>
          </ns3:TrackPointExtension>
        </extensions>
      </trkpt>
      <trkpt lat="51.4840004034340381622314453125" lon="-0.29649046249687671661376953125">
        <ele>8.80000019073486328125</ele>
        <time>2019-11-02T10:48:47.000Z</time>
        <extensions>
          <ns3:TrackPointExtension>
            <ns3:hr>154</ns3:hr>
            <ns3:cad>97</ns3:cad>
          </ns3:TrackPointExtension>
        </extensions>
      </trkpt>
      <trkpt lat="51.48412453942000865936279296875" lon="-0.296236574649810791015625">
        <ele>10.19999980926513671875</ele>
        <time>2019-11-02T10:48:53.000Z</time>
        <extensions>
          <ns3:TrackPointExtension>
            <ns3:hr>153</ns3:hr>
            <ns3:cad>97</ns3:cad>
          </ns3:TrackPointExtension>
        </extensions>
      </trkpt>
      <trkpt lat="51.48426082916557788848876953125" lon="-0.29598805122077465057373046875">
        <ele>11.3999996185302734375</ele>
        <time>2019-11-02T10:48:59.000Z</time>
        <extensions>
          <ns3:TrackPointExtension>
            <ns3:hr>156</ns3:hr>
            <ns3:cad>98</ns3:cad>
          </ns3:TrackPointExtension>
        </extensions>
      </trkpt>
      <trkpt lat="51.4843913353979587554931640625" lon="-0.2957697026431560516357421875">
        <ele>11.80000019073486328125</ele>
        <time>2019-11-02T10:49:04.000Z</time>
        <extensions>
          <ns3:TrackPointExtension>
            <ns3:hr>156</ns3:hr>
            <ns3:cad>97</ns3:cad>
          </ns3:TrackPointExtension>
        </extensions>
      </trkpt>
      <trkpt lat="51.484519578516483306884765625" lon="-0.29556334018707275390625">
        <ele>11.80000019073486328125</ele>
        <time>2019-11-02T10:49:09.000Z</time>
        <extensions>
          <ns3:TrackPointExtension>
            <ns3:hr>155</ns3:hr>
            <ns3:cad>98</ns3:cad>
          </ns3:TrackPointExtension>
        </extensions>
      </trkpt>
      <trkpt lat="51.48465335369110107421875" lon="-0.29534683562815189361572265625">
        <ele>12.3999996185302734375</ele>
        <time>2019-11-02T10:49:14.000Z</time>
        <extensions>
          <ns3:TrackPointExtension>
            <ns3:hr>155</ns3:hr>
            <ns3:cad>98</ns3:cad>
          </ns3:TrackPointExtension>
        </extensions>
      </trkpt>
      <trkpt lat="51.48479442112147808074951171875" lon="-0.2951199375092983245849609375">
        <ele>12.80000019073486328125</ele>
        <time>2019-11-02T10:49:20.000Z</time>
        <extensions>
          <ns3:TrackPointExtension>
            <ns3:hr>154</ns3:hr>
            <ns3:cad>97</ns3:cad>
          </ns3:TrackPointExtension>
        </extensions>
      </trkpt>
      <trkpt lat="51.4849076606333255767822265625" lon="-0.2948634512722492218017578125">
        <ele>12.6000003814697265625</ele>
        <time>2019-11-02T10:49:26.000Z</time>
        <extensions>
          <ns3:TrackPointExtension>
            <ns3:hr>155</ns3:hr>
            <ns3:cad>97</ns3:cad>
          </ns3:TrackPointExtension>
        </extensions>
      </trkpt>
      <trkpt lat="51.48502961732447147369384765625" lon="-0.29464610852301120758056640625">
        <ele>12.6000003814697265625</ele>
        <time>2019-11-02T10:49:31.000Z</time>
        <extensions>
          <ns3:TrackPointExtension>
            <ns3:hr>154</ns3:hr>
            <ns3:cad>97</ns3:cad>
          </ns3:TrackPointExtension>
        </extensions>
      </trkpt>
      <trkpt lat="51.48514914326369762420654296875" lon="-0.2944215573370456695556640625">
        <ele>10.19999980926513671875</ele>
        <time>2019-11-02T10:49:36.000Z</time>
        <extensions>
          <ns3:TrackPointExtension>
            <ns3:hr>156</ns3:hr>
            <ns3:cad>96</ns3:cad>
          </ns3:TrackPointExtension>
        </extensions>
      </trkpt>
      <trkpt lat="51.4852409251034259796142578125" lon="-0.29416649602353572845458984375">
        <ele>8.3999996185302734375</ele>
        <time>2019-11-02T10:49:41.000Z</time>
        <extensions>
          <ns3:TrackPointExtension>
            <ns3:hr>156</ns3:hr>
            <ns3:cad>96</ns3:cad>
          </ns3:TrackPointExtension>
        </extensions>
      </trkpt>
      <trkpt lat="51.48533287458121776580810546875" lon="-0.2938990294933319091796875">
        <ele>6.400000095367431640625</ele>
        <time>2019-11-02T10:49:46.000Z</time>
        <extensions>
          <ns3:TrackPointExtension>
            <ns3:hr>156</ns3:hr>
            <ns3:cad>96</ns3:cad>
          </ns3:TrackPointExtension>
        </extensions>
      </trkpt>
      <trkpt lat="51.48540277965366840362548828125" lon="-0.29362200759351253509521484375">
        <ele>5.599999904632568359375</ele>
        <time>2019-11-02T10:49:51.000Z</time>
        <extensions>
          <ns3:TrackPointExtension>
            <ns3:hr>155</ns3:hr>
            <ns3:cad>97</ns3:cad>
          </ns3:TrackPointExtension>
        </extensions>
      </trkpt>
      <trkpt lat="51.485463045537471771240234375" lon="-0.29334205202758312225341796875">
        <ele>4.599999904632568359375</ele>
        <time>2019-11-02T10:49:56.000Z</time>
        <extensions>
          <ns3:TrackPointExtension>
            <ns3:hr>154</ns3:hr>
            <ns3:cad>97</ns3:cad>
          </ns3:TrackPointExtension>
        </extensions>
      </trkpt>
      <trkpt lat="51.4855205453932285308837890625" lon="-0.29305103234946727752685546875">
        <ele>3.400000095367431640625</ele>
        <time>2019-11-02T10:50:01.000Z</time>
        <extensions>
          <ns3:TrackPointExtension>
            <ns3:hr>157</ns3:hr>
            <ns3:cad>97</ns3:cad>
          </ns3:TrackPointExtension>
        </extensions>
      </trkpt>
      <trkpt lat="51.48561425507068634033203125" lon="-0.2927726693451404571533203125">
        <ele>3.2000000476837158203125</ele>
        <time>2019-11-02T10:50:06.000Z</time>
        <extensions>
          <ns3:TrackPointExtension>
            <ns3:hr>158</ns3:hr>
            <ns3:cad>96</ns3:cad>
          </ns3:TrackPointExtension>
        </extensions>
      </trkpt>
      <trkpt lat="51.485695056617259979248046875" lon="-0.292499251663684844970703125">
        <ele>3</ele>
        <time>2019-11-02T10:50:11.000Z</time>
        <extensions>
          <ns3:TrackPointExtension>
            <ns3:hr>157</ns3:hr>
            <ns3:cad>96</ns3:cad>
          </ns3:TrackPointExtension>
        </extensions>
      </trkpt>
      <trkpt lat="51.48576403968036174774169921875" lon="-0.29220798052847385406494140625">
        <ele>2.400000095367431640625</ele>
        <time>2019-11-02T10:50:16.000Z</time>
        <extensions>
          <ns3:TrackPointExtension>
            <ns3:hr>157</ns3:hr>
            <ns3:cad>97</ns3:cad>
          </ns3:TrackPointExtension>
        </extensions>
      </trkpt>
      <trkpt lat="51.48583821952342987060546875" lon="-0.2919329702854156494140625">
        <ele>2.2000000476837158203125</ele>
        <time>2019-11-02T10:50:21.000Z</time>
        <extensions>
          <ns3:TrackPointExtension>
            <ns3:hr>155</ns3:hr>
            <ns3:cad>97</ns3:cad>
          </ns3:TrackPointExtension>
        </extensions>
      </trkpt>
      <trkpt lat="51.48590527474880218505859375" lon="-0.2916565351188182830810546875">
        <ele>3.400000095367431640625</ele>
        <time>2019-11-02T10:50:26.000Z</time>
        <extensions>
          <ns3:TrackPointExtension>
            <ns3:hr>154</ns3:hr>
            <ns3:cad>96</ns3:cad>
          </ns3:TrackPointExtension>
        </extensions>
      </trkpt>
      <trkpt lat="51.4859590865671634674072265625" lon="-0.29136526398360729217529296875">
        <ele>5.19999980926513671875</ele>
        <time>2019-11-02T10:50:31.000Z</time>
        <extensions>
          <ns3:TrackPointExtension>
            <ns3:hr>155</ns3:hr>
            <ns3:cad>98</ns3:cad>
          </ns3:TrackPointExtension>
        </extensions>
      </trkpt>
      <trkpt lat="51.486045420169830322265625" lon="-0.29105630703270435333251953125">
        <ele>6.80000019073486328125</ele>
        <time>2019-11-02T10:50:37.000Z</time>
        <extensions>
          <ns3:TrackPointExtension>
            <ns3:hr>155</ns3:hr>
            <ns3:cad>96</ns3:cad>
          </ns3:TrackPointExtension>
        </extensions>
      </trkpt>
      <trkpt lat="51.486156396567821502685546875" lon="-0.29076822102069854736328125">
        <ele>8.19999980926513671875</ele>
        <time>2019-11-02T10:50:43.000Z</time>
        <extensions>
          <ns3:TrackPointExtension>
            <ns3:hr>154</ns3:hr>
            <ns3:cad>97</ns3:cad>
          </ns3:TrackPointExtension>
        </extensions>
      </trkpt>
      <trkpt lat="51.486239545047283172607421875" lon="-0.29045934788882732391357421875">
        <ele>8.6000003814697265625</ele>
        <time>2019-11-02T10:50:49.000Z</time>
        <extensions>
          <ns3:TrackPointExtension>
            <ns3:hr>157</ns3:hr>
            <ns3:cad>97</ns3:cad>
          </ns3:TrackPointExtension>
        </extensions>
      </trkpt>
      <trkpt lat="51.486303247511386871337890625" lon="-0.29020420275628566741943359375">
        <ele>7.80000019073486328125</ele>
        <time>2019-11-02T10:50:54.000Z</time>
        <extensions>
          <ns3:TrackPointExtension>
            <ns3:hr>160</ns3:hr>
            <ns3:cad>97</ns3:cad>
          </ns3:TrackPointExtension>
        </extensions>
      </trkpt>
      <trkpt lat="51.4863493479788303375244140625" lon="-0.2898906357586383819580078125">
        <ele>5.80000019073486328125</ele>
        <time>2019-11-02T10:51:00.000Z</time>
        <extensions>
          <ns3:TrackPointExtension>
            <ns3:hr>158</ns3:hr>
            <ns3:cad>97</ns3:cad>
          </ns3:TrackPointExtension>
        </extensions>
      </trkpt>
      <trkpt lat="51.486389748752117156982421875" lon="-0.2895994484424591064453125">
        <ele>3.7999999523162841796875</ele>
        <time>2019-11-02T10:51:06.000Z</time>
        <extensions>
          <ns3:TrackPointExtension>
            <ns3:hr>156</ns3:hr>
            <ns3:cad>96</ns3:cad>
          </ns3:TrackPointExtension>
        </extensions>
      </trkpt>
      <trkpt lat="51.4863982982933521270751953125" lon="-0.28930633328855037689208984375">
        <ele>3</ele>
        <time>2019-11-02T10:51:11.000Z</time>
        <extensions>
          <ns3:TrackPointExtension>
            <ns3:hr>156</ns3:hr>
            <ns3:cad>97</ns3:cad>
          </ns3:TrackPointExtension>
        </extensions>
      </trkpt>
      <trkpt lat="51.486400477588176727294921875" lon="-0.28901313431560993194580078125">
        <ele>3</ele>
        <time>2019-11-02T10:51:16.000Z</time>
        <extensions>
          <ns3:TrackPointExtension>
            <ns3:hr>158</ns3:hr>
            <ns3:cad>97</ns3:cad>
          </ns3:TrackPointExtension>
        </extensions>
      </trkpt>
      <trkpt lat="51.486404500901699066162109375" lon="-0.28869277797639369964599609375">
        <ele>3</ele>
        <time>2019-11-02T10:51:21.000Z</time>
        <extensions>
          <ns3:TrackPointExtension>
            <ns3:hr>157</ns3:hr>
            <ns3:cad>97</ns3:cad>
          </ns3:TrackPointExtension>
        </extensions>
      </trkpt>
      <trkpt lat="51.48645470850169658660888671875" lon="-0.28835683129727840423583984375">
        <ele>3.400000095367431640625</ele>
        <time>2019-11-02T10:51:27.000Z</time>
        <extensions>
          <ns3:TrackPointExtension>
            <ns3:hr>155</ns3:hr>
            <ns3:cad>97</ns3:cad>
          </ns3:TrackPointExtension>
        </extensions>
      </trkpt>
      <trkpt lat="51.48646107874810695648193359375" lon="-0.2880476228892803192138671875">
        <ele>4.599999904632568359375</ele>
        <time>2019-11-02T10:51:32.000Z</time>
        <extensions>
          <ns3:TrackPointExtension>
            <ns3:hr>157</ns3:hr>
            <ns3:cad>98</ns3:cad>
          </ns3:TrackPointExtension>
        </extensions>
      </trkpt>
      <trkpt lat="51.48647096939384937286376953125" lon="-0.28772030957043170928955078125">
        <ele>5</ele>
        <time>2019-11-02T10:51:38.000Z</time>
        <extensions>
          <ns3:TrackPointExtension>
            <ns3:hr>157</ns3:hr>
            <ns3:cad>98</ns3:cad>
          </ns3:TrackPointExtension>
        </extensions>
      </trkpt>
      <trkpt lat="51.48644783534109592437744140625" lon="-0.28736659325659275054931640625">
        <ele>4.80000019073486328125</ele>
        <time>2019-11-02T10:51:45.000Z</time>
        <extensions>
          <ns3:TrackPointExtension>
            <ns3:hr>156</ns3:hr>
            <ns3:cad>96</ns3:cad>
          </ns3:TrackPointExtension>
        </extensions>
      </trkpt>
      <trkpt lat="51.486474573612213134765625" lon="-0.2870595641434192657470703125">
        <ele>3.400000095367431640625</ele>
        <time>2019-11-02T10:51:50.000Z</time>
        <extensions>
          <ns3:TrackPointExtension>
            <ns3:hr>156</ns3:hr>
            <ns3:cad>97</ns3:cad>
          </ns3:TrackPointExtension>
        </extensions>
      </trkpt>
      <trkpt lat="51.48644431494176387786865234375" lon="-0.286727808415889739990234375">
        <ele>3.599999904632568359375</ele>
        <time>2019-11-02T10:51:56.000Z</time>
        <extensions>
          <ns3:TrackPointExtension>
            <ns3:hr>157</ns3:hr>
            <ns3:cad>96</ns3:cad>
          </ns3:TrackPointExtension>
        </extensions>
      </trkpt>
      <trkpt lat="51.48641598410904407501220703125" lon="-0.28643243014812469482421875">
        <ele>3.2000000476837158203125</ele>
        <time>2019-11-02T10:52:02.000Z</time>
        <extensions>
          <ns3:TrackPointExtension>
            <ns3:hr>156</ns3:hr>
            <ns3:cad>97</ns3:cad>
          </ns3:TrackPointExtension>
        </extensions>
      </trkpt>
      <trkpt lat="51.4863815344870090484619140625" lon="-0.28609774075448513031005859375">
        <ele>3.7999999523162841796875</ele>
        <time>2019-11-02T10:52:08.000Z</time>
        <extensions>
          <ns3:TrackPointExtension>
            <ns3:hr>155</ns3:hr>
            <ns3:cad>97</ns3:cad>
          </ns3:TrackPointExtension>
        </extensions>
      </trkpt>
      <trkpt lat="51.48632043041288852691650390625" lon="-0.2857969142496585845947265625">
        <ele>4.19999980926513671875</ele>
        <time>2019-11-02T10:52:13.000Z</time>
        <extensions>
          <ns3:TrackPointExtension>
            <ns3:hr>155</ns3:hr>
            <ns3:cad>98</ns3:cad>
          </ns3:TrackPointExtension>
        </extensions>
      </trkpt>
      <trkpt lat="51.48623049259185791015625" lon="-0.285475216805934906005859375">
        <ele>4.599999904632568359375</ele>
        <time>2019-11-02T10:52:19.000Z</time>
        <extensions>
          <ns3:TrackPointExtension>
            <ns3:hr>156</ns3:hr>
            <ns3:cad>98</ns3:cad>
          </ns3:TrackPointExtension>
        </extensions>
      </trkpt>
      <trkpt lat="51.48615472018718719482421875" lon="-0.28518428094685077667236328125">
        <ele>3.7999999523162841796875</ele>
        <time>2019-11-02T10:52:24.000Z</time>
        <extensions>
          <ns3:TrackPointExtension>
            <ns3:hr>158</ns3:hr>
            <ns3:cad>98</ns3:cad>
          </ns3:TrackPointExtension>
        </extensions>
      </trkpt>
      <trkpt lat="51.4861092902719974517822265625" lon="-0.285019241273403167724609375">
        <ele>4</ele>
        <time>2019-11-02T10:52:27.000Z</time>
        <extensions>
          <ns3:TrackPointExtension>
            <ns3:hr>164</ns3:hr>
            <ns3:cad>97</ns3:cad>
          </ns3:TrackPointExtension>
        </extensions>
      </trkpt>
      <trkpt lat="51.48600225336849689483642578125" lon="-0.28472009114921092987060546875">
        <ele>3.2000000476837158203125</ele>
        <time>2019-11-02T10:52:33.000Z</time>
        <extensions>
          <ns3:TrackPointExtension>
            <ns3:hr>165</ns3:hr>
            <ns3:cad>98</ns3:cad>
          </ns3:TrackPointExtension>
        </extensions>
      </trkpt>
      <trkpt lat="51.48586764000356197357177734375" lon="-0.28445388190448284149169921875">
        <ele>1.39999997615814208984375</ele>
        <time>2019-11-02T10:52:39.000Z</time>
        <extensions>
          <ns3:TrackPointExtension>
            <ns3:hr>165</ns3:hr>
            <ns3:cad>97</ns3:cad>
          </ns3:TrackPointExtension>
        </extensions>
      </trkpt>
      <trkpt lat="51.485721208155155181884765625" lon="-0.284232683479785919189453125">
        <ele>1.60000002384185791015625</ele>
        <time>2019-11-02T10:52:44.000Z</time>
        <extensions>
          <ns3:TrackPointExtension>
            <ns3:hr>163</ns3:hr>
            <ns3:cad>96</ns3:cad>
          </ns3:TrackPointExtension>
        </extensions>
      </trkpt>
      <trkpt lat="51.48563210852444171905517578125" lon="-0.2840821444988250732421875">
        <ele>3</ele>
        <time>2019-11-02T10:52:48.000Z</time>
        <extensions>
          <ns3:TrackPointExtension>
            <ns3:hr>160</ns3:hr>
            <ns3:cad>97</ns3:cad>
          </ns3:TrackPointExtension>
        </extensions>
      </trkpt>
      <trkpt lat="51.4854655601084232330322265625" lon="-0.2839200384914875030517578125">
        <ele>6.19999980926513671875</ele>
        <time>2019-11-02T10:52:53.000Z</time>
        <extensions>
          <ns3:TrackPointExtension>
            <ns3:hr>159</ns3:hr>
            <ns3:cad>97</ns3:cad>
          </ns3:TrackPointExtension>
        </extensions>
      </trkpt>
      <trkpt lat="51.4853177033364772796630859375" lon="-0.28374728746712207794189453125">
        <ele>8</ele>
        <time>2019-11-02T10:52:58.000Z</time>
        <extensions>
          <ns3:TrackPointExtension>
            <ns3:hr>157</ns3:hr>
            <ns3:cad>96</ns3:cad>
          </ns3:TrackPointExtension>
        </extensions>
      </trkpt>
      <trkpt lat="51.48516590707004070281982421875" lon="-0.283507816493511199951171875">
        <ele>7.599999904632568359375</ele>
        <time>2019-11-02T10:53:04.000Z</time>
        <extensions>
          <ns3:TrackPointExtension>
            <ns3:hr>156</ns3:hr>
            <ns3:cad>97</ns3:cad>
          </ns3:TrackPointExtension>
        </extensions>
      </trkpt>
      <trkpt lat="51.48503380827605724334716796875" lon="-0.283270440995693206787109375">
        <ele>7.19999980926513671875</ele>
        <time>2019-11-02T10:53:10.000Z</time>
        <extensions>
          <ns3:TrackPointExtension>
            <ns3:hr>155</ns3:hr>
            <ns3:cad>96</ns3:cad>
          </ns3:TrackPointExtension>
        </extensions>
      </trkpt>
      <trkpt lat="51.48491461761295795440673828125" lon="-0.28299249708652496337890625">
        <ele>6.400000095367431640625</ele>
        <time>2019-11-02T10:53:16.000Z</time>
        <extensions>
          <ns3:TrackPointExtension>
            <ns3:hr>157</ns3:hr>
            <ns3:cad>97</ns3:cad>
          </ns3:TrackPointExtension>
        </extensions>
      </trkpt>
      <trkpt lat="51.48489450104534626007080078125" lon="-0.28294765390455722808837890625">
        <ele>6.599999904632568359375</ele>
        <time>2019-11-02T10:53:17.000Z</time>
        <extensions>
          <ns3:TrackPointExtension>
            <ns3:hr>157</ns3:hr>
            <ns3:cad>97</ns3:cad>
          </ns3:TrackPointExtension>
        </extensions>
      </trkpt>
      <trkpt lat="51.4847634918987751007080078125" lon="-0.282671637833118438720703125">
        <ele>7</ele>
        <time>2019-11-02T10:53:23.000Z</time>
        <extensions>
          <ns3:TrackPointExtension>
            <ns3:hr>156</ns3:hr>
            <ns3:cad>97</ns3:cad>
          </ns3:TrackPointExtension>
        </extensions>
      </trkpt>
      <trkpt lat="51.48462896235287189483642578125" lon="-0.282407440245151519775390625">
        <ele>6.599999904632568359375</ele>
        <time>2019-11-02T10:53:30.000Z</time>
        <extensions>
          <ns3:TrackPointExtension>
            <ns3:hr>154</ns3:hr>
            <ns3:cad>98</ns3:cad>
          </ns3:TrackPointExtension>
        </extensions>
      </trkpt>
      <trkpt lat="51.48452066816389560699462890625" lon="-0.2821348607540130615234375">
        <ele>4.400000095367431640625</ele>
        <time>2019-11-02T10:53:33.000Z</time>
        <extensions>
          <ns3:TrackPointExtension>
            <ns3:hr>154</ns3:hr>
            <ns3:cad>98</ns3:cad>
          </ns3:TrackPointExtension>
        </extensions>
      </trkpt>
      <trkpt lat="51.48441798985004425048828125" lon="-0.2818875946104526519775390625">
        <ele>3</ele>
        <time>2019-11-02T10:53:37.000Z</time>
        <extensions>
          <ns3:TrackPointExtension>
            <ns3:hr>156</ns3:hr>
            <ns3:cad>98</ns3:cad>
          </ns3:TrackPointExtension>
        </extensions>
      </trkpt>
      <trkpt lat="51.4843078516423702239990234375" lon="-0.2816440165042877197265625">
        <ele>3.7999999523162841796875</ele>
        <time>2019-11-02T10:53:42.000Z</time>
        <extensions>
          <ns3:TrackPointExtension>
            <ns3:hr>155</ns3:hr>
            <ns3:cad>97</ns3:cad>
          </ns3:TrackPointExtension>
        </extensions>
      </trkpt>
      <trkpt lat="51.48419779725372791290283203125" lon="-0.2814106643199920654296875">
        <ele>4.80000019073486328125</ele>
        <time>2019-11-02T10:53:47.000Z</time>
        <extensions>
          <ns3:TrackPointExtension>
            <ns3:hr>154</ns3:hr>
            <ns3:cad>97</ns3:cad>
          </ns3:TrackPointExtension>
        </extensions>
      </trkpt>
      <trkpt lat="51.4840832166373729705810546875" lon="-0.28115778230130672454833984375">
        <ele>4.599999904632568359375</ele>
        <time>2019-11-02T10:53:53.000Z</time>
        <extensions>
          <ns3:TrackPointExtension>
            <ns3:hr>153</ns3:hr>
            <ns3:cad>98</ns3:cad>
          </ns3:TrackPointExtension>
        </extensions>
      </trkpt>
      <trkpt lat="51.48397701792418956756591796875" lon="-0.2808800898492336273193359375">
        <ele>3.7999999523162841796875</ele>
        <time>2019-11-02T10:53:59.000Z</time>
        <extensions>
          <ns3:TrackPointExtension>
            <ns3:hr>155</ns3:hr>
            <ns3:cad>97</ns3:cad>
          </ns3:TrackPointExtension>
        </extensions>
      </trkpt>
      <trkpt lat="51.4838686399161815643310546875" lon="-0.2806487493216991424560546875">
        <ele>3.599999904632568359375</ele>
        <time>2019-11-02T10:54:05.000Z</time>
        <extensions>
          <ns3:TrackPointExtension>
            <ns3:hr>154</ns3:hr>
            <ns3:cad>97</ns3:cad>
          </ns3:TrackPointExtension>
        </extensions>
      </trkpt>
      <trkpt lat="51.483741067349910736083984375" lon="-0.28040575794875621795654296875">
        <ele>3.7999999523162841796875</ele>
        <time>2019-11-02T10:54:11.000Z</time>
        <extensions>
          <ns3:TrackPointExtension>
            <ns3:hr>154</ns3:hr>
            <ns3:cad>98</ns3:cad>
          </ns3:TrackPointExtension>
        </extensions>
      </trkpt>
      <trkpt lat="51.48366152308881282806396484375" lon="-0.28029997833073139190673828125">
        <ele>4.400000095367431640625</ele>
        <time>2019-11-02T10:54:14.000Z</time>
        <extensions>
          <ns3:TrackPointExtension>
            <ns3:hr>157</ns3:hr>
            <ns3:cad>97</ns3:cad>
          </ns3:TrackPointExtension>
        </extensions>
      </trkpt>
      <trkpt lat="51.4835306815803050994873046875" lon="-0.28009177185595035552978515625">
        <ele>6</ele>
        <time>2019-11-02T10:54:21.000Z</time>
        <extensions>
          <ns3:TrackPointExtension>
            <ns3:hr>158</ns3:hr>
            <ns3:cad>95</ns3:cad>
          </ns3:TrackPointExtension>
        </extensions>
      </trkpt>
      <trkpt lat="51.4833994209766387939453125" lon="-0.27986529283225536346435546875">
        <ele>6.80000019073486328125</ele>
        <time>2019-11-02T10:54:27.000Z</time>
        <extensions>
          <ns3:TrackPointExtension>
            <ns3:hr>157</ns3:hr>
            <ns3:cad>96</ns3:cad>
          </ns3:TrackPointExtension>
        </extensions>
      </trkpt>
      <trkpt lat="51.48324477486312389373779296875" lon="-0.27967016212642192840576171875">
        <ele>7</ele>
        <time>2019-11-02T10:54:32.000Z</time>
        <extensions>
          <ns3:TrackPointExtension>
            <ns3:hr>158</ns3:hr>
            <ns3:cad>95</ns3:cad>
          </ns3:TrackPointExtension>
        </extensions>
      </trkpt>
      <trkpt lat="51.48310228250920772552490234375" lon="-0.2794917114078998565673828125">
        <ele>7</ele>
        <time>2019-11-02T10:54:37.000Z</time>
        <extensions>
          <ns3:TrackPointExtension>
            <ns3:hr>160</ns3:hr>
            <ns3:cad>97</ns3:cad>
          </ns3:TrackPointExtension>
        </extensions>
      </trkpt>
      <trkpt lat="51.4829895459115505218505859375" lon="-0.27934092096984386444091796875">
        <ele>7.19999980926513671875</ele>
        <time>2019-11-02T10:54:41.000Z</time>
        <extensions>
          <ns3:TrackPointExtension>
            <ns3:hr>157</ns3:hr>
            <ns3:cad>97</ns3:cad>
          </ns3:TrackPointExtension>
        </extensions>
      </trkpt>
      <trkpt lat="51.48283473215997219085693359375" lon="-0.2791158668696880340576171875">
        <ele>7.80000019073486328125</ele>
        <time>2019-11-02T10:54:47.000Z</time>
        <extensions>
          <ns3:TrackPointExtension>
            <ns3:hr>157</ns3:hr>
            <ns3:cad>96</ns3:cad>
          </ns3:TrackPointExtension>
        </extensions>
      </trkpt>
      <trkpt lat="51.4826747216284275054931640625" lon="-0.27890170924365520477294921875">
        <ele>9</ele>
        <time>2019-11-02T10:54:53.000Z</time>
        <extensions>
          <ns3:TrackPointExtension>
            <ns3:hr>156</ns3:hr>
            <ns3:cad>97</ns3:cad>
          </ns3:TrackPointExtension>
        </extensions>
      </trkpt>
      <trkpt lat="51.48253281600773334503173828125" lon="-0.27871144004166126251220703125">
        <ele>9.19999980926513671875</ele>
        <time>2019-11-02T10:54:58.000Z</time>
        <extensions>
          <ns3:TrackPointExtension>
            <ns3:hr>158</ns3:hr>
            <ns3:cad>97</ns3:cad>
          </ns3:TrackPointExtension>
        </extensions>
      </trkpt>
      <trkpt lat="51.48238663561642169952392578125" lon="-0.278528966009616851806640625">
        <ele>9.19999980926513671875</ele>
        <time>2019-11-02T10:55:03.000Z</time>
        <extensions>
          <ns3:TrackPointExtension>
            <ns3:hr>158</ns3:hr>
            <ns3:cad>98</ns3:cad>
          </ns3:TrackPointExtension>
        </extensions>
      </trkpt>
      <trkpt lat="51.4822447299957275390625" lon="-0.278347246348857879638671875">
        <ele>7.599999904632568359375</ele>
        <time>2019-11-02T10:55:08.000Z</time>
        <extensions>
          <ns3:TrackPointExtension>
            <ns3:hr>157</ns3:hr>
            <ns3:cad>98</ns3:cad>
          </ns3:TrackPointExtension>
        </extensions>
      </trkpt>
      <trkpt lat="51.4820993877947330474853515625" lon="-0.27814708650112152099609375">
        <ele>6.599999904632568359375</ele>
        <time>2019-11-02T10:55:14.000Z</time>
        <extensions>
          <ns3:TrackPointExtension>
            <ns3:hr>155</ns3:hr>
            <ns3:cad>95</ns3:cad>
          </ns3:TrackPointExtension>
        </extensions>
      </trkpt>
      <trkpt lat="51.481937952339649200439453125" lon="-0.27796746231615543365478515625">
        <ele>6</ele>
        <time>2019-11-02T10:55:19.000Z</time>
        <extensions>
          <ns3:TrackPointExtension>
            <ns3:hr>156</ns3:hr>
            <ns3:cad>97</ns3:cad>
          </ns3:TrackPointExtension>
        </extensions>
      </trkpt>
      <trkpt lat="51.48178137838840484619140625" lon="-0.277810804545879364013671875">
        <ele>5.599999904632568359375</ele>
        <time>2019-11-02T10:55:24.000Z</time>
        <extensions>
          <ns3:TrackPointExtension>
            <ns3:hr>157</ns3:hr>
            <ns3:cad>97</ns3:cad>
          </ns3:TrackPointExtension>
        </extensions>
      </trkpt>
      <trkpt lat="51.48161566816270351409912109375" lon="-0.27768331579864025115966796875">
        <ele>6.599999904632568359375</ele>
        <time>2019-11-02T10:55:30.000Z</time>
        <extensions>
          <ns3:TrackPointExtension>
            <ns3:hr>155</ns3:hr>
            <ns3:cad>98</ns3:cad>
          </ns3:TrackPointExtension>
        </extensions>
      </trkpt>
      <trkpt lat="51.48144233040511608123779296875" lon="-0.27754048816859722137451171875">
        <ele>8.80000019073486328125</ele>
        <time>2019-11-02T10:55:36.000Z</time>
        <extensions>
          <ns3:TrackPointExtension>
            <ns3:hr>154</ns3:hr>
            <ns3:cad>96</ns3:cad>
          </ns3:TrackPointExtension>
        </extensions>
      </trkpt>
      <trkpt lat="51.4812469482421875" lon="-0.277396738529205322265625">
        <ele>9.6000003814697265625</ele>
        <time>2019-11-02T10:55:41.000Z</time>
        <extensions>
          <ns3:TrackPointExtension>
            <ns3:hr>153</ns3:hr>
            <ns3:cad>97</ns3:cad>
          </ns3:TrackPointExtension>
        </extensions>
      </trkpt>
      <trkpt lat="51.48106548003852367401123046875" lon="-0.2772423438727855682373046875">
        <ele>10.19999980926513671875</ele>
        <time>2019-11-02T10:55:46.000Z</time>
        <extensions>
          <ns3:TrackPointExtension>
            <ns3:hr>154</ns3:hr>
            <ns3:cad>97</ns3:cad>
          </ns3:TrackPointExtension>
        </extensions>
      </trkpt>
      <trkpt lat="51.48089415393769741058349609375" lon="-0.277110077440738677978515625">
        <ele>10.19999980926513671875</ele>
        <time>2019-11-02T10:55:51.000Z</time>
        <extensions>
          <ns3:TrackPointExtension>
            <ns3:hr>153</ns3:hr>
            <ns3:cad>96</ns3:cad>
          </ns3:TrackPointExtension>
        </extensions>
      </trkpt>
      <trkpt lat="51.48070740513503551483154296875" lon="-0.27698392979800701141357421875">
        <ele>9.80000019073486328125</ele>
        <time>2019-11-02T10:55:57.000Z</time>
        <extensions>
          <ns3:TrackPointExtension>
            <ns3:hr>155</ns3:hr>
            <ns3:cad>96</ns3:cad>
          </ns3:TrackPointExtension>
        </extensions>
      </trkpt>
      <trkpt lat="51.4805427007377147674560546875" lon="-0.2768594585359096527099609375">
        <ele>9</ele>
        <time>2019-11-02T10:56:02.000Z</time>
        <extensions>
          <ns3:TrackPointExtension>
            <ns3:hr>156</ns3:hr>
            <ns3:cad>96</ns3:cad>
          </ns3:TrackPointExtension>
        </extensions>
      </trkpt>
      <trkpt lat="51.48037866689264774322509765625" lon="-0.27672283351421356201171875">
        <ele>8.6000003814697265625</ele>
        <time>2019-11-02T10:56:07.000Z</time>
        <extensions>
          <ns3:TrackPointExtension>
            <ns3:hr>155</ns3:hr>
            <ns3:cad>96</ns3:cad>
          </ns3:TrackPointExtension>
        </extensions>
      </trkpt>
      <trkpt lat="51.4801819436252117156982421875" lon="-0.2766049839556217193603515625">
        <ele>8.6000003814697265625</ele>
        <time>2019-11-02T10:56:13.000Z</time>
        <extensions>
          <ns3:TrackPointExtension>
            <ns3:hr>157</ns3:hr>
            <ns3:cad>96</ns3:cad>
          </ns3:TrackPointExtension>
        </extensions>
      </trkpt>
      <trkpt lat="51.47999058477580547332763671875" lon="-0.2765218354761600494384765625">
        <ele>8</ele>
        <time>2019-11-02T10:56:19.000Z</time>
        <extensions>
          <ns3:TrackPointExtension>
            <ns3:hr>156</ns3:hr>
            <ns3:cad>97</ns3:cad>
          </ns3:TrackPointExtension>
        </extensions>
      </trkpt>
      <trkpt lat="51.47979746572673320770263671875" lon="-0.276432149112224578857421875">
        <ele>7</ele>
        <time>2019-11-02T10:56:25.000Z</time>
        <extensions>
          <ns3:TrackPointExtension>
            <ns3:hr>156</ns3:hr>
            <ns3:cad>96</ns3:cad>
          </ns3:TrackPointExtension>
        </extensions>
      </trkpt>
      <trkpt lat="51.47960283793509006500244140625" lon="-0.276334583759307861328125">
        <ele>6.19999980926513671875</ele>
        <time>2019-11-02T10:56:30.000Z</time>
        <extensions>
          <ns3:TrackPointExtension>
            <ns3:hr>156</ns3:hr>
            <ns3:cad>96</ns3:cad>
          </ns3:TrackPointExtension>
        </extensions>
      </trkpt>
      <trkpt lat="51.4793960563838481903076171875" lon="-0.2762536145746707916259765625">
        <ele>4.80000019073486328125</ele>
        <time>2019-11-02T10:56:36.000Z</time>
        <extensions>
          <ns3:TrackPointExtension>
            <ns3:hr>156</ns3:hr>
            <ns3:cad>97</ns3:cad>
          </ns3:TrackPointExtension>
        </extensions>
      </trkpt>
      <trkpt lat="51.47926521487534046173095703125" lon="-0.27620743028819561004638671875">
        <ele>4.400000095367431640625</ele>
        <time>2019-11-02T10:56:40.000Z</time>
        <extensions>
          <ns3:TrackPointExtension>
            <ns3:hr>157</ns3:hr>
            <ns3:cad>96</ns3:cad>
          </ns3:TrackPointExtension>
        </extensions>
      </trkpt>
      <trkpt lat="51.4790852554142475128173828125" lon="-0.276112966239452362060546875">
        <ele>5</ele>
        <time>2019-11-02T10:56:45.000Z</time>
        <extensions>
          <ns3:TrackPointExtension>
            <ns3:hr>159</ns3:hr>
            <ns3:cad>96</ns3:cad>
          </ns3:TrackPointExtension>
        </extensions>
      </trkpt>
      <trkpt lat="51.4788904599845409393310546875" lon="-0.27603660710155963897705078125">
        <ele>6</ele>
        <time>2019-11-02T10:56:51.000Z</time>
        <extensions>
          <ns3:TrackPointExtension>
            <ns3:hr>157</ns3:hr>
            <ns3:cad>97</ns3:cad>
          </ns3:TrackPointExtension>
        </extensions>
      </trkpt>
      <trkpt lat="51.47871368564665317535400390625" lon="-0.2759511955082416534423828125">
        <ele>5.400000095367431640625</ele>
        <time>2019-11-02T10:56:56.000Z</time>
        <extensions>
          <ns3:TrackPointExtension>
            <ns3:hr>157</ns3:hr>
            <ns3:cad>97</ns3:cad>
          </ns3:TrackPointExtension>
        </extensions>
      </trkpt>
      <trkpt lat="51.478515453636646270751953125" lon="-0.27586729265749454498291015625">
        <ele>5.400000095367431640625</ele>
        <time>2019-11-02T10:57:02.000Z</time>
        <extensions>
          <ns3:TrackPointExtension>
            <ns3:hr>158</ns3:hr>
            <ns3:cad>97</ns3:cad>
          </ns3:TrackPointExtension>
        </extensions>
      </trkpt>
      <trkpt lat="51.4783077500760555267333984375" lon="-0.27581155300140380859375">
        <ele>3.7999999523162841796875</ele>
        <time>2019-11-02T10:57:08.000Z</time>
        <extensions>
          <ns3:TrackPointExtension>
            <ns3:hr>157</ns3:hr>
            <ns3:cad>98</ns3:cad>
          </ns3:TrackPointExtension>
        </extensions>
      </trkpt>
      <trkpt lat="51.478127874433994293212890625" lon="-0.27574206702411174774169921875">
        <ele>2.599999904632568359375</ele>
        <time>2019-11-02T10:57:13.000Z</time>
        <extensions>
          <ns3:TrackPointExtension>
            <ns3:hr>157</ns3:hr>
            <ns3:cad>98</ns3:cad>
          </ns3:TrackPointExtension>
        </extensions>
      </trkpt>
      <trkpt lat="51.477943472564220428466796875" lon="-0.27562907896935939788818359375">
        <ele>1.60000002384185791015625</ele>
        <time>2019-11-02T10:57:18.000Z</time>
        <extensions>
          <ns3:TrackPointExtension>
            <ns3:hr>157</ns3:hr>
            <ns3:cad>96</ns3:cad>
          </ns3:TrackPointExtension>
        </extensions>
      </trkpt>
      <trkpt lat="51.4777796901762485504150390625" lon="-0.27553788386285305023193359375">
        <ele>1</ele>
        <time>2019-11-02T10:57:23.000Z</time>
        <extensions>
          <ns3:TrackPointExtension>
            <ns3:hr>160</ns3:hr>
            <ns3:cad>96</ns3:cad>
          </ns3:TrackPointExtension>
        </extensions>
      </trkpt>
      <trkpt lat="51.4776016585528850555419921875" lon="-0.2754482813179492950439453125">
        <ele>1</ele>
        <time>2019-11-02T10:57:28.000Z</time>
        <extensions>
          <ns3:TrackPointExtension>
            <ns3:hr>158</ns3:hr>
            <ns3:cad>97</ns3:cad>
          </ns3:TrackPointExtension>
        </extensions>
      </trkpt>
      <trkpt lat="51.47741616703569889068603515625" lon="-0.27534208260476589202880859375">
        <ele>1.7999999523162841796875</ele>
        <time>2019-11-02T10:57:34.000Z</time>
        <extensions>
          <ns3:TrackPointExtension>
            <ns3:hr>156</ns3:hr>
            <ns3:cad>96</ns3:cad>
          </ns3:TrackPointExtension>
        </extensions>
      </trkpt>
      <trkpt lat="51.4772231318056583404541015625" lon="-0.27519305236637592315673828125">
        <ele>3</ele>
        <time>2019-11-02T10:57:40.000Z</time>
        <extensions>
          <ns3:TrackPointExtension>
            <ns3:hr>154</ns3:hr>
            <ns3:cad>97</ns3:cad>
          </ns3:TrackPointExtension>
        </extensions>
      </trkpt>
      <trkpt lat="51.4770345389842987060546875" lon="-0.27508039958775043487548828125">
        <ele>5</ele>
        <time>2019-11-02T10:57:46.000Z</time>
        <extensions>
          <ns3:TrackPointExtension>
            <ns3:hr>154</ns3:hr>
            <ns3:cad>96</ns3:cad>
          </ns3:TrackPointExtension>
        </extensions>
      </trkpt>
      <trkpt lat="51.47685550153255462646484375" lon="-0.2749530784785747528076171875">
        <ele>7</ele>
        <time>2019-11-02T10:57:51.000Z</time>
        <extensions>
          <ns3:TrackPointExtension>
            <ns3:hr>155</ns3:hr>
            <ns3:cad>97</ns3:cad>
          </ns3:TrackPointExtension>
        </extensions>
      </trkpt>
      <trkpt lat="51.47665576077997684478759765625" lon="-0.274824164807796478271484375">
        <ele>6.599999904632568359375</ele>
        <time>2019-11-02T10:57:57.000Z</time>
        <extensions>
          <ns3:TrackPointExtension>
            <ns3:hr>155</ns3:hr>
            <ns3:cad>97</ns3:cad>
          </ns3:TrackPointExtension>
        </extensions>
      </trkpt>
      <trkpt lat="51.47647328674793243408203125" lon="-0.2746835164725780487060546875">
        <ele>4</ele>
        <time>2019-11-02T10:58:02.000Z</time>
        <extensions>
          <ns3:TrackPointExtension>
            <ns3:hr>154</ns3:hr>
            <ns3:cad>98</ns3:cad>
          </ns3:TrackPointExtension>
        </extensions>
      </trkpt>
      <trkpt lat="51.47627119906246662139892578125" lon="-0.27456256560981273651123046875">
        <ele>2.2000000476837158203125</ele>
        <time>2019-11-02T10:58:08.000Z</time>
        <extensions>
          <ns3:TrackPointExtension>
            <ns3:hr>154</ns3:hr>
            <ns3:cad>97</ns3:cad>
          </ns3:TrackPointExtension>
        </extensions>
      </trkpt>
      <trkpt lat="51.4760758168995380401611328125" lon="-0.27446013875305652618408203125">
        <ele>2.7999999523162841796875</ele>
        <time>2019-11-02T10:58:14.000Z</time>
        <extensions>
          <ns3:TrackPointExtension>
            <ns3:hr>156</ns3:hr>
            <ns3:cad>97</ns3:cad>
          </ns3:TrackPointExtension>
        </extensions>
      </trkpt>
      <trkpt lat="51.4759135432541370391845703125" lon="-0.27433340437710285186767578125">
        <ele>4.400000095367431640625</ele>
        <time>2019-11-02T10:58:19.000Z</time>
        <extensions>
          <ns3:TrackPointExtension>
            <ns3:hr>154</ns3:hr>
            <ns3:cad>97</ns3:cad>
          </ns3:TrackPointExtension>
        </extensions>
      </trkpt>
      <trkpt lat="51.4757257886230945587158203125" lon="-0.27415721677243709564208984375">
        <ele>5</ele>
        <time>2019-11-02T10:58:25.000Z</time>
        <extensions>
          <ns3:TrackPointExtension>
            <ns3:hr>153</ns3:hr>
            <ns3:cad>97</ns3:cad>
          </ns3:TrackPointExtension>
        </extensions>
      </trkpt>
      <trkpt lat="51.4755598269402980804443359375" lon="-0.2740211784839630126953125">
        <ele>5</ele>
        <time>2019-11-02T10:58:30.000Z</time>
        <extensions>
          <ns3:TrackPointExtension>
            <ns3:hr>155</ns3:hr>
            <ns3:cad>98</ns3:cad>
          </ns3:TrackPointExtension>
        </extensions>
      </trkpt>
      <trkpt lat="51.475396044552326202392578125" lon="-0.27386200614273548126220703125">
        <ele>5</ele>
        <time>2019-11-02T10:58:36.000Z</time>
        <extensions>
          <ns3:TrackPointExtension>
            <ns3:hr>156</ns3:hr>
            <ns3:cad>96</ns3:cad>
          </ns3:TrackPointExtension>
        </extensions>
      </trkpt>
      <trkpt lat="51.47521139122545719146728515625" lon="-0.2737263031303882598876953125">
        <ele>4.599999904632568359375</ele>
        <time>2019-11-02T10:58:42.000Z</time>
        <extensions>
          <ns3:TrackPointExtension>
            <ns3:hr>157</ns3:hr>
            <ns3:cad>96</ns3:cad>
          </ns3:TrackPointExtension>
        </extensions>
      </trkpt>
      <trkpt lat="51.47504023276269435882568359375" lon="-0.27360367588698863983154296875">
        <ele>4.19999980926513671875</ele>
        <time>2019-11-02T10:58:46.000Z</time>
        <extensions>
          <ns3:TrackPointExtension>
            <ns3:hr>157</ns3:hr>
            <ns3:cad>96</ns3:cad>
          </ns3:TrackPointExtension>
        </extensions>
      </trkpt>
      <trkpt lat="51.474875025451183319091796875" lon="-0.2734527178108692169189453125">
        <ele>4</ele>
        <time>2019-11-02T10:58:51.000Z</time>
        <extensions>
          <ns3:TrackPointExtension>
            <ns3:hr>157</ns3:hr>
            <ns3:cad>97</ns3:cad>
          </ns3:TrackPointExtension>
        </extensions>
      </trkpt>
      <trkpt lat="51.47469607181847095489501953125" lon="-0.273271501064300537109375">
        <ele>3</ele>
        <time>2019-11-02T10:58:56.000Z</time>
        <extensions>
          <ns3:TrackPointExtension>
            <ns3:hr>156</ns3:hr>
            <ns3:cad>96</ns3:cad>
          </ns3:TrackPointExtension>
        </extensions>
      </trkpt>
      <trkpt lat="51.47453782148659229278564453125" lon="-0.273125655949115753173828125">
        <ele>3.599999904632568359375</ele>
        <time>2019-11-02T10:59:01.000Z</time>
        <extensions>
          <ns3:TrackPointExtension>
            <ns3:hr>155</ns3:hr>
            <ns3:cad>97</ns3:cad>
          </ns3:TrackPointExtension>
        </extensions>
      </trkpt>
      <trkpt lat="51.47434419952332973480224609375" lon="-0.27297503314912319183349609375">
        <ele>4</ele>
        <time>2019-11-02T10:59:07.000Z</time>
        <extensions>
          <ns3:TrackPointExtension>
            <ns3:hr>154</ns3:hr>
            <ns3:cad>100</ns3:cad>
          </ns3:TrackPointExtension>
        </extensions>
      </trkpt>
      <trkpt lat="51.47418628446757793426513671875" lon="-0.27280680835247039794921875">
        <ele>4</ele>
        <time>2019-11-02T10:59:12.000Z</time>
        <extensions>
          <ns3:TrackPointExtension>
            <ns3:hr>154</ns3:hr>
            <ns3:cad>97</ns3:cad>
          </ns3:TrackPointExtension>
        </extensions>
      </trkpt>
      <trkpt lat="51.4740188978612422943115234375" lon="-0.2726168744266033172607421875">
        <ele>4.400000095367431640625</ele>
        <time>2019-11-02T10:59:18.000Z</time>
        <extensions>
          <ns3:TrackPointExtension>
            <ns3:hr>154</ns3:hr>
            <ns3:cad>97</ns3:cad>
          </ns3:TrackPointExtension>
        </extensions>
      </trkpt>
      <trkpt lat="51.47386089898645877838134765625" lon="-0.2723905630409717559814453125">
        <ele>5.400000095367431640625</ele>
        <time>2019-11-02T10:59:24.000Z</time>
        <extensions>
          <ns3:TrackPointExtension>
            <ns3:hr>155</ns3:hr>
            <ns3:cad>97</ns3:cad>
          </ns3:TrackPointExtension>
        </extensions>
      </trkpt>
      <trkpt lat="51.4737144671380519866943359375" lon="-0.2722044847905635833740234375">
        <ele>6.599999904632568359375</ele>
        <time>2019-11-02T10:59:29.000Z</time>
        <extensions>
          <ns3:TrackPointExtension>
            <ns3:hr>155</ns3:hr>
            <ns3:cad>98</ns3:cad>
          </ns3:TrackPointExtension>
        </extensions>
      </trkpt>
      <trkpt lat="51.47355596534907817840576171875" lon="-0.27200616896152496337890625">
        <ele>8.19999980926513671875</ele>
        <time>2019-11-02T10:59:35.000Z</time>
        <extensions>
          <ns3:TrackPointExtension>
            <ns3:hr>156</ns3:hr>
            <ns3:cad>96</ns3:cad>
          </ns3:TrackPointExtension>
        </extensions>
      </trkpt>
      <trkpt lat="51.473397798836231231689453125" lon="-0.2718437276780605316162109375">
        <ele>9</ele>
        <time>2019-11-02T10:59:40.000Z</time>
        <extensions>
          <ns3:TrackPointExtension>
            <ns3:hr>155</ns3:hr>
            <ns3:cad>96</ns3:cad>
          </ns3:TrackPointExtension>
        </extensions>
      </trkpt>
      <trkpt lat="51.4732434041798114776611328125" lon="-0.2716150693595409393310546875">
        <ele>9.19999980926513671875</ele>
        <time>2019-11-02T10:59:46.000Z</time>
        <extensions>
          <ns3:TrackPointExtension>
            <ns3:hr>157</ns3:hr>
            <ns3:cad>97</ns3:cad>
          </ns3:TrackPointExtension>
        </extensions>
      </trkpt>
      <trkpt lat="51.473115496337413787841796875" lon="-0.2714122273027896881103515625">
        <ele>9.6000003814697265625</ele>
        <time>2019-11-02T10:59:52.000Z</time>
        <extensions>
          <ns3:TrackPointExtension>
            <ns3:hr>158</ns3:hr>
            <ns3:cad>96</ns3:cad>
          </ns3:TrackPointExtension>
        </extensions>
      </trkpt>
      <trkpt lat="51.47299018688499927520751953125" lon="-0.27120150625705718994140625">
        <ele>10.3999996185302734375</ele>
        <time>2019-11-02T10:59:57.000Z</time>
        <extensions>
          <ns3:TrackPointExtension>
            <ns3:hr>158</ns3:hr>
            <ns3:cad>97</ns3:cad>
          </ns3:TrackPointExtension>
        </extensions>
      </trkpt>
      <trkpt lat="51.4729106426239013671875" lon="-0.27101987041532993316650390625">
        <ele>10.6000003814697265625</ele>
        <time>2019-11-02T11:00:01.000Z</time>
        <extensions>
          <ns3:TrackPointExtension>
            <ns3:hr>158</ns3:hr>
            <ns3:cad>97</ns3:cad>
          </ns3:TrackPointExtension>
        </extensions>
      </trkpt>
      <trkpt lat="51.47274912334978580474853515625" lon="-0.2707839198410511016845703125">
        <ele>10</ele>
        <time>2019-11-02T11:00:08.000Z</time>
        <extensions>
          <ns3:TrackPointExtension>
            <ns3:hr>157</ns3:hr>
            <ns3:cad>96</ns3:cad>
          </ns3:TrackPointExtension>
        </extensions>
      </trkpt>
      <trkpt lat="51.4725973270833492279052734375" lon="-0.27054763399064540863037109375">
        <ele>8.3999996185302734375</ele>
        <time>2019-11-02T11:00:14.000Z</time>
        <extensions>
          <ns3:TrackPointExtension>
            <ns3:hr>157</ns3:hr>
            <ns3:cad>97</ns3:cad>
          </ns3:TrackPointExtension>
        </extensions>
      </trkpt>
      <trkpt lat="51.47246900014579296112060546875" lon="-0.27033305726945400238037109375">
        <ele>6.80000019073486328125</ele>
        <time>2019-11-02T11:00:18.000Z</time>
        <extensions>
          <ns3:TrackPointExtension>
            <ns3:hr>157</ns3:hr>
            <ns3:cad>97</ns3:cad>
          </ns3:TrackPointExtension>
        </extensions>
      </trkpt>
      <trkpt lat="51.472341008484363555908203125" lon="-0.27010984718799591064453125">
        <ele>6</ele>
        <time>2019-11-02T11:00:23.000Z</time>
        <extensions>
          <ns3:TrackPointExtension>
            <ns3:hr>156</ns3:hr>
            <ns3:cad>98</ns3:cad>
          </ns3:TrackPointExtension>
        </extensions>
      </trkpt>
      <trkpt lat="51.4722268469631671905517578125" lon="-0.2698853798210620880126953125">
        <ele>5.80000019073486328125</ele>
        <time>2019-11-02T11:00:28.000Z</time>
        <extensions>
          <ns3:TrackPointExtension>
            <ns3:hr>156</ns3:hr>
            <ns3:cad>97</ns3:cad>
          </ns3:TrackPointExtension>
        </extensions>
      </trkpt>
      <trkpt lat="51.472181417047977447509765625" lon="-0.26982645504176616668701171875">
        <ele>5.80000019073486328125</ele>
        <time>2019-11-02T11:00:30.000Z</time>
        <extensions>
          <ns3:TrackPointExtension>
            <ns3:hr>156</ns3:hr>
            <ns3:cad>97</ns3:cad>
          </ns3:TrackPointExtension>
        </extensions>
      </trkpt>
      <trkpt lat="51.47205434739589691162109375" lon="-0.2695383690297603607177734375">
        <ele>5.400000095367431640625</ele>
        <time>2019-11-02T11:00:35.000Z</time>
        <extensions>
          <ns3:TrackPointExtension>
            <ns3:hr>155</ns3:hr>
            <ns3:cad>97</ns3:cad>
          </ns3:TrackPointExtension>
        </extensions>
      </trkpt>
      <trkpt lat="51.4719277806580066680908203125" lon="-0.269271321594715118408203125">
        <ele>7</ele>
        <time>2019-11-02T11:00:39.000Z</time>
        <extensions>
          <ns3:TrackPointExtension>
            <ns3:hr>156</ns3:hr>
            <ns3:cad>99</ns3:cad>
          </ns3:TrackPointExtension>
        </extensions>
      </trkpt>
      <trkpt lat="51.471818983554840087890625" lon="-0.26901726610958576202392578125">
        <ele>7.400000095367431640625</ele>
        <time>2019-11-02T11:00:43.000Z</time>
        <extensions>
          <ns3:TrackPointExtension>
            <ns3:hr>156</ns3:hr>
            <ns3:cad>99</ns3:cad>
          </ns3:TrackPointExtension>
        </extensions>
      </trkpt>
      <trkpt lat="51.47171781398355960845947265625" lon="-0.26872892864048480987548828125">
        <ele>7.80000019073486328125</ele>
        <time>2019-11-02T11:00:48.000Z</time>
        <extensions>
          <ns3:TrackPointExtension>
            <ns3:hr>156</ns3:hr>
            <ns3:cad>99</ns3:cad>
          </ns3:TrackPointExtension>
        </extensions>
      </trkpt>
      <trkpt lat="51.47166735492646694183349609375" lon="-0.26856631971895694732666015625">
        <ele>7.19999980926513671875</ele>
        <time>2019-11-02T11:00:51.000Z</time>
        <extensions>
          <ns3:TrackPointExtension>
            <ns3:hr>156</ns3:hr>
            <ns3:cad>98</ns3:cad>
          </ns3:TrackPointExtension>
        </extensions>
      </trkpt>
      <trkpt lat="51.4716018922626972198486328125" lon="-0.268350653350353240966796875">
        <ele>7</ele>
        <time>2019-11-02T11:00:55.000Z</time>
        <extensions>
          <ns3:TrackPointExtension>
            <ns3:hr>156</ns3:hr>
            <ns3:cad>98</ns3:cad>
          </ns3:TrackPointExtension>
        </extensions>
      </trkpt>
      <trkpt lat="51.47148429416120052337646484375" lon="-0.26810497976839542388916015625">
        <ele>6.400000095367431640625</ele>
        <time>2019-11-02T11:01:00.000Z</time>
        <extensions>
          <ns3:TrackPointExtension>
            <ns3:hr>157</ns3:hr>
            <ns3:cad>98</ns3:cad>
          </ns3:TrackPointExtension>
        </extensions>
      </trkpt>
      <trkpt lat="51.47135739214718341827392578125" lon="-0.26790146715939044952392578125">
        <ele>5.80000019073486328125</ele>
        <time>2019-11-02T11:01:05.000Z</time>
        <extensions>
          <ns3:TrackPointExtension>
            <ns3:hr>156</ns3:hr>
            <ns3:cad>97</ns3:cad>
          </ns3:TrackPointExtension>
        </extensions>
      </trkpt>
      <trkpt lat="51.47119210101664066314697265625" lon="-0.267723686993122100830078125">
        <ele>5.80000019073486328125</ele>
        <time>2019-11-02T11:01:10.000Z</time>
        <extensions>
          <ns3:TrackPointExtension>
            <ns3:hr>155</ns3:hr>
            <ns3:cad>97</ns3:cad>
          </ns3:TrackPointExtension>
        </extensions>
      </trkpt>
      <trkpt lat="51.47110777907073497772216796875" lon="-0.2674591541290283203125">
        <ele>6</ele>
        <time>2019-11-02T11:01:15.000Z</time>
        <extensions>
          <ns3:TrackPointExtension>
            <ns3:hr>155</ns3:hr>
            <ns3:cad>95</ns3:cad>
          </ns3:TrackPointExtension>
        </extensions>
      </trkpt>
      <trkpt lat="51.47101507522165775299072265625" lon="-0.26716335676610469818115234375">
        <ele>7</ele>
        <time>2019-11-02T11:01:21.000Z</time>
        <extensions>
          <ns3:TrackPointExtension>
            <ns3:hr>155</ns3:hr>
            <ns3:cad>97</ns3:cad>
          </ns3:TrackPointExtension>
        </extensions>
      </trkpt>
      <trkpt lat="51.47096377797424793243408203125" lon="-0.26685498654842376708984375">
        <ele>8.6000003814697265625</ele>
        <time>2019-11-02T11:01:27.000Z</time>
        <extensions>
          <ns3:TrackPointExtension>
            <ns3:hr>154</ns3:hr>
            <ns3:cad>97</ns3:cad>
          </ns3:TrackPointExtension>
        </extensions>
      </trkpt>
      <trkpt lat="51.47088532336056232452392578125" lon="-0.266537480056285858154296875">
        <ele>9.6000003814697265625</ele>
        <time>2019-11-02T11:01:33.000Z</time>
        <extensions>
          <ns3:TrackPointExtension>
            <ns3:hr>156</ns3:hr>
            <ns3:cad>95</ns3:cad>
          </ns3:TrackPointExtension>
        </extensions>
      </trkpt>
      <trkpt lat="51.47080670110881328582763671875" lon="-0.266225002706050872802734375">
        <ele>6.80000019073486328125</ele>
        <time>2019-11-02T11:01:40.000Z</time>
        <extensions>
          <ns3:TrackPointExtension>
            <ns3:hr>157</ns3:hr>
            <ns3:cad>97</ns3:cad>
          </ns3:TrackPointExtension>
        </extensions>
      </trkpt>
      <trkpt lat="51.47075355984270572662353515625" lon="-0.26590070687234401702880859375">
        <ele>4.400000095367431640625</ele>
        <time>2019-11-02T11:01:47.000Z</time>
        <extensions>
          <ns3:TrackPointExtension>
            <ns3:hr>158</ns3:hr>
            <ns3:cad>97</ns3:cad>
          </ns3:TrackPointExtension>
        </extensions>
      </trkpt>
      <trkpt lat="51.47074249573051929473876953125" lon="-0.26555134914815425872802734375">
        <ele>4.400000095367431640625</ele>
        <time>2019-11-02T11:01:53.000Z</time>
        <extensions>
          <ns3:TrackPointExtension>
            <ns3:hr>159</ns3:hr>
            <ns3:cad>98</ns3:cad>
          </ns3:TrackPointExtension>
        </extensions>
      </trkpt>
      <trkpt lat="51.47070251405239105224609375" lon="-0.26522780768573284149169921875">
        <ele>5.80000019073486328125</ele>
        <time>2019-11-02T11:01:58.000Z</time>
        <extensions>
          <ns3:TrackPointExtension>
            <ns3:hr>158</ns3:hr>
            <ns3:cad>98</ns3:cad>
          </ns3:TrackPointExtension>
        </extensions>
      </trkpt>
      <trkpt lat="51.47062028758227825164794921875" lon="-0.26496377773582935333251953125">
        <ele>6.400000095367431640625</ele>
        <time>2019-11-02T11:02:03.000Z</time>
        <extensions>
          <ns3:TrackPointExtension>
            <ns3:hr>158</ns3:hr>
            <ns3:cad>97</ns3:cad>
          </ns3:TrackPointExtension>
        </extensions>
      </trkpt>
      <trkpt lat="51.4705370552837848663330078125" lon="-0.2646926231682300567626953125">
        <ele>5.19999980926513671875</ele>
        <time>2019-11-02T11:02:08.000Z</time>
        <extensions>
          <ns3:TrackPointExtension>
            <ns3:hr>160</ns3:hr>
            <ns3:cad>95</ns3:cad>
          </ns3:TrackPointExtension>
        </extensions>
      </trkpt>
      <trkpt lat="51.4704435132443904876708984375" lon="-0.2643875218927860260009765625">
        <ele>4.599999904632568359375</ele>
        <time>2019-11-02T11:02:14.000Z</time>
        <extensions>
          <ns3:TrackPointExtension>
            <ns3:hr>159</ns3:hr>
            <ns3:cad>97</ns3:cad>
          </ns3:TrackPointExtension>
        </extensions>
      </trkpt>
      <trkpt lat="51.470358856022357940673828125" lon="-0.26409407146275043487548828125">
        <ele>3.599999904632568359375</ele>
        <time>2019-11-02T11:02:19.000Z</time>
        <extensions>
          <ns3:TrackPointExtension>
            <ns3:hr>157</ns3:hr>
            <ns3:cad>98</ns3:cad>
          </ns3:TrackPointExtension>
        </extensions>
      </trkpt>
      <trkpt lat="51.47032029926776885986328125" lon="-0.26380539871752262115478515625">
        <ele>5.599999904632568359375</ele>
        <time>2019-11-02T11:02:24.000Z</time>
        <extensions>
          <ns3:TrackPointExtension>
            <ns3:hr>157</ns3:hr>
            <ns3:cad>99</ns3:cad>
          </ns3:TrackPointExtension>
        </extensions>
      </trkpt>
      <trkpt lat="51.4702928066253662109375" lon="-0.263474397361278533935546875">
        <ele>6.80000019073486328125</ele>
        <time>2019-11-02T11:02:30.000Z</time>
        <extensions>
          <ns3:TrackPointExtension>
            <ns3:hr>157</ns3:hr>
            <ns3:cad>96</ns3:cad>
          </ns3:TrackPointExtension>
        </extensions>
      </trkpt>
      <trkpt lat="51.47026975639164447784423828125" lon="-0.26316921226680278778076171875">
        <ele>7</ele>
        <time>2019-11-02T11:02:35.000Z</time>
        <extensions>
          <ns3:TrackPointExtension>
            <ns3:hr>157</ns3:hr>
            <ns3:cad>97</ns3:cad>
          </ns3:TrackPointExtension>
        </extensions>
      </trkpt>
      <trkpt lat="51.4702510647475719451904296875" lon="-0.2628616802394390106201171875">
        <ele>6.19999980926513671875</ele>
        <time>2019-11-02T11:02:40.000Z</time>
        <extensions>
          <ns3:TrackPointExtension>
            <ns3:hr>158</ns3:hr>
            <ns3:cad>98</ns3:cad>
          </ns3:TrackPointExtension>
        </extensions>
      </trkpt>
      <trkpt lat="51.47018426097929477691650390625" lon="-0.262580551207065582275390625">
        <ele>5.599999904632568359375</ele>
        <time>2019-11-02T11:02:45.000Z</time>
        <extensions>
          <ns3:TrackPointExtension>
            <ns3:hr>159</ns3:hr>
            <ns3:cad>97</ns3:cad>
          </ns3:TrackPointExtension>
        </extensions>
      </trkpt>
      <trkpt lat="51.47014955990016460418701171875" lon="-0.2622367255389690399169921875">
        <ele>5.400000095367431640625</ele>
        <time>2019-11-02T11:02:51.000Z</time>
        <extensions>
          <ns3:TrackPointExtension>
            <ns3:hr>158</ns3:hr>
            <ns3:cad>97</ns3:cad>
          </ns3:TrackPointExtension>
        </extensions>
      </trkpt>
      <trkpt lat="51.4701538346707820892333984375" lon="-0.2619457058608531951904296875">
        <ele>6</ele>
        <time>2019-11-02T11:02:56.000Z</time>
        <extensions>
          <ns3:TrackPointExtension>
            <ns3:hr>157</ns3:hr>
            <ns3:cad>97</ns3:cad>
          </ns3:TrackPointExtension>
        </extensions>
      </trkpt>
      <trkpt lat="51.47019197233021259307861328125" lon="-0.26164018549025058746337890625">
        <ele>6.80000019073486328125</ele>
        <time>2019-11-02T11:03:01.000Z</time>
        <extensions>
          <ns3:TrackPointExtension>
            <ns3:hr>156</ns3:hr>
            <ns3:cad>97</ns3:cad>
          </ns3:TrackPointExtension>
        </extensions>
      </trkpt>
      <trkpt lat="51.47020085714757442474365234375" lon="-0.26133793406188488006591796875">
        <ele>7.599999904632568359375</ele>
        <time>2019-11-02T11:03:06.000Z</time>
        <extensions>
          <ns3:TrackPointExtension>
            <ns3:hr>155</ns3:hr>
            <ns3:cad>96</ns3:cad>
          </ns3:TrackPointExtension>
        </extensions>
      </trkpt>
      <trkpt lat="51.47020840086042881011962890625" lon="-0.26100081391632556915283203125">
        <ele>8.6000003814697265625</ele>
        <time>2019-11-02T11:03:12.000Z</time>
        <extensions>
          <ns3:TrackPointExtension>
            <ns3:hr>155</ns3:hr>
            <ns3:cad>96</ns3:cad>
          </ns3:TrackPointExtension>
        </extensions>
      </trkpt>
      <trkpt lat="51.47023924626410007476806640625" lon="-0.26078456081449985504150390625">
        <ele>8.80000019073486328125</ele>
        <time>2019-11-02T11:03:16.000Z</time>
        <extensions>
          <ns3:TrackPointExtension>
            <ns3:hr>157</ns3:hr>
            <ns3:cad>96</ns3:cad>
          </ns3:TrackPointExtension>
        </extensions>
      </trkpt>
      <trkpt lat="51.47025416605174541473388671875" lon="-0.260483063757419586181640625">
        <ele>9.80000019073486328125</ele>
        <time>2019-11-02T11:03:22.000Z</time>
        <extensions>
          <ns3:TrackPointExtension>
            <ns3:hr>157</ns3:hr>
            <ns3:cad>97</ns3:cad>
          </ns3:TrackPointExtension>
        </extensions>
      </trkpt>
      <trkpt lat="51.47025324404239654541015625" lon="-0.26015994139015674591064453125">
        <ele>9</ele>
        <time>2019-11-02T11:03:28.000Z</time>
        <extensions>
          <ns3:TrackPointExtension>
            <ns3:hr>156</ns3:hr>
            <ns3:cad>96</ns3:cad>
          </ns3:TrackPointExtension>
        </extensions>
      </trkpt>
      <trkpt lat="51.470309905707836151123046875" lon="-0.25983975268900394439697265625">
        <ele>8.6000003814697265625</ele>
        <time>2019-11-02T11:03:34.000Z</time>
        <extensions>
          <ns3:TrackPointExtension>
            <ns3:hr>156</ns3:hr>
            <ns3:cad>96</ns3:cad>
          </ns3:TrackPointExtension>
        </extensions>
      </trkpt>
      <trkpt lat="51.47034402005374431610107421875" lon="-0.259553678333759307861328125">
        <ele>7.400000095367431640625</ele>
        <time>2019-11-02T11:03:39.000Z</time>
        <extensions>
          <ns3:TrackPointExtension>
            <ns3:hr>157</ns3:hr>
            <ns3:cad>97</ns3:cad>
          </ns3:TrackPointExtension>
        </extensions>
      </trkpt>
      <trkpt lat="51.470385678112506866455078125" lon="-0.25927372276782989501953125">
        <ele>6.599999904632568359375</ele>
        <time>2019-11-02T11:03:44.000Z</time>
        <extensions>
          <ns3:TrackPointExtension>
            <ns3:hr>156</ns3:hr>
            <ns3:cad>97</ns3:cad>
          </ns3:TrackPointExtension>
        </extensions>
      </trkpt>
      <trkpt lat="51.47038944996893405914306640625" lon="-0.25893702171742916107177734375">
        <ele>5.400000095367431640625</ele>
        <time>2019-11-02T11:03:50.000Z</time>
        <extensions>
          <ns3:TrackPointExtension>
            <ns3:hr>156</ns3:hr>
            <ns3:cad>97</ns3:cad>
          </ns3:TrackPointExtension>
        </extensions>
      </trkpt>
      <trkpt lat="51.47040487267076969146728515625" lon="-0.25864918716251850128173828125">
        <ele>5</ele>
        <time>2019-11-02T11:03:55.000Z</time>
        <extensions>
          <ns3:TrackPointExtension>
            <ns3:hr>156</ns3:hr>
            <ns3:cad>97</ns3:cad>
          </ns3:TrackPointExtension>
        </extensions>
      </trkpt>
      <trkpt lat="51.47046036086976528167724609375" lon="-0.258370824158191680908203125">
        <ele>5</ele>
        <time>2019-11-02T11:04:00.000Z</time>
        <extensions>
          <ns3:TrackPointExtension>
            <ns3:hr>156</ns3:hr>
            <ns3:cad>98</ns3:cad>
          </ns3:TrackPointExtension>
        </extensions>
      </trkpt>
      <trkpt lat="51.47051517851650714874267578125" lon="-0.25808910839259624481201171875">
        <ele>5.80000019073486328125</ele>
        <time>2019-11-02T11:04:06.000Z</time>
        <extensions>
          <ns3:TrackPointExtension>
            <ns3:hr>158</ns3:hr>
            <ns3:cad>96</ns3:cad>
          </ns3:TrackPointExtension>
        </extensions>
      </trkpt>
      <trkpt lat="51.47054803557693958282470703125" lon="-0.257794819772243499755859375">
        <ele>7.400000095367431640625</ele>
        <time>2019-11-02T11:04:11.000Z</time>
        <extensions>
          <ns3:TrackPointExtension>
            <ns3:hr>157</ns3:hr>
            <ns3:cad>96</ns3:cad>
          </ns3:TrackPointExtension>
        </extensions>
      </trkpt>
      <trkpt lat="51.4705819822847843170166015625" lon="-0.257491730153560638427734375">
        <ele>7.599999904632568359375</ele>
        <time>2019-11-02T11:04:16.000Z</time>
        <extensions>
          <ns3:TrackPointExtension>
            <ns3:hr>156</ns3:hr>
            <ns3:cad>97</ns3:cad>
          </ns3:TrackPointExtension>
        </extensions>
      </trkpt>
      <trkpt lat="51.47063168697059154510498046875" lon="-0.2571809291839599609375">
        <ele>7.599999904632568359375</ele>
        <time>2019-11-02T11:04:21.000Z</time>
        <extensions>
          <ns3:TrackPointExtension>
            <ns3:hr>156</ns3:hr>
            <ns3:cad>96</ns3:cad>
          </ns3:TrackPointExtension>
        </extensions>
      </trkpt>
      <trkpt lat="51.47068885155022144317626953125" lon="-0.25689686648547649383544921875">
        <ele>7.400000095367431640625</ele>
        <time>2019-11-02T11:04:26.000Z</time>
        <extensions>
          <ns3:TrackPointExtension>
            <ns3:hr>155</ns3:hr>
            <ns3:cad>97</ns3:cad>
          </ns3:TrackPointExtension>
        </extensions>
      </trkpt>
      <trkpt lat="51.47077283822000026702880859375" lon="-0.25661406107246875762939453125">
        <ele>6.400000095367431640625</ele>
        <time>2019-11-02T11:04:31.000Z</time>
        <extensions>
          <ns3:TrackPointExtension>
            <ns3:hr>156</ns3:hr>
            <ns3:cad>97</ns3:cad>
          </ns3:TrackPointExtension>
        </extensions>
      </trkpt>
      <trkpt lat="51.47087551653385162353515625" lon="-0.25635506026446819305419921875">
        <ele>6.599999904632568359375</ele>
        <time>2019-11-02T11:04:36.000Z</time>
        <extensions>
          <ns3:TrackPointExtension>
            <ns3:hr>156</ns3:hr>
            <ns3:cad>97</ns3:cad>
          </ns3:TrackPointExtension>
        </extensions>
      </trkpt>
      <trkpt lat="51.4709900133311748504638671875" lon="-0.256110392510890960693359375">
        <ele>6.400000095367431640625</ele>
        <time>2019-11-02T11:04:41.000Z</time>
        <extensions>
          <ns3:TrackPointExtension>
            <ns3:hr>157</ns3:hr>
            <ns3:cad>97</ns3:cad>
          </ns3:TrackPointExtension>
        </extensions>
      </trkpt>
      <trkpt lat="51.4710879139602184295654296875" lon="-0.2558648027479648590087890625">
        <ele>6</ele>
        <time>2019-11-02T11:04:46.000Z</time>
        <extensions>
          <ns3:TrackPointExtension>
            <ns3:hr>156</ns3:hr>
            <ns3:cad>97</ns3:cad>
          </ns3:TrackPointExtension>
        </extensions>
      </trkpt>
      <trkpt lat="51.4711764268577098846435546875" lon="-0.25560907088220119476318359375">
        <ele>6.19999980926513671875</ele>
        <time>2019-11-02T11:04:51.000Z</time>
        <extensions>
          <ns3:TrackPointExtension>
            <ns3:hr>155</ns3:hr>
            <ns3:cad>98</ns3:cad>
          </ns3:TrackPointExtension>
        </extensions>
      </trkpt>
      <trkpt lat="51.47126971744000911712646484375" lon="-0.2553595416247844696044921875">
        <ele>6.80000019073486328125</ele>
        <time>2019-11-02T11:04:56.000Z</time>
        <extensions>
          <ns3:TrackPointExtension>
            <ns3:hr>157</ns3:hr>
            <ns3:cad>99</ns3:cad>
          </ns3:TrackPointExtension>
        </extensions>
      </trkpt>
      <trkpt lat="51.4713842980563640594482421875" lon="-0.2551169693470001220703125">
        <ele>7</ele>
        <time>2019-11-02T11:05:01.000Z</time>
        <extensions>
          <ns3:TrackPointExtension>
            <ns3:hr>156</ns3:hr>
            <ns3:cad>98</ns3:cad>
          </ns3:TrackPointExtension>
        </extensions>
      </trkpt>
      <trkpt lat="51.4714838750660419464111328125" lon="-0.2548737265169620513916015625">
        <ele>5.599999904632568359375</ele>
        <time>2019-11-02T11:05:06.000Z</time>
        <extensions>
          <ns3:TrackPointExtension>
            <ns3:hr>156</ns3:hr>
            <ns3:cad>96</ns3:cad>
          </ns3:TrackPointExtension>
        </extensions>
      </trkpt>
      <trkpt lat="51.47159812040627002716064453125" lon="-0.2545912563800811767578125">
        <ele>4</ele>
        <time>2019-11-02T11:05:12.000Z</time>
        <extensions>
          <ns3:TrackPointExtension>
            <ns3:hr>155</ns3:hr>
            <ns3:cad>96</ns3:cad>
          </ns3:TrackPointExtension>
        </extensions>
      </trkpt>
      <trkpt lat="51.47169551812112331390380859375" lon="-0.2543476782739162445068359375">
        <ele>3.400000095367431640625</ele>
        <time>2019-11-02T11:05:17.000Z</time>
        <extensions>
          <ns3:TrackPointExtension>
            <ns3:hr>155</ns3:hr>
            <ns3:cad>97</ns3:cad>
          </ns3:TrackPointExtension>
        </extensions>
      </trkpt>
      <trkpt lat="51.4718225039541721343994140625" lon="-0.254122875630855560302734375">
        <ele>1.60000002384185791015625</ele>
        <time>2019-11-02T11:05:22.000Z</time>
        <extensions>
          <ns3:TrackPointExtension>
            <ns3:hr>155</ns3:hr>
            <ns3:cad>97</ns3:cad>
          </ns3:TrackPointExtension>
        </extensions>
      </trkpt>
      <trkpt lat="51.4719378389418125152587890625" lon="-0.25388742797076702117919921875">
        <ele>0.800000011920928955078125</ele>
        <time>2019-11-02T11:05:27.000Z</time>
        <extensions>
          <ns3:TrackPointExtension>
            <ns3:hr>154</ns3:hr>
            <ns3:cad>97</ns3:cad>
          </ns3:TrackPointExtension>
        </extensions>
      </trkpt>
      <trkpt lat="51.47206298075616359710693359375" lon="-0.25366631336510181427001953125">
        <ele>2.599999904632568359375</ele>
        <time>2019-11-02T11:05:32.000Z</time>
        <extensions>
          <ns3:TrackPointExtension>
            <ns3:hr>157</ns3:hr>
            <ns3:cad>98</ns3:cad>
          </ns3:TrackPointExtension>
        </extensions>
      </trkpt>
      <trkpt lat="51.47218552418053150177001953125" lon="-0.2534410916268825531005859375">
        <ele>4.19999980926513671875</ele>
        <time>2019-11-02T11:05:37.000Z</time>
        <extensions>
          <ns3:TrackPointExtension>
            <ns3:hr>160</ns3:hr>
            <ns3:cad>98</ns3:cad>
          </ns3:TrackPointExtension>
        </extensions>
      </trkpt>
      <trkpt lat="51.47235718555748462677001953125" lon="-0.253257192671298980712890625">
        <ele>4.400000095367431640625</ele>
        <time>2019-11-02T11:05:43.000Z</time>
        <extensions>
          <ns3:TrackPointExtension>
            <ns3:hr>158</ns3:hr>
            <ns3:cad>96</ns3:cad>
          </ns3:TrackPointExtension>
        </extensions>
      </trkpt>
      <trkpt lat="51.472484506666660308837890625" lon="-0.25301839224994182586669921875">
        <ele>3.2000000476837158203125</ele>
        <time>2019-11-02T11:05:50.000Z</time>
        <extensions>
          <ns3:TrackPointExtension>
            <ns3:hr>156</ns3:hr>
            <ns3:cad>97</ns3:cad>
          </ns3:TrackPointExtension>
        </extensions>
      </trkpt>
      <trkpt lat="51.472632028162479400634765625" lon="-0.25280515663325786590576171875">
        <ele>1.39999997615814208984375</ele>
        <time>2019-11-02T11:05:55.000Z</time>
        <extensions>
          <ns3:TrackPointExtension>
            <ns3:hr>158</ns3:hr>
            <ns3:cad>94</ns3:cad>
          </ns3:TrackPointExtension>
        </extensions>
      </trkpt>
      <trkpt lat="51.4727770350873470306396484375" lon="-0.2526042424142360687255859375">
        <ele>0.4000000059604644775390625</ele>
        <time>2019-11-02T11:06:00.000Z</time>
        <extensions>
          <ns3:TrackPointExtension>
            <ns3:hr>156</ns3:hr>
            <ns3:cad>98</ns3:cad>
          </ns3:TrackPointExtension>
        </extensions>
      </trkpt>
      <trkpt lat="51.472933776676654815673828125" lon="-0.252394191920757293701171875">
        <ele>0.60000002384185791015625</ele>
        <time>2019-11-02T11:06:05.000Z</time>
        <extensions>
          <ns3:TrackPointExtension>
            <ns3:hr>157</ns3:hr>
            <ns3:cad>98</ns3:cad>
          </ns3:TrackPointExtension>
        </extensions>
      </trkpt>
      <trkpt lat="51.4730831421911716461181640625" lon="-0.2521921880543231964111328125">
        <ele>2</ele>
        <time>2019-11-02T11:06:10.000Z</time>
        <extensions>
          <ns3:TrackPointExtension>
            <ns3:hr>155</ns3:hr>
            <ns3:cad>99</ns3:cad>
          </ns3:TrackPointExtension>
        </extensions>
      </trkpt>
      <trkpt lat="51.4732350222766399383544921875" lon="-0.25199110619723796844482421875">
        <ele>4</ele>
        <time>2019-11-02T11:06:15.000Z</time>
        <extensions>
          <ns3:TrackPointExtension>
            <ns3:hr>154</ns3:hr>
            <ns3:cad>99</ns3:cad>
          </ns3:TrackPointExtension>
        </extensions>
      </trkpt>
      <trkpt lat="51.473389081656932830810546875" lon="-0.25179781951010227203369140625">
        <ele>5.19999980926513671875</ele>
        <time>2019-11-02T11:06:20.000Z</time>
        <extensions>
          <ns3:TrackPointExtension>
            <ns3:hr>154</ns3:hr>
            <ns3:cad>98</ns3:cad>
          </ns3:TrackPointExtension>
        </extensions>
      </trkpt>
      <trkpt lat="51.47353786043822765350341796875" lon="-0.2516098134219646453857421875">
        <ele>6</ele>
        <time>2019-11-02T11:06:25.000Z</time>
        <extensions>
          <ns3:TrackPointExtension>
            <ns3:hr>156</ns3:hr>
            <ns3:cad>97</ns3:cad>
          </ns3:TrackPointExtension>
        </extensions>
      </trkpt>
      <trkpt lat="51.47368119098246097564697265625" lon="-0.25143563747406005859375">
        <ele>5.400000095367431640625</ele>
        <time>2019-11-02T11:06:30.000Z</time>
        <extensions>
          <ns3:TrackPointExtension>
            <ns3:hr>156</ns3:hr>
            <ns3:cad>98</ns3:cad>
          </ns3:TrackPointExtension>
        </extensions>
      </trkpt>
      <trkpt lat="51.47385000251233577728271484375" lon="-0.2513231523334980010986328125">
        <ele>5</ele>
        <time>2019-11-02T11:06:35.000Z</time>
        <extensions>
          <ns3:TrackPointExtension>
            <ns3:hr>156</ns3:hr>
            <ns3:cad>98</ns3:cad>
          </ns3:TrackPointExtension>
        </extensions>
      </trkpt>
      <trkpt lat="51.4740282855927944183349609375" lon="-0.251208655536174774169921875">
        <ele>5.19999980926513671875</ele>
        <time>2019-11-02T11:06:40.000Z</time>
        <extensions>
          <ns3:TrackPointExtension>
            <ns3:hr>156</ns3:hr>
            <ns3:cad>98</ns3:cad>
          </ns3:TrackPointExtension>
        </extensions>
      </trkpt>
      <trkpt lat="51.47419684566557407379150390625" lon="-0.251100026071071624755859375">
        <ele>5</ele>
        <time>2019-11-02T11:06:45.000Z</time>
        <extensions>
          <ns3:TrackPointExtension>
            <ns3:hr>156</ns3:hr>
            <ns3:cad>98</ns3:cad>
          </ns3:TrackPointExtension>
        </extensions>
      </trkpt>
      <trkpt lat="51.4743602089583873748779296875" lon="-0.25097639299929141998291015625">
        <ele>4</ele>
        <time>2019-11-02T11:06:50.000Z</time>
        <extensions>
          <ns3:TrackPointExtension>
            <ns3:hr>156</ns3:hr>
            <ns3:cad>97</ns3:cad>
          </ns3:TrackPointExtension>
        </extensions>
      </trkpt>
      <trkpt lat="51.4745234884321689605712890625" lon="-0.25084395892918109893798828125">
        <ele>2.599999904632568359375</ele>
        <time>2019-11-02T11:06:55.000Z</time>
        <extensions>
          <ns3:TrackPointExtension>
            <ns3:hr>155</ns3:hr>
            <ns3:cad>98</ns3:cad>
          </ns3:TrackPointExtension>
        </extensions>
      </trkpt>
      <trkpt lat="51.4746193774044513702392578125" lon="-0.2507664263248443603515625">
        <ele>1.60000002384185791015625</ele>
        <time>2019-11-02T11:06:58.000Z</time>
        <extensions>
          <ns3:TrackPointExtension>
            <ns3:hr>158</ns3:hr>
            <ns3:cad>98</ns3:cad>
          </ns3:TrackPointExtension>
        </extensions>
      </trkpt>
      <trkpt lat="51.47479020059108734130859375" lon="-0.2506418712437152862548828125">
        <ele>1.39999997615814208984375</ele>
        <time>2019-11-02T11:07:03.000Z</time>
        <extensions>
          <ns3:TrackPointExtension>
            <ns3:hr>158</ns3:hr>
            <ns3:cad>99</ns3:cad>
          </ns3:TrackPointExtension>
        </extensions>
      </trkpt>
      <trkpt lat="51.47495892830193042755126953125" lon="-0.25052578188478946685791015625">
        <ele>1.7999999523162841796875</ele>
        <time>2019-11-02T11:07:08.000Z</time>
        <extensions>
          <ns3:TrackPointExtension>
            <ns3:hr>156</ns3:hr>
            <ns3:cad>99</ns3:cad>
          </ns3:TrackPointExtension>
        </extensions>
      </trkpt>
      <trkpt lat="51.475149281322956085205078125" lon="-0.25037021376192569732666015625">
        <ele>3.599999904632568359375</ele>
        <time>2019-11-02T11:07:14.000Z</time>
        <extensions>
          <ns3:TrackPointExtension>
            <ns3:hr>155</ns3:hr>
            <ns3:cad>99</ns3:cad>
          </ns3:TrackPointExtension>
        </extensions>
      </trkpt>
      <trkpt lat="51.47531482391059398651123046875" lon="-0.2502328343689441680908203125">
        <ele>4.599999904632568359375</ele>
        <time>2019-11-02T11:07:19.000Z</time>
        <extensions>
          <ns3:TrackPointExtension>
            <ns3:hr>153</ns3:hr>
            <ns3:cad>98</ns3:cad>
          </ns3:TrackPointExtension>
        </extensions>
      </trkpt>
      <trkpt lat="51.47547977976500988006591796875" lon="-0.25009076111018657684326171875">
        <ele>4.400000095367431640625</ele>
        <time>2019-11-02T11:07:24.000Z</time>
        <extensions>
          <ns3:TrackPointExtension>
            <ns3:hr>153</ns3:hr>
            <ns3:cad>98</ns3:cad>
          </ns3:TrackPointExtension>
        </extensions>
      </trkpt>
      <trkpt lat="51.475645489990711212158203125" lon="-0.24994927458465099334716796875">
        <ele>3.7999999523162841796875</ele>
        <time>2019-11-02T11:07:29.000Z</time>
        <extensions>
          <ns3:TrackPointExtension>
            <ns3:hr>153</ns3:hr>
            <ns3:cad>99</ns3:cad>
          </ns3:TrackPointExtension>
        </extensions>
      </trkpt>
      <trkpt lat="51.4758396148681640625" lon="-0.24981223046779632568359375">
        <ele>2.400000095367431640625</ele>
        <time>2019-11-02T11:07:35.000Z</time>
        <extensions>
          <ns3:TrackPointExtension>
            <ns3:hr>153</ns3:hr>
            <ns3:cad>98</ns3:cad>
          </ns3:TrackPointExtension>
        </extensions>
      </trkpt>
      <trkpt lat="51.4760141260921955108642578125" lon="-0.2497245557606220245361328125">
        <ele>2.7999999523162841796875</ele>
        <time>2019-11-02T11:07:40.000Z</time>
        <extensions>
          <ns3:TrackPointExtension>
            <ns3:hr>154</ns3:hr>
            <ns3:cad>98</ns3:cad>
          </ns3:TrackPointExtension>
        </extensions>
      </trkpt>
      <trkpt lat="51.47619341500103473663330078125" lon="-0.24964333511888980865478515625">
        <ele>3</ele>
        <time>2019-11-02T11:07:45.000Z</time>
        <extensions>
          <ns3:TrackPointExtension>
            <ns3:hr>152</ns3:hr>
            <ns3:cad>98</ns3:cad>
          </ns3:TrackPointExtension>
        </extensions>
      </trkpt>
      <trkpt lat="51.47639106027781963348388671875" lon="-0.24954845197498798370361328125">
        <ele>3.400000095367431640625</ele>
        <time>2019-11-02T11:07:51.000Z</time>
        <extensions>
          <ns3:TrackPointExtension>
            <ns3:hr>154</ns3:hr>
            <ns3:cad>98</ns3:cad>
          </ns3:TrackPointExtension>
        </extensions>
      </trkpt>
      <trkpt lat="51.47659557871520519256591796875" lon="-0.2494985796511173248291015625">
        <ele>3</ele>
        <time>2019-11-02T11:07:57.000Z</time>
        <extensions>
          <ns3:TrackPointExtension>
            <ns3:hr>156</ns3:hr>
            <ns3:cad>96</ns3:cad>
          </ns3:TrackPointExtension>
        </extensions>
      </trkpt>
      <trkpt lat="51.47680395282804965972900390625" lon="-0.24950888939201831817626953125">
        <ele>2.400000095367431640625</ele>
        <time>2019-11-02T11:08:03.000Z</time>
        <extensions>
          <ns3:TrackPointExtension>
            <ns3:hr>156</ns3:hr>
            <ns3:cad>98</ns3:cad>
          </ns3:TrackPointExtension>
        </extensions>
      </trkpt>
      <trkpt lat="51.47700168192386627197265625" lon="-0.2494787983596324920654296875">
        <ele>1.60000002384185791015625</ele>
        <time>2019-11-02T11:08:09.000Z</time>
        <extensions>
          <ns3:TrackPointExtension>
            <ns3:hr>155</ns3:hr>
            <ns3:cad>98</ns3:cad>
          </ns3:TrackPointExtension>
        </extensions>
      </trkpt>
      <trkpt lat="51.47719387896358966827392578125" lon="-0.24944367818534374237060546875">
        <ele>1.7999999523162841796875</ele>
        <time>2019-11-02T11:08:14.000Z</time>
        <extensions>
          <ns3:TrackPointExtension>
            <ns3:hr>156</ns3:hr>
            <ns3:cad>97</ns3:cad>
          </ns3:TrackPointExtension>
        </extensions>
      </trkpt>
      <trkpt lat="51.47739856503903865814208984375" lon="-0.24939791299402713775634765625">
        <ele>2.599999904632568359375</ele>
        <time>2019-11-02T11:08:20.000Z</time>
        <extensions>
          <ns3:TrackPointExtension>
            <ns3:hr>158</ns3:hr>
            <ns3:cad>98</ns3:cad>
          </ns3:TrackPointExtension>
        </extensions>
      </trkpt>
      <trkpt lat="51.47758447565138339996337890625" lon="-0.2493728511035442352294921875">
        <ele>2.400000095367431640625</ele>
        <time>2019-11-02T11:08:25.000Z</time>
        <extensions>
          <ns3:TrackPointExtension>
            <ns3:hr>156</ns3:hr>
            <ns3:cad>98</ns3:cad>
          </ns3:TrackPointExtension>
        </extensions>
      </trkpt>
      <trkpt lat="51.47779838182032108306884765625" lon="-0.24932415224611759185791015625">
        <ele>1.7999999523162841796875</ele>
        <time>2019-11-02T11:08:31.000Z</time>
        <extensions>
          <ns3:TrackPointExtension>
            <ns3:hr>155</ns3:hr>
            <ns3:cad>98</ns3:cad>
          </ns3:TrackPointExtension>
        </extensions>
      </trkpt>
      <trkpt lat="51.4779813587665557861328125" lon="-0.24929397739470005035400390625">
        <ele>3</ele>
        <time>2019-11-02T11:08:36.000Z</time>
        <extensions>
          <ns3:TrackPointExtension>
            <ns3:hr>155</ns3:hr>
            <ns3:cad>98</ns3:cad>
          </ns3:TrackPointExtension>
        </extensions>
      </trkpt>
      <trkpt lat="51.4781655929982662200927734375" lon="-0.2492581866681575775146484375">
        <ele>3.400000095367431640625</ele>
        <time>2019-11-02T11:08:41.000Z</time>
        <extensions>
          <ns3:TrackPointExtension>
            <ns3:hr>155</ns3:hr>
            <ns3:cad>97</ns3:cad>
          </ns3:TrackPointExtension>
        </extensions>
      </trkpt>
      <trkpt lat="51.47836885415017604827880859375" lon="-0.24921149946749210357666015625">
        <ele>2.7999999523162841796875</ele>
        <time>2019-11-02T11:08:47.000Z</time>
        <extensions>
          <ns3:TrackPointExtension>
            <ns3:hr>156</ns3:hr>
            <ns3:cad>97</ns3:cad>
          </ns3:TrackPointExtension>
        </extensions>
      </trkpt>
      <trkpt lat="51.47856809198856353759765625" lon="-0.249180234968662261962890625">
        <ele>3.2000000476837158203125</ele>
        <time>2019-11-02T11:08:53.000Z</time>
        <extensions>
          <ns3:TrackPointExtension>
            <ns3:hr>156</ns3:hr>
            <ns3:cad>97</ns3:cad>
          </ns3:TrackPointExtension>
        </extensions>
      </trkpt>
      <trkpt lat="51.47877370007336139678955078125" lon="-0.2491793967783451080322265625">
        <ele>5.19999980926513671875</ele>
        <time>2019-11-02T11:08:59.000Z</time>
        <extensions>
          <ns3:TrackPointExtension>
            <ns3:hr>155</ns3:hr>
            <ns3:cad>97</ns3:cad>
          </ns3:TrackPointExtension>
        </extensions>
      </trkpt>
      <trkpt lat="51.47898458875715732574462890625" lon="-0.24918165989220142364501953125">
        <ele>6.80000019073486328125</ele>
        <time>2019-11-02T11:09:04.000Z</time>
        <extensions>
          <ns3:TrackPointExtension>
            <ns3:hr>153</ns3:hr>
            <ns3:cad>96</ns3:cad>
          </ns3:TrackPointExtension>
        </extensions>
      </trkpt>
      <trkpt lat="51.47919279523193836212158203125" lon="-0.24916573427617549896240234375">
        <ele>7.80000019073486328125</ele>
        <time>2019-11-02T11:09:09.000Z</time>
        <extensions>
          <ns3:TrackPointExtension>
            <ns3:hr>154</ns3:hr>
            <ns3:cad>96</ns3:cad>
          </ns3:TrackPointExtension>
        </extensions>
      </trkpt>
      <trkpt lat="51.4794007502496242523193359375" lon="-0.2491331286728382110595703125">
        <ele>8.80000019073486328125</ele>
        <time>2019-11-02T11:09:15.000Z</time>
        <extensions>
          <ns3:TrackPointExtension>
            <ns3:hr>155</ns3:hr>
            <ns3:cad>97</ns3:cad>
          </ns3:TrackPointExtension>
        </extensions>
      </trkpt>
      <trkpt lat="51.479611136019229888916015625" lon="-0.24913631379604339599609375">
        <ele>7.400000095367431640625</ele>
        <time>2019-11-02T11:09:22.000Z</time>
        <extensions>
          <ns3:TrackPointExtension>
            <ns3:hr>154</ns3:hr>
            <ns3:cad>96</ns3:cad>
          </ns3:TrackPointExtension>
        </extensions>
      </trkpt>
      <trkpt lat="51.4798087812960147857666015625" lon="-0.24917227216064929962158203125">
        <ele>7</ele>
        <time>2019-11-02T11:09:27.000Z</time>
        <extensions>
          <ns3:TrackPointExtension>
            <ns3:hr>153</ns3:hr>
            <ns3:cad>97</ns3:cad>
          </ns3:TrackPointExtension>
        </extensions>
      </trkpt>
      <trkpt lat="51.48000148124992847442626953125" lon="-0.2491861023008823394775390625">
        <ele>7</ele>
        <time>2019-11-02T11:09:33.000Z</time>
        <extensions>
          <ns3:TrackPointExtension>
            <ns3:hr>152</ns3:hr>
            <ns3:cad>97</ns3:cad>
          </ns3:TrackPointExtension>
        </extensions>
      </trkpt>
      <trkpt lat="51.48017900995910167694091796875" lon="-0.2492384053766727447509765625">
        <ele>6</ele>
        <time>2019-11-02T11:09:38.000Z</time>
        <extensions>
          <ns3:TrackPointExtension>
            <ns3:hr>155</ns3:hr>
            <ns3:cad>97</ns3:cad>
          </ns3:TrackPointExtension>
        </extensions>
      </trkpt>
      <trkpt lat="51.4803792536258697509765625" lon="-0.24926397018134593963623046875">
        <ele>7</ele>
        <time>2019-11-02T11:09:44.000Z</time>
        <extensions>
          <ns3:TrackPointExtension>
            <ns3:hr>156</ns3:hr>
            <ns3:cad>97</ns3:cad>
          </ns3:TrackPointExtension>
        </extensions>
      </trkpt>
      <trkpt lat="51.480557955801486968994140625" lon="-0.2493014372885227203369140625">
        <ele>9.19999980926513671875</ele>
        <time>2019-11-02T11:09:49.000Z</time>
        <extensions>
          <ns3:TrackPointExtension>
            <ns3:hr>155</ns3:hr>
            <ns3:cad>97</ns3:cad>
          </ns3:TrackPointExtension>
        </extensions>
      </trkpt>
      <trkpt lat="51.48074713535606861114501953125" lon="-0.2493517287075519561767578125">
        <ele>9.80000019073486328125</ele>
        <time>2019-11-02T11:09:54.000Z</time>
        <extensions>
          <ns3:TrackPointExtension>
            <ns3:hr>155</ns3:hr>
            <ns3:cad>97</ns3:cad>
          </ns3:TrackPointExtension>
        </extensions>
      </trkpt>
      <trkpt lat="51.4808052219450473785400390625" lon="-0.24935097433626651763916015625">
        <ele>9.80000019073486328125</ele>
        <time>2019-11-02T11:09:56.000Z</time>
        <extensions>
          <ns3:TrackPointExtension>
            <ns3:hr>155</ns3:hr>
            <ns3:cad>98</ns3:cad>
          </ns3:TrackPointExtension>
        </extensions>
      </trkpt>
      <trkpt lat="51.4809980057179927825927734375" lon="-0.24933337233960628509521484375">
        <ele>8.80000019073486328125</ele>
        <time>2019-11-02T11:10:02.000Z</time>
        <extensions>
          <ns3:TrackPointExtension>
            <ns3:hr>154</ns3:hr>
            <ns3:cad>97</ns3:cad>
          </ns3:TrackPointExtension>
        </extensions>
      </trkpt>
      <trkpt lat="51.4812026917934417724609375" lon="-0.24933320470154285430908203125">
        <ele>7.599999904632568359375</ele>
        <time>2019-11-02T11:10:08.000Z</time>
        <extensions>
          <ns3:TrackPointExtension>
            <ns3:hr>155</ns3:hr>
            <ns3:cad>97</ns3:cad>
          </ns3:TrackPointExtension>
        </extensions>
      </trkpt>
      <trkpt lat="51.481395475566387176513671875" lon="-0.2493131719529628753662109375">
        <ele>6.80000019073486328125</ele>
        <time>2019-11-02T11:10:13.000Z</time>
        <extensions>
          <ns3:TrackPointExtension>
            <ns3:hr>155</ns3:hr>
            <ns3:cad>96</ns3:cad>
          </ns3:TrackPointExtension>
        </extensions>
      </trkpt>
      <trkpt lat="51.48158918134868144989013671875" lon="-0.24933991022408008575439453125">
        <ele>6.80000019073486328125</ele>
        <time>2019-11-02T11:10:17.000Z</time>
        <extensions>
          <ns3:TrackPointExtension>
            <ns3:hr>156</ns3:hr>
            <ns3:cad>97</ns3:cad>
          </ns3:TrackPointExtension>
        </extensions>
      </trkpt>
      <trkpt lat="51.48180794902145862579345703125" lon="-0.24933588691055774688720703125">
        <ele>7</ele>
        <time>2019-11-02T11:10:23.000Z</time>
        <extensions>
          <ns3:TrackPointExtension>
            <ns3:hr>155</ns3:hr>
            <ns3:cad>97</ns3:cad>
          </ns3:TrackPointExtension>
        </extensions>
      </trkpt>
      <trkpt lat="51.48202252574265003204345703125" lon="-0.24932532571256160736083984375">
        <ele>7.19999980926513671875</ele>
        <time>2019-11-02T11:10:29.000Z</time>
        <extensions>
          <ns3:TrackPointExtension>
            <ns3:hr>154</ns3:hr>
            <ns3:cad>97</ns3:cad>
          </ns3:TrackPointExtension>
        </extensions>
      </trkpt>
      <trkpt lat="51.48221765644848346710205078125" lon="-0.24931476451456546783447265625">
        <ele>8</ele>
        <time>2019-11-02T11:10:34.000Z</time>
        <extensions>
          <ns3:TrackPointExtension>
            <ns3:hr>155</ns3:hr>
            <ns3:cad>97</ns3:cad>
          </ns3:TrackPointExtension>
        </extensions>
      </trkpt>
      <trkpt lat="51.48241412825882434844970703125" lon="-0.2492632158100605010986328125">
        <ele>8</ele>
        <time>2019-11-02T11:10:39.000Z</time>
        <extensions>
          <ns3:TrackPointExtension>
            <ns3:hr>155</ns3:hr>
            <ns3:cad>97</ns3:cad>
          </ns3:TrackPointExtension>
        </extensions>
      </trkpt>
      <trkpt lat="51.48259903304278850555419921875" lon="-0.2492065541446208953857421875">
        <ele>7.599999904632568359375</ele>
        <time>2019-11-02T11:10:44.000Z</time>
        <extensions>
          <ns3:TrackPointExtension>
            <ns3:hr>153</ns3:hr>
            <ns3:cad>96</ns3:cad>
          </ns3:TrackPointExtension>
        </extensions>
      </trkpt>
      <trkpt lat="51.48278024978935718536376953125" lon="-0.24914494715631008148193359375">
        <ele>7</ele>
        <time>2019-11-02T11:10:49.000Z</time>
        <extensions>
          <ns3:TrackPointExtension>
            <ns3:hr>154</ns3:hr>
            <ns3:cad>96</ns3:cad>
          </ns3:TrackPointExtension>
        </extensions>
      </trkpt>
      <trkpt lat="51.4829667471349239349365234375" lon="-0.24907152168452739715576171875">
        <ele>5.599999904632568359375</ele>
        <time>2019-11-02T11:10:55.000Z</time>
        <extensions>
          <ns3:TrackPointExtension>
            <ns3:hr>157</ns3:hr>
            <ns3:cad>96</ns3:cad>
          </ns3:TrackPointExtension>
        </extensions>
      </trkpt>
      <trkpt lat="51.4831365644931793212890625" lon="-0.24897194467484951019287109375">
        <ele>4.599999904632568359375</ele>
        <time>2019-11-02T11:11:00.000Z</time>
        <extensions>
          <ns3:TrackPointExtension>
            <ns3:hr>156</ns3:hr>
            <ns3:cad>96</ns3:cad>
          </ns3:TrackPointExtension>
        </extensions>
      </trkpt>
      <trkpt lat="51.4833100698888301849365234375" lon="-0.24885962717235088348388671875">
        <ele>4</ele>
        <time>2019-11-02T11:11:05.000Z</time>
        <extensions>
          <ns3:TrackPointExtension>
            <ns3:hr>155</ns3:hr>
            <ns3:cad>97</ns3:cad>
          </ns3:TrackPointExtension>
        </extensions>
      </trkpt>
      <trkpt lat="51.483488269150257110595703125" lon="-0.24874915368854999542236328125">
        <ele>6.19999980926513671875</ele>
        <time>2019-11-02T11:11:11.000Z</time>
        <extensions>
          <ns3:TrackPointExtension>
            <ns3:hr>155</ns3:hr>
            <ns3:cad>97</ns3:cad>
          </ns3:TrackPointExtension>
        </extensions>
      </trkpt>
      <trkpt lat="51.48364643566310405731201171875" lon="-0.24859157390892505645751953125">
        <ele>8.19999980926513671875</ele>
        <time>2019-11-02T11:11:16.000Z</time>
        <extensions>
          <ns3:TrackPointExtension>
            <ns3:hr>154</ns3:hr>
            <ns3:cad>96</ns3:cad>
          </ns3:TrackPointExtension>
        </extensions>
      </trkpt>
      <trkpt lat="51.4838082902133464813232421875" lon="-0.2484320662915706634521484375">
        <ele>9.6000003814697265625</ele>
        <time>2019-11-02T11:11:21.000Z</time>
        <extensions>
          <ns3:TrackPointExtension>
            <ns3:hr>155</ns3:hr>
            <ns3:cad>96</ns3:cad>
          </ns3:TrackPointExtension>
        </extensions>
      </trkpt>
      <trkpt lat="51.48397081531584262847900390625" lon="-0.248238109052181243896484375">
        <ele>11.19999980926513671875</ele>
        <time>2019-11-02T11:11:27.000Z</time>
        <extensions>
          <ns3:TrackPointExtension>
            <ns3:hr>154</ns3:hr>
            <ns3:cad>96</ns3:cad>
          </ns3:TrackPointExtension>
        </extensions>
      </trkpt>
      <trkpt lat="51.48413191549479961395263671875" lon="-0.24802361615002155303955078125">
        <ele>12.80000019073486328125</ele>
        <time>2019-11-02T11:11:33.000Z</time>
        <extensions>
          <ns3:TrackPointExtension>
            <ns3:hr>154</ns3:hr>
            <ns3:cad>96</ns3:cad>
          </ns3:TrackPointExtension>
        </extensions>
      </trkpt>
      <trkpt lat="51.4842803589999675750732421875" lon="-0.24778448045253753662109375">
        <ele>12.6000003814697265625</ele>
        <time>2019-11-02T11:11:39.000Z</time>
        <extensions>
          <ns3:TrackPointExtension>
            <ns3:hr>154</ns3:hr>
            <ns3:cad>96</ns3:cad>
          </ns3:TrackPointExtension>
        </extensions>
      </trkpt>
      <trkpt lat="51.484435759484767913818359375" lon="-0.2475740946829319000244140625">
        <ele>11.6000003814697265625</ele>
        <time>2019-11-02T11:11:45.000Z</time>
        <extensions>
          <ns3:TrackPointExtension>
            <ns3:hr>155</ns3:hr>
            <ns3:cad>97</ns3:cad>
          </ns3:TrackPointExtension>
        </extensions>
      </trkpt>
      <trkpt lat="51.48456375114619731903076171875" lon="-0.24737116880714893341064453125">
        <ele>10.19999980926513671875</ele>
        <time>2019-11-02T11:11:50.000Z</time>
        <extensions>
          <ns3:TrackPointExtension>
            <ns3:hr>156</ns3:hr>
            <ns3:cad>96</ns3:cad>
          </ns3:TrackPointExtension>
        </extensions>
      </trkpt>
      <trkpt lat="51.48469920270144939422607421875" lon="-0.24717989377677440643310546875">
        <ele>8.19999980926513671875</ele>
        <time>2019-11-02T11:11:55.000Z</time>
        <extensions>
          <ns3:TrackPointExtension>
            <ns3:hr>156</ns3:hr>
            <ns3:cad>97</ns3:cad>
          </ns3:TrackPointExtension>
        </extensions>
      </trkpt>
      <trkpt lat="51.4848449639976024627685546875" lon="-0.24693363346159458160400390625">
        <ele>8</ele>
        <time>2019-11-02T11:12:02.000Z</time>
        <extensions>
          <ns3:TrackPointExtension>
            <ns3:hr>155</ns3:hr>
            <ns3:cad>97</ns3:cad>
          </ns3:TrackPointExtension>
        </extensions>
      </trkpt>
      <trkpt lat="51.48499592207372188568115234375" lon="-0.24670363403856754302978515625">
        <ele>8</ele>
        <time>2019-11-02T11:12:08.000Z</time>
        <extensions>
          <ns3:TrackPointExtension>
            <ns3:hr>155</ns3:hr>
            <ns3:cad>96</ns3:cad>
          </ns3:TrackPointExtension>
        </extensions>
      </trkpt>
      <trkpt lat="51.48512475192546844482421875" lon="-0.24649140425026416778564453125">
        <ele>8.3999996185302734375</ele>
        <time>2019-11-02T11:12:13.000Z</time>
        <extensions>
          <ns3:TrackPointExtension>
            <ns3:hr>155</ns3:hr>
            <ns3:cad>96</ns3:cad>
          </ns3:TrackPointExtension>
        </extensions>
      </trkpt>
      <trkpt lat="51.48526565171778202056884765625" lon="-0.2462812699377536773681640625">
        <ele>8.80000019073486328125</ele>
        <time>2019-11-02T11:12:18.000Z</time>
        <extensions>
          <ns3:TrackPointExtension>
            <ns3:hr>155</ns3:hr>
            <ns3:cad>97</ns3:cad>
          </ns3:TrackPointExtension>
        </extensions>
      </trkpt>
      <trkpt lat="51.485387943685054779052734375" lon="-0.24605185724794864654541015625">
        <ele>8</ele>
        <time>2019-11-02T11:12:23.000Z</time>
        <extensions>
          <ns3:TrackPointExtension>
            <ns3:hr>156</ns3:hr>
            <ns3:cad>97</ns3:cad>
          </ns3:TrackPointExtension>
        </extensions>
      </trkpt>
      <trkpt lat="51.48550872690975666046142578125" lon="-0.24582915008068084716796875">
        <ele>7.19999980926513671875</ele>
        <time>2019-11-02T11:12:28.000Z</time>
        <extensions>
          <ns3:TrackPointExtension>
            <ns3:hr>157</ns3:hr>
            <ns3:cad>96</ns3:cad>
          </ns3:TrackPointExtension>
        </extensions>
      </trkpt>
      <trkpt lat="51.48564803414046764373779296875" lon="-0.24560912512242794036865234375">
        <ele>6.19999980926513671875</ele>
        <time>2019-11-02T11:12:33.000Z</time>
        <extensions>
          <ns3:TrackPointExtension>
            <ns3:hr>157</ns3:hr>
            <ns3:cad>96</ns3:cad>
          </ns3:TrackPointExtension>
        </extensions>
      </trkpt>
      <trkpt lat="51.48576286621391773223876953125" lon="-0.24538113735616207122802734375">
        <ele>5.400000095367431640625</ele>
        <time>2019-11-02T11:12:38.000Z</time>
        <extensions>
          <ns3:TrackPointExtension>
            <ns3:hr>156</ns3:hr>
            <ns3:cad>96</ns3:cad>
          </ns3:TrackPointExtension>
        </extensions>
      </trkpt>
      <trkpt lat="51.48589563556015491485595703125" lon="-0.24511761032044887542724609375">
        <ele>5.80000019073486328125</ele>
        <time>2019-11-02T11:12:44.000Z</time>
        <extensions>
          <ns3:TrackPointExtension>
            <ns3:hr>156</ns3:hr>
            <ns3:cad>96</ns3:cad>
          </ns3:TrackPointExtension>
        </extensions>
      </trkpt>
      <trkpt lat="51.48604399524629116058349609375" lon="-0.2448627166450023651123046875">
        <ele>8.19999980926513671875</ele>
        <time>2019-11-02T11:12:50.000Z</time>
        <extensions>
          <ns3:TrackPointExtension>
            <ns3:hr>154</ns3:hr>
            <ns3:cad>96</ns3:cad>
          </ns3:TrackPointExtension>
        </extensions>
      </trkpt>
      <trkpt lat="51.4861755073070526123046875" lon="-0.24461209774017333984375">
        <ele>9.3999996185302734375</ele>
        <time>2019-11-02T11:12:56.000Z</time>
        <extensions>
          <ns3:TrackPointExtension>
            <ns3:hr>154</ns3:hr>
            <ns3:cad>96</ns3:cad>
          </ns3:TrackPointExtension>
        </extensions>
      </trkpt>
      <trkpt lat="51.48633803240954875946044921875" lon="-0.2443923242390155792236328125">
        <ele>7.599999904632568359375</ele>
        <time>2019-11-02T11:13:02.000Z</time>
        <extensions>
          <ns3:TrackPointExtension>
            <ns3:hr>154</ns3:hr>
            <ns3:cad>97</ns3:cad>
          </ns3:TrackPointExtension>
        </extensions>
      </trkpt>
      <trkpt lat="51.4864764176309108734130859375" lon="-0.2442082576453685760498046875">
        <ele>5.400000095367431640625</ele>
        <time>2019-11-02T11:13:07.000Z</time>
        <extensions>
          <ns3:TrackPointExtension>
            <ns3:hr>154</ns3:hr>
            <ns3:cad>97</ns3:cad>
          </ns3:TrackPointExtension>
        </extensions>
      </trkpt>
      <trkpt lat="51.48660306818783283233642578125" lon="-0.24396040476858615875244140625">
        <ele>3.599999904632568359375</ele>
        <time>2019-11-02T11:13:13.000Z</time>
        <extensions>
          <ns3:TrackPointExtension>
            <ns3:hr>156</ns3:hr>
            <ns3:cad>96</ns3:cad>
          </ns3:TrackPointExtension>
        </extensions>
      </trkpt>
      <trkpt lat="51.4867092669010162353515625" lon="-0.243752114474773406982421875">
        <ele>3.2000000476837158203125</ele>
        <time>2019-11-02T11:13:18.000Z</time>
        <extensions>
          <ns3:TrackPointExtension>
            <ns3:hr>155</ns3:hr>
            <ns3:cad>95</ns3:cad>
          </ns3:TrackPointExtension>
        </extensions>
      </trkpt>
      <trkpt lat="51.48684815503656864166259765625" lon="-0.2434937842190265655517578125">
        <ele>4</ele>
        <time>2019-11-02T11:13:24.000Z</time>
        <extensions>
          <ns3:TrackPointExtension>
            <ns3:hr>156</ns3:hr>
            <ns3:cad>95</ns3:cad>
          </ns3:TrackPointExtension>
        </extensions>
      </trkpt>
      <trkpt lat="51.4869706146419048309326171875" lon="-0.243273340165615081787109375">
        <ele>4.80000019073486328125</ele>
        <time>2019-11-02T11:13:29.000Z</time>
        <extensions>
          <ns3:TrackPointExtension>
            <ns3:hr>156</ns3:hr>
            <ns3:cad>96</ns3:cad>
          </ns3:TrackPointExtension>
        </extensions>
      </trkpt>
      <trkpt lat="51.487097181379795074462890625" lon="-0.24305641651153564453125">
        <ele>6</ele>
        <time>2019-11-02T11:13:34.000Z</time>
        <extensions>
          <ns3:TrackPointExtension>
            <ns3:hr>156</ns3:hr>
            <ns3:cad>96</ns3:cad>
          </ns3:TrackPointExtension>
        </extensions>
      </trkpt>
      <trkpt lat="51.48721863515675067901611328125" lon="-0.242836140096187591552734375">
        <ele>6.599999904632568359375</ele>
        <time>2019-11-02T11:13:39.000Z</time>
        <extensions>
          <ns3:TrackPointExtension>
            <ns3:hr>156</ns3:hr>
            <ns3:cad>95</ns3:cad>
          </ns3:TrackPointExtension>
        </extensions>
      </trkpt>
      <trkpt lat="51.48737219162285327911376953125" lon="-0.24259599857032299041748046875">
        <ele>5.80000019073486328125</ele>
        <time>2019-11-02T11:13:45.000Z</time>
        <extensions>
          <ns3:TrackPointExtension>
            <ns3:hr>157</ns3:hr>
            <ns3:cad>96</ns3:cad>
          </ns3:TrackPointExtension>
        </extensions>
      </trkpt>
      <trkpt lat="51.487518288195133209228515625" lon="-0.24238678626716136932373046875">
        <ele>4.80000019073486328125</ele>
        <time>2019-11-02T11:13:51.000Z</time>
        <extensions>
          <ns3:TrackPointExtension>
            <ns3:hr>157</ns3:hr>
            <ns3:cad>96</ns3:cad>
          </ns3:TrackPointExtension>
        </extensions>
      </trkpt>
      <trkpt lat="51.4876599423587322235107421875" lon="-0.2421520091593265533447265625">
        <ele>3.7999999523162841796875</ele>
        <time>2019-11-02T11:13:57.000Z</time>
        <extensions>
          <ns3:TrackPointExtension>
            <ns3:hr>157</ns3:hr>
            <ns3:cad>96</ns3:cad>
          </ns3:TrackPointExtension>
        </extensions>
      </trkpt>
      <trkpt lat="51.48779883049428462982177734375" lon="-0.2419283799827098846435546875">
        <ele>2.599999904632568359375</ele>
        <time>2019-11-02T11:14:03.000Z</time>
        <extensions>
          <ns3:TrackPointExtension>
            <ns3:hr>156</ns3:hr>
            <ns3:cad>95</ns3:cad>
          </ns3:TrackPointExtension>
        </extensions>
      </trkpt>
      <trkpt lat="51.4879271574318408966064453125" lon="-0.24171371944248676300048828125">
        <ele>1.39999997615814208984375</ele>
        <time>2019-11-02T11:14:08.000Z</time>
        <extensions>
          <ns3:TrackPointExtension>
            <ns3:hr>156</ns3:hr>
            <ns3:cad>96</ns3:cad>
          </ns3:TrackPointExtension>
        </extensions>
      </trkpt>
      <trkpt lat="51.48804567754268646240234375" lon="-0.24148975498974323272705078125">
        <ele>0.800000011920928955078125</ele>
        <time>2019-11-02T11:14:13.000Z</time>
        <extensions>
          <ns3:TrackPointExtension>
            <ns3:hr>156</ns3:hr>
            <ns3:cad>96</ns3:cad>
          </ns3:TrackPointExtension>
        </extensions>
      </trkpt>
      <trkpt lat="51.4881497807800769805908203125" lon="-0.24129546247422695159912109375">
        <ele>1</ele>
        <time>2019-11-02T11:14:17.000Z</time>
        <extensions>
          <ns3:TrackPointExtension>
            <ns3:hr>153</ns3:hr>
            <ns3:cad>96</ns3:cad>
          </ns3:TrackPointExtension>
        </extensions>
      </trkpt>
      <trkpt lat="51.4882597513496875762939453125" lon="-0.241046436131000518798828125">
        <ele>0.800000011920928955078125</ele>
        <time>2019-11-02T11:14:22.000Z</time>
        <extensions>
          <ns3:TrackPointExtension>
            <ns3:hr>153</ns3:hr>
            <ns3:cad>96</ns3:cad>
          </ns3:TrackPointExtension>
        </extensions>
      </trkpt>
      <trkpt lat="51.48835237137973308563232421875" lon="-0.2407646365463733673095703125">
        <ele>0.800000011920928955078125</ele>
        <time>2019-11-02T11:14:28.000Z</time>
        <extensions>
          <ns3:TrackPointExtension>
            <ns3:hr>155</ns3:hr>
            <ns3:cad>95</ns3:cad>
          </ns3:TrackPointExtension>
        </extensions>
      </trkpt>
      <trkpt lat="51.48846334777772426605224609375" lon="-0.24047872982919216156005859375">
        <ele>1</ele>
        <time>2019-11-02T11:14:34.000Z</time>
        <extensions>
          <ns3:TrackPointExtension>
            <ns3:hr>156</ns3:hr>
            <ns3:cad>96</ns3:cad>
          </ns3:TrackPointExtension>
        </extensions>
      </trkpt>
      <trkpt lat="51.48855756036937236785888671875" lon="-0.24017513729631900787353515625">
        <ele>2.400000095367431640625</ele>
        <time>2019-11-02T11:14:40.000Z</time>
        <extensions>
          <ns3:TrackPointExtension>
            <ns3:hr>154</ns3:hr>
            <ns3:cad>96</ns3:cad>
          </ns3:TrackPointExtension>
        </extensions>
      </trkpt>
      <trkpt lat="51.48864087648689746856689453125" lon="-0.23991563357412815093994140625">
        <ele>4.19999980926513671875</ele>
        <time>2019-11-02T11:14:45.000Z</time>
        <extensions>
          <ns3:TrackPointExtension>
            <ns3:hr>156</ns3:hr>
            <ns3:cad>97</ns3:cad>
          </ns3:TrackPointExtension>
        </extensions>
      </trkpt>
      <trkpt lat="51.48870022036135196685791015625" lon="-0.23961019702255725860595703125">
        <ele>5</ele>
        <time>2019-11-02T11:14:51.000Z</time>
        <extensions>
          <ns3:TrackPointExtension>
            <ns3:hr>154</ns3:hr>
            <ns3:cad>96</ns3:cad>
          </ns3:TrackPointExtension>
        </extensions>
      </trkpt>
      <trkpt lat="51.4887616597115993499755859375" lon="-0.23929386399686336517333984375">
        <ele>4.80000019073486328125</ele>
        <time>2019-11-02T11:14:57.000Z</time>
        <extensions>
          <ns3:TrackPointExtension>
            <ns3:hr>154</ns3:hr>
            <ns3:cad>98</ns3:cad>
          </ns3:TrackPointExtension>
        </extensions>
      </trkpt>
      <trkpt lat="51.48879962973296642303466796875" lon="-0.2390577457845211029052734375">
        <ele>4.19999980926513671875</ele>
        <time>2019-11-02T11:15:01.000Z</time>
        <extensions>
          <ns3:TrackPointExtension>
            <ns3:hr>157</ns3:hr>
            <ns3:cad>96</ns3:cad>
          </ns3:TrackPointExtension>
        </extensions>
      </trkpt>
      <trkpt lat="51.4888174831867218017578125" lon="-0.2389524690806865692138671875">
        <ele>3.7999999523162841796875</ele>
        <time>2019-11-02T11:15:03.000Z</time>
        <extensions>
          <ns3:TrackPointExtension>
            <ns3:hr>160</ns3:hr>
            <ns3:cad>98</ns3:cad>
          </ns3:TrackPointExtension>
        </extensions>
      </trkpt>
      <trkpt lat="51.48887037299573421478271484375" lon="-0.23864376358687877655029296875">
        <ele>3.2000000476837158203125</ele>
        <time>2019-11-02T11:15:09.000Z</time>
        <extensions>
          <ns3:TrackPointExtension>
            <ns3:hr>160</ns3:hr>
            <ns3:cad>96</ns3:cad>
          </ns3:TrackPointExtension>
        </extensions>
      </trkpt>
      <trkpt lat="51.48888655006885528564453125" lon="-0.2383288554847240447998046875">
        <ele>3.7999999523162841796875</ele>
        <time>2019-11-02T11:15:15.000Z</time>
        <extensions>
          <ns3:TrackPointExtension>
            <ns3:hr>158</ns3:hr>
            <ns3:cad>96</ns3:cad>
          </ns3:TrackPointExtension>
        </extensions>
      </trkpt>
      <trkpt lat="51.48888789117336273193359375" lon="-0.23810547776520252227783203125">
        <ele>4</ele>
        <time>2019-11-02T11:15:19.000Z</time>
        <extensions>
          <ns3:TrackPointExtension>
            <ns3:hr>155</ns3:hr>
            <ns3:cad>98</ns3:cad>
          </ns3:TrackPointExtension>
        </extensions>
      </trkpt>
      <trkpt lat="51.48891873657703399658203125" lon="-0.2378168888390064239501953125">
        <ele>3.400000095367431640625</ele>
        <time>2019-11-02T11:15:24.000Z</time>
        <extensions>
          <ns3:TrackPointExtension>
            <ns3:hr>157</ns3:hr>
            <ns3:cad>96</ns3:cad>
          </ns3:TrackPointExtension>
        </extensions>
      </trkpt>
      <trkpt lat="51.488931477069854736328125" lon="-0.23752645589411258697509765625">
        <ele>3.2000000476837158203125</ele>
        <time>2019-11-02T11:15:29.000Z</time>
        <extensions>
          <ns3:TrackPointExtension>
            <ns3:hr>156</ns3:hr>
            <ns3:cad>96</ns3:cad>
          </ns3:TrackPointExtension>
        </extensions>
      </trkpt>
      <trkpt lat="51.48892879486083984375" lon="-0.237193442881107330322265625">
        <ele>3.400000095367431640625</ele>
        <time>2019-11-02T11:15:35.000Z</time>
        <extensions>
          <ns3:TrackPointExtension>
            <ns3:hr>155</ns3:hr>
            <ns3:cad>97</ns3:cad>
          </ns3:TrackPointExtension>
        </extensions>
      </trkpt>
      <trkpt lat="51.48894782178103923797607421875" lon="-0.23690083064138889312744140625">
        <ele>3.400000095367431640625</ele>
        <time>2019-11-02T11:15:40.000Z</time>
        <extensions>
          <ns3:TrackPointExtension>
            <ns3:hr>154</ns3:hr>
            <ns3:cad>96</ns3:cad>
          </ns3:TrackPointExtension>
        </extensions>
      </trkpt>
      <trkpt lat="51.48895201273262500762939453125" lon="-0.23657075129449367523193359375">
        <ele>3.7999999523162841796875</ele>
        <time>2019-11-02T11:15:46.000Z</time>
        <extensions>
          <ns3:TrackPointExtension>
            <ns3:hr>153</ns3:hr>
            <ns3:cad>97</ns3:cad>
          </ns3:TrackPointExtension>
        </extensions>
      </trkpt>
      <trkpt lat="51.48893441073596477508544921875" lon="-0.23625274188816547393798828125">
        <ele>4.19999980926513671875</ele>
        <time>2019-11-02T11:15:52.000Z</time>
        <extensions>
          <ns3:TrackPointExtension>
            <ns3:hr>153</ns3:hr>
            <ns3:cad>96</ns3:cad>
          </ns3:TrackPointExtension>
        </extensions>
      </trkpt>
      <trkpt lat="51.48893876932561397552490234375" lon="-0.2359403483569622039794921875">
        <ele>3.400000095367431640625</ele>
        <time>2019-11-02T11:15:57.000Z</time>
        <extensions>
          <ns3:TrackPointExtension>
            <ns3:hr>153</ns3:hr>
            <ns3:cad>95</ns3:cad>
          </ns3:TrackPointExtension>
        </extensions>
      </trkpt>
      <trkpt lat="51.48892636410892009735107421875" lon="-0.23560113273561000823974609375">
        <ele>2</ele>
        <time>2019-11-02T11:16:02.000Z</time>
        <extensions>
          <ns3:TrackPointExtension>
            <ns3:hr>153</ns3:hr>
            <ns3:cad>97</ns3:cad>
          </ns3:TrackPointExtension>
        </extensions>
      </trkpt>
      <trkpt lat="51.488900296390056610107421875" lon="-0.2353100292384624481201171875">
        <ele>3.7999999523162841796875</ele>
        <time>2019-11-02T11:16:07.000Z</time>
        <extensions>
          <ns3:TrackPointExtension>
            <ns3:hr>155</ns3:hr>
            <ns3:cad>97</ns3:cad>
          </ns3:TrackPointExtension>
        </extensions>
      </trkpt>
      <trkpt lat="51.48887640796601772308349609375" lon="-0.2349992282688617706298828125">
        <ele>6.599999904632568359375</ele>
        <time>2019-11-02T11:16:13.000Z</time>
        <extensions>
          <ns3:TrackPointExtension>
            <ns3:hr>154</ns3:hr>
            <ns3:cad>96</ns3:cad>
          </ns3:TrackPointExtension>
        </extensions>
      </trkpt>
      <trkpt lat="51.48884740658104419708251953125" lon="-0.23469136096537113189697265625">
        <ele>9.80000019073486328125</ele>
        <time>2019-11-02T11:16:19.000Z</time>
        <extensions>
          <ns3:TrackPointExtension>
            <ns3:hr>155</ns3:hr>
            <ns3:cad>95</ns3:cad>
          </ns3:TrackPointExtension>
        </extensions>
      </trkpt>
      <trkpt lat="51.488798372447490692138671875" lon="-0.23438206873834133148193359375">
        <ele>9.3999996185302734375</ele>
        <time>2019-11-02T11:16:25.000Z</time>
        <extensions>
          <ns3:TrackPointExtension>
            <ns3:hr>156</ns3:hr>
            <ns3:cad>96</ns3:cad>
          </ns3:TrackPointExtension>
        </extensions>
      </trkpt>
      <trkpt lat="51.48872737772762775421142578125" lon="-0.234090127050876617431640625">
        <ele>8.19999980926513671875</ele>
        <time>2019-11-02T11:16:31.000Z</time>
        <extensions>
          <ns3:TrackPointExtension>
            <ns3:hr>155</ns3:hr>
            <ns3:cad>97</ns3:cad>
          </ns3:TrackPointExtension>
        </extensions>
      </trkpt>
      <trkpt lat="51.488645486533641815185546875" lon="-0.2337657473981380462646484375">
        <ele>5.400000095367431640625</ele>
        <time>2019-11-02T11:16:37.000Z</time>
        <extensions>
          <ns3:TrackPointExtension>
            <ns3:hr>158</ns3:hr>
            <ns3:cad>96</ns3:cad>
          </ns3:TrackPointExtension>
        </extensions>
      </trkpt>
      <trkpt lat="51.48858823813498020172119140625" lon="-0.2334487438201904296875">
        <ele>4.599999904632568359375</ele>
        <time>2019-11-02T11:16:42.000Z</time>
        <extensions>
          <ns3:TrackPointExtension>
            <ns3:hr>159</ns3:hr>
            <ns3:cad>97</ns3:cad>
          </ns3:TrackPointExtension>
        </extensions>
      </trkpt>
      <trkpt lat="51.48853878490626811981201171875" lon="-0.233157388865947723388671875">
        <ele>3.599999904632568359375</ele>
        <time>2019-11-02T11:16:47.000Z</time>
        <extensions>
          <ns3:TrackPointExtension>
            <ns3:hr>157</ns3:hr>
            <ns3:cad>97</ns3:cad>
          </ns3:TrackPointExtension>
        </extensions>
      </trkpt>
      <trkpt lat="51.4884411357343196868896484375" lon="-0.23286377079784870147705078125">
        <ele>2.2000000476837158203125</ele>
        <time>2019-11-02T11:16:53.000Z</time>
        <extensions>
          <ns3:TrackPointExtension>
            <ns3:hr>155</ns3:hr>
            <ns3:cad>97</ns3:cad>
          </ns3:TrackPointExtension>
        </extensions>
      </trkpt>
      <trkpt lat="51.488392688333988189697265625" lon="-0.23272790014743804931640625">
        <ele>1.7999999523162841796875</ele>
        <time>2019-11-02T11:16:56.000Z</time>
        <extensions>
          <ns3:TrackPointExtension>
            <ns3:hr>161</ns3:hr>
            <ns3:cad>96</ns3:cad>
          </ns3:TrackPointExtension>
        </extensions>
      </trkpt>
      <trkpt lat="51.4883053489029407501220703125" lon="-0.2324836514890193939208984375">
        <ele>1.2000000476837158203125</ele>
        <time>2019-11-02T11:17:01.000Z</time>
        <extensions>
          <ns3:TrackPointExtension>
            <ns3:hr>157</ns3:hr>
            <ns3:cad>96</ns3:cad>
          </ns3:TrackPointExtension>
        </extensions>
      </trkpt>
      <trkpt lat="51.4882527105510234832763671875" lon="-0.232323892414569854736328125">
        <ele>0.60000002384185791015625</ele>
        <time>2019-11-02T11:17:05.000Z</time>
        <extensions>
          <ns3:TrackPointExtension>
            <ns3:hr>154</ns3:hr>
            <ns3:cad>96</ns3:cad>
          </ns3:TrackPointExtension>
        </extensions>
      </trkpt>
      <trkpt lat="51.48816143162548542022705078125" lon="-0.232028178870677947998046875">
        <ele>0</ele>
        <time>2019-11-02T11:17:12.000Z</time>
        <extensions>
          <ns3:TrackPointExtension>
            <ns3:hr>152</ns3:hr>
            <ns3:cad>96</ns3:cad>
          </ns3:TrackPointExtension>
        </extensions>
      </trkpt>
      <trkpt lat="51.48804442025721073150634765625" lon="-0.23177244700491428375244140625">
        <ele>1</ele>
        <time>2019-11-02T11:17:18.000Z</time>
        <extensions>
          <ns3:TrackPointExtension>
            <ns3:hr>153</ns3:hr>
            <ns3:cad>96</ns3:cad>
          </ns3:TrackPointExtension>
        </extensions>
      </trkpt>
      <trkpt lat="51.4879117347300052642822265625" lon="-0.2315291203558444976806640625">
        <ele>3</ele>
        <time>2019-11-02T11:17:23.000Z</time>
        <extensions>
          <ns3:TrackPointExtension>
            <ns3:hr>153</ns3:hr>
            <ns3:cad>95</ns3:cad>
          </ns3:TrackPointExtension>
        </extensions>
      </trkpt>
      <trkpt lat="51.48777737282216548919677734375" lon="-0.23129132576286792755126953125">
        <ele>5</ele>
        <time>2019-11-02T11:17:28.000Z</time>
        <extensions>
          <ns3:TrackPointExtension>
            <ns3:hr>153</ns3:hr>
            <ns3:cad>97</ns3:cad>
          </ns3:TrackPointExtension>
        </extensions>
      </trkpt>
      <trkpt lat="51.48764980025589466094970703125" lon="-0.23105981759727001190185546875">
        <ele>6.80000019073486328125</ele>
        <time>2019-11-02T11:17:33.000Z</time>
        <extensions>
          <ns3:TrackPointExtension>
            <ns3:hr>155</ns3:hr>
            <ns3:cad>97</ns3:cad>
          </ns3:TrackPointExtension>
        </extensions>
      </trkpt>
      <trkpt lat="51.487542428076267242431640625" lon="-0.23082227446138858795166015625">
        <ele>7.599999904632568359375</ele>
        <time>2019-11-02T11:17:38.000Z</time>
        <extensions>
          <ns3:TrackPointExtension>
            <ns3:hr>154</ns3:hr>
            <ns3:cad>96</ns3:cad>
          </ns3:TrackPointExtension>
        </extensions>
      </trkpt>
      <trkpt lat="51.4873959124088287353515625" lon="-0.230575092136859893798828125">
        <ele>8.80000019073486328125</ele>
        <time>2019-11-02T11:17:44.000Z</time>
        <extensions>
          <ns3:TrackPointExtension>
            <ns3:hr>153</ns3:hr>
            <ns3:cad>96</ns3:cad>
          </ns3:TrackPointExtension>
        </extensions>
      </trkpt>
      <trkpt lat="51.48725249804556369781494140625" lon="-0.23034366779029369354248046875">
        <ele>8.3999996185302734375</ele>
        <time>2019-11-02T11:17:50.000Z</time>
        <extensions>
          <ns3:TrackPointExtension>
            <ns3:hr>154</ns3:hr>
            <ns3:cad>96</ns3:cad>
          </ns3:TrackPointExtension>
        </extensions>
      </trkpt>
      <trkpt lat="51.4871033839881420135498046875" lon="-0.23016907274723052978515625">
        <ele>8.19999980926513671875</ele>
        <time>2019-11-02T11:17:55.000Z</time>
        <extensions>
          <ns3:TrackPointExtension>
            <ns3:hr>155</ns3:hr>
            <ns3:cad>97</ns3:cad>
          </ns3:TrackPointExtension>
        </extensions>
      </trkpt>
      <trkpt lat="51.486935913562774658203125" lon="-0.22999531589448451995849609375">
        <ele>9</ele>
        <time>2019-11-02T11:18:01.000Z</time>
        <extensions>
          <ns3:TrackPointExtension>
            <ns3:hr>155</ns3:hr>
            <ns3:cad>96</ns3:cad>
          </ns3:TrackPointExtension>
        </extensions>
      </trkpt>
      <trkpt lat="51.486791074275970458984375" lon="-0.229832120239734649658203125">
        <ele>8.80000019073486328125</ele>
        <time>2019-11-02T11:18:06.000Z</time>
        <extensions>
          <ns3:TrackPointExtension>
            <ns3:hr>152</ns3:hr>
            <ns3:cad>97</ns3:cad>
          </ns3:TrackPointExtension>
        </extensions>
      </trkpt>
      <trkpt lat="51.48662754334509372711181640625" lon="-0.22963472642004489898681640625">
        <ele>8.80000019073486328125</ele>
        <time>2019-11-02T11:18:12.000Z</time>
        <extensions>
          <ns3:TrackPointExtension>
            <ns3:hr>153</ns3:hr>
            <ns3:cad>97</ns3:cad>
          </ns3:TrackPointExtension>
        </extensions>
      </trkpt>
      <trkpt lat="51.48646208457648754119873046875" lon="-0.22945082746446132659912109375">
        <ele>7.80000019073486328125</ele>
        <time>2019-11-02T11:18:18.000Z</time>
        <extensions>
          <ns3:TrackPointExtension>
            <ns3:hr>153</ns3:hr>
            <ns3:cad>96</ns3:cad>
          </ns3:TrackPointExtension>
        </extensions>
      </trkpt>
      <trkpt lat="51.4862916804850101470947265625" lon="-0.22923625074326992034912109375">
        <ele>7.80000019073486328125</ele>
        <time>2019-11-02T11:18:24.000Z</time>
        <extensions>
          <ns3:TrackPointExtension>
            <ns3:hr>155</ns3:hr>
            <ns3:cad>97</ns3:cad>
          </ns3:TrackPointExtension>
        </extensions>
      </trkpt>
      <trkpt lat="51.48614441044628620147705078125" lon="-0.22906928323209285736083984375">
        <ele>8.3999996185302734375</ele>
        <time>2019-11-02T11:18:29.000Z</time>
        <extensions>
          <ns3:TrackPointExtension>
            <ns3:hr>156</ns3:hr>
            <ns3:cad>97</ns3:cad>
          </ns3:TrackPointExtension>
        </extensions>
      </trkpt>
      <trkpt lat="51.48597258143126964569091796875" lon="-0.22887817583978176116943359375">
        <ele>8.3999996185302734375</ele>
        <time>2019-11-02T11:18:35.000Z</time>
        <extensions>
          <ns3:TrackPointExtension>
            <ns3:hr>156</ns3:hr>
            <ns3:cad>96</ns3:cad>
          </ns3:TrackPointExtension>
        </extensions>
      </trkpt>
      <trkpt lat="51.485801003873348236083984375" lon="-0.228702910244464874267578125">
        <ele>8</ele>
        <time>2019-11-02T11:18:40.000Z</time>
        <extensions>
          <ns3:TrackPointExtension>
            <ns3:hr>155</ns3:hr>
            <ns3:cad>97</ns3:cad>
          </ns3:TrackPointExtension>
        </extensions>
      </trkpt>
      <trkpt lat="51.48563764058053493499755859375" lon="-0.22855228744447231292724609375">
        <ele>7</ele>
        <time>2019-11-02T11:18:45.000Z</time>
        <extensions>
          <ns3:TrackPointExtension>
            <ns3:hr>154</ns3:hr>
            <ns3:cad>96</ns3:cad>
          </ns3:TrackPointExtension>
        </extensions>
      </trkpt>
      <trkpt lat="51.48544527590274810791015625" lon="-0.2284097112715244293212890625">
        <ele>7</ele>
        <time>2019-11-02T11:18:51.000Z</time>
        <extensions>
          <ns3:TrackPointExtension>
            <ns3:hr>152</ns3:hr>
            <ns3:cad>97</ns3:cad>
          </ns3:TrackPointExtension>
        </extensions>
      </trkpt>
      <trkpt lat="51.4852650649845600128173828125" lon="-0.2282903529703617095947265625">
        <ele>6.19999980926513671875</ele>
        <time>2019-11-02T11:18:57.000Z</time>
        <extensions>
          <ns3:TrackPointExtension>
            <ns3:hr>152</ns3:hr>
            <ns3:cad>97</ns3:cad>
          </ns3:TrackPointExtension>
        </extensions>
      </trkpt>
      <trkpt lat="51.48509734310209751129150390625" lon="-0.22817057557404041290283203125">
        <ele>6.599999904632568359375</ele>
        <time>2019-11-02T11:19:02.000Z</time>
        <extensions>
          <ns3:TrackPointExtension>
            <ns3:hr>151</ns3:hr>
            <ns3:cad>96</ns3:cad>
          </ns3:TrackPointExtension>
        </extensions>
      </trkpt>
      <trkpt lat="51.48490170948207378387451171875" lon="-0.2280502952635288238525390625">
        <ele>8</ele>
        <time>2019-11-02T11:19:08.000Z</time>
        <extensions>
          <ns3:TrackPointExtension>
            <ns3:hr>152</ns3:hr>
            <ns3:cad>96</ns3:cad>
          </ns3:TrackPointExtension>
        </extensions>
      </trkpt>
      <trkpt lat="51.48472904227674007415771484375" lon="-0.22791341878473758697509765625">
        <ele>9.6000003814697265625</ele>
        <time>2019-11-02T11:19:13.000Z</time>
        <extensions>
          <ns3:TrackPointExtension>
            <ns3:hr>153</ns3:hr>
            <ns3:cad>96</ns3:cad>
          </ns3:TrackPointExtension>
        </extensions>
      </trkpt>
      <trkpt lat="51.484554447233676910400390625" lon="-0.22779037244617938995361328125">
        <ele>10.19999980926513671875</ele>
        <time>2019-11-02T11:19:18.000Z</time>
        <extensions>
          <ns3:TrackPointExtension>
            <ns3:hr>152</ns3:hr>
            <ns3:cad>96</ns3:cad>
          </ns3:TrackPointExtension>
        </extensions>
      </trkpt>
      <trkpt lat="51.48438035510480403900146484375" lon="-0.227687358856201171875">
        <ele>10.6000003814697265625</ele>
        <time>2019-11-02T11:19:23.000Z</time>
        <extensions>
          <ns3:TrackPointExtension>
            <ns3:hr>151</ns3:hr>
            <ns3:cad>96</ns3:cad>
          </ns3:TrackPointExtension>
        </extensions>
      </trkpt>
      <trkpt lat="51.4841821230947971343994140625" lon="-0.227607227861881256103515625">
        <ele>9.6000003814697265625</ele>
        <time>2019-11-02T11:19:29.000Z</time>
        <extensions>
          <ns3:TrackPointExtension>
            <ns3:hr>151</ns3:hr>
            <ns3:cad>96</ns3:cad>
          </ns3:TrackPointExtension>
        </extensions>
      </trkpt>
      <trkpt lat="51.483994536101818084716796875" lon="-0.22754394449293613433837890625">
        <ele>11</ele>
        <time>2019-11-02T11:19:35.000Z</time>
        <extensions>
          <ns3:TrackPointExtension>
            <ns3:hr>153</ns3:hr>
            <ns3:cad>96</ns3:cad>
          </ns3:TrackPointExtension>
        </extensions>
      </trkpt>
      <trkpt lat="51.4837915264070034027099609375" lon="-0.22750320844352245330810546875">
        <ele>11.3999996185302734375</ele>
        <time>2019-11-02T11:19:41.000Z</time>
        <extensions>
          <ns3:TrackPointExtension>
            <ns3:hr>154</ns3:hr>
            <ns3:cad>96</ns3:cad>
          </ns3:TrackPointExtension>
        </extensions>
      </trkpt>
      <trkpt lat="51.4835860021412372589111328125" lon="-0.2274645678699016571044921875">
        <ele>11.80000019073486328125</ele>
        <time>2019-11-02T11:19:48.000Z</time>
        <extensions>
          <ns3:TrackPointExtension>
            <ns3:hr>154</ns3:hr>
            <ns3:cad>96</ns3:cad>
          </ns3:TrackPointExtension>
        </extensions>
      </trkpt>
      <trkpt lat="51.48338508792221546173095703125" lon="-0.22738049738109111785888671875">
        <ele>9.3999996185302734375</ele>
        <time>2019-11-02T11:19:54.000Z</time>
        <extensions>
          <ns3:TrackPointExtension>
            <ns3:hr>154</ns3:hr>
            <ns3:cad>96</ns3:cad>
          </ns3:TrackPointExtension>
        </extensions>
      </trkpt>
      <trkpt lat="51.48317922838032245635986328125" lon="-0.22730774246156215667724609375">
        <ele>8</ele>
        <time>2019-11-02T11:19:59.000Z</time>
        <extensions>
          <ns3:TrackPointExtension>
            <ns3:hr>155</ns3:hr>
            <ns3:cad>97</ns3:cad>
          </ns3:TrackPointExtension>
        </extensions>
      </trkpt>
      <trkpt lat="51.4829838462173938751220703125" lon="-0.22727907635271549224853515625">
        <ele>6</ele>
        <time>2019-11-02T11:20:05.000Z</time>
        <extensions>
          <ns3:TrackPointExtension>
            <ns3:hr>155</ns3:hr>
            <ns3:cad>95</ns3:cad>
          </ns3:TrackPointExtension>
        </extensions>
      </trkpt>
      <trkpt lat="51.4828634820878505706787109375" lon="-0.22726650349795818328857421875">
        <ele>4.80000019073486328125</ele>
        <time>2019-11-02T11:20:09.000Z</time>
        <extensions>
          <ns3:TrackPointExtension>
            <ns3:hr>155</ns3:hr>
            <ns3:cad>95</ns3:cad>
          </ns3:TrackPointExtension>
        </extensions>
      </trkpt>
      <trkpt lat="51.48268570192158222198486328125" lon="-0.2272204868495464324951171875">
        <ele>3.7999999523162841796875</ele>
        <time>2019-11-02T11:20:14.000Z</time>
        <extensions>
          <ns3:TrackPointExtension>
            <ns3:hr>155</ns3:hr>
            <ns3:cad>95</ns3:cad>
          </ns3:TrackPointExtension>
        </extensions>
      </trkpt>
      <trkpt lat="51.48250423371791839599609375" lon="-0.22719022817909717559814453125">
        <ele>4.19999980926513671875</ele>
        <time>2019-11-02T11:20:19.000Z</time>
        <extensions>
          <ns3:TrackPointExtension>
            <ns3:hr>157</ns3:hr>
            <ns3:cad>94</ns3:cad>
          </ns3:TrackPointExtension>
        </extensions>
      </trkpt>
      <trkpt lat="51.4823116175830364227294921875" lon="-0.227148570120334625244140625">
        <ele>5.400000095367431640625</ele>
        <time>2019-11-02T11:20:25.000Z</time>
        <extensions>
          <ns3:TrackPointExtension>
            <ns3:hr>155</ns3:hr>
            <ns3:cad>95</ns3:cad>
          </ns3:TrackPointExtension>
        </extensions>
      </trkpt>
      <trkpt lat="51.48212679661810398101806640625" lon="-0.22714597173035144805908203125">
        <ele>6.400000095367431640625</ele>
        <time>2019-11-02T11:20:31.000Z</time>
        <extensions>
          <ns3:TrackPointExtension>
            <ns3:hr>153</ns3:hr>
            <ns3:cad>95</ns3:cad>
          </ns3:TrackPointExtension>
        </extensions>
      </trkpt>
      <trkpt lat="51.48192428983747959136962890625" lon="-0.22711462341248989105224609375">
        <ele>7.19999980926513671875</ele>
        <time>2019-11-02T11:20:37.000Z</time>
        <extensions>
          <ns3:TrackPointExtension>
            <ns3:hr>154</ns3:hr>
            <ns3:cad>96</ns3:cad>
          </ns3:TrackPointExtension>
        </extensions>
      </trkpt>
      <trkpt lat="51.48171591572463512420654296875" lon="-0.22708847187459468841552734375">
        <ele>7.19999980926513671875</ele>
        <time>2019-11-02T11:20:43.000Z</time>
        <extensions>
          <ns3:TrackPointExtension>
            <ns3:hr>154</ns3:hr>
            <ns3:cad>96</ns3:cad>
          </ns3:TrackPointExtension>
        </extensions>
      </trkpt>
      <trkpt lat="51.48151525296270847320556640625" lon="-0.227087549865245819091796875">
        <ele>4.80000019073486328125</ele>
        <time>2019-11-02T11:20:49.000Z</time>
        <extensions>
          <ns3:TrackPointExtension>
            <ns3:hr>152</ns3:hr>
            <ns3:cad>97</ns3:cad>
          </ns3:TrackPointExtension>
        </extensions>
      </trkpt>
      <trkpt lat="51.4813067950308322906494140625" lon="-0.22702686488628387451171875">
        <ele>3</ele>
        <time>2019-11-02T11:20:55.000Z</time>
        <extensions>
          <ns3:TrackPointExtension>
            <ns3:hr>152</ns3:hr>
            <ns3:cad>95</ns3:cad>
          </ns3:TrackPointExtension>
        </extensions>
      </trkpt>
      <trkpt lat="51.48109967820346355438232421875" lon="-0.22696844302117824554443359375">
        <ele>1</ele>
        <time>2019-11-02T11:21:01.000Z</time>
        <extensions>
          <ns3:TrackPointExtension>
            <ns3:hr>153</ns3:hr>
            <ns3:cad>97</ns3:cad>
          </ns3:TrackPointExtension>
        </extensions>
      </trkpt>
      <trkpt lat="51.48102633655071258544921875" lon="-0.2269519306719303131103515625">
        <ele>0.800000011920928955078125</ele>
        <time>2019-11-02T11:21:03.000Z</time>
        <extensions>
          <ns3:TrackPointExtension>
            <ns3:hr>156</ns3:hr>
            <ns3:cad>97</ns3:cad>
          </ns3:TrackPointExtension>
        </extensions>
      </trkpt>
      <trkpt lat="51.48084335960447788238525390625" lon="-0.226889066398143768310546875">
        <ele>1</ele>
        <time>2019-11-02T11:21:07.000Z</time>
        <extensions>
          <ns3:TrackPointExtension>
            <ns3:hr>156</ns3:hr>
            <ns3:cad>96</ns3:cad>
          </ns3:TrackPointExtension>
        </extensions>
      </trkpt>
      <trkpt lat="51.48063230328261852264404296875" lon="-0.22685109637677669525146484375">
        <ele>1.7999999523162841796875</ele>
        <time>2019-11-02T11:21:12.000Z</time>
        <extensions>
          <ns3:TrackPointExtension>
            <ns3:hr>155</ns3:hr>
            <ns3:cad>97</ns3:cad>
          </ns3:TrackPointExtension>
        </extensions>
      </trkpt>
      <trkpt lat="51.4804233424365520477294921875" lon="-0.22681874223053455352783203125">
        <ele>2.400000095367431640625</ele>
        <time>2019-11-02T11:21:18.000Z</time>
        <extensions>
          <ns3:TrackPointExtension>
            <ns3:hr>155</ns3:hr>
            <ns3:cad>95</ns3:cad>
          </ns3:TrackPointExtension>
        </extensions>
      </trkpt>
      <trkpt lat="51.4802436344325542449951171875" lon="-0.22679594345390796661376953125">
        <ele>2</ele>
        <time>2019-11-02T11:21:23.000Z</time>
        <extensions>
          <ns3:TrackPointExtension>
            <ns3:hr>154</ns3:hr>
            <ns3:cad>96</ns3:cad>
          </ns3:TrackPointExtension>
        </extensions>
      </trkpt>
      <trkpt lat="51.4800788462162017822265625" lon="-0.22679057903587818145751953125">
        <ele>1.7999999523162841796875</ele>
        <time>2019-11-02T11:21:28.000Z</time>
        <extensions>
          <ns3:TrackPointExtension>
            <ns3:hr>151</ns3:hr>
            <ns3:cad>96</ns3:cad>
          </ns3:TrackPointExtension>
        </extensions>
      </trkpt>
      <trkpt lat="51.47989167831838130950927734375" lon="-0.226771049201488494873046875">
        <ele>2.599999904632568359375</ele>
        <time>2019-11-02T11:21:34.000Z</time>
        <extensions>
          <ns3:TrackPointExtension>
            <ns3:hr>152</ns3:hr>
            <ns3:cad>96</ns3:cad>
          </ns3:TrackPointExtension>
        </extensions>
      </trkpt>
      <trkpt lat="51.479806937277317047119140625" lon="-0.226779766380786895751953125">
        <ele>2.599999904632568359375</ele>
        <time>2019-11-02T11:21:37.000Z</time>
        <extensions>
          <ns3:TrackPointExtension>
            <ns3:hr>155</ns3:hr>
            <ns3:cad>98</ns3:cad>
          </ns3:TrackPointExtension>
        </extensions>
      </trkpt>
      <trkpt lat="51.4796109683811664581298828125" lon="-0.226772725582122802734375">
        <ele>3.400000095367431640625</ele>
        <time>2019-11-02T11:21:43.000Z</time>
        <extensions>
          <ns3:TrackPointExtension>
            <ns3:hr>157</ns3:hr>
            <ns3:cad>96</ns3:cad>
          </ns3:TrackPointExtension>
        </extensions>
      </trkpt>
      <trkpt lat="51.47940837778151035308837890625" lon="-0.22675730288028717041015625">
        <ele>3.7999999523162841796875</ele>
        <time>2019-11-02T11:21:48.000Z</time>
        <extensions>
          <ns3:TrackPointExtension>
            <ns3:hr>155</ns3:hr>
            <ns3:cad>96</ns3:cad>
          </ns3:TrackPointExtension>
        </extensions>
      </trkpt>
      <trkpt lat="51.479224897921085357666015625" lon="-0.2267759107053279876708984375">
        <ele>3.400000095367431640625</ele>
        <time>2019-11-02T11:21:53.000Z</time>
        <extensions>
          <ns3:TrackPointExtension>
            <ns3:hr>155</ns3:hr>
            <ns3:cad>97</ns3:cad>
          </ns3:TrackPointExtension>
        </extensions>
      </trkpt>
      <trkpt lat="51.47902213968336582183837890625" lon="-0.22679292596876621246337890625">
        <ele>3</ele>
        <time>2019-11-02T11:21:59.000Z</time>
        <extensions>
          <ns3:TrackPointExtension>
            <ns3:hr>154</ns3:hr>
            <ns3:cad>96</ns3:cad>
          </ns3:TrackPointExtension>
        </extensions>
      </trkpt>
      <trkpt lat="51.478839330375194549560546875" lon="-0.2267997153103351593017578125">
        <ele>2.599999904632568359375</ele>
        <time>2019-11-02T11:22:04.000Z</time>
        <extensions>
          <ns3:TrackPointExtension>
            <ns3:hr>153</ns3:hr>
            <ns3:cad>96</ns3:cad>
          </ns3:TrackPointExtension>
        </extensions>
      </trkpt>
      <trkpt lat="51.4786277711391448974609375" lon="-0.22681220434606075286865234375">
        <ele>2.400000095367431640625</ele>
        <time>2019-11-02T11:22:09.000Z</time>
        <extensions>
          <ns3:TrackPointExtension>
            <ns3:hr>153</ns3:hr>
            <ns3:cad>96</ns3:cad>
          </ns3:TrackPointExtension>
        </extensions>
      </trkpt>
      <trkpt lat="51.47843440063297748565673828125" lon="-0.22684422321617603302001953125">
        <ele>2.7999999523162841796875</ele>
        <time>2019-11-02T11:22:14.000Z</time>
        <extensions>
          <ns3:TrackPointExtension>
            <ns3:hr>153</ns3:hr>
            <ns3:cad>96</ns3:cad>
          </ns3:TrackPointExtension>
        </extensions>
      </trkpt>
      <trkpt lat="51.478238515555858612060546875" lon="-0.22689283825457096099853515625">
        <ele>3.400000095367431640625</ele>
        <time>2019-11-02T11:22:20.000Z</time>
        <extensions>
          <ns3:TrackPointExtension>
            <ns3:hr>151</ns3:hr>
            <ns3:cad>95</ns3:cad>
          </ns3:TrackPointExtension>
        </extensions>
      </trkpt>
      <trkpt lat="51.4780510962009429931640625" lon="-0.2269271202385425567626953125">
        <ele>4.400000095367431640625</ele>
        <time>2019-11-02T11:22:27.000Z</time>
        <extensions>
          <ns3:TrackPointExtension>
            <ns3:hr>152</ns3:hr>
            <ns3:cad>96</ns3:cad>
          </ns3:TrackPointExtension>
        </extensions>
      </trkpt>
      <trkpt lat="51.47783643566071987152099609375" lon="-0.22693072445690631866455078125">
        <ele>3.7999999523162841796875</ele>
        <time>2019-11-02T11:22:33.000Z</time>
        <extensions>
          <ns3:TrackPointExtension>
            <ns3:hr>152</ns3:hr>
            <ns3:cad>96</ns3:cad>
          </ns3:TrackPointExtension>
        </extensions>
      </trkpt>
      <trkpt lat="51.47764130495488643646240234375" lon="-0.22690859623253345489501953125">
        <ele>3.400000095367431640625</ele>
        <time>2019-11-02T11:22:38.000Z</time>
        <extensions>
          <ns3:TrackPointExtension>
            <ns3:hr>151</ns3:hr>
            <ns3:cad>96</ns3:cad>
          </ns3:TrackPointExtension>
        </extensions>
      </trkpt>
      <trkpt lat="51.47745765745639801025390625" lon="-0.22691546939313411712646484375">
        <ele>2.7999999523162841796875</ele>
        <time>2019-11-02T11:22:43.000Z</time>
        <extensions>
          <ns3:TrackPointExtension>
            <ns3:hr>153</ns3:hr>
            <ns3:cad>97</ns3:cad>
          </ns3:TrackPointExtension>
        </extensions>
      </trkpt>
      <trkpt lat="51.4772678911685943603515625" lon="-0.22689065895974636077880859375">
        <ele>3</ele>
        <time>2019-11-02T11:22:48.000Z</time>
        <extensions>
          <ns3:TrackPointExtension>
            <ns3:hr>154</ns3:hr>
            <ns3:cad>97</ns3:cad>
          </ns3:TrackPointExtension>
        </extensions>
      </trkpt>
      <trkpt lat="51.477075777947902679443359375" lon="-0.2268490009009838104248046875">
        <ele>4.400000095367431640625</ele>
        <time>2019-11-02T11:22:53.000Z</time>
        <extensions>
          <ns3:TrackPointExtension>
            <ns3:hr>154</ns3:hr>
            <ns3:cad>97</ns3:cad>
          </ns3:TrackPointExtension>
        </extensions>
      </trkpt>
      <trkpt lat="51.476888023316860198974609375" lon="-0.226811282336711883544921875">
        <ele>5.80000019073486328125</ele>
        <time>2019-11-02T11:22:58.000Z</time>
        <extensions>
          <ns3:TrackPointExtension>
            <ns3:hr>154</ns3:hr>
            <ns3:cad>97</ns3:cad>
          </ns3:TrackPointExtension>
        </extensions>
      </trkpt>
      <trkpt lat="51.476707644760608673095703125" lon="-0.22678270004689693450927734375">
        <ele>6.400000095367431640625</ele>
        <time>2019-11-02T11:23:03.000Z</time>
        <extensions>
          <ns3:TrackPointExtension>
            <ns3:hr>154</ns3:hr>
            <ns3:cad>97</ns3:cad>
          </ns3:TrackPointExtension>
        </extensions>
      </trkpt>
      <trkpt lat="51.4765195548534393310546875" lon="-0.2267655171453952789306640625">
        <ele>6.599999904632568359375</ele>
        <time>2019-11-02T11:23:08.000Z</time>
        <extensions>
          <ns3:TrackPointExtension>
            <ns3:hr>153</ns3:hr>
            <ns3:cad>98</ns3:cad>
          </ns3:TrackPointExtension>
        </extensions>
      </trkpt>
      <trkpt lat="51.47641268558800220489501953125" lon="-0.226763673126697540283203125">
        <ele>6.80000019073486328125</ele>
        <time>2019-11-02T11:23:11.000Z</time>
        <extensions>
          <ns3:TrackPointExtension>
            <ns3:hr>150</ns3:hr>
            <ns3:cad>97</ns3:cad>
          </ns3:TrackPointExtension>
        </extensions>
      </trkpt>
      <trkpt lat="51.47622895427048206329345703125" lon="-0.2267204225063323974609375">
        <ele>7</ele>
        <time>2019-11-02T11:23:16.000Z</time>
        <extensions>
          <ns3:TrackPointExtension>
            <ns3:hr>151</ns3:hr>
            <ns3:cad>97</ns3:cad>
          </ns3:TrackPointExtension>
        </extensions>
      </trkpt>
      <trkpt lat="51.47604622878134250640869140625" lon="-0.2266357652842998504638671875">
        <ele>7</ele>
        <time>2019-11-02T11:23:21.000Z</time>
        <extensions>
          <ns3:TrackPointExtension>
            <ns3:hr>151</ns3:hr>
            <ns3:cad>96</ns3:cad>
          </ns3:TrackPointExtension>
        </extensions>
      </trkpt>
      <trkpt lat="51.4758417941629886627197265625" lon="-0.2265593223273754119873046875">
        <ele>7</ele>
        <time>2019-11-02T11:23:27.000Z</time>
        <extensions>
          <ns3:TrackPointExtension>
            <ns3:hr>151</ns3:hr>
            <ns3:cad>97</ns3:cad>
          </ns3:TrackPointExtension>
        </extensions>
      </trkpt>
      <trkpt lat="51.4756731502711772918701171875" lon="-0.22647843696177005767822265625">
        <ele>7</ele>
        <time>2019-11-02T11:23:32.000Z</time>
        <extensions>
          <ns3:TrackPointExtension>
            <ns3:hr>151</ns3:hr>
            <ns3:cad>97</ns3:cad>
          </ns3:TrackPointExtension>
        </extensions>
      </trkpt>
      <trkpt lat="51.4754949510097503662109375" lon="-0.2263987250626087188720703125">
        <ele>6.599999904632568359375</ele>
        <time>2019-11-02T11:23:37.000Z</time>
        <extensions>
          <ns3:TrackPointExtension>
            <ns3:hr>151</ns3:hr>
            <ns3:cad>96</ns3:cad>
          </ns3:TrackPointExtension>
        </extensions>
      </trkpt>
      <trkpt lat="51.4752964675426483154296875" lon="-0.226309709250926971435546875">
        <ele>6.80000019073486328125</ele>
        <time>2019-11-02T11:23:43.000Z</time>
        <extensions>
          <ns3:TrackPointExtension>
            <ns3:hr>152</ns3:hr>
            <ns3:cad>96</ns3:cad>
          </ns3:TrackPointExtension>
        </extensions>
      </trkpt>
      <trkpt lat="51.47512455470860004425048828125" lon="-0.22618775255978107452392578125">
        <ele>7</ele>
        <time>2019-11-02T11:23:48.000Z</time>
        <extensions>
          <ns3:TrackPointExtension>
            <ns3:hr>152</ns3:hr>
            <ns3:cad>97</ns3:cad>
          </ns3:TrackPointExtension>
        </extensions>
      </trkpt>
      <trkpt lat="51.4749593473970890045166015625" lon="-0.2260517142713069915771484375">
        <ele>6.599999904632568359375</ele>
        <time>2019-11-02T11:23:53.000Z</time>
        <extensions>
          <ns3:TrackPointExtension>
            <ns3:hr>152</ns3:hr>
            <ns3:cad>97</ns3:cad>
          </ns3:TrackPointExtension>
        </extensions>
      </trkpt>
      <trkpt lat="51.474775113165378570556640625" lon="-0.22588784806430339813232421875">
        <ele>3.400000095367431640625</ele>
        <time>2019-11-02T11:23:59.000Z</time>
        <extensions>
          <ns3:TrackPointExtension>
            <ns3:hr>151</ns3:hr>
            <ns3:cad>97</ns3:cad>
          </ns3:TrackPointExtension>
        </extensions>
      </trkpt>
      <trkpt lat="51.47459305822849273681640625" lon="-0.2257107384502887725830078125">
        <ele>2.7999999523162841796875</ele>
        <time>2019-11-02T11:24:05.000Z</time>
        <extensions>
          <ns3:TrackPointExtension>
            <ns3:hr>151</ns3:hr>
            <ns3:cad>95</ns3:cad>
          </ns3:TrackPointExtension>
        </extensions>
      </trkpt>
      <trkpt lat="51.4744306169450283050537109375" lon="-0.22558475844562053680419921875">
        <ele>3.400000095367431640625</ele>
        <time>2019-11-02T11:24:10.000Z</time>
        <extensions>
          <ns3:TrackPointExtension>
            <ns3:hr>149</ns3:hr>
            <ns3:cad>96</ns3:cad>
          </ns3:TrackPointExtension>
        </extensions>
      </trkpt>
      <trkpt lat="51.47429759614169597625732421875" lon="-0.225480236113071441650390625">
        <ele>3.599999904632568359375</ele>
        <time>2019-11-02T11:24:14.000Z</time>
        <extensions>
          <ns3:TrackPointExtension>
            <ns3:hr>152</ns3:hr>
            <ns3:cad>96</ns3:cad>
          </ns3:TrackPointExtension>
        </extensions>
      </trkpt>
      <trkpt lat="51.47415862418711185455322265625" lon="-0.2253814972937107086181640625">
        <ele>4</ele>
        <time>2019-11-02T11:24:19.000Z</time>
        <extensions>
          <ns3:TrackPointExtension>
            <ns3:hr>154</ns3:hr>
            <ns3:cad>95</ns3:cad>
          </ns3:TrackPointExtension>
        </extensions>
      </trkpt>
      <trkpt lat="51.474187038838863372802734375" lon="-0.22541142068803310394287109375">
        <ele>3.7999999523162841796875</ele>
        <time>2019-11-02T11:24:22.000Z</time>
        <extensions>
          <ns3:TrackPointExtension>
            <ns3:hr>154</ns3:hr>
            <ns3:cad>94</ns3:cad>
          </ns3:TrackPointExtension>
        </extensions>
      </trkpt>
      <trkpt lat="51.47434637881815433502197265625" lon="-0.2255548350512981414794921875">
        <ele>3.599999904632568359375</ele>
        <time>2019-11-02T11:24:27.000Z</time>
        <extensions>
          <ns3:TrackPointExtension>
            <ns3:hr>154</ns3:hr>
            <ns3:cad>97</ns3:cad>
          </ns3:TrackPointExtension>
        </extensions>
      </trkpt>
      <trkpt lat="51.47452608682215213775634765625" lon="-0.22568953223526477813720703125">
        <ele>2.7999999523162841796875</ele>
        <time>2019-11-02T11:24:33.000Z</time>
        <extensions>
          <ns3:TrackPointExtension>
            <ns3:hr>154</ns3:hr>
            <ns3:cad>96</ns3:cad>
          </ns3:TrackPointExtension>
        </extensions>
      </trkpt>
      <trkpt lat="51.47470512427389621734619140625" lon="-0.225826911628246307373046875">
        <ele>3.2000000476837158203125</ele>
        <time>2019-11-02T11:24:40.000Z</time>
        <extensions>
          <ns3:TrackPointExtension>
            <ns3:hr>153</ns3:hr>
            <ns3:cad>97</ns3:cad>
          </ns3:TrackPointExtension>
        </extensions>
      </trkpt>
      <trkpt lat="51.47487427107989788055419921875" lon="-0.225952304899692535400390625">
        <ele>4.599999904632568359375</ele>
        <time>2019-11-02T11:24:46.000Z</time>
        <extensions>
          <ns3:TrackPointExtension>
            <ns3:hr>152</ns3:hr>
            <ns3:cad>97</ns3:cad>
          </ns3:TrackPointExtension>
        </extensions>
      </trkpt>
      <trkpt lat="51.47505649365484714508056640625" lon="-0.2260686457157135009765625">
        <ele>6.80000019073486328125</ele>
        <time>2019-11-02T11:24:52.000Z</time>
        <extensions>
          <ns3:TrackPointExtension>
            <ns3:hr>152</ns3:hr>
            <ns3:cad>97</ns3:cad>
          </ns3:TrackPointExtension>
        </extensions>
      </trkpt>
      <trkpt lat="51.4752305857837200164794921875" lon="-0.226198397576808929443359375">
        <ele>6.80000019073486328125</ele>
        <time>2019-11-02T11:24:57.000Z</time>
        <extensions>
          <ns3:TrackPointExtension>
            <ns3:hr>154</ns3:hr>
            <ns3:cad>97</ns3:cad>
          </ns3:TrackPointExtension>
        </extensions>
      </trkpt>
      <trkpt lat="51.475424878299236297607421875" lon="-0.22632102482020854949951171875">
        <ele>6.400000095367431640625</ele>
        <time>2019-11-02T11:25:03.000Z</time>
        <extensions>
          <ns3:TrackPointExtension>
            <ns3:hr>153</ns3:hr>
            <ns3:cad>97</ns3:cad>
          </ns3:TrackPointExtension>
        </extensions>
      </trkpt>
      <trkpt lat="51.4756047539412975311279296875" lon="-0.226418673992156982421875">
        <ele>6.599999904632568359375</ele>
        <time>2019-11-02T11:25:08.000Z</time>
        <extensions>
          <ns3:TrackPointExtension>
            <ns3:hr>152</ns3:hr>
            <ns3:cad>97</ns3:cad>
          </ns3:TrackPointExtension>
        </extensions>
      </trkpt>
      <trkpt lat="51.4757926762104034423828125" lon="-0.22652604617178440093994140625">
        <ele>7</ele>
        <time>2019-11-02T11:25:13.000Z</time>
        <extensions>
          <ns3:TrackPointExtension>
            <ns3:hr>153</ns3:hr>
            <ns3:cad>97</ns3:cad>
          </ns3:TrackPointExtension>
        </extensions>
      </trkpt>
      <trkpt lat="51.475990824401378631591796875" lon="-0.22663366980850696563720703125">
        <ele>7</ele>
        <time>2019-11-02T11:25:19.000Z</time>
        <extensions>
          <ns3:TrackPointExtension>
            <ns3:hr>154</ns3:hr>
            <ns3:cad>97</ns3:cad>
          </ns3:TrackPointExtension>
        </extensions>
      </trkpt>
      <trkpt lat="51.47617480717599391937255859375" lon="-0.2266775071620941162109375">
        <ele>7</ele>
        <time>2019-11-02T11:25:25.000Z</time>
        <extensions>
          <ns3:TrackPointExtension>
            <ns3:hr>155</ns3:hr>
            <ns3:cad>99</ns3:cad>
          </ns3:TrackPointExtension>
        </extensions>
      </trkpt>
      <trkpt lat="51.4763800799846649169921875" lon="-0.22669251076877117156982421875">
        <ele>7</ele>
        <time>2019-11-02T11:25:30.000Z</time>
        <extensions>
          <ns3:TrackPointExtension>
            <ns3:hr>153</ns3:hr>
            <ns3:cad>98</ns3:cad>
          </ns3:TrackPointExtension>
        </extensions>
      </trkpt>
      <trkpt lat="51.47655920125544071197509765625" lon="-0.2267376892268657684326171875">
        <ele>6.599999904632568359375</ele>
        <time>2019-11-02T11:25:35.000Z</time>
        <extensions>
          <ns3:TrackPointExtension>
            <ns3:hr>154</ns3:hr>
            <ns3:cad>99</ns3:cad>
          </ns3:TrackPointExtension>
        </extensions>
      </trkpt>
      <trkpt lat="51.47673723287880420684814453125" lon="-0.22678010165691375732421875">
        <ele>6.19999980926513671875</ele>
        <time>2019-11-02T11:25:40.000Z</time>
        <extensions>
          <ns3:TrackPointExtension>
            <ns3:hr>153</ns3:hr>
            <ns3:cad>98</ns3:cad>
          </ns3:TrackPointExtension>
        </extensions>
      </trkpt>
      <trkpt lat="51.47695315070450305938720703125" lon="-0.2268201671540737152099609375">
        <ele>5.400000095367431640625</ele>
        <time>2019-11-02T11:25:45.000Z</time>
        <extensions>
          <ns3:TrackPointExtension>
            <ns3:hr>153</ns3:hr>
            <ns3:cad>98</ns3:cad>
          </ns3:TrackPointExtension>
        </extensions>
      </trkpt>
      <trkpt lat="51.4771430008113384246826171875" lon="-0.2268640883266925811767578125">
        <ele>3.7999999523162841796875</ele>
        <time>2019-11-02T11:25:50.000Z</time>
        <extensions>
          <ns3:TrackPointExtension>
            <ns3:hr>152</ns3:hr>
            <ns3:cad>99</ns3:cad>
          </ns3:TrackPointExtension>
        </extensions>
      </trkpt>
      <trkpt lat="51.47736000828444957733154296875" lon="-0.22686148993670940399169921875">
        <ele>3</ele>
        <time>2019-11-02T11:25:55.000Z</time>
        <extensions>
          <ns3:TrackPointExtension>
            <ns3:hr>152</ns3:hr>
            <ns3:cad>97</ns3:cad>
          </ns3:TrackPointExtension>
        </extensions>
      </trkpt>
      <trkpt lat="51.47755580954253673553466796875" lon="-0.22686132229864597320556640625">
        <ele>3.2000000476837158203125</ele>
        <time>2019-11-02T11:26:00.000Z</time>
        <extensions>
          <ns3:TrackPointExtension>
            <ns3:hr>152</ns3:hr>
            <ns3:cad>97</ns3:cad>
          </ns3:TrackPointExtension>
        </extensions>
      </trkpt>
      <trkpt lat="51.47775932215154170989990234375" lon="-0.2268674410879611968994140625">
        <ele>4</ele>
        <time>2019-11-02T11:26:06.000Z</time>
        <extensions>
          <ns3:TrackPointExtension>
            <ns3:hr>153</ns3:hr>
            <ns3:cad>97</ns3:cad>
          </ns3:TrackPointExtension>
        </extensions>
      </trkpt>
      <trkpt lat="51.47794288583099842071533203125" lon="-0.22689635865390300750732421875">
        <ele>4.400000095367431640625</ele>
        <time>2019-11-02T11:26:11.000Z</time>
        <extensions>
          <ns3:TrackPointExtension>
            <ns3:hr>154</ns3:hr>
            <ns3:cad>97</ns3:cad>
          </ns3:TrackPointExtension>
        </extensions>
      </trkpt>
      <trkpt lat="51.47813080810010433197021484375" lon="-0.2268909104168415069580078125">
        <ele>4.19999980926513671875</ele>
        <time>2019-11-02T11:26:16.000Z</time>
        <extensions>
          <ns3:TrackPointExtension>
            <ns3:hr>155</ns3:hr>
            <ns3:cad>97</ns3:cad>
          </ns3:TrackPointExtension>
        </extensions>
      </trkpt>
      <trkpt lat="51.47831328213214874267578125" lon="-0.2268426306545734405517578125">
        <ele>2.7999999523162841796875</ele>
        <time>2019-11-02T11:26:21.000Z</time>
        <extensions>
          <ns3:TrackPointExtension>
            <ns3:hr>152</ns3:hr>
            <ns3:cad>98</ns3:cad>
          </ns3:TrackPointExtension>
        </extensions>
      </trkpt>
      <trkpt lat="51.47851620800793170928955078125" lon="-0.2268319018185138702392578125">
        <ele>2.599999904632568359375</ele>
        <time>2019-11-02T11:26:26.000Z</time>
        <extensions>
          <ns3:TrackPointExtension>
            <ns3:hr>151</ns3:hr>
            <ns3:cad>99</ns3:cad>
          </ns3:TrackPointExtension>
        </extensions>
      </trkpt>
      <trkpt lat="51.4786862768232822418212890625" lon="-0.22682662121951580047607421875">
        <ele>2.599999904632568359375</ele>
        <time>2019-11-02T11:26:30.000Z</time>
        <extensions>
          <ns3:TrackPointExtension>
            <ns3:hr>147</ns3:hr>
            <ns3:cad>98</ns3:cad>
          </ns3:TrackPointExtension>
        </extensions>
      </trkpt>
      <trkpt lat="51.47885198704898357391357421875" lon="-0.22680717520415782928466796875">
        <ele>2.599999904632568359375</ele>
        <time>2019-11-02T11:26:34.000Z</time>
        <extensions>
          <ns3:TrackPointExtension>
            <ns3:hr>150</ns3:hr>
            <ns3:cad>98</ns3:cad>
          </ns3:TrackPointExtension>
        </extensions>
      </trkpt>
      <trkpt lat="51.478929184377193450927734375" lon="-0.22679694928228855133056640625">
        <ele>2.7999999523162841796875</ele>
        <time>2019-11-02T11:26:36.000Z</time>
        <extensions>
          <ns3:TrackPointExtension>
            <ns3:hr>147</ns3:hr>
            <ns3:cad>98</ns3:cad>
          </ns3:TrackPointExtension>
        </extensions>
      </trkpt>
      <trkpt lat="51.47903035394847393035888671875" lon="-0.2267940156161785125732421875">
        <ele>3</ele>
        <time>2019-11-02T11:26:39.000Z</time>
        <extensions>
          <ns3:TrackPointExtension>
            <ns3:hr>144</ns3:hr>
            <ns3:cad>98</ns3:cad>
          </ns3:TrackPointExtension>
        </extensions>
      </trkpt>
      <trkpt lat="51.4792019315063953399658203125" lon="-0.22679024375975131988525390625">
        <ele>3.2000000476837158203125</ele>
        <time>2019-11-02T11:26:44.000Z</time>
        <extensions>
          <ns3:TrackPointExtension>
            <ns3:hr>147</ns3:hr>
            <ns3:cad>98</ns3:cad>
          </ns3:TrackPointExtension>
        </extensions>
      </trkpt>
      <trkpt lat="51.47927275858819484710693359375" lon="-0.226803906261920928955078125">
        <ele>3.400000095367431640625</ele>
        <time>2019-11-02T11:26:46.000Z</time>
        <extensions>
          <ns3:TrackPointExtension>
            <ns3:hr>154</ns3:hr>
            <ns3:cad>98</ns3:cad>
          </ns3:TrackPointExtension>
        </extensions>
      </trkpt>
      <trkpt lat="51.47935540415346622467041015625" lon="-0.22680700756609439849853515625">
        <ele>3.400000095367431640625</ele>
        <time>2019-11-02T11:26:47.000Z</time>
        <extensions>
          <ns3:TrackPointExtension>
            <ns3:hr>154</ns3:hr>
            <ns3:cad>98</ns3:cad>
          </ns3:TrackPointExtension>
        </extensions>
      </trkpt>
      <trkpt lat="51.4795318432152271270751953125" lon="-0.22681321017444133758544921875">
        <ele>3.2000000476837158203125</ele>
        <time>2019-11-02T11:26:53.000Z</time>
        <extensions>
          <ns3:TrackPointExtension>
            <ns3:hr>154</ns3:hr>
            <ns3:cad>97</ns3:cad>
          </ns3:TrackPointExtension>
        </extensions>
      </trkpt>
      <trkpt lat="51.47971850819885730743408203125" lon="-0.22680818103253841400146484375">
        <ele>3.2000000476837158203125</ele>
        <time>2019-11-02T11:26:58.000Z</time>
        <extensions>
          <ns3:TrackPointExtension>
            <ns3:hr>155</ns3:hr>
            <ns3:cad>97</ns3:cad>
          </ns3:TrackPointExtension>
        </extensions>
      </trkpt>
      <trkpt lat="51.47990508936345577239990234375" lon="-0.22679041139781475067138671875">
        <ele>2.7999999523162841796875</ele>
        <time>2019-11-02T11:27:03.000Z</time>
        <extensions>
          <ns3:TrackPointExtension>
            <ns3:hr>154</ns3:hr>
            <ns3:cad>97</ns3:cad>
          </ns3:TrackPointExtension>
        </extensions>
      </trkpt>
      <trkpt lat="51.48011949844658374786376953125" lon="-0.2267936803400516510009765625">
        <ele>2</ele>
        <time>2019-11-02T11:27:09.000Z</time>
        <extensions>
          <ns3:TrackPointExtension>
            <ns3:hr>152</ns3:hr>
            <ns3:cad>97</ns3:cad>
          </ns3:TrackPointExtension>
        </extensions>
      </trkpt>
      <trkpt lat="51.4803041517734527587890625" lon="-0.226783119142055511474609375">
        <ele>2.2000000476837158203125</ele>
        <time>2019-11-02T11:27:15.000Z</time>
        <extensions>
          <ns3:TrackPointExtension>
            <ns3:hr>152</ns3:hr>
            <ns3:cad>97</ns3:cad>
          </ns3:TrackPointExtension>
        </extensions>
      </trkpt>
      <trkpt lat="51.48052250035107135772705078125" lon="-0.2268319018185138702392578125">
        <ele>2</ele>
        <time>2019-11-02T11:27:21.000Z</time>
        <extensions>
          <ns3:TrackPointExtension>
            <ns3:hr>153</ns3:hr>
            <ns3:cad>97</ns3:cad>
          </ns3:TrackPointExtension>
        </extensions>
      </trkpt>
      <trkpt lat="51.4807193912565708160400390625" lon="-0.22687733173370361328125">
        <ele>1.39999997615814208984375</ele>
        <time>2019-11-02T11:27:26.000Z</time>
        <extensions>
          <ns3:TrackPointExtension>
            <ns3:hr>154</ns3:hr>
            <ns3:cad>97</ns3:cad>
          </ns3:TrackPointExtension>
        </extensions>
      </trkpt>
      <trkpt lat="51.480909995734691619873046875" lon="-0.22693022154271602630615234375">
        <ele>1.2000000476837158203125</ele>
        <time>2019-11-02T11:27:31.000Z</time>
        <extensions>
          <ns3:TrackPointExtension>
            <ns3:hr>153</ns3:hr>
            <ns3:cad>96</ns3:cad>
          </ns3:TrackPointExtension>
        </extensions>
      </trkpt>
      <trkpt lat="51.48112499155104160308837890625" lon="-0.22699207998812198638916015625">
        <ele>1.60000002384185791015625</ele>
        <time>2019-11-02T11:27:37.000Z</time>
        <extensions>
          <ns3:TrackPointExtension>
            <ns3:hr>152</ns3:hr>
            <ns3:cad>96</ns3:cad>
          </ns3:TrackPointExtension>
        </extensions>
      </trkpt>
      <trkpt lat="51.481327079236507415771484375" lon="-0.227019153535366058349609375">
        <ele>3</ele>
        <time>2019-11-02T11:27:42.000Z</time>
        <extensions>
          <ns3:TrackPointExtension>
            <ns3:hr>152</ns3:hr>
            <ns3:cad>98</ns3:cad>
          </ns3:TrackPointExtension>
        </extensions>
      </trkpt>
      <trkpt lat="51.4815304242074489593505859375" lon="-0.22703348658978939056396484375">
        <ele>5.19999980926513671875</ele>
        <time>2019-11-02T11:27:48.000Z</time>
        <extensions>
          <ns3:TrackPointExtension>
            <ns3:hr>154</ns3:hr>
            <ns3:cad>99</ns3:cad>
          </ns3:TrackPointExtension>
        </extensions>
      </trkpt>
      <trkpt lat="51.48174793459475040435791015625" lon="-0.2270417846739292144775390625">
        <ele>7.400000095367431640625</ele>
        <time>2019-11-02T11:27:54.000Z</time>
        <extensions>
          <ns3:TrackPointExtension>
            <ns3:hr>155</ns3:hr>
            <ns3:cad>98</ns3:cad>
          </ns3:TrackPointExtension>
        </extensions>
      </trkpt>
      <trkpt lat="51.48193770088255405426025390625" lon="-0.227110683917999267578125">
        <ele>7.19999980926513671875</ele>
        <time>2019-11-02T11:27:59.000Z</time>
        <extensions>
          <ns3:TrackPointExtension>
            <ns3:hr>156</ns3:hr>
            <ns3:cad>97</ns3:cad>
          </ns3:TrackPointExtension>
        </extensions>
      </trkpt>
      <trkpt lat="51.48212872445583343505859375" lon="-0.22714228369295597076416015625">
        <ele>6.400000095367431640625</ele>
        <time>2019-11-02T11:28:04.000Z</time>
        <extensions>
          <ns3:TrackPointExtension>
            <ns3:hr>155</ns3:hr>
            <ns3:cad>98</ns3:cad>
          </ns3:TrackPointExtension>
        </extensions>
      </trkpt>
      <trkpt lat="51.48232595063745975494384765625" lon="-0.227190144360065460205078125">
        <ele>5.599999904632568359375</ele>
        <time>2019-11-02T11:28:09.000Z</time>
        <extensions>
          <ns3:TrackPointExtension>
            <ns3:hr>154</ns3:hr>
            <ns3:cad>97</ns3:cad>
          </ns3:TrackPointExtension>
        </extensions>
      </trkpt>
      <trkpt lat="51.482522673904895782470703125" lon="-0.22724303416907787322998046875">
        <ele>4.599999904632568359375</ele>
        <time>2019-11-02T11:28:14.000Z</time>
        <extensions>
          <ns3:TrackPointExtension>
            <ns3:hr>154</ns3:hr>
            <ns3:cad>97</ns3:cad>
          </ns3:TrackPointExtension>
        </extensions>
      </trkpt>
      <trkpt lat="51.482733897864818572998046875" lon="-0.2272649109363555908203125">
        <ele>4</ele>
        <time>2019-11-02T11:28:20.000Z</time>
        <extensions>
          <ns3:TrackPointExtension>
            <ns3:hr>154</ns3:hr>
            <ns3:cad>97</ns3:cad>
          </ns3:TrackPointExtension>
        </extensions>
      </trkpt>
      <trkpt lat="51.48291670717298984527587890625" lon="-0.22730472497642040252685546875">
        <ele>5.599999904632568359375</ele>
        <time>2019-11-02T11:28:25.000Z</time>
        <extensions>
          <ns3:TrackPointExtension>
            <ns3:hr>157</ns3:hr>
            <ns3:cad>97</ns3:cad>
          </ns3:TrackPointExtension>
        </extensions>
      </trkpt>
      <trkpt lat="51.48310764692723751068115234375" lon="-0.227350406348705291748046875">
        <ele>7.400000095367431640625</ele>
        <time>2019-11-02T11:28:30.000Z</time>
        <extensions>
          <ns3:TrackPointExtension>
            <ns3:hr>157</ns3:hr>
            <ns3:cad>97</ns3:cad>
          </ns3:TrackPointExtension>
        </extensions>
      </trkpt>
      <trkpt lat="51.48329791612923145294189453125" lon="-0.227411091327667236328125">
        <ele>8.80000019073486328125</ele>
        <time>2019-11-02T11:28:35.000Z</time>
        <extensions>
          <ns3:TrackPointExtension>
            <ns3:hr>156</ns3:hr>
            <ns3:cad>97</ns3:cad>
          </ns3:TrackPointExtension>
        </extensions>
      </trkpt>
      <trkpt lat="51.4834974892437458038330078125" lon="-0.227475464344024658203125">
        <ele>10.80000019073486328125</ele>
        <time>2019-11-02T11:28:41.000Z</time>
        <extensions>
          <ns3:TrackPointExtension>
            <ns3:hr>157</ns3:hr>
            <ns3:cad>97</ns3:cad>
          </ns3:TrackPointExtension>
        </extensions>
      </trkpt>
      <trkpt lat="51.483678035438060760498046875" lon="-0.2275141887366771697998046875">
        <ele>11.80000019073486328125</ele>
        <time>2019-11-02T11:28:47.000Z</time>
        <extensions>
          <ns3:TrackPointExtension>
            <ns3:hr>155</ns3:hr>
            <ns3:cad>96</ns3:cad>
          </ns3:TrackPointExtension>
        </extensions>
      </trkpt>
      <trkpt lat="51.48387827910482883453369140625" lon="-0.22753505967557430267333984375">
        <ele>11.80000019073486328125</ele>
        <time>2019-11-02T11:28:52.000Z</time>
        <extensions>
          <ns3:TrackPointExtension>
            <ns3:hr>155</ns3:hr>
            <ns3:cad>97</ns3:cad>
          </ns3:TrackPointExtension>
        </extensions>
      </trkpt>
      <trkpt lat="51.48408128879964351654052734375" lon="-0.22756330668926239013671875">
        <ele>10.3999996185302734375</ele>
        <time>2019-11-02T11:28:57.000Z</time>
        <extensions>
          <ns3:TrackPointExtension>
            <ns3:hr>156</ns3:hr>
            <ns3:cad>98</ns3:cad>
          </ns3:TrackPointExtension>
        </extensions>
      </trkpt>
      <trkpt lat="51.4842662774026393890380859375" lon="-0.22765307687222957611083984375">
        <ele>10</ele>
        <time>2019-11-02T11:29:02.000Z</time>
        <extensions>
          <ns3:TrackPointExtension>
            <ns3:hr>155</ns3:hr>
            <ns3:cad>98</ns3:cad>
          </ns3:TrackPointExtension>
        </extensions>
      </trkpt>
      <trkpt lat="51.48444673977792263031005859375" lon="-0.22774435579776763916015625">
        <ele>11</ele>
        <time>2019-11-02T11:29:07.000Z</time>
        <extensions>
          <ns3:TrackPointExtension>
            <ns3:hr>155</ns3:hr>
            <ns3:cad>96</ns3:cad>
          </ns3:TrackPointExtension>
        </extensions>
      </trkpt>
      <trkpt lat="51.48463902063667774200439453125" lon="-0.22784586064517498016357421875">
        <ele>9.80000019073486328125</ele>
        <time>2019-11-02T11:29:12.000Z</time>
        <extensions>
          <ns3:TrackPointExtension>
            <ns3:hr>155</ns3:hr>
            <ns3:cad>96</ns3:cad>
          </ns3:TrackPointExtension>
        </extensions>
      </trkpt>
      <trkpt lat="51.48482090793550014495849609375" lon="-0.2279550768435001373291015625">
        <ele>8.80000019073486328125</ele>
        <time>2019-11-02T11:29:17.000Z</time>
        <extensions>
          <ns3:TrackPointExtension>
            <ns3:hr>153</ns3:hr>
            <ns3:cad>96</ns3:cad>
          </ns3:TrackPointExtension>
        </extensions>
      </trkpt>
      <trkpt lat="51.48501184768974781036376953125" lon="-0.22804400883615016937255859375">
        <ele>7</ele>
        <time>2019-11-02T11:29:23.000Z</time>
        <extensions>
          <ns3:TrackPointExtension>
            <ns3:hr>155</ns3:hr>
            <ns3:cad>97</ns3:cad>
          </ns3:TrackPointExtension>
        </extensions>
      </trkpt>
      <trkpt lat="51.48518267087638378143310546875" lon="-0.22817350924015045166015625">
        <ele>6.400000095367431640625</ele>
        <time>2019-11-02T11:29:29.000Z</time>
        <extensions>
          <ns3:TrackPointExtension>
            <ns3:hr>154</ns3:hr>
            <ns3:cad>97</ns3:cad>
          </ns3:TrackPointExtension>
        </extensions>
      </trkpt>
      <trkpt lat="51.4853740297257900238037109375" lon="-0.22832128219306468963623046875">
        <ele>6.599999904632568359375</ele>
        <time>2019-11-02T11:29:35.000Z</time>
        <extensions>
          <ns3:TrackPointExtension>
            <ns3:hr>153</ns3:hr>
            <ns3:cad>98</ns3:cad>
          </ns3:TrackPointExtension>
        </extensions>
      </trkpt>
      <trkpt lat="51.4855611138045787811279296875" lon="-0.2284670434892177581787109375">
        <ele>7</ele>
        <time>2019-11-02T11:29:41.000Z</time>
        <extensions>
          <ns3:TrackPointExtension>
            <ns3:hr>153</ns3:hr>
            <ns3:cad>97</ns3:cad>
          </ns3:TrackPointExtension>
        </extensions>
      </trkpt>
      <trkpt lat="51.48572732694447040557861328125" lon="-0.22861783392727375030517578125">
        <ele>7</ele>
        <time>2019-11-02T11:29:46.000Z</time>
        <extensions>
          <ns3:TrackPointExtension>
            <ns3:hr>153</ns3:hr>
            <ns3:cad>97</ns3:cad>
          </ns3:TrackPointExtension>
        </extensions>
      </trkpt>
      <trkpt lat="51.48591005243360996246337890625" lon="-0.2287889085710048675537109375">
        <ele>8.6000003814697265625</ele>
        <time>2019-11-02T11:29:52.000Z</time>
        <extensions>
          <ns3:TrackPointExtension>
            <ns3:hr>154</ns3:hr>
            <ns3:cad>97</ns3:cad>
          </ns3:TrackPointExtension>
        </extensions>
      </trkpt>
      <trkpt lat="51.4860628545284271240234375" lon="-0.22895512171089649200439453125">
        <ele>8.6000003814697265625</ele>
        <time>2019-11-02T11:29:58.000Z</time>
        <extensions>
          <ns3:TrackPointExtension>
            <ns3:hr>155</ns3:hr>
            <ns3:cad>97</ns3:cad>
          </ns3:TrackPointExtension>
        </extensions>
      </trkpt>
      <trkpt lat="51.4862279780209064483642578125" lon="-0.22911823354661464691162109375">
        <ele>7.80000019073486328125</ele>
        <time>2019-11-02T11:30:03.000Z</time>
        <extensions>
          <ns3:TrackPointExtension>
            <ns3:hr>156</ns3:hr>
            <ns3:cad>97</ns3:cad>
          </ns3:TrackPointExtension>
        </extensions>
      </trkpt>
      <trkpt lat="51.486388742923736572265625" lon="-0.22926986217498779296875">
        <ele>7.19999980926513671875</ele>
        <time>2019-11-02T11:30:08.000Z</time>
        <extensions>
          <ns3:TrackPointExtension>
            <ns3:hr>157</ns3:hr>
            <ns3:cad>97</ns3:cad>
          </ns3:TrackPointExtension>
        </extensions>
      </trkpt>
      <trkpt lat="51.48647080175578594207763671875" lon="-0.22936516441404819488525390625">
        <ele>7.400000095367431640625</ele>
        <time>2019-11-02T11:30:11.000Z</time>
        <extensions>
          <ns3:TrackPointExtension>
            <ns3:hr>155</ns3:hr>
            <ns3:cad>97</ns3:cad>
          </ns3:TrackPointExtension>
        </extensions>
      </trkpt>
      <trkpt lat="51.48662284947931766510009765625" lon="-0.22954680025577545166015625">
        <ele>8</ele>
        <time>2019-11-02T11:30:17.000Z</time>
        <extensions>
          <ns3:TrackPointExtension>
            <ns3:hr>155</ns3:hr>
            <ns3:cad>97</ns3:cad>
          </ns3:TrackPointExtension>
        </extensions>
      </trkpt>
      <trkpt lat="51.48676517419517040252685546875" lon="-0.22973950020968914031982421875">
        <ele>8.6000003814697265625</ele>
        <time>2019-11-02T11:30:23.000Z</time>
        <extensions>
          <ns3:TrackPointExtension>
            <ns3:hr>156</ns3:hr>
            <ns3:cad>95</ns3:cad>
          </ns3:TrackPointExtension>
        </extensions>
      </trkpt>
      <trkpt lat="51.48691973648965358734130859375" lon="-0.2299586869776248931884765625">
        <ele>9</ele>
        <time>2019-11-02T11:30:30.000Z</time>
        <extensions>
          <ns3:TrackPointExtension>
            <ns3:hr>156</ns3:hr>
            <ns3:cad>97</ns3:cad>
          </ns3:TrackPointExtension>
        </extensions>
      </trkpt>
      <trkpt lat="51.4870738796889781951904296875" lon="-0.2301776222884654998779296875">
        <ele>8.3999996185302734375</ele>
        <time>2019-11-02T11:30:36.000Z</time>
        <extensions>
          <ns3:TrackPointExtension>
            <ns3:hr>154</ns3:hr>
            <ns3:cad>96</ns3:cad>
          </ns3:TrackPointExtension>
        </extensions>
      </trkpt>
      <trkpt lat="51.48720321245491504669189453125" lon="-0.2303791232407093048095703125">
        <ele>8.6000003814697265625</ele>
        <time>2019-11-02T11:30:42.000Z</time>
        <extensions>
          <ns3:TrackPointExtension>
            <ns3:hr>156</ns3:hr>
            <ns3:cad>96</ns3:cad>
          </ns3:TrackPointExtension>
        </extensions>
      </trkpt>
      <trkpt lat="51.48735056631267070770263671875" lon="-0.23059177212417125701904296875">
        <ele>9</ele>
        <time>2019-11-02T11:30:47.000Z</time>
        <extensions>
          <ns3:TrackPointExtension>
            <ns3:hr>156</ns3:hr>
            <ns3:cad>97</ns3:cad>
          </ns3:TrackPointExtension>
        </extensions>
      </trkpt>
      <trkpt lat="51.487491130828857421875" lon="-0.23081087507307529449462890625">
        <ele>8</ele>
        <time>2019-11-02T11:30:53.000Z</time>
        <extensions>
          <ns3:TrackPointExtension>
            <ns3:hr>154</ns3:hr>
            <ns3:cad>97</ns3:cad>
          </ns3:TrackPointExtension>
        </extensions>
      </trkpt>
      <trkpt lat="51.4876373112201690673828125" lon="-0.23105981759727001190185546875">
        <ele>7</ele>
        <time>2019-11-02T11:30:58.000Z</time>
        <extensions>
          <ns3:TrackPointExtension>
            <ns3:hr>154</ns3:hr>
            <ns3:cad>96</ns3:cad>
          </ns3:TrackPointExtension>
        </extensions>
      </trkpt>
      <trkpt lat="51.48776111193001270294189453125" lon="-0.23130188696086406707763671875">
        <ele>5.19999980926513671875</ele>
        <time>2019-11-02T11:31:03.000Z</time>
        <extensions>
          <ns3:TrackPointExtension>
            <ns3:hr>154</ns3:hr>
            <ns3:cad>97</ns3:cad>
          </ns3:TrackPointExtension>
        </extensions>
      </trkpt>
      <trkpt lat="51.48788466118276119232177734375" lon="-0.231552757322788238525390625">
        <ele>3.400000095367431640625</ele>
        <time>2019-11-02T11:31:08.000Z</time>
        <extensions>
          <ns3:TrackPointExtension>
            <ns3:hr>157</ns3:hr>
            <ns3:cad>97</ns3:cad>
          </ns3:TrackPointExtension>
        </extensions>
      </trkpt>
      <trkpt lat="51.4880139939486980438232421875" lon="-0.23178854025900363922119140625">
        <ele>1.39999997615814208984375</ele>
        <time>2019-11-02T11:31:12.000Z</time>
        <extensions>
          <ns3:TrackPointExtension>
            <ns3:hr>159</ns3:hr>
            <ns3:cad>97</ns3:cad>
          </ns3:TrackPointExtension>
        </extensions>
      </trkpt>
      <trkpt lat="51.48812807165086269378662109375" lon="-0.23204569704830646514892578125">
        <ele>0.60000002384185791015625</ele>
        <time>2019-11-02T11:31:17.000Z</time>
        <extensions>
          <ns3:TrackPointExtension>
            <ns3:hr>157</ns3:hr>
            <ns3:cad>97</ns3:cad>
          </ns3:TrackPointExtension>
        </extensions>
      </trkpt>
      <trkpt lat="51.4882456697523593902587890625" lon="-0.23232079111039638519287109375">
        <ele>0.60000002384185791015625</ele>
        <time>2019-11-02T11:31:23.000Z</time>
        <extensions>
          <ns3:TrackPointExtension>
            <ns3:hr>155</ns3:hr>
            <ns3:cad>97</ns3:cad>
          </ns3:TrackPointExtension>
        </extensions>
      </trkpt>
      <trkpt lat="51.4883475936949253082275390625" lon="-0.23262329399585723876953125">
        <ele>1.60000002384185791015625</ele>
        <time>2019-11-02T11:31:29.000Z</time>
        <extensions>
          <ns3:TrackPointExtension>
            <ns3:hr>154</ns3:hr>
            <ns3:cad>97</ns3:cad>
          </ns3:TrackPointExtension>
        </extensions>
      </trkpt>
      <trkpt lat="51.48845496587455272674560546875" lon="-0.23292110301554203033447265625">
        <ele>2.599999904632568359375</ele>
        <time>2019-11-02T11:31:34.000Z</time>
        <extensions>
          <ns3:TrackPointExtension>
            <ns3:hr>153</ns3:hr>
            <ns3:cad>97</ns3:cad>
          </ns3:TrackPointExtension>
        </extensions>
      </trkpt>
      <trkpt lat="51.48852445185184478759765625" lon="-0.2332262881100177764892578125">
        <ele>3.7999999523162841796875</ele>
        <time>2019-11-02T11:31:40.000Z</time>
        <extensions>
          <ns3:TrackPointExtension>
            <ns3:hr>152</ns3:hr>
            <ns3:cad>97</ns3:cad>
          </ns3:TrackPointExtension>
        </extensions>
      </trkpt>
      <trkpt lat="51.48860131390392780303955078125" lon="-0.2334956824779510498046875">
        <ele>4.80000019073486328125</ele>
        <time>2019-11-02T11:31:45.000Z</time>
        <extensions>
          <ns3:TrackPointExtension>
            <ns3:hr>153</ns3:hr>
            <ns3:cad>97</ns3:cad>
          </ns3:TrackPointExtension>
        </extensions>
      </trkpt>
      <trkpt lat="51.48867507465183734893798828125" lon="-0.23376180790364742279052734375">
        <ele>5.19999980926513671875</ele>
        <time>2019-11-02T11:31:50.000Z</time>
        <extensions>
          <ns3:TrackPointExtension>
            <ns3:hr>152</ns3:hr>
            <ns3:cad>97</ns3:cad>
          </ns3:TrackPointExtension>
        </extensions>
      </trkpt>
      <trkpt lat="51.4887643419206142425537109375" lon="-0.23406137712299823760986328125">
        <ele>7.599999904632568359375</ele>
        <time>2019-11-02T11:31:55.000Z</time>
        <extensions>
          <ns3:TrackPointExtension>
            <ns3:hr>152</ns3:hr>
            <ns3:cad>96</ns3:cad>
          </ns3:TrackPointExtension>
        </extensions>
      </trkpt>
      <trkpt lat="51.48886165581643581390380859375" lon="-0.234396569430828094482421875">
        <ele>9</ele>
        <time>2019-11-02T11:32:00.000Z</time>
        <extensions>
          <ns3:TrackPointExtension>
            <ns3:hr>154</ns3:hr>
            <ns3:cad>97</ns3:cad>
          </ns3:TrackPointExtension>
        </extensions>
      </trkpt>
      <trkpt lat="51.48891471326351165771484375" lon="-0.2345811389386653900146484375">
        <ele>9.19999980926513671875</ele>
        <time>2019-11-02T11:32:03.000Z</time>
        <extensions>
          <ns3:TrackPointExtension>
            <ns3:hr>157</ns3:hr>
            <ns3:cad>96</ns3:cad>
          </ns3:TrackPointExtension>
        </extensions>
      </trkpt>
      <trkpt lat="51.48897313512861728668212890625" lon="-0.2348716557025909423828125">
        <ele>6</ele>
        <time>2019-11-02T11:32:08.000Z</time>
        <extensions>
          <ns3:TrackPointExtension>
            <ns3:hr>156</ns3:hr>
            <ns3:cad>98</ns3:cad>
          </ns3:TrackPointExtension>
        </extensions>
      </trkpt>
      <trkpt lat="51.48899308405816555023193359375" lon="-0.2352138049900531768798828125">
        <ele>1.7999999523162841796875</ele>
        <time>2019-11-02T11:32:14.000Z</time>
        <extensions>
          <ns3:TrackPointExtension>
            <ns3:hr>156</ns3:hr>
            <ns3:cad>98</ns3:cad>
          </ns3:TrackPointExtension>
        </extensions>
      </trkpt>
      <trkpt lat="51.48900817148387432098388671875" lon="-0.23553173057734966278076171875">
        <ele>-1.2000000476837158203125</ele>
        <time>2019-11-02T11:32:19.000Z</time>
        <extensions>
          <ns3:TrackPointExtension>
            <ns3:hr>155</ns3:hr>
            <ns3:cad>97</ns3:cad>
          </ns3:TrackPointExtension>
        </extensions>
      </trkpt>
      <trkpt lat="51.48900900967419147491455078125" lon="-0.2358796633780002593994140625">
        <ele>0.4000000059604644775390625</ele>
        <time>2019-11-02T11:32:24.000Z</time>
        <extensions>
          <ns3:TrackPointExtension>
            <ns3:hr>155</ns3:hr>
            <ns3:cad>97</ns3:cad>
          </ns3:TrackPointExtension>
        </extensions>
      </trkpt>
      <trkpt lat="51.48903851397335529327392578125" lon="-0.23617998696863651275634765625">
        <ele>0.60000002384185791015625</ele>
        <time>2019-11-02T11:32:29.000Z</time>
        <extensions>
          <ns3:TrackPointExtension>
            <ns3:hr>156</ns3:hr>
            <ns3:cad>96</ns3:cad>
          </ns3:TrackPointExtension>
        </extensions>
      </trkpt>
      <trkpt lat="51.48905913345515727996826171875" lon="-0.23650151677429676055908203125">
        <ele>1.60000002384185791015625</ele>
        <time>2019-11-02T11:32:35.000Z</time>
        <extensions>
          <ns3:TrackPointExtension>
            <ns3:hr>158</ns3:hr>
            <ns3:cad>97</ns3:cad>
          </ns3:TrackPointExtension>
        </extensions>
      </trkpt>
      <trkpt lat="51.48905779235064983367919921875" lon="-0.236814580857753753662109375">
        <ele>2</ele>
        <time>2019-11-02T11:32:41.000Z</time>
        <extensions>
          <ns3:TrackPointExtension>
            <ns3:hr>157</ns3:hr>
            <ns3:cad>96</ns3:cad>
          </ns3:TrackPointExtension>
        </extensions>
      </trkpt>
      <trkpt lat="51.48903147317469120025634765625" lon="-0.237119682133197784423828125">
        <ele>2</ele>
        <time>2019-11-02T11:32:47.000Z</time>
        <extensions>
          <ns3:TrackPointExtension>
            <ns3:hr>155</ns3:hr>
            <ns3:cad>96</ns3:cad>
          </ns3:TrackPointExtension>
        </extensions>
      </trkpt>
      <trkpt lat="51.4890211634337902069091796875" lon="-0.2374209277331829071044921875">
        <ele>1.60000002384185791015625</ele>
        <time>2019-11-02T11:32:52.000Z</time>
        <extensions>
          <ns3:TrackPointExtension>
            <ns3:hr>154</ns3:hr>
            <ns3:cad>97</ns3:cad>
          </ns3:TrackPointExtension>
        </extensions>
      </trkpt>
      <trkpt lat="51.4890295453369617462158203125" lon="-0.2376925013959407806396484375">
        <ele>1.39999997615814208984375</ele>
        <time>2019-11-02T11:32:56.000Z</time>
        <extensions>
          <ns3:TrackPointExtension>
            <ns3:hr>157</ns3:hr>
            <ns3:cad>95</ns3:cad>
          </ns3:TrackPointExtension>
        </extensions>
      </trkpt>
      <trkpt lat="51.48901068605482578277587890625" lon="-0.2380130253732204437255859375">
        <ele>2.2000000476837158203125</ele>
        <time>2019-11-02T11:33:02.000Z</time>
        <extensions>
          <ns3:TrackPointExtension>
            <ns3:hr>159</ns3:hr>
            <ns3:cad>96</ns3:cad>
          </ns3:TrackPointExtension>
        </extensions>
      </trkpt>
      <trkpt lat="51.4889681898057460784912109375" lon="-0.23830429650843143463134765625">
        <ele>2.400000095367431640625</ele>
        <time>2019-11-02T11:33:08.000Z</time>
        <extensions>
          <ns3:TrackPointExtension>
            <ns3:hr>157</ns3:hr>
            <ns3:cad>96</ns3:cad>
          </ns3:TrackPointExtension>
        </extensions>
      </trkpt>
      <trkpt lat="51.48895100690424442291259765625" lon="-0.238622725009918212890625">
        <ele>1.7999999523162841796875</ele>
        <time>2019-11-02T11:33:14.000Z</time>
        <extensions>
          <ns3:TrackPointExtension>
            <ns3:hr>157</ns3:hr>
            <ns3:cad>96</ns3:cad>
          </ns3:TrackPointExtension>
        </extensions>
      </trkpt>
      <trkpt lat="51.48897447623312473297119140625" lon="-0.238944925367832183837890625">
        <ele>2.2000000476837158203125</ele>
        <time>2019-11-02T11:33:20.000Z</time>
        <extensions>
          <ns3:TrackPointExtension>
            <ns3:hr>156</ns3:hr>
            <ns3:cad>96</ns3:cad>
          </ns3:TrackPointExtension>
        </extensions>
      </trkpt>
      <trkpt lat="51.48896106518805027008056640625" lon="-0.23924575187265872955322265625">
        <ele>3.7999999523162841796875</ele>
        <time>2019-11-02T11:33:26.000Z</time>
        <extensions>
          <ns3:TrackPointExtension>
            <ns3:hr>155</ns3:hr>
            <ns3:cad>95</ns3:cad>
          </ns3:TrackPointExtension>
        </extensions>
      </trkpt>
      <trkpt lat="51.48892167024314403533935546875" lon="-0.239499472081661224365234375">
        <ele>4.80000019073486328125</ele>
        <time>2019-11-02T11:33:31.000Z</time>
        <extensions>
          <ns3:TrackPointExtension>
            <ns3:hr>155</ns3:hr>
            <ns3:cad>96</ns3:cad>
          </ns3:TrackPointExtension>
        </extensions>
      </trkpt>
      <trkpt lat="51.4888659305870532989501953125" lon="-0.23980046622455120086669921875">
        <ele>5</ele>
        <time>2019-11-02T11:33:36.000Z</time>
        <extensions>
          <ns3:TrackPointExtension>
            <ns3:hr>157</ns3:hr>
            <ns3:cad>96</ns3:cad>
          </ns3:TrackPointExtension>
        </extensions>
      </trkpt>
      <trkpt lat="51.48877012543380260467529296875" lon="-0.24011679925024509429931640625">
        <ele>3.2000000476837158203125</ele>
        <time>2019-11-02T11:33:40.000Z</time>
        <extensions>
          <ns3:TrackPointExtension>
            <ns3:hr>157</ns3:hr>
            <ns3:cad>96</ns3:cad>
          </ns3:TrackPointExtension>
        </extensions>
      </trkpt>
      <trkpt lat="51.48870742879807949066162109375" lon="-0.24044034071266651153564453125">
        <ele>0.60000002384185791015625</ele>
        <time>2019-11-02T11:33:45.000Z</time>
        <extensions>
          <ns3:TrackPointExtension>
            <ns3:hr>155</ns3:hr>
            <ns3:cad>95</ns3:cad>
          </ns3:TrackPointExtension>
        </extensions>
      </trkpt>
      <trkpt lat="51.4886270463466644287109375" lon="-0.24072163738310337066650390625">
        <ele>-0.800000011920928955078125</ele>
        <time>2019-11-02T11:33:51.000Z</time>
        <extensions>
          <ns3:TrackPointExtension>
            <ns3:hr>156</ns3:hr>
            <ns3:cad>95</ns3:cad>
          </ns3:TrackPointExtension>
        </extensions>
      </trkpt>
      <trkpt lat="51.48855554871261119842529296875" lon="-0.2409986592829227447509765625">
        <ele>-0.20000000298023223876953125</ele>
        <time>2019-11-02T11:33:57.000Z</time>
        <extensions>
          <ns3:TrackPointExtension>
            <ns3:hr>155</ns3:hr>
            <ns3:cad>96</ns3:cad>
          </ns3:TrackPointExtension>
        </extensions>
      </trkpt>
      <trkpt lat="51.488451696932315826416015625" lon="-0.241254307329654693603515625">
        <ele>-0.800000011920928955078125</ele>
        <time>2019-11-02T11:34:03.000Z</time>
        <extensions>
          <ns3:TrackPointExtension>
            <ns3:hr>155</ns3:hr>
            <ns3:cad>96</ns3:cad>
          </ns3:TrackPointExtension>
        </extensions>
      </trkpt>
      <trkpt lat="51.48837835527956485748291015625" lon="-0.2415206842124462127685546875">
        <ele>-3.2000000476837158203125</ele>
        <time>2019-11-02T11:34:09.000Z</time>
        <extensions>
          <ns3:TrackPointExtension>
            <ns3:hr>155</ns3:hr>
            <ns3:cad>96</ns3:cad>
          </ns3:TrackPointExtension>
        </extensions>
      </trkpt>
      <trkpt lat="51.48825128562748432159423828125" lon="-0.24175009690225124359130859375">
        <ele>-4</ele>
        <time>2019-11-02T11:34:15.000Z</time>
        <extensions>
          <ns3:TrackPointExtension>
            <ns3:hr>157</ns3:hr>
            <ns3:cad>97</ns3:cad>
          </ns3:TrackPointExtension>
        </extensions>
      </trkpt>
      <trkpt lat="51.48811918683350086212158203125" lon="-0.24197347462177276611328125">
        <ele>-3.400000095367431640625</ele>
        <time>2019-11-02T11:34:20.000Z</time>
        <extensions>
          <ns3:TrackPointExtension>
            <ns3:hr>157</ns3:hr>
            <ns3:cad>95</ns3:cad>
          </ns3:TrackPointExtension>
        </extensions>
      </trkpt>
      <trkpt lat="51.487986333668231964111328125" lon="-0.2421979419887065887451171875">
        <ele>-1.60000002384185791015625</ele>
        <time>2019-11-02T11:34:25.000Z</time>
        <extensions>
          <ns3:TrackPointExtension>
            <ns3:hr>155</ns3:hr>
            <ns3:cad>96</ns3:cad>
          </ns3:TrackPointExtension>
        </extensions>
      </trkpt>
      <trkpt lat="51.4878248982131481170654296875" lon="-0.242434479296207427978515625">
        <ele>2.2000000476837158203125</ele>
        <time>2019-11-02T11:34:31.000Z</time>
        <extensions>
          <ns3:TrackPointExtension>
            <ns3:hr>157</ns3:hr>
            <ns3:cad>95</ns3:cad>
          </ns3:TrackPointExtension>
        </extensions>
      </trkpt>
      <trkpt lat="51.48767285048961639404296875" lon="-0.24264268577098846435546875">
        <ele>4.19999980926513671875</ele>
        <time>2019-11-02T11:34:36.000Z</time>
        <extensions>
          <ns3:TrackPointExtension>
            <ns3:hr>155</ns3:hr>
            <ns3:cad>96</ns3:cad>
          </ns3:TrackPointExtension>
        </extensions>
      </trkpt>
      <trkpt lat="51.48752440698444843292236328125" lon="-0.242841504514217376708984375">
        <ele>4.80000019073486328125</ele>
        <time>2019-11-02T11:34:41.000Z</time>
        <extensions>
          <ns3:TrackPointExtension>
            <ns3:hr>157</ns3:hr>
            <ns3:cad>97</ns3:cad>
          </ns3:TrackPointExtension>
        </extensions>
      </trkpt>
      <trkpt lat="51.4873880334198474884033203125" lon="-0.2430926263332366943359375">
        <ele>4.599999904632568359375</ele>
        <time>2019-11-02T11:34:47.000Z</time>
        <extensions>
          <ns3:TrackPointExtension>
            <ns3:hr>156</ns3:hr>
            <ns3:cad>96</ns3:cad>
          </ns3:TrackPointExtension>
        </extensions>
      </trkpt>
      <trkpt lat="51.487268842756748199462890625" lon="-0.24334483779966831207275390625">
        <ele>3.7999999523162841796875</ele>
        <time>2019-11-02T11:34:53.000Z</time>
        <extensions>
          <ns3:TrackPointExtension>
            <ns3:hr>155</ns3:hr>
            <ns3:cad>96</ns3:cad>
          </ns3:TrackPointExtension>
        </extensions>
      </trkpt>
      <trkpt lat="51.48712635040283203125" lon="-0.2435512840747833251953125">
        <ele>3</ele>
        <time>2019-11-02T11:34:58.000Z</time>
        <extensions>
          <ns3:TrackPointExtension>
            <ns3:hr>155</ns3:hr>
            <ns3:cad>97</ns3:cad>
          </ns3:TrackPointExtension>
        </extensions>
      </trkpt>
      <trkpt lat="51.48697924800217151641845703125" lon="-0.2437673695385456085205078125">
        <ele>1.39999997615814208984375</ele>
        <time>2019-11-02T11:35:03.000Z</time>
        <extensions>
          <ns3:TrackPointExtension>
            <ns3:hr>156</ns3:hr>
            <ns3:cad>97</ns3:cad>
          </ns3:TrackPointExtension>
        </extensions>
      </trkpt>
      <trkpt lat="51.486851759254932403564453125" lon="-0.2439852990210056304931640625">
        <ele>1.60000002384185791015625</ele>
        <time>2019-11-02T11:35:08.000Z</time>
        <extensions>
          <ns3:TrackPointExtension>
            <ns3:hr>156</ns3:hr>
            <ns3:cad>97</ns3:cad>
          </ns3:TrackPointExtension>
        </extensions>
      </trkpt>
      <trkpt lat="51.4866878092288970947265625" lon="-0.24421135894954204559326171875">
        <ele>2.7999999523162841796875</ele>
        <time>2019-11-02T11:35:14.000Z</time>
        <extensions>
          <ns3:TrackPointExtension>
            <ns3:hr>155</ns3:hr>
            <ns3:cad>95</ns3:cad>
          </ns3:TrackPointExtension>
        </extensions>
      </trkpt>
      <trkpt lat="51.48652327246963977813720703125" lon="-0.24442845024168491363525390625">
        <ele>5.19999980926513671875</ele>
        <time>2019-11-02T11:35:19.000Z</time>
        <extensions>
          <ns3:TrackPointExtension>
            <ns3:hr>157</ns3:hr>
            <ns3:cad>96</ns3:cad>
          </ns3:TrackPointExtension>
        </extensions>
      </trkpt>
      <trkpt lat="51.4864006452262401580810546875" lon="-0.24465970695018768310546875">
        <ele>7.80000019073486328125</ele>
        <time>2019-11-02T11:35:25.000Z</time>
        <extensions>
          <ns3:TrackPointExtension>
            <ns3:hr>157</ns3:hr>
            <ns3:cad>96</ns3:cad>
          </ns3:TrackPointExtension>
        </extensions>
      </trkpt>
      <trkpt lat="51.48627164773643016815185546875" lon="-0.24492784403264522552490234375">
        <ele>8.6000003814697265625</ele>
        <time>2019-11-02T11:35:31.000Z</time>
        <extensions>
          <ns3:TrackPointExtension>
            <ns3:hr>155</ns3:hr>
            <ns3:cad>96</ns3:cad>
          </ns3:TrackPointExtension>
        </extensions>
      </trkpt>
      <trkpt lat="51.4861263893544673919677734375" lon="-0.24515859782695770263671875">
        <ele>7.19999980926513671875</ele>
        <time>2019-11-02T11:35:37.000Z</time>
        <extensions>
          <ns3:TrackPointExtension>
            <ns3:hr>156</ns3:hr>
            <ns3:cad>96</ns3:cad>
          </ns3:TrackPointExtension>
        </extensions>
      </trkpt>
      <trkpt lat="51.486008204519748687744140625" lon="-0.24542405270040035247802734375">
        <ele>6.19999980926513671875</ele>
        <time>2019-11-02T11:35:43.000Z</time>
        <extensions>
          <ns3:TrackPointExtension>
            <ns3:hr>155</ns3:hr>
            <ns3:cad>97</ns3:cad>
          </ns3:TrackPointExtension>
        </extensions>
      </trkpt>
      <trkpt lat="51.4858893491327762603759765625" lon="-0.24566394276916980743408203125">
        <ele>6</ele>
        <time>2019-11-02T11:35:49.000Z</time>
        <extensions>
          <ns3:TrackPointExtension>
            <ns3:hr>155</ns3:hr>
            <ns3:cad>96</ns3:cad>
          </ns3:TrackPointExtension>
        </extensions>
      </trkpt>
      <trkpt lat="51.48575884290039539337158203125" lon="-0.2458843030035495758056640625">
        <ele>6.80000019073486328125</ele>
        <time>2019-11-02T11:35:54.000Z</time>
        <extensions>
          <ns3:TrackPointExtension>
            <ns3:hr>155</ns3:hr>
            <ns3:cad>96</ns3:cad>
          </ns3:TrackPointExtension>
        </extensions>
      </trkpt>
      <trkpt lat="51.48564568720757961273193359375" lon="-0.24616149254143238067626953125">
        <ele>8.3999996185302734375</ele>
        <time>2019-11-02T11:36:00.000Z</time>
        <extensions>
          <ns3:TrackPointExtension>
            <ns3:hr>154</ns3:hr>
            <ns3:cad>96</ns3:cad>
          </ns3:TrackPointExtension>
        </extensions>
      </trkpt>
      <trkpt lat="51.48549715988337993621826171875" lon="-0.2463898994028568267822265625">
        <ele>9.19999980926513671875</ele>
        <time>2019-11-02T11:36:06.000Z</time>
        <extensions>
          <ns3:TrackPointExtension>
            <ns3:hr>153</ns3:hr>
            <ns3:cad>96</ns3:cad>
          </ns3:TrackPointExtension>
        </extensions>
      </trkpt>
      <trkpt lat="51.48532130755484104156494140625" lon="-0.2465823478996753692626953125">
        <ele>9.3999996185302734375</ele>
        <time>2019-11-02T11:36:12.000Z</time>
        <extensions>
          <ns3:TrackPointExtension>
            <ns3:hr>152</ns3:hr>
            <ns3:cad>97</ns3:cad>
          </ns3:TrackPointExtension>
        </extensions>
      </trkpt>
      <trkpt lat="51.4851477183401584625244140625" lon="-0.2467912249267101287841796875">
        <ele>8.80000019073486328125</ele>
        <time>2019-11-02T11:36:17.000Z</time>
        <extensions>
          <ns3:TrackPointExtension>
            <ns3:hr>152</ns3:hr>
            <ns3:cad>97</ns3:cad>
          </ns3:TrackPointExtension>
        </extensions>
      </trkpt>
      <trkpt lat="51.4850052259862422943115234375" lon="-0.24698241613805294036865234375">
        <ele>8.3999996185302734375</ele>
        <time>2019-11-02T11:36:22.000Z</time>
        <extensions>
          <ns3:TrackPointExtension>
            <ns3:hr>154</ns3:hr>
            <ns3:cad>96</ns3:cad>
          </ns3:TrackPointExtension>
        </extensions>
      </trkpt>
      <trkpt lat="51.484843790531158447265625" lon="-0.24721023626625537872314453125">
        <ele>8.80000019073486328125</ele>
        <time>2019-11-02T11:36:28.000Z</time>
        <extensions>
          <ns3:TrackPointExtension>
            <ns3:hr>151</ns3:hr>
            <ns3:cad>96</ns3:cad>
          </ns3:TrackPointExtension>
        </extensions>
      </trkpt>
      <trkpt lat="51.48469551466405391693115234375" lon="-0.24742229841649532318115234375">
        <ele>10</ele>
        <time>2019-11-02T11:36:33.000Z</time>
        <extensions>
          <ns3:TrackPointExtension>
            <ns3:hr>152</ns3:hr>
            <ns3:cad>96</ns3:cad>
          </ns3:TrackPointExtension>
        </extensions>
      </trkpt>
      <trkpt lat="51.48457649163901805877685546875" lon="-0.2476461790502071380615234375">
        <ele>11.80000019073486328125</ele>
        <time>2019-11-02T11:36:38.000Z</time>
        <extensions>
          <ns3:TrackPointExtension>
            <ns3:hr>154</ns3:hr>
            <ns3:cad>97</ns3:cad>
          </ns3:TrackPointExtension>
        </extensions>
      </trkpt>
      <trkpt lat="51.48440868593752384185791015625" lon="-0.24785463698208332061767578125">
        <ele>12.19999980926513671875</ele>
        <time>2019-11-02T11:36:44.000Z</time>
        <extensions>
          <ns3:TrackPointExtension>
            <ns3:hr>154</ns3:hr>
            <ns3:cad>96</ns3:cad>
          </ns3:TrackPointExtension>
        </extensions>
      </trkpt>
      <trkpt lat="51.48424691520631313323974609375" lon="-0.24800098501145839691162109375">
        <ele>12.6000003814697265625</ele>
        <time>2019-11-02T11:36:49.000Z</time>
        <extensions>
          <ns3:TrackPointExtension>
            <ns3:hr>153</ns3:hr>
            <ns3:cad>97</ns3:cad>
          </ns3:TrackPointExtension>
        </extensions>
      </trkpt>
      <trkpt lat="51.48417231626808643341064453125" lon="-0.2480600774288177490234375">
        <ele>12.3999996185302734375</ele>
        <time>2019-11-02T11:36:51.000Z</time>
        <extensions>
          <ns3:TrackPointExtension>
            <ns3:hr>154</ns3:hr>
            <ns3:cad>97</ns3:cad>
          </ns3:TrackPointExtension>
        </extensions>
      </trkpt>
      <trkpt lat="51.4839869923889636993408203125" lon="-0.24821874685585498809814453125">
        <ele>11.3999996185302734375</ele>
        <time>2019-11-02T11:36:56.000Z</time>
        <extensions>
          <ns3:TrackPointExtension>
            <ns3:hr>155</ns3:hr>
            <ns3:cad>97</ns3:cad>
          </ns3:TrackPointExtension>
        </extensions>
      </trkpt>
      <trkpt lat="51.48380317725241184234619140625" lon="-0.24836710654199123382568359375">
        <ele>10</ele>
        <time>2019-11-02T11:37:01.000Z</time>
        <extensions>
          <ns3:TrackPointExtension>
            <ns3:hr>154</ns3:hr>
            <ns3:cad>96</ns3:cad>
          </ns3:TrackPointExtension>
        </extensions>
      </trkpt>
      <trkpt lat="51.48362849839031696319580078125" lon="-0.2485095150768756866455078125">
        <ele>8.19999980926513671875</ele>
        <time>2019-11-02T11:37:06.000Z</time>
        <extensions>
          <ns3:TrackPointExtension>
            <ns3:hr>154</ns3:hr>
            <ns3:cad>96</ns3:cad>
          </ns3:TrackPointExtension>
        </extensions>
      </trkpt>
      <trkpt lat="51.4834431745111942291259765625" lon="-0.24866499938070774078369140625">
        <ele>6</ele>
        <time>2019-11-02T11:37:12.000Z</time>
        <extensions>
          <ns3:TrackPointExtension>
            <ns3:hr>153</ns3:hr>
            <ns3:cad>96</ns3:cad>
          </ns3:TrackPointExtension>
        </extensions>
      </trkpt>
      <trkpt lat="51.48327008821070194244384765625" lon="-0.24878360331058502197265625">
        <ele>4.599999904632568359375</ele>
        <time>2019-11-02T11:37:18.000Z</time>
        <extensions>
          <ns3:TrackPointExtension>
            <ns3:hr>155</ns3:hr>
            <ns3:cad>96</ns3:cad>
          </ns3:TrackPointExtension>
        </extensions>
      </trkpt>
      <trkpt lat="51.483075879514217376708984375" lon="-0.2489088289439678192138671875">
        <ele>5</ele>
        <time>2019-11-02T11:37:24.000Z</time>
        <extensions>
          <ns3:TrackPointExtension>
            <ns3:hr>154</ns3:hr>
            <ns3:cad>96</ns3:cad>
          </ns3:TrackPointExtension>
        </extensions>
      </trkpt>
      <trkpt lat="51.48291083984076976776123046875" lon="-0.24902827106416225433349609375">
        <ele>6</ele>
        <time>2019-11-02T11:37:29.000Z</time>
        <extensions>
          <ns3:TrackPointExtension>
            <ns3:hr>153</ns3:hr>
            <ns3:cad>96</ns3:cad>
          </ns3:TrackPointExtension>
        </extensions>
      </trkpt>
      <trkpt lat="51.4827020466327667236328125" lon="-0.24909867905080318450927734375">
        <ele>7.19999980926513671875</ele>
        <time>2019-11-02T11:37:35.000Z</time>
        <extensions>
          <ns3:TrackPointExtension>
            <ns3:hr>153</ns3:hr>
            <ns3:cad>95</ns3:cad>
          </ns3:TrackPointExtension>
        </extensions>
      </trkpt>
      <trkpt lat="51.48251571692526340484619140625" lon="-0.24913497269153594970703125">
        <ele>8</ele>
        <time>2019-11-02T11:37:40.000Z</time>
        <extensions>
          <ns3:TrackPointExtension>
            <ns3:hr>153</ns3:hr>
            <ns3:cad>96</ns3:cad>
          </ns3:TrackPointExtension>
        </extensions>
      </trkpt>
      <trkpt lat="51.48231136612594127655029296875" lon="-0.2491663210093975067138671875">
        <ele>8</ele>
        <time>2019-11-02T11:37:46.000Z</time>
        <extensions>
          <ns3:TrackPointExtension>
            <ns3:hr>152</ns3:hr>
            <ns3:cad>96</ns3:cad>
          </ns3:TrackPointExtension>
        </extensions>
      </trkpt>
      <trkpt lat="51.4822234399616718292236328125" lon="-0.2492035366594791412353515625">
        <ele>8</ele>
        <time>2019-11-02T11:37:49.000Z</time>
        <extensions>
          <ns3:TrackPointExtension>
            <ns3:hr>155</ns3:hr>
            <ns3:cad>96</ns3:cad>
          </ns3:TrackPointExtension>
        </extensions>
      </trkpt>
      <trkpt lat="51.4821526966989040374755859375" lon="-0.24922390468418598175048828125">
        <ele>7.80000019073486328125</ele>
        <time>2019-11-02T11:37:50.000Z</time>
        <extensions>
          <ns3:TrackPointExtension>
            <ns3:hr>161</ns3:hr>
            <ns3:cad>96</ns3:cad>
          </ns3:TrackPointExtension>
        </extensions>
      </trkpt>
      <trkpt lat="51.4821526966989040374755859375" lon="-0.24922390468418598175048828125">
        <ele>7.80000019073486328125</ele>
        <time>2019-11-02T11:37:51.000Z</time>
        <extensions>
          <ns3:TrackPointExtension>
            <ns3:hr>159</ns3:hr>
            <ns3:cad>96</ns3:cad>
          </ns3:TrackPointExtension>
        </extensions>
      </trkpt>
      <trkpt lat="51.481948010623455047607421875" lon="-0.24924217723309993743896484375">
        <ele>7</ele>
        <time>2019-11-02T11:37:56.000Z</time>
        <extensions>
          <ns3:TrackPointExtension>
            <ns3:hr>155</ns3:hr>
            <ns3:cad>97</ns3:cad>
          </ns3:TrackPointExtension>
        </extensions>
      </trkpt>
      <trkpt lat="51.48184281773865222930908203125" lon="-0.24925030767917633056640625">
        <ele>7</ele>
        <time>2019-11-02T11:37:59.000Z</time>
        <extensions>
          <ns3:TrackPointExtension>
            <ns3:hr>152</ns3:hr>
            <ns3:cad>97</ns3:cad>
          </ns3:TrackPointExtension>
        </extensions>
      </trkpt>
      <trkpt lat="51.48169278167188167572021484375" lon="-0.24927134625613689422607421875">
        <ele>6.80000019073486328125</ele>
        <time>2019-11-02T11:38:04.000Z</time>
        <extensions>
          <ns3:TrackPointExtension>
            <ns3:hr>149</ns3:hr>
            <ns3:cad>94</ns3:cad>
          </ns3:TrackPointExtension>
        </extensions>
      </trkpt>
      <trkpt lat="51.48149413056671619415283203125" lon="-0.249258019030094146728515625">
        <ele>6.599999904632568359375</ele>
        <time>2019-11-02T11:38:09.000Z</time>
        <extensions>
          <ns3:TrackPointExtension>
            <ns3:hr>147</ns3:hr>
            <ns3:cad>96</ns3:cad>
          </ns3:TrackPointExtension>
        </extensions>
      </trkpt>
      <trkpt lat="51.48131291382014751434326171875" lon="-0.24924754165112972259521484375">
        <ele>6.80000019073486328125</ele>
        <time>2019-11-02T11:38:14.000Z</time>
        <extensions>
          <ns3:TrackPointExtension>
            <ns3:hr>148</ns3:hr>
            <ns3:cad>96</ns3:cad>
          </ns3:TrackPointExtension>
        </extensions>
      </trkpt>
      <trkpt lat="51.48112130351364612579345703125" lon="-0.24925290606915950775146484375">
        <ele>7.80000019073486328125</ele>
        <time>2019-11-02T11:38:20.000Z</time>
        <extensions>
          <ns3:TrackPointExtension>
            <ns3:hr>148</ns3:hr>
            <ns3:cad>96</ns3:cad>
          </ns3:TrackPointExtension>
        </extensions>
      </trkpt>
      <trkpt lat="51.48093975149095058441162109375" lon="-0.24924603290855884552001953125">
        <ele>9</ele>
        <time>2019-11-02T11:38:26.000Z</time>
        <extensions>
          <ns3:TrackPointExtension>
            <ns3:hr>149</ns3:hr>
            <ns3:cad>95</ns3:cad>
          </ns3:TrackPointExtension>
        </extensions>
      </trkpt>
      <trkpt lat="51.48074579425156116485595703125" lon="-0.24922792799770832061767578125">
        <ele>9</ele>
        <time>2019-11-02T11:38:32.000Z</time>
        <extensions>
          <ns3:TrackPointExtension>
            <ns3:hr>149</ns3:hr>
            <ns3:cad>97</ns3:cad>
          </ns3:TrackPointExtension>
        </extensions>
      </trkpt>
      <trkpt lat="51.4805400185286998748779296875" lon="-0.24921602569520473480224609375">
        <ele>8.19999980926513671875</ele>
        <time>2019-11-02T11:38:38.000Z</time>
        <extensions>
          <ns3:TrackPointExtension>
            <ns3:hr>150</ns3:hr>
            <ns3:cad>95</ns3:cad>
          </ns3:TrackPointExtension>
        </extensions>
      </trkpt>
      <trkpt lat="51.48035712540149688720703125" lon="-0.249192975461483001708984375">
        <ele>6.400000095367431640625</ele>
        <time>2019-11-02T11:38:42.000Z</time>
        <extensions>
          <ns3:TrackPointExtension>
            <ns3:hr>150</ns3:hr>
            <ns3:cad>96</ns3:cad>
          </ns3:TrackPointExtension>
        </extensions>
      </trkpt>
      <trkpt lat="51.48017347790300846099853515625" lon="-0.24916958995163440704345703125">
        <ele>5.80000019073486328125</ele>
        <time>2019-11-02T11:38:48.000Z</time>
        <extensions>
          <ns3:TrackPointExtension>
            <ns3:hr>150</ns3:hr>
            <ns3:cad>96</ns3:cad>
          </ns3:TrackPointExtension>
        </extensions>
      </trkpt>
      <trkpt lat="51.4799764193594455718994140625" lon="-0.2491824142634868621826171875">
        <ele>7</ele>
        <time>2019-11-02T11:38:55.000Z</time>
        <extensions>
          <ns3:TrackPointExtension>
            <ns3:hr>150</ns3:hr>
            <ns3:cad>96</ns3:cad>
          </ns3:TrackPointExtension>
        </extensions>
      </trkpt>
      <trkpt lat="51.47977215237915515899658203125" lon="-0.2491436898708343505859375">
        <ele>7</ele>
        <time>2019-11-02T11:39:01.000Z</time>
        <extensions>
          <ns3:TrackPointExtension>
            <ns3:hr>151</ns3:hr>
            <ns3:cad>95</ns3:cad>
          </ns3:TrackPointExtension>
        </extensions>
      </trkpt>
      <trkpt lat="51.4795667119324207305908203125" lon="-0.249149389564990997314453125">
        <ele>7.80000019073486328125</ele>
        <time>2019-11-02T11:39:07.000Z</time>
        <extensions>
          <ns3:TrackPointExtension>
            <ns3:hr>152</ns3:hr>
            <ns3:cad>96</ns3:cad>
          </ns3:TrackPointExtension>
        </extensions>
      </trkpt>
      <trkpt lat="51.4793719165027141571044921875" lon="-0.2491706795990467071533203125">
        <ele>8.3999996185302734375</ele>
        <time>2019-11-02T11:39:13.000Z</time>
        <extensions>
          <ns3:TrackPointExtension>
            <ns3:hr>151</ns3:hr>
            <ns3:cad>96</ns3:cad>
          </ns3:TrackPointExtension>
        </extensions>
      </trkpt>
      <trkpt lat="51.4791673980653285980224609375" lon="-0.24915215559303760528564453125">
        <ele>7.80000019073486328125</ele>
        <time>2019-11-02T11:39:18.000Z</time>
        <extensions>
          <ns3:TrackPointExtension>
            <ns3:hr>152</ns3:hr>
            <ns3:cad>96</ns3:cad>
          </ns3:TrackPointExtension>
        </extensions>
      </trkpt>
      <trkpt lat="51.47897235117852687835693359375" lon="-0.249134637415409088134765625">
        <ele>7</ele>
        <time>2019-11-02T11:39:23.000Z</time>
        <extensions>
          <ns3:TrackPointExtension>
            <ns3:hr>152</ns3:hr>
            <ns3:cad>96</ns3:cad>
          </ns3:TrackPointExtension>
        </extensions>
      </trkpt>
      <trkpt lat="51.47878895513713359832763671875" lon="-0.24909876286983489990234375">
        <ele>6</ele>
        <time>2019-11-02T11:39:27.000Z</time>
        <extensions>
          <ns3:TrackPointExtension>
            <ns3:hr>152</ns3:hr>
            <ns3:cad>95</ns3:cad>
          </ns3:TrackPointExtension>
        </extensions>
      </trkpt>
      <trkpt lat="51.47858963347971439361572265625" lon="-0.24913740344345569610595703125">
        <ele>3.599999904632568359375</ele>
        <time>2019-11-02T11:39:33.000Z</time>
        <extensions>
          <ns3:TrackPointExtension>
            <ns3:hr>149</ns3:hr>
            <ns3:cad>96</ns3:cad>
          </ns3:TrackPointExtension>
        </extensions>
      </trkpt>
      <trkpt lat="51.4784033037722110748291015625" lon="-0.2491820789873600006103515625">
        <ele>3</ele>
        <time>2019-11-02T11:39:39.000Z</time>
        <extensions>
          <ns3:TrackPointExtension>
            <ns3:hr>151</ns3:hr>
            <ns3:cad>97</ns3:cad>
          </ns3:TrackPointExtension>
        </extensions>
      </trkpt>
      <trkpt lat="51.47821865044534206390380859375" lon="-0.249251313507556915283203125">
        <ele>3.2000000476837158203125</ele>
        <time>2019-11-02T11:39:46.000Z</time>
        <extensions>
          <ns3:TrackPointExtension>
            <ns3:hr>150</ns3:hr>
            <ns3:cad>95</ns3:cad>
          </ns3:TrackPointExtension>
        </extensions>
      </trkpt>
      <trkpt lat="51.47800214588642120361328125" lon="-0.24928827770054340362548828125">
        <ele>3.2000000476837158203125</ele>
        <time>2019-11-02T11:39:53.000Z</time>
        <extensions>
          <ns3:TrackPointExtension>
            <ns3:hr>152</ns3:hr>
            <ns3:cad>95</ns3:cad>
          </ns3:TrackPointExtension>
        </extensions>
      </trkpt>
      <trkpt lat="51.47780827246606349945068359375" lon="-0.24927872233092784881591796875">
        <ele>2.400000095367431640625</ele>
        <time>2019-11-02T11:39:57.000Z</time>
        <extensions>
          <ns3:TrackPointExtension>
            <ns3:hr>152</ns3:hr>
            <ns3:cad>96</ns3:cad>
          </ns3:TrackPointExtension>
        </extensions>
      </trkpt>
      <trkpt lat="51.4775946177542209625244140625" lon="-0.24928106926381587982177734375">
        <ele>3.599999904632568359375</ele>
        <time>2019-11-02T11:40:02.000Z</time>
        <extensions>
          <ns3:TrackPointExtension>
            <ns3:hr>152</ns3:hr>
            <ns3:cad>96</ns3:cad>
          </ns3:TrackPointExtension>
        </extensions>
      </trkpt>
      <trkpt lat="51.4773726649582386016845703125" lon="-0.2492990903556346893310546875">
        <ele>2.7999999523162841796875</ele>
        <time>2019-11-02T11:40:07.000Z</time>
        <extensions>
          <ns3:TrackPointExtension>
            <ns3:hr>152</ns3:hr>
            <ns3:cad>96</ns3:cad>
          </ns3:TrackPointExtension>
        </extensions>
      </trkpt>
      <trkpt lat="51.47719337604939937591552734375" lon="-0.249338485300540924072265625">
        <ele>2.2000000476837158203125</ele>
        <time>2019-11-02T11:40:11.000Z</time>
        <extensions>
          <ns3:TrackPointExtension>
            <ns3:hr>152</ns3:hr>
            <ns3:cad>96</ns3:cad>
          </ns3:TrackPointExtension>
        </extensions>
      </trkpt>
      <trkpt lat="51.4771141670644283294677734375" lon="-0.2493537403643131256103515625">
        <ele>2</ele>
        <time>2019-11-02T11:40:13.000Z</time>
        <extensions>
          <ns3:TrackPointExtension>
            <ns3:hr>152</ns3:hr>
            <ns3:cad>96</ns3:cad>
          </ns3:TrackPointExtension>
        </extensions>
      </trkpt>
      <trkpt lat="51.47690512239933013916015625" lon="-0.24939824827015399932861328125">
        <ele>2.2000000476837158203125</ele>
        <time>2019-11-02T11:40:19.000Z</time>
        <extensions>
          <ns3:TrackPointExtension>
            <ns3:hr>153</ns3:hr>
            <ns3:cad>94</ns3:cad>
          </ns3:TrackPointExtension>
        </extensions>
      </trkpt>
      <trkpt lat="51.47669213823974132537841796875" lon="-0.249423645436763763427734375">
        <ele>2.7999999523162841796875</ele>
        <time>2019-11-02T11:40:25.000Z</time>
        <extensions>
          <ns3:TrackPointExtension>
            <ns3:hr>153</ns3:hr>
            <ns3:cad>96</ns3:cad>
          </ns3:TrackPointExtension>
        </extensions>
      </trkpt>
      <trkpt lat="51.47649943828582763671875" lon="-0.249465890228748321533203125">
        <ele>3.2000000476837158203125</ele>
        <time>2019-11-02T11:40:30.000Z</time>
        <extensions>
          <ns3:TrackPointExtension>
            <ns3:hr>151</ns3:hr>
            <ns3:cad>95</ns3:cad>
          </ns3:TrackPointExtension>
        </extensions>
      </trkpt>
      <trkpt lat="51.47629517130553722381591796875" lon="-0.24950503371655941009521484375">
        <ele>3.599999904632568359375</ele>
        <time>2019-11-02T11:40:36.000Z</time>
        <extensions>
          <ns3:TrackPointExtension>
            <ns3:hr>151</ns3:hr>
            <ns3:cad>95</ns3:cad>
          </ns3:TrackPointExtension>
        </extensions>
      </trkpt>
      <trkpt lat="51.47609937004745006561279296875" lon="-0.249576531350612640380859375">
        <ele>3</ele>
        <time>2019-11-02T11:40:41.000Z</time>
        <extensions>
          <ns3:TrackPointExtension>
            <ns3:hr>152</ns3:hr>
            <ns3:cad>96</ns3:cad>
          </ns3:TrackPointExtension>
        </extensions>
      </trkpt>
      <trkpt lat="51.4759246073663234710693359375" lon="-0.24965825490653514862060546875">
        <ele>3</ele>
        <time>2019-11-02T11:40:46.000Z</time>
        <extensions>
          <ns3:TrackPointExtension>
            <ns3:hr>151</ns3:hr>
            <ns3:cad>97</ns3:cad>
          </ns3:TrackPointExtension>
        </extensions>
      </trkpt>
      <trkpt lat="51.4757552929222583770751953125" lon="-0.2497567422688007354736328125">
        <ele>3.400000095367431640625</ele>
        <time>2019-11-02T11:40:51.000Z</time>
        <extensions>
          <ns3:TrackPointExtension>
            <ns3:hr>152</ns3:hr>
            <ns3:cad>96</ns3:cad>
          </ns3:TrackPointExtension>
        </extensions>
      </trkpt>
      <trkpt lat="51.47556938230991363525390625" lon="-0.2498962171375751495361328125">
        <ele>4.80000019073486328125</ele>
        <time>2019-11-02T11:40:57.000Z</time>
        <extensions>
          <ns3:TrackPointExtension>
            <ns3:hr>153</ns3:hr>
            <ns3:cad>96</ns3:cad>
          </ns3:TrackPointExtension>
        </extensions>
      </trkpt>
      <trkpt lat="51.475394703447818756103515625" lon="-0.25005857460200786590576171875">
        <ele>5</ele>
        <time>2019-11-02T11:41:03.000Z</time>
        <extensions>
          <ns3:TrackPointExtension>
            <ns3:hr>152</ns3:hr>
            <ns3:cad>96</ns3:cad>
          </ns3:TrackPointExtension>
        </extensions>
      </trkpt>
      <trkpt lat="51.4752108044922351837158203125" lon="-0.25021246634423732757568359375">
        <ele>5</ele>
        <time>2019-11-02T11:41:09.000Z</time>
        <extensions>
          <ns3:TrackPointExtension>
            <ns3:hr>150</ns3:hr>
            <ns3:cad>97</ns3:cad>
          </ns3:TrackPointExtension>
        </extensions>
      </trkpt>
      <trkpt lat="51.475028581917285919189453125" lon="-0.25035412050783634185791015625">
        <ele>3.400000095367431640625</ele>
        <time>2019-11-02T11:41:15.000Z</time>
        <extensions>
          <ns3:TrackPointExtension>
            <ns3:hr>150</ns3:hr>
            <ns3:cad>94</ns3:cad>
          </ns3:TrackPointExtension>
        </extensions>
      </trkpt>
      <trkpt lat="51.4748316071927547454833984375" lon="-0.2504822798073291778564453125">
        <ele>2</ele>
        <time>2019-11-02T11:41:21.000Z</time>
        <extensions>
          <ns3:TrackPointExtension>
            <ns3:hr>151</ns3:hr>
            <ns3:cad>95</ns3:cad>
          </ns3:TrackPointExtension>
        </extensions>
      </trkpt>
      <trkpt lat="51.47463597357273101806640625" lon="-0.25060775689780712127685546875">
        <ele>2.2000000476837158203125</ele>
        <time>2019-11-02T11:41:27.000Z</time>
        <extensions>
          <ns3:TrackPointExtension>
            <ns3:hr>150</ns3:hr>
            <ns3:cad>96</ns3:cad>
          </ns3:TrackPointExtension>
        </extensions>
      </trkpt>
      <trkpt lat="51.4744341373443603515625" lon="-0.25072862394154071807861328125">
        <ele>3.2000000476837158203125</ele>
        <time>2019-11-02T11:41:33.000Z</time>
        <extensions>
          <ns3:TrackPointExtension>
            <ns3:hr>150</ns3:hr>
            <ns3:cad>97</ns3:cad>
          </ns3:TrackPointExtension>
        </extensions>
      </trkpt>
      <trkpt lat="51.47424512542784214019775390625" lon="-0.2508678473532199859619140625">
        <ele>4.400000095367431640625</ele>
        <time>2019-11-02T11:41:39.000Z</time>
        <extensions>
          <ns3:TrackPointExtension>
            <ns3:hr>150</ns3:hr>
            <ns3:cad>97</ns3:cad>
          </ns3:TrackPointExtension>
        </extensions>
      </trkpt>
      <trkpt lat="51.4740706980228424072265625" lon="-0.25100774131715297698974609375">
        <ele>5</ele>
        <time>2019-11-02T11:41:45.000Z</time>
        <extensions>
          <ns3:TrackPointExtension>
            <ns3:hr>149</ns3:hr>
            <ns3:cad>95</ns3:cad>
          </ns3:TrackPointExtension>
        </extensions>
      </trkpt>
      <trkpt lat="51.47388227283954620361328125" lon="-0.2511365711688995361328125">
        <ele>5</ele>
        <time>2019-11-02T11:41:51.000Z</time>
        <extensions>
          <ns3:TrackPointExtension>
            <ns3:hr>148</ns3:hr>
            <ns3:cad>95</ns3:cad>
          </ns3:TrackPointExtension>
        </extensions>
      </trkpt>
      <trkpt lat="51.47371572442352771759033203125" lon="-0.25125416927039623260498046875">
        <ele>5</ele>
        <time>2019-11-02T11:41:57.000Z</time>
        <extensions>
          <ns3:TrackPointExtension>
            <ns3:hr>149</ns3:hr>
            <ns3:cad>95</ns3:cad>
          </ns3:TrackPointExtension>
        </extensions>
      </trkpt>
      <trkpt lat="51.473546326160430908203125" lon="-0.25136833079159259796142578125">
        <ele>5.19999980926513671875</ele>
        <time>2019-11-02T11:42:03.000Z</time>
        <extensions>
          <ns3:TrackPointExtension>
            <ns3:hr>150</ns3:hr>
            <ns3:cad>95</ns3:cad>
          </ns3:TrackPointExtension>
        </extensions>
      </trkpt>
      <trkpt lat="51.47339704446494579315185546875" lon="-0.25154401548206806182861328125">
        <ele>5.80000019073486328125</ele>
        <time>2019-11-02T11:42:08.000Z</time>
        <extensions>
          <ns3:TrackPointExtension>
            <ns3:hr>149</ns3:hr>
            <ns3:cad>96</ns3:cad>
          </ns3:TrackPointExtension>
        </extensions>
      </trkpt>
      <trkpt lat="51.47325153462588787078857421875" lon="-0.2517355419695377349853515625">
        <ele>5.19999980926513671875</ele>
        <time>2019-11-02T11:42:13.000Z</time>
        <extensions>
          <ns3:TrackPointExtension>
            <ns3:hr>150</ns3:hr>
            <ns3:cad>96</ns3:cad>
          </ns3:TrackPointExtension>
        </extensions>
      </trkpt>
      <trkpt lat="51.47309848107397556304931640625" lon="-0.25195531547069549560546875">
        <ele>3.599999904632568359375</ele>
        <time>2019-11-02T11:42:19.000Z</time>
        <extensions>
          <ns3:TrackPointExtension>
            <ns3:hr>149</ns3:hr>
            <ns3:cad>95</ns3:cad>
          </ns3:TrackPointExtension>
        </extensions>
      </trkpt>
      <trkpt lat="51.47292547859251499176025390625" lon="-0.25215455330908298492431640625">
        <ele>2</ele>
        <time>2019-11-02T11:42:25.000Z</time>
        <extensions>
          <ns3:TrackPointExtension>
            <ns3:hr>149</ns3:hr>
            <ns3:cad>96</ns3:cad>
          </ns3:TrackPointExtension>
        </extensions>
      </trkpt>
      <trkpt lat="51.4728062041103839874267578125" lon="-0.2524024061858654022216796875">
        <ele>1</ele>
        <time>2019-11-02T11:42:31.000Z</time>
        <extensions>
          <ns3:TrackPointExtension>
            <ns3:hr>150</ns3:hr>
            <ns3:cad>95</ns3:cad>
          </ns3:TrackPointExtension>
        </extensions>
      </trkpt>
      <trkpt lat="51.47265440784394741058349609375" lon="-0.25262494571506977081298828125">
        <ele>1.60000002384185791015625</ele>
        <time>2019-11-02T11:42:37.000Z</time>
        <extensions>
          <ns3:TrackPointExtension>
            <ns3:hr>151</ns3:hr>
            <ns3:cad>97</ns3:cad>
          </ns3:TrackPointExtension>
        </extensions>
      </trkpt>
      <trkpt lat="51.47250923328101634979248046875" lon="-0.25286751799285411834716796875">
        <ele>2.7999999523162841796875</ele>
        <time>2019-11-02T11:42:43.000Z</time>
        <extensions>
          <ns3:TrackPointExtension>
            <ns3:hr>151</ns3:hr>
            <ns3:cad>95</ns3:cad>
          </ns3:TrackPointExtension>
        </extensions>
      </trkpt>
      <trkpt lat="51.47240144200623035430908203125" lon="-0.25314663536846637725830078125">
        <ele>4</ele>
        <time>2019-11-02T11:42:50.000Z</time>
        <extensions>
          <ns3:TrackPointExtension>
            <ns3:hr>150</ns3:hr>
            <ns3:cad>93</ns3:cad>
          </ns3:TrackPointExtension>
        </extensions>
      </trkpt>
      <trkpt lat="51.472235061228275299072265625" lon="-0.25327923707664012908935546875">
        <ele>4.80000019073486328125</ele>
        <time>2019-11-02T11:42:56.000Z</time>
        <extensions>
          <ns3:TrackPointExtension>
            <ns3:hr>151</ns3:hr>
            <ns3:cad>99</ns3:cad>
          </ns3:TrackPointExtension>
        </extensions>
      </trkpt>
      <trkpt lat="51.47210187278687953948974609375" lon="-0.25353287346661090850830078125">
        <ele>3.599999904632568359375</ele>
        <time>2019-11-02T11:43:02.000Z</time>
        <extensions>
          <ns3:TrackPointExtension>
            <ns3:hr>150</ns3:hr>
            <ns3:cad>96</ns3:cad>
          </ns3:TrackPointExtension>
        </extensions>
      </trkpt>
      <trkpt lat="51.47196583449840545654296875" lon="-0.2537498809397220611572265625">
        <ele>1.60000002384185791015625</ele>
        <time>2019-11-02T11:43:07.000Z</time>
        <extensions>
          <ns3:TrackPointExtension>
            <ns3:hr>150</ns3:hr>
            <ns3:cad>96</ns3:cad>
          </ns3:TrackPointExtension>
        </extensions>
      </trkpt>
      <trkpt lat="51.4718551933765411376953125" lon="-0.254026316106319427490234375">
        <ele>1.39999997615814208984375</ele>
        <time>2019-11-02T11:43:13.000Z</time>
        <extensions>
          <ns3:TrackPointExtension>
            <ns3:hr>149</ns3:hr>
            <ns3:cad>96</ns3:cad>
          </ns3:TrackPointExtension>
        </extensions>
      </trkpt>
      <trkpt lat="51.4717386849224567413330078125" lon="-0.25429026223719120025634765625">
        <ele>2.7999999523162841796875</ele>
        <time>2019-11-02T11:43:19.000Z</time>
        <extensions>
          <ns3:TrackPointExtension>
            <ns3:hr>148</ns3:hr>
            <ns3:cad>96</ns3:cad>
          </ns3:TrackPointExtension>
        </extensions>
      </trkpt>
      <trkpt lat="51.471616812050342559814453125" lon="-0.2545434795320034027099609375">
        <ele>4</ele>
        <time>2019-11-02T11:43:25.000Z</time>
        <extensions>
          <ns3:TrackPointExtension>
            <ns3:hr>150</ns3:hr>
            <ns3:cad>95</ns3:cad>
          </ns3:TrackPointExtension>
        </extensions>
      </trkpt>
      <trkpt lat="51.47150943987071514129638671875" lon="-0.25481496937572956085205078125">
        <ele>5.19999980926513671875</ele>
        <time>2019-11-02T11:43:31.000Z</time>
        <extensions>
          <ns3:TrackPointExtension>
            <ns3:hr>151</ns3:hr>
            <ns3:cad>95</ns3:cad>
          </ns3:TrackPointExtension>
        </extensions>
      </trkpt>
      <trkpt lat="51.4714126288890838623046875" lon="-0.2551060728728771209716796875">
        <ele>6.599999904632568359375</ele>
        <time>2019-11-02T11:43:37.000Z</time>
        <extensions>
          <ns3:TrackPointExtension>
            <ns3:hr>150</ns3:hr>
            <ns3:cad>96</ns3:cad>
          </ns3:TrackPointExtension>
        </extensions>
      </trkpt>
      <trkpt lat="51.47130760364234447479248046875" lon="-0.2553706057369709014892578125">
        <ele>6.599999904632568359375</ele>
        <time>2019-11-02T11:43:43.000Z</time>
        <extensions>
          <ns3:TrackPointExtension>
            <ns3:hr>151</ns3:hr>
            <ns3:cad>95</ns3:cad>
          </ns3:TrackPointExtension>
        </extensions>
      </trkpt>
      <trkpt lat="51.47129704244434833526611328125" lon="-0.2554188854992389678955078125">
        <ele>6.599999904632568359375</ele>
        <time>2019-11-02T11:43:44.000Z</time>
        <extensions>
          <ns3:TrackPointExtension>
            <ns3:hr>151</ns3:hr>
            <ns3:cad>95</ns3:cad>
          </ns3:TrackPointExtension>
        </extensions>
      </trkpt>
      <trkpt lat="51.47118891589343547821044921875" lon="-0.25567310862243175506591796875">
        <ele>6</ele>
        <time>2019-11-02T11:43:50.000Z</time>
        <extensions>
          <ns3:TrackPointExtension>
            <ns3:hr>152</ns3:hr>
            <ns3:cad>96</ns3:cad>
          </ns3:TrackPointExtension>
        </extensions>
      </trkpt>
      <trkpt lat="51.47103301249444484710693359375" lon="-0.2559010125696659088134765625">
        <ele>6.19999980926513671875</ele>
        <time>2019-11-02T11:43:56.000Z</time>
        <extensions>
          <ns3:TrackPointExtension>
            <ns3:hr>150</ns3:hr>
            <ns3:cad>95</ns3:cad>
          </ns3:TrackPointExtension>
        </extensions>
      </trkpt>
      <trkpt lat="51.470964364707469940185546875" lon="-0.2562429942190647125244140625">
        <ele>6.19999980926513671875</ele>
        <time>2019-11-02T11:44:01.000Z</time>
        <extensions>
          <ns3:TrackPointExtension>
            <ns3:hr>150</ns3:hr>
            <ns3:cad>98</ns3:cad>
          </ns3:TrackPointExtension>
        </extensions>
      </trkpt>
      <trkpt lat="51.47091181017458438873291015625" lon="-0.25654985569417476654052734375">
        <ele>5.599999904632568359375</ele>
        <time>2019-11-02T11:44:06.000Z</time>
        <extensions>
          <ns3:TrackPointExtension>
            <ns3:hr>151</ns3:hr>
            <ns3:cad>96</ns3:cad>
          </ns3:TrackPointExtension>
        </extensions>
      </trkpt>
      <trkpt lat="51.47091440856456756591796875" lon="-0.25685747154057025909423828125">
        <ele>5.400000095367431640625</ele>
        <time>2019-11-02T11:44:11.000Z</time>
        <extensions>
          <ns3:TrackPointExtension>
            <ns3:hr>152</ns3:hr>
            <ns3:cad>96</ns3:cad>
          </ns3:TrackPointExtension>
        </extensions>
      </trkpt>
      <trkpt lat="51.47085112519562244415283203125" lon="-0.2571854554116725921630859375">
        <ele>4.80000019073486328125</ele>
        <time>2019-11-02T11:44:17.000Z</time>
        <extensions>
          <ns3:TrackPointExtension>
            <ns3:hr>152</ns3:hr>
            <ns3:cad>96</ns3:cad>
          </ns3:TrackPointExtension>
        </extensions>
      </trkpt>
      <trkpt lat="51.47079865448176860809326171875" lon="-0.25748359970748424530029296875">
        <ele>5.19999980926513671875</ele>
        <time>2019-11-02T11:44:22.000Z</time>
        <extensions>
          <ns3:TrackPointExtension>
            <ns3:hr>150</ns3:hr>
            <ns3:cad>96</ns3:cad>
          </ns3:TrackPointExtension>
        </extensions>
      </trkpt>
      <trkpt lat="51.4707616902887821197509765625" lon="-0.2577855996787548065185546875">
        <ele>4.400000095367431640625</ele>
        <time>2019-11-02T11:44:28.000Z</time>
        <extensions>
          <ns3:TrackPointExtension>
            <ns3:hr>148</ns3:hr>
            <ns3:cad>96</ns3:cad>
          </ns3:TrackPointExtension>
        </extensions>
      </trkpt>
      <trkpt lat="51.470692791044712066650390625" lon="-0.25802674703299999237060546875">
        <ele>5.400000095367431640625</ele>
        <time>2019-11-02T11:44:33.000Z</time>
        <extensions>
          <ns3:TrackPointExtension>
            <ns3:hr>151</ns3:hr>
            <ns3:cad>97</ns3:cad>
          </ns3:TrackPointExtension>
        </extensions>
      </trkpt>
      <trkpt lat="51.470623724162578582763671875" lon="-0.25832581333816051483154296875">
        <ele>5.19999980926513671875</ele>
        <time>2019-11-02T11:44:39.000Z</time>
        <extensions>
          <ns3:TrackPointExtension>
            <ns3:hr>151</ns3:hr>
            <ns3:cad>96</ns3:cad>
          </ns3:TrackPointExtension>
        </extensions>
      </trkpt>
      <trkpt lat="51.4705588482320308685302734375" lon="-0.25860828347504138946533203125">
        <ele>5</ele>
        <time>2019-11-02T11:44:45.000Z</time>
        <extensions>
          <ns3:TrackPointExtension>
            <ns3:hr>153</ns3:hr>
            <ns3:cad>96</ns3:cad>
          </ns3:TrackPointExtension>
        </extensions>
      </trkpt>
      <trkpt lat="51.47045751102268695831298828125" lon="-0.25887030176818370819091796875">
        <ele>5.19999980926513671875</ele>
        <time>2019-11-02T11:44:52.000Z</time>
        <extensions>
          <ns3:TrackPointExtension>
            <ns3:hr>153</ns3:hr>
            <ns3:cad>96</ns3:cad>
          </ns3:TrackPointExtension>
        </extensions>
      </trkpt>
      <trkpt lat="51.470353491604328155517578125" lon="-0.25915662758052349090576171875">
        <ele>6.19999980926513671875</ele>
        <time>2019-11-02T11:45:00.000Z</time>
        <extensions>
          <ns3:TrackPointExtension>
            <ns3:hr>154</ns3:hr>
            <ns3:cad>95</ns3:cad>
          </ns3:TrackPointExtension>
        </extensions>
      </trkpt>
      <trkpt lat="51.47032071836292743682861328125" lon="-0.25948821566998958587646484375">
        <ele>7.19999980926513671875</ele>
        <time>2019-11-02T11:45:06.000Z</time>
        <extensions>
          <ns3:TrackPointExtension>
            <ns3:hr>153</ns3:hr>
            <ns3:cad>96</ns3:cad>
          </ns3:TrackPointExtension>
        </extensions>
      </trkpt>
      <trkpt lat="51.4703003503382205963134765625" lon="-0.259829275310039520263671875">
        <ele>8.6000003814697265625</ele>
        <time>2019-11-02T11:45:12.000Z</time>
        <extensions>
          <ns3:TrackPointExtension>
            <ns3:hr>152</ns3:hr>
            <ns3:cad>97</ns3:cad>
          </ns3:TrackPointExtension>
        </extensions>
      </trkpt>
      <trkpt lat="51.47030889987945556640625" lon="-0.260172598063945770263671875">
        <ele>8.80000019073486328125</ele>
        <time>2019-11-02T11:45:17.000Z</time>
        <extensions>
          <ns3:TrackPointExtension>
            <ns3:hr>152</ns3:hr>
            <ns3:cad>95</ns3:cad>
          </ns3:TrackPointExtension>
        </extensions>
      </trkpt>
      <trkpt lat="51.47031116299331188201904296875" lon="-0.2604808844625949859619140625">
        <ele>10</ele>
        <time>2019-11-02T11:45:22.000Z</time>
        <extensions>
          <ns3:TrackPointExtension>
            <ns3:hr>152</ns3:hr>
            <ns3:cad>96</ns3:cad>
          </ns3:TrackPointExtension>
        </extensions>
      </trkpt>
      <trkpt lat="51.47029842250049114227294921875" lon="-0.2608061023056507110595703125">
        <ele>9.19999980926513671875</ele>
        <time>2019-11-02T11:45:28.000Z</time>
        <extensions>
          <ns3:TrackPointExtension>
            <ns3:hr>152</ns3:hr>
            <ns3:cad>96</ns3:cad>
          </ns3:TrackPointExtension>
        </extensions>
      </trkpt>
      <trkpt lat="51.4702539145946502685546875" lon="-0.261121094226837158203125">
        <ele>8.6000003814697265625</ele>
        <time>2019-11-02T11:45:34.000Z</time>
        <extensions>
          <ns3:TrackPointExtension>
            <ns3:hr>151</ns3:hr>
            <ns3:cad>95</ns3:cad>
          </ns3:TrackPointExtension>
        </extensions>
      </trkpt>
      <trkpt lat="51.4702255837619304656982421875" lon="-0.26144086383283138275146484375">
        <ele>7.400000095367431640625</ele>
        <time>2019-11-02T11:45:39.000Z</time>
        <extensions>
          <ns3:TrackPointExtension>
            <ns3:hr>150</ns3:hr>
            <ns3:cad>96</ns3:cad>
          </ns3:TrackPointExtension>
        </extensions>
      </trkpt>
      <trkpt lat="51.4702346362173557281494140625" lon="-0.26181385852396488189697265625">
        <ele>6.19999980926513671875</ele>
        <time>2019-11-02T11:45:44.000Z</time>
        <extensions>
          <ns3:TrackPointExtension>
            <ns3:hr>151</ns3:hr>
            <ns3:cad>97</ns3:cad>
          </ns3:TrackPointExtension>
        </extensions>
      </trkpt>
      <trkpt lat="51.4702413417398929595947265625" lon="-0.26203631423413753509521484375">
        <ele>5.599999904632568359375</ele>
        <time>2019-11-02T11:45:48.000Z</time>
        <extensions>
          <ns3:TrackPointExtension>
            <ns3:hr>152</ns3:hr>
            <ns3:cad>94</ns3:cad>
          </ns3:TrackPointExtension>
        </extensions>
      </trkpt>
      <trkpt lat="51.47027847357094287872314453125" lon="-0.2624526433646678924560546875">
        <ele>5</ele>
        <time>2019-11-02T11:45:53.000Z</time>
        <extensions>
          <ns3:TrackPointExtension>
            <ns3:hr>152</ns3:hr>
            <ns3:cad>96</ns3:cad>
          </ns3:TrackPointExtension>
        </extensions>
      </trkpt>
      <trkpt lat="51.47031962871551513671875" lon="-0.2628110535442829132080078125">
        <ele>5.80000019073486328125</ele>
        <time>2019-11-02T11:45:59.000Z</time>
        <extensions>
          <ns3:TrackPointExtension>
            <ns3:hr>154</ns3:hr>
            <ns3:cad>94</ns3:cad>
          </ns3:TrackPointExtension>
        </extensions>
      </trkpt>
      <trkpt lat="51.47039196453988552093505859375" lon="-0.263125039637088775634765625">
        <ele>6.599999904632568359375</ele>
        <time>2019-11-02T11:46:05.000Z</time>
        <extensions>
          <ns3:TrackPointExtension>
            <ns3:hr>154</ns3:hr>
            <ns3:cad>96</ns3:cad>
          </ns3:TrackPointExtension>
        </extensions>
      </trkpt>
      <trkpt lat="51.47040805779397487640380859375" lon="-0.26346676982939243316650390625">
        <ele>5.80000019073486328125</ele>
        <time>2019-11-02T11:46:11.000Z</time>
        <extensions>
          <ns3:TrackPointExtension>
            <ns3:hr>155</ns3:hr>
            <ns3:cad>95</ns3:cad>
          </ns3:TrackPointExtension>
        </extensions>
      </trkpt>
      <trkpt lat="51.47042582742869853973388671875" lon="-0.2637736313045024871826171875">
        <ele>4.400000095367431640625</ele>
        <time>2019-11-02T11:46:17.000Z</time>
        <extensions>
          <ns3:TrackPointExtension>
            <ns3:hr>152</ns3:hr>
            <ns3:cad>96</ns3:cad>
          </ns3:TrackPointExtension>
        </extensions>
      </trkpt>
      <trkpt lat="51.470370590686798095703125" lon="-0.26407831348478794097900390625">
        <ele>3.599999904632568359375</ele>
        <time>2019-11-02T11:46:22.000Z</time>
        <extensions>
          <ns3:TrackPointExtension>
            <ns3:hr>154</ns3:hr>
            <ns3:cad>96</ns3:cad>
          </ns3:TrackPointExtension>
        </extensions>
      </trkpt>
      <trkpt lat="51.4703902043402194976806640625" lon="-0.26436983607709407806396484375">
        <ele>4.400000095367431640625</ele>
        <time>2019-11-02T11:46:28.000Z</time>
        <extensions>
          <ns3:TrackPointExtension>
            <ns3:hr>154</ns3:hr>
            <ns3:cad>97</ns3:cad>
          </ns3:TrackPointExtension>
        </extensions>
      </trkpt>
      <trkpt lat="51.47044233977794647216796875" lon="-0.26470326818525791168212890625">
        <ele>5</ele>
        <time>2019-11-02T11:46:35.000Z</time>
        <extensions>
          <ns3:TrackPointExtension>
            <ns3:hr>154</ns3:hr>
            <ns3:cad>94</ns3:cad>
          </ns3:TrackPointExtension>
        </extensions>
      </trkpt>
      <trkpt lat="51.47052154876291751861572265625" lon="-0.264993868768215179443359375">
        <ele>7</ele>
        <time>2019-11-02T11:46:42.000Z</time>
        <extensions>
          <ns3:TrackPointExtension>
            <ns3:hr>153</ns3:hr>
            <ns3:cad>95</ns3:cad>
          </ns3:TrackPointExtension>
        </extensions>
      </trkpt>
      <trkpt lat="51.47058826871216297149658203125" lon="-0.26528656482696533203125">
        <ele>6.400000095367431640625</ele>
        <time>2019-11-02T11:46:48.000Z</time>
        <extensions>
          <ns3:TrackPointExtension>
            <ns3:hr>152</ns3:hr>
            <ns3:cad>94</ns3:cad>
          </ns3:TrackPointExtension>
        </extensions>
      </trkpt>
      <trkpt lat="51.4706252329051494598388671875" lon="-0.2656055800616741180419921875">
        <ele>5</ele>
        <time>2019-11-02T11:46:55.000Z</time>
        <extensions>
          <ns3:TrackPointExtension>
            <ns3:hr>154</ns3:hr>
            <ns3:cad>96</ns3:cad>
          </ns3:TrackPointExtension>
        </extensions>
      </trkpt>
      <trkpt lat="51.47068683989346027374267578125" lon="-0.26588159613311290740966796875">
        <ele>4.400000095367431640625</ele>
        <time>2019-11-02T11:47:00.000Z</time>
        <extensions>
          <ns3:TrackPointExtension>
            <ns3:hr>154</ns3:hr>
            <ns3:cad>95</ns3:cad>
          </ns3:TrackPointExtension>
        </extensions>
      </trkpt>
      <trkpt lat="51.4707177691161632537841796875" lon="-0.266033895313739776611328125">
        <ele>5</ele>
        <time>2019-11-02T11:47:04.000Z</time>
        <extensions>
          <ns3:TrackPointExtension>
            <ns3:hr>151</ns3:hr>
            <ns3:cad>96</ns3:cad>
          </ns3:TrackPointExtension>
        </extensions>
      </trkpt>
      <trkpt lat="51.47078658454120159149169921875" lon="-0.2663056366145610809326171875">
        <ele>7.599999904632568359375</ele>
        <time>2019-11-02T11:47:09.000Z</time>
        <extensions>
          <ns3:TrackPointExtension>
            <ns3:hr>151</ns3:hr>
            <ns3:cad>98</ns3:cad>
          </ns3:TrackPointExtension>
        </extensions>
      </trkpt>
      <trkpt lat="51.4708455093204975128173828125" lon="-0.26652214117348194122314453125">
        <ele>9</ele>
        <time>2019-11-02T11:47:13.000Z</time>
        <extensions>
          <ns3:TrackPointExtension>
            <ns3:hr>152</ns3:hr>
            <ns3:cad>97</ns3:cad>
          </ns3:TrackPointExtension>
        </extensions>
      </trkpt>
      <trkpt lat="51.4709568209946155548095703125" lon="-0.26680209673941135406494140625">
        <ele>9</ele>
        <time>2019-11-02T11:47:18.000Z</time>
        <extensions>
          <ns3:TrackPointExtension>
            <ns3:hr>151</ns3:hr>
            <ns3:cad>96</ns3:cad>
          </ns3:TrackPointExtension>
        </extensions>
      </trkpt>
      <trkpt lat="51.47106067277491092681884765625" lon="-0.26717341504991054534912109375">
        <ele>6.400000095367431640625</ele>
        <time>2019-11-02T11:47:23.000Z</time>
        <extensions>
          <ns3:TrackPointExtension>
            <ns3:hr>151</ns3:hr>
            <ns3:cad>97</ns3:cad>
          </ns3:TrackPointExtension>
        </extensions>
      </trkpt>
      <trkpt lat="51.47112722508609294891357421875" lon="-0.2674442343413829803466796875">
        <ele>5.80000019073486328125</ele>
        <time>2019-11-02T11:47:28.000Z</time>
        <extensions>
          <ns3:TrackPointExtension>
            <ns3:hr>153</ns3:hr>
            <ns3:cad>96</ns3:cad>
          </ns3:TrackPointExtension>
        </extensions>
      </trkpt>
      <trkpt lat="51.4711982198059558868408203125" lon="-0.26775042526423931121826171875">
        <ele>5.80000019073486328125</ele>
        <time>2019-11-02T11:47:33.000Z</time>
        <extensions>
          <ns3:TrackPointExtension>
            <ns3:hr>152</ns3:hr>
            <ns3:cad>96</ns3:cad>
          </ns3:TrackPointExtension>
        </extensions>
      </trkpt>
      <trkpt lat="51.47133442573249340057373046875" lon="-0.2679568715393543243408203125">
        <ele>6</ele>
        <time>2019-11-02T11:47:38.000Z</time>
        <extensions>
          <ns3:TrackPointExtension>
            <ns3:hr>152</ns3:hr>
            <ns3:cad>98</ns3:cad>
          </ns3:TrackPointExtension>
        </extensions>
      </trkpt>
      <trkpt lat="51.47146652452647686004638671875" lon="-0.26819667778909206390380859375">
        <ele>6.400000095367431640625</ele>
        <time>2019-11-02T11:47:46.000Z</time>
        <extensions>
          <ns3:TrackPointExtension>
            <ns3:hr>152</ns3:hr>
            <ns3:cad>98</ns3:cad>
          </ns3:TrackPointExtension>
        </extensions>
      </trkpt>
      <trkpt lat="51.47157213650643825531005859375" lon="-0.26848384179174900054931640625">
        <ele>7</ele>
        <time>2019-11-02T11:47:52.000Z</time>
        <extensions>
          <ns3:TrackPointExtension>
            <ns3:hr>152</ns3:hr>
            <ns3:cad>97</ns3:cad>
          </ns3:TrackPointExtension>
        </extensions>
      </trkpt>
      <trkpt lat="51.47167305462062358856201171875" lon="-0.26877100579440593719482421875">
        <ele>7.80000019073486328125</ele>
        <time>2019-11-02T11:47:57.000Z</time>
        <extensions>
          <ns3:TrackPointExtension>
            <ns3:hr>150</ns3:hr>
            <ns3:cad>97</ns3:cad>
          </ns3:TrackPointExtension>
        </extensions>
      </trkpt>
      <trkpt lat="51.47177648730576038360595703125" lon="-0.26902296580374240875244140625">
        <ele>7.599999904632568359375</ele>
        <time>2019-11-02T11:48:02.000Z</time>
        <extensions>
          <ns3:TrackPointExtension>
            <ns3:hr>151</ns3:hr>
            <ns3:cad>96</ns3:cad>
          </ns3:TrackPointExtension>
        </extensions>
      </trkpt>
      <trkpt lat="51.47189131937921047210693359375" lon="-0.26926268823444843292236328125">
        <ele>7.19999980926513671875</ele>
        <time>2019-11-02T11:48:08.000Z</time>
        <extensions>
          <ns3:TrackPointExtension>
            <ns3:hr>151</ns3:hr>
            <ns3:cad>97</ns3:cad>
          </ns3:TrackPointExtension>
        </extensions>
      </trkpt>
      <trkpt lat="51.4720089174807071685791015625" lon="-0.26949159801006317138671875">
        <ele>6</ele>
        <time>2019-11-02T11:48:13.000Z</time>
        <extensions>
          <ns3:TrackPointExtension>
            <ns3:hr>151</ns3:hr>
            <ns3:cad>97</ns3:cad>
          </ns3:TrackPointExtension>
        </extensions>
      </trkpt>
      <trkpt lat="51.47215358912944793701171875" lon="-0.269720591604709625244140625">
        <ele>5.400000095367431640625</ele>
        <time>2019-11-02T11:48:19.000Z</time>
        <extensions>
          <ns3:TrackPointExtension>
            <ns3:hr>150</ns3:hr>
            <ns3:cad>96</ns3:cad>
          </ns3:TrackPointExtension>
        </extensions>
      </trkpt>
      <trkpt lat="51.472259201109409332275390625" lon="-0.2699531055986881256103515625">
        <ele>6</ele>
        <time>2019-11-02T11:48:26.000Z</time>
        <extensions>
          <ns3:TrackPointExtension>
            <ns3:hr>150</ns3:hr>
            <ns3:cad>95</ns3:cad>
          </ns3:TrackPointExtension>
        </extensions>
      </trkpt>
      <trkpt lat="51.47238635458052158355712890625" lon="-0.27019760571420192718505859375">
        <ele>6</ele>
        <time>2019-11-02T11:48:32.000Z</time>
        <extensions>
          <ns3:TrackPointExtension>
            <ns3:hr>151</ns3:hr>
            <ns3:cad>98</ns3:cad>
          </ns3:TrackPointExtension>
        </extensions>
      </trkpt>
      <trkpt lat="51.4725057967007160186767578125" lon="-0.27042743749916553497314453125">
        <ele>7.599999904632568359375</ele>
        <time>2019-11-02T11:48:38.000Z</time>
        <extensions>
          <ns3:TrackPointExtension>
            <ns3:hr>151</ns3:hr>
            <ns3:cad>96</ns3:cad>
          </ns3:TrackPointExtension>
        </extensions>
      </trkpt>
      <trkpt lat="51.4726717583835124969482421875" lon="-0.2706488035619258880615234375">
        <ele>9.19999980926513671875</ele>
        <time>2019-11-02T11:48:44.000Z</time>
        <extensions>
          <ns3:TrackPointExtension>
            <ns3:hr>152</ns3:hr>
            <ns3:cad>98</ns3:cad>
          </ns3:TrackPointExtension>
        </extensions>
      </trkpt>
      <trkpt lat="51.47282472811639308929443359375" lon="-0.27087972499430179595947265625">
        <ele>10.19999980926513671875</ele>
        <time>2019-11-02T11:48:48.000Z</time>
        <extensions>
          <ns3:TrackPointExtension>
            <ns3:hr>152</ns3:hr>
            <ns3:cad>96</ns3:cad>
          </ns3:TrackPointExtension>
        </extensions>
      </trkpt>
      <trkpt lat="51.47294525988399982452392578125" lon="-0.271111316978931427001953125">
        <ele>10.80000019073486328125</ele>
        <time>2019-11-02T11:48:54.000Z</time>
        <extensions>
          <ns3:TrackPointExtension>
            <ns3:hr>151</ns3:hr>
            <ns3:cad>96</ns3:cad>
          </ns3:TrackPointExtension>
        </extensions>
      </trkpt>
      <trkpt lat="51.47308565676212310791015625" lon="-0.2713324315845966339111328125">
        <ele>9.80000019073486328125</ele>
        <time>2019-11-02T11:48:58.000Z</time>
        <extensions>
          <ns3:TrackPointExtension>
            <ns3:hr>150</ns3:hr>
            <ns3:cad>96</ns3:cad>
          </ns3:TrackPointExtension>
        </extensions>
      </trkpt>
      <trkpt lat="51.47322387434542179107666015625" lon="-0.271554887294769287109375">
        <ele>9.19999980926513671875</ele>
        <time>2019-11-02T11:49:04.000Z</time>
        <extensions>
          <ns3:TrackPointExtension>
            <ns3:hr>152</ns3:hr>
            <ns3:cad>96</ns3:cad>
          </ns3:TrackPointExtension>
        </extensions>
      </trkpt>
      <trkpt lat="51.47336318157613277435302734375" lon="-0.27176720090210437774658203125">
        <ele>9</ele>
        <time>2019-11-02T11:49:11.000Z</time>
        <extensions>
          <ns3:TrackPointExtension>
            <ns3:hr>151</ns3:hr>
            <ns3:cad>97</ns3:cad>
          </ns3:TrackPointExtension>
        </extensions>
      </trkpt>
      <trkpt lat="51.47352126426994800567626953125" lon="-0.2719704620540142059326171875">
        <ele>8.6000003814697265625</ele>
        <time>2019-11-02T11:49:17.000Z</time>
        <extensions>
          <ns3:TrackPointExtension>
            <ns3:hr>151</ns3:hr>
            <ns3:cad>97</ns3:cad>
          </ns3:TrackPointExtension>
        </extensions>
      </trkpt>
      <trkpt lat="51.47367046214640140533447265625" lon="-0.27217648923397064208984375">
        <ele>6.80000019073486328125</ele>
        <time>2019-11-02T11:49:22.000Z</time>
        <extensions>
          <ns3:TrackPointExtension>
            <ns3:hr>151</ns3:hr>
            <ns3:cad>99</ns3:cad>
          </ns3:TrackPointExtension>
        </extensions>
      </trkpt>
      <trkpt lat="51.47382259368896484375" lon="-0.2723436243832111358642578125">
        <ele>5.599999904632568359375</ele>
        <time>2019-11-02T11:49:27.000Z</time>
        <extensions>
          <ns3:TrackPointExtension>
            <ns3:hr>149</ns3:hr>
            <ns3:cad>97</ns3:cad>
          </ns3:TrackPointExtension>
        </extensions>
      </trkpt>
      <trkpt lat="51.47398612461984157562255859375" lon="-0.27249609120190143585205078125">
        <ele>4.80000019073486328125</ele>
        <time>2019-11-02T11:49:33.000Z</time>
        <extensions>
          <ns3:TrackPointExtension>
            <ns3:hr>150</ns3:hr>
            <ns3:cad>99</ns3:cad>
          </ns3:TrackPointExtension>
        </extensions>
      </trkpt>
      <trkpt lat="51.4741442911326885223388671875" lon="-0.27267848141491413116455078125">
        <ele>4.19999980926513671875</ele>
        <time>2019-11-02T11:49:38.000Z</time>
        <extensions>
          <ns3:TrackPointExtension>
            <ns3:hr>150</ns3:hr>
            <ns3:cad>98</ns3:cad>
          </ns3:TrackPointExtension>
        </extensions>
      </trkpt>
      <trkpt lat="51.47430078126490116119384765625" lon="-0.27283094823360443115234375">
        <ele>3.400000095367431640625</ele>
        <time>2019-11-02T11:49:42.000Z</time>
        <extensions>
          <ns3:TrackPointExtension>
            <ns3:hr>150</ns3:hr>
            <ns3:cad>98</ns3:cad>
          </ns3:TrackPointExtension>
        </extensions>
      </trkpt>
      <trkpt lat="51.4744698442518711090087890625" lon="-0.27301811613142490386962890625">
        <ele>3.7999999523162841796875</ele>
        <time>2019-11-02T11:49:47.000Z</time>
        <extensions>
          <ns3:TrackPointExtension>
            <ns3:hr>151</ns3:hr>
            <ns3:cad>97</ns3:cad>
          </ns3:TrackPointExtension>
        </extensions>
      </trkpt>
      <trkpt lat="51.47452189587056636810302734375" lon="-0.2730792202055454254150390625">
        <ele>3.599999904632568359375</ele>
        <time>2019-11-02T11:49:49.000Z</time>
        <extensions>
          <ns3:TrackPointExtension>
            <ns3:hr>154</ns3:hr>
            <ns3:cad>97</ns3:cad>
          </ns3:TrackPointExtension>
        </extensions>
      </trkpt>
      <trkpt lat="51.47469640709459781646728515625" lon="-0.2732341177761554718017578125">
        <ele>3</ele>
        <time>2019-11-02T11:49:55.000Z</time>
        <extensions>
          <ns3:TrackPointExtension>
            <ns3:hr>154</ns3:hr>
            <ns3:cad>96</ns3:cad>
          </ns3:TrackPointExtension>
        </extensions>
      </trkpt>
      <trkpt lat="51.4747980795800685882568359375" lon="-0.27331466786563396453857421875">
        <ele>3.400000095367431640625</ele>
        <time>2019-11-02T11:49:59.000Z</time>
        <extensions>
          <ns3:TrackPointExtension>
            <ns3:hr>151</ns3:hr>
            <ns3:cad>97</ns3:cad>
          </ns3:TrackPointExtension>
        </extensions>
      </trkpt>
      <trkpt lat="51.47496261633932590484619140625" lon="-0.273437462747097015380859375">
        <ele>4</ele>
        <time>2019-11-02T11:50:06.000Z</time>
        <extensions>
          <ns3:TrackPointExtension>
            <ns3:hr>152</ns3:hr>
            <ns3:cad>97</ns3:cad>
          </ns3:TrackPointExtension>
        </extensions>
      </trkpt>
      <trkpt lat="51.47515070624649524688720703125" lon="-0.27356897480785846710205078125">
        <ele>4</ele>
        <time>2019-11-02T11:50:12.000Z</time>
        <extensions>
          <ns3:TrackPointExtension>
            <ns3:hr>152</ns3:hr>
            <ns3:cad>97</ns3:cad>
          </ns3:TrackPointExtension>
        </extensions>
      </trkpt>
      <trkpt lat="51.47531566210091114044189453125" lon="-0.27368816547095775604248046875">
        <ele>4.599999904632568359375</ele>
        <time>2019-11-02T11:50:18.000Z</time>
        <extensions>
          <ns3:TrackPointExtension>
            <ns3:hr>152</ns3:hr>
            <ns3:cad>96</ns3:cad>
          </ns3:TrackPointExtension>
        </extensions>
      </trkpt>
      <trkpt lat="51.47550006397068500518798828125" lon="-0.27386150322854518890380859375">
        <ele>5</ele>
        <time>2019-11-02T11:50:24.000Z</time>
        <extensions>
          <ns3:TrackPointExtension>
            <ns3:hr>152</ns3:hr>
            <ns3:cad>96</ns3:cad>
          </ns3:TrackPointExtension>
        </extensions>
      </trkpt>
      <trkpt lat="51.4756885729730129241943359375" lon="-0.27400013990700244903564453125">
        <ele>5</ele>
        <time>2019-11-02T11:50:30.000Z</time>
        <extensions>
          <ns3:TrackPointExtension>
            <ns3:hr>152</ns3:hr>
            <ns3:cad>97</ns3:cad>
          </ns3:TrackPointExtension>
        </extensions>
      </trkpt>
      <trkpt lat="51.47586333565413951873779296875" lon="-0.27412167750298976898193359375">
        <ele>4.80000019073486328125</ele>
        <time>2019-11-02T11:50:36.000Z</time>
        <extensions>
          <ns3:TrackPointExtension>
            <ns3:hr>150</ns3:hr>
            <ns3:cad>97</ns3:cad>
          </ns3:TrackPointExtension>
        </extensions>
      </trkpt>
      <trkpt lat="51.475957296788692474365234375" lon="-0.27419577352702617645263671875">
        <ele>4</ele>
        <time>2019-11-02T11:50:39.000Z</time>
        <extensions>
          <ns3:TrackPointExtension>
            <ns3:hr>151</ns3:hr>
            <ns3:cad>97</ns3:cad>
          </ns3:TrackPointExtension>
        </extensions>
      </trkpt>
      <trkpt lat="51.47613993845880031585693359375" lon="-0.27434882707893848419189453125">
        <ele>2.7999999523162841796875</ele>
        <time>2019-11-02T11:50:44.000Z</time>
        <extensions>
          <ns3:TrackPointExtension>
            <ns3:hr>150</ns3:hr>
            <ns3:cad>96</ns3:cad>
          </ns3:TrackPointExtension>
        </extensions>
      </trkpt>
      <trkpt lat="51.4763272739946842193603515625" lon="-0.2744850330054759979248046875">
        <ele>2.2000000476837158203125</ele>
        <time>2019-11-02T11:50:50.000Z</time>
        <extensions>
          <ns3:TrackPointExtension>
            <ns3:hr>151</ns3:hr>
            <ns3:cad>97</ns3:cad>
          </ns3:TrackPointExtension>
        </extensions>
      </trkpt>
      <trkpt lat="51.47655702196061611175537109375" lon="-0.274608246982097625732421875">
        <ele>4.400000095367431640625</ele>
        <time>2019-11-02T11:50:55.000Z</time>
        <extensions>
          <ns3:TrackPointExtension>
            <ns3:hr>151</ns3:hr>
            <ns3:cad>97</ns3:cad>
          </ns3:TrackPointExtension>
        </extensions>
      </trkpt>
      <trkpt lat="51.47674410603940486907958984375" lon="-0.2747193910181522369384765625">
        <ele>6</ele>
        <time>2019-11-02T11:51:01.000Z</time>
        <extensions>
          <ns3:TrackPointExtension>
            <ns3:hr>150</ns3:hr>
            <ns3:cad>98</ns3:cad>
          </ns3:TrackPointExtension>
        </extensions>
      </trkpt>
      <trkpt lat="51.4769073016941547393798828125" lon="-0.27480564080178737640380859375">
        <ele>6</ele>
        <time>2019-11-02T11:51:06.000Z</time>
        <extensions>
          <ns3:TrackPointExtension>
            <ns3:hr>147</ns3:hr>
            <ns3:cad>97</ns3:cad>
          </ns3:TrackPointExtension>
        </extensions>
      </trkpt>
      <trkpt lat="51.4770849980413913726806640625" lon="-0.274913348257541656494140625">
        <ele>4.80000019073486328125</ele>
        <time>2019-11-02T11:51:12.000Z</time>
        <extensions>
          <ns3:TrackPointExtension>
            <ns3:hr>148</ns3:hr>
            <ns3:cad>97</ns3:cad>
          </ns3:TrackPointExtension>
        </extensions>
      </trkpt>
      <trkpt lat="51.47728406824171543121337890625" lon="-0.275026671588420867919921875">
        <ele>2.7999999523162841796875</ele>
        <time>2019-11-02T11:51:18.000Z</time>
        <extensions>
          <ns3:TrackPointExtension>
            <ns3:hr>148</ns3:hr>
            <ns3:cad>97</ns3:cad>
          </ns3:TrackPointExtension>
        </extensions>
      </trkpt>
      <trkpt lat="51.47746830247342586517333984375" lon="-0.27512415312230587005615234375">
        <ele>2</ele>
        <time>2019-11-02T11:51:24.000Z</time>
        <extensions>
          <ns3:TrackPointExtension>
            <ns3:hr>149</ns3:hr>
            <ns3:cad>96</ns3:cad>
          </ns3:TrackPointExtension>
        </extensions>
      </trkpt>
      <trkpt lat="51.4776851423084735870361328125" lon="-0.27523529715836048126220703125">
        <ele>1.2000000476837158203125</ele>
        <time>2019-11-02T11:51:30.000Z</time>
        <extensions>
          <ns3:TrackPointExtension>
            <ns3:hr>145</ns3:hr>
            <ns3:cad>96</ns3:cad>
          </ns3:TrackPointExtension>
        </extensions>
      </trkpt>
      <trkpt lat="51.47787633351981639862060546875" lon="-0.27530126273632049560546875">
        <ele>1.7999999523162841796875</ele>
        <time>2019-11-02T11:51:37.000Z</time>
        <extensions>
          <ns3:TrackPointExtension>
            <ns3:hr>144</ns3:hr>
            <ns3:cad>96</ns3:cad>
          </ns3:TrackPointExtension>
        </extensions>
      </trkpt>
      <trkpt lat="51.478068195283412933349609375" lon="-0.27537343092262744903564453125">
        <ele>2.7999999523162841796875</ele>
        <time>2019-11-02T11:51:43.000Z</time>
        <extensions>
          <ns3:TrackPointExtension>
            <ns3:hr>145</ns3:hr>
            <ns3:cad>97</ns3:cad>
          </ns3:TrackPointExtension>
        </extensions>
      </trkpt>
      <trkpt lat="51.4783144555985927581787109375" lon="-0.27552631683647632598876953125">
        <ele>4.80000019073486328125</ele>
        <time>2019-11-02T11:51:49.000Z</time>
        <extensions>
          <ns3:TrackPointExtension>
            <ns3:hr>146</ns3:hr>
            <ns3:cad>96</ns3:cad>
          </ns3:TrackPointExtension>
        </extensions>
      </trkpt>
      <trkpt lat="51.47852123714983463287353515625" lon="-0.27563427574932575225830078125">
        <ele>5.80000019073486328125</ele>
        <time>2019-11-02T11:51:55.000Z</time>
        <extensions>
          <ns3:TrackPointExtension>
            <ns3:hr>147</ns3:hr>
            <ns3:cad>97</ns3:cad>
          </ns3:TrackPointExtension>
        </extensions>
      </trkpt>
      <trkpt lat="51.47871988825500011444091796875" lon="-0.2757329307496547698974609375">
        <ele>6.19999980926513671875</ele>
        <time>2019-11-02T11:52:00.000Z</time>
        <extensions>
          <ns3:TrackPointExtension>
            <ns3:hr>146</ns3:hr>
            <ns3:cad>97</ns3:cad>
          </ns3:TrackPointExtension>
        </extensions>
      </trkpt>
      <trkpt lat="51.47890881635248661041259765625" lon="-0.27580962516367435455322265625">
        <ele>6</ele>
        <time>2019-11-02T11:52:05.000Z</time>
        <extensions>
          <ns3:TrackPointExtension>
            <ns3:hr>146</ns3:hr>
            <ns3:cad>96</ns3:cad>
          </ns3:TrackPointExtension>
        </extensions>
      </trkpt>
      <trkpt lat="51.47910864092409610748291015625" lon="-0.2759066037833690643310546875">
        <ele>5.80000019073486328125</ele>
        <time>2019-11-02T11:52:11.000Z</time>
        <extensions>
          <ns3:TrackPointExtension>
            <ns3:hr>147</ns3:hr>
            <ns3:cad>97</ns3:cad>
          </ns3:TrackPointExtension>
        </extensions>
      </trkpt>
      <trkpt lat="51.4792830683290958404541015625" lon="-0.2760004810988903045654296875">
        <ele>5.19999980926513671875</ele>
        <time>2019-11-02T11:52:16.000Z</time>
        <extensions>
          <ns3:TrackPointExtension>
            <ns3:hr>146</ns3:hr>
            <ns3:cad>96</ns3:cad>
          </ns3:TrackPointExtension>
        </extensions>
      </trkpt>
      <trkpt lat="51.47946151904761791229248046875" lon="-0.27609519660472869873046875">
        <ele>5.19999980926513671875</ele>
        <time>2019-11-02T11:52:21.000Z</time>
        <extensions>
          <ns3:TrackPointExtension>
            <ns3:hr>146</ns3:hr>
            <ns3:cad>97</ns3:cad>
          </ns3:TrackPointExtension>
        </extensions>
      </trkpt>
      <trkpt lat="51.47966436110436916351318359375" lon="-0.27619418688118457794189453125">
        <ele>6.599999904632568359375</ele>
        <time>2019-11-02T11:52:27.000Z</time>
        <extensions>
          <ns3:TrackPointExtension>
            <ns3:hr>148</ns3:hr>
            <ns3:cad>97</ns3:cad>
          </ns3:TrackPointExtension>
        </extensions>
      </trkpt>
      <trkpt lat="51.47985152900218963623046875" lon="-0.27628823183476924896240234375">
        <ele>7.599999904632568359375</ele>
        <time>2019-11-02T11:52:32.000Z</time>
        <extensions>
          <ns3:TrackPointExtension>
            <ns3:hr>148</ns3:hr>
            <ns3:cad>97</ns3:cad>
          </ns3:TrackPointExtension>
        </extensions>
      </trkpt>
      <trkpt lat="51.48003182373940944671630859375" lon="-0.27638621628284454345703125">
        <ele>8.19999980926513671875</ele>
        <time>2019-11-02T11:52:37.000Z</time>
        <extensions>
          <ns3:TrackPointExtension>
            <ns3:hr>147</ns3:hr>
            <ns3:cad>97</ns3:cad>
          </ns3:TrackPointExtension>
        </extensions>
      </trkpt>
      <trkpt lat="51.48020717315375804901123046875" lon="-0.2764826081693172454833984375">
        <ele>9.19999980926513671875</ele>
        <time>2019-11-02T11:52:41.000Z</time>
        <extensions>
          <ns3:TrackPointExtension>
            <ns3:hr>146</ns3:hr>
            <ns3:cad>97</ns3:cad>
          </ns3:TrackPointExtension>
        </extensions>
      </trkpt>
      <trkpt lat="51.4803948439657688140869140625" lon="-0.276603810489177703857421875">
        <ele>9.3999996185302734375</ele>
        <time>2019-11-02T11:52:47.000Z</time>
        <extensions>
          <ns3:TrackPointExtension>
            <ns3:hr>147</ns3:hr>
            <ns3:cad>97</ns3:cad>
          </ns3:TrackPointExtension>
        </extensions>
      </trkpt>
      <trkpt lat="51.4806013740599155426025390625" lon="-0.27669358067214488983154296875">
        <ele>9.80000019073486328125</ele>
        <time>2019-11-02T11:52:52.000Z</time>
        <extensions>
          <ns3:TrackPointExtension>
            <ns3:hr>148</ns3:hr>
            <ns3:cad>97</ns3:cad>
          </ns3:TrackPointExtension>
        </extensions>
      </trkpt>
      <trkpt lat="51.48078116588294506072998046875" lon="-0.2768106758594512939453125">
        <ele>10.6000003814697265625</ele>
        <time>2019-11-02T11:52:59.000Z</time>
        <extensions>
          <ns3:TrackPointExtension>
            <ns3:hr>148</ns3:hr>
            <ns3:cad>97</ns3:cad>
          </ns3:TrackPointExtension>
        </extensions>
      </trkpt>
      <trkpt lat="51.480958275496959686279296875" lon="-0.27693196199834346771240234375">
        <ele>10.80000019073486328125</ele>
        <time>2019-11-02T11:53:06.000Z</time>
        <extensions>
          <ns3:TrackPointExtension>
            <ns3:hr>148</ns3:hr>
            <ns3:cad>97</ns3:cad>
          </ns3:TrackPointExtension>
        </extensions>
      </trkpt>
      <trkpt lat="51.48112314753234386444091796875" lon="-0.2770628035068511962890625">
        <ele>11</ele>
        <time>2019-11-02T11:53:11.000Z</time>
        <extensions>
          <ns3:TrackPointExtension>
            <ns3:hr>150</ns3:hr>
            <ns3:cad>97</ns3:cad>
          </ns3:TrackPointExtension>
        </extensions>
      </trkpt>
      <trkpt lat="51.48130168206989765167236328125" lon="-0.27719892561435699462890625">
        <ele>10.80000019073486328125</ele>
        <time>2019-11-02T11:53:17.000Z</time>
        <extensions>
          <ns3:TrackPointExtension>
            <ns3:hr>151</ns3:hr>
            <ns3:cad>97</ns3:cad>
          </ns3:TrackPointExtension>
        </extensions>
      </trkpt>
      <trkpt lat="51.48146714083850383758544921875" lon="-0.277335382997989654541015625">
        <ele>10</ele>
        <time>2019-11-02T11:53:22.000Z</time>
        <extensions>
          <ns3:TrackPointExtension>
            <ns3:hr>149</ns3:hr>
            <ns3:cad>97</ns3:cad>
          </ns3:TrackPointExtension>
        </extensions>
      </trkpt>
      <trkpt lat="51.48164534009993076324462890625" lon="-0.277499668300151824951171875">
        <ele>7.599999904632568359375</ele>
        <time>2019-11-02T11:53:27.000Z</time>
        <extensions>
          <ns3:TrackPointExtension>
            <ns3:hr>149</ns3:hr>
            <ns3:cad>97</ns3:cad>
          </ns3:TrackPointExtension>
        </extensions>
      </trkpt>
      <trkpt lat="51.4818150736391544342041015625" lon="-0.27768147177994251251220703125">
        <ele>5.599999904632568359375</ele>
        <time>2019-11-02T11:53:33.000Z</time>
        <extensions>
          <ns3:TrackPointExtension>
            <ns3:hr>149</ns3:hr>
            <ns3:cad>96</ns3:cad>
          </ns3:TrackPointExtension>
        </extensions>
      </trkpt>
      <trkpt lat="51.48196351714432239532470703125" lon="-0.27785715647041797637939453125">
        <ele>5.599999904632568359375</ele>
        <time>2019-11-02T11:53:39.000Z</time>
        <extensions>
          <ns3:TrackPointExtension>
            <ns3:hr>147</ns3:hr>
            <ns3:cad>96</ns3:cad>
          </ns3:TrackPointExtension>
        </extensions>
      </trkpt>
      <trkpt lat="51.48210433311760425567626953125" lon="-0.27803979814052581787109375">
        <ele>6.599999904632568359375</ele>
        <time>2019-11-02T11:53:44.000Z</time>
        <extensions>
          <ns3:TrackPointExtension>
            <ns3:hr>149</ns3:hr>
            <ns3:cad>98</ns3:cad>
          </ns3:TrackPointExtension>
        </extensions>
      </trkpt>
      <trkpt lat="51.48227163590490818023681640625" lon="-0.2782793529331684112548828125">
        <ele>7.599999904632568359375</ele>
        <time>2019-11-02T11:53:49.000Z</time>
        <extensions>
          <ns3:TrackPointExtension>
            <ns3:hr>149</ns3:hr>
            <ns3:cad>97</ns3:cad>
          </ns3:TrackPointExtension>
        </extensions>
      </trkpt>
      <trkpt lat="51.4824292995035648345947265625" lon="-0.2784805186092853546142578125">
        <ele>9.6000003814697265625</ele>
        <time>2019-11-02T11:53:55.000Z</time>
        <extensions>
          <ns3:TrackPointExtension>
            <ns3:hr>150</ns3:hr>
            <ns3:cad>96</ns3:cad>
          </ns3:TrackPointExtension>
        </extensions>
      </trkpt>
      <trkpt lat="51.48257740773260593414306640625" lon="-0.27865611948072910308837890625">
        <ele>9.3999996185302734375</ele>
        <time>2019-11-02T11:54:00.000Z</time>
        <extensions>
          <ns3:TrackPointExtension>
            <ns3:hr>150</ns3:hr>
            <ns3:cad>96</ns3:cad>
          </ns3:TrackPointExtension>
        </extensions>
      </trkpt>
      <trkpt lat="51.482602469623088836669921875" lon="-0.27868696488440036773681640625">
        <ele>9.19999980926513671875</ele>
        <time>2019-11-02T11:54:01.000Z</time>
        <extensions>
          <ns3:TrackPointExtension>
            <ns3:hr>151</ns3:hr>
            <ns3:cad>97</ns3:cad>
          </ns3:TrackPointExtension>
        </extensions>
      </trkpt>
      <trkpt lat="51.4826924912631511688232421875" lon="-0.27881604619324207305908203125">
        <ele>9</ele>
        <time>2019-11-02T11:54:05.000Z</time>
        <extensions>
          <ns3:TrackPointExtension>
            <ns3:hr>148</ns3:hr>
            <ns3:cad>96</ns3:cad>
          </ns3:TrackPointExtension>
        </extensions>
      </trkpt>
      <trkpt lat="51.48282743990421295166015625" lon="-0.27903020381927490234375">
        <ele>8.19999980926513671875</ele>
        <time>2019-11-02T11:54:12.000Z</time>
        <extensions>
          <ns3:TrackPointExtension>
            <ns3:hr>147</ns3:hr>
            <ns3:cad>96</ns3:cad>
          </ns3:TrackPointExtension>
        </extensions>
      </trkpt>
      <trkpt lat="51.48297538049519062042236328125" lon="-0.27925291098654270172119140625">
        <ele>7.19999980926513671875</ele>
        <time>2019-11-02T11:54:19.000Z</time>
        <extensions>
          <ns3:TrackPointExtension>
            <ns3:hr>147</ns3:hr>
            <ns3:cad>96</ns3:cad>
          </ns3:TrackPointExtension>
        </extensions>
      </trkpt>
      <trkpt lat="51.483129523694515228271484375" lon="-0.27949263341724872589111328125">
        <ele>7</ele>
        <time>2019-11-02T11:54:26.000Z</time>
        <extensions>
          <ns3:TrackPointExtension>
            <ns3:hr>148</ns3:hr>
            <ns3:cad>97</ns3:cad>
          </ns3:TrackPointExtension>
        </extensions>
      </trkpt>
      <trkpt lat="51.483250558376312255859375" lon="-0.279708802700042724609375">
        <ele>7.19999980926513671875</ele>
        <time>2019-11-02T11:54:31.000Z</time>
        <extensions>
          <ns3:TrackPointExtension>
            <ns3:hr>149</ns3:hr>
            <ns3:cad>97</ns3:cad>
          </ns3:TrackPointExtension>
        </extensions>
      </trkpt>
      <trkpt lat="51.48343604989349842071533203125" lon="-0.27998649515211582183837890625">
        <ele>6.599999904632568359375</ele>
        <time>2019-11-02T11:54:36.000Z</time>
        <extensions>
          <ns3:TrackPointExtension>
            <ns3:hr>148</ns3:hr>
            <ns3:cad>97</ns3:cad>
          </ns3:TrackPointExtension>
        </extensions>
      </trkpt>
      <trkpt lat="51.483579464256763458251953125" lon="-0.28018162585794925689697265625">
        <ele>5.400000095367431640625</ele>
        <time>2019-11-02T11:54:40.000Z</time>
        <extensions>
          <ns3:TrackPointExtension>
            <ns3:hr>147</ns3:hr>
            <ns3:cad>97</ns3:cad>
          </ns3:TrackPointExtension>
        </extensions>
      </trkpt>
      <trkpt lat="51.48370779119431972503662109375" lon="-0.280411541461944580078125">
        <ele>4</ele>
        <time>2019-11-02T11:54:45.000Z</time>
        <extensions>
          <ns3:TrackPointExtension>
            <ns3:hr>147</ns3:hr>
            <ns3:cad>96</ns3:cad>
          </ns3:TrackPointExtension>
        </extensions>
      </trkpt>
      <trkpt lat="51.483840979635715484619140625" lon="-0.2806749008595943450927734375">
        <ele>4</ele>
        <time>2019-11-02T11:54:50.000Z</time>
        <extensions>
          <ns3:TrackPointExtension>
            <ns3:hr>149</ns3:hr>
            <ns3:cad>96</ns3:cad>
          </ns3:TrackPointExtension>
        </extensions>
      </trkpt>
      <trkpt lat="51.48396813310682773590087890625" lon="-0.28094655834138393402099609375">
        <ele>4</ele>
        <time>2019-11-02T11:54:55.000Z</time>
        <extensions>
          <ns3:TrackPointExtension>
            <ns3:hr>149</ns3:hr>
            <ns3:cad>97</ns3:cad>
          </ns3:TrackPointExtension>
        </extensions>
      </trkpt>
      <trkpt lat="51.48407793603837490081787109375" lon="-0.28118376620113849639892578125">
        <ele>4.80000019073486328125</ele>
        <time>2019-11-02T11:55:00.000Z</time>
        <extensions>
          <ns3:TrackPointExtension>
            <ns3:hr>149</ns3:hr>
            <ns3:cad>97</ns3:cad>
          </ns3:TrackPointExtension>
        </extensions>
      </trkpt>
      <trkpt lat="51.484201066195964813232421875" lon="-0.281447209417819976806640625">
        <ele>4.80000019073486328125</ele>
        <time>2019-11-02T11:55:06.000Z</time>
        <extensions>
          <ns3:TrackPointExtension>
            <ns3:hr>151</ns3:hr>
            <ns3:cad>96</ns3:cad>
          </ns3:TrackPointExtension>
        </extensions>
      </trkpt>
      <trkpt lat="51.4843299798667430877685546875" lon="-0.2817212976515293121337890625">
        <ele>3.400000095367431640625</ele>
        <time>2019-11-02T11:55:10.000Z</time>
        <extensions>
          <ns3:TrackPointExtension>
            <ns3:hr>152</ns3:hr>
            <ns3:cad>96</ns3:cad>
          </ns3:TrackPointExtension>
        </extensions>
      </trkpt>
      <trkpt lat="51.48443383164703845977783203125" lon="-0.281961522996425628662109375">
        <ele>3.400000095367431640625</ele>
        <time>2019-11-02T11:55:15.000Z</time>
        <extensions>
          <ns3:TrackPointExtension>
            <ns3:hr>150</ns3:hr>
            <ns3:cad>98</ns3:cad>
          </ns3:TrackPointExtension>
        </extensions>
      </trkpt>
      <trkpt lat="51.4845385216176509857177734375" lon="-0.28220116160809993743896484375">
        <ele>5</ele>
        <time>2019-11-02T11:55:20.000Z</time>
        <extensions>
          <ns3:TrackPointExtension>
            <ns3:hr>149</ns3:hr>
            <ns3:cad>98</ns3:cad>
          </ns3:TrackPointExtension>
        </extensions>
      </trkpt>
      <trkpt lat="51.48464438505470752716064453125" lon="-0.2824508585035800933837890625">
        <ele>6.80000019073486328125</ele>
        <time>2019-11-02T11:55:25.000Z</time>
        <extensions>
          <ns3:TrackPointExtension>
            <ns3:hr>147</ns3:hr>
            <ns3:cad>97</ns3:cad>
          </ns3:TrackPointExtension>
        </extensions>
      </trkpt>
      <trkpt lat="51.48475117050111293792724609375" lon="-0.28269343078136444091796875">
        <ele>7</ele>
        <time>2019-11-02T11:55:30.000Z</time>
        <extensions>
          <ns3:TrackPointExtension>
            <ns3:hr>148</ns3:hr>
            <ns3:cad>96</ns3:cad>
          </ns3:TrackPointExtension>
        </extensions>
      </trkpt>
      <trkpt lat="51.484847478568553924560546875" lon="-0.28293793089687824249267578125">
        <ele>6.80000019073486328125</ele>
        <time>2019-11-02T11:55:35.000Z</time>
        <extensions>
          <ns3:TrackPointExtension>
            <ns3:hr>149</ns3:hr>
            <ns3:cad>96</ns3:cad>
          </ns3:TrackPointExtension>
        </extensions>
      </trkpt>
      <trkpt lat="51.484960131347179412841796875" lon="-0.28320145793259143829345703125">
        <ele>6.599999904632568359375</ele>
        <time>2019-11-02T11:55:40.000Z</time>
        <extensions>
          <ns3:TrackPointExtension>
            <ns3:hr>149</ns3:hr>
            <ns3:cad>96</ns3:cad>
          </ns3:TrackPointExtension>
        </extensions>
      </trkpt>
      <trkpt lat="51.485102288424968719482421875" lon="-0.28341955505311489105224609375">
        <ele>7.400000095367431640625</ele>
        <time>2019-11-02T11:55:46.000Z</time>
        <extensions>
          <ns3:TrackPointExtension>
            <ns3:hr>149</ns3:hr>
            <ns3:cad>97</ns3:cad>
          </ns3:TrackPointExtension>
        </extensions>
      </trkpt>
      <trkpt lat="51.48524855263531208038330078125" lon="-0.2836179547011852264404296875">
        <ele>8</ele>
        <time>2019-11-02T11:55:52.000Z</time>
        <extensions>
          <ns3:TrackPointExtension>
            <ns3:hr>150</ns3:hr>
            <ns3:cad>97</ns3:cad>
          </ns3:TrackPointExtension>
        </extensions>
      </trkpt>
      <trkpt lat="51.485423147678375244140625" lon="-0.28377779759466648101806640625">
        <ele>7.19999980926513671875</ele>
        <time>2019-11-02T11:55:58.000Z</time>
        <extensions>
          <ns3:TrackPointExtension>
            <ns3:hr>149</ns3:hr>
            <ns3:cad>96</ns3:cad>
          </ns3:TrackPointExtension>
        </extensions>
      </trkpt>
      <trkpt lat="51.4855720102787017822265625" lon="-0.28400008566677570343017578125">
        <ele>4.400000095367431640625</ele>
        <time>2019-11-02T11:56:04.000Z</time>
        <extensions>
          <ns3:TrackPointExtension>
            <ns3:hr>149</ns3:hr>
            <ns3:cad>98</ns3:cad>
          </ns3:TrackPointExtension>
        </extensions>
      </trkpt>
      <trkpt lat="51.4857136644423007965087890625" lon="-0.2842284925282001495361328125">
        <ele>1.60000002384185791015625</ele>
        <time>2019-11-02T11:56:09.000Z</time>
        <extensions>
          <ns3:TrackPointExtension>
            <ns3:hr>148</ns3:hr>
            <ns3:cad>97</ns3:cad>
          </ns3:TrackPointExtension>
        </extensions>
      </trkpt>
      <trkpt lat="51.485831849277019500732421875" lon="-0.28448380529880523681640625">
        <ele>1.7999999523162841796875</ele>
        <time>2019-11-02T11:56:14.000Z</time>
        <extensions>
          <ns3:TrackPointExtension>
            <ns3:hr>148</ns3:hr>
            <ns3:cad>98</ns3:cad>
          </ns3:TrackPointExtension>
        </extensions>
      </trkpt>
      <trkpt lat="51.48594810627400875091552734375" lon="-0.28476619161665439605712890625">
        <ele>3.400000095367431640625</ele>
        <time>2019-11-02T11:56:19.000Z</time>
        <extensions>
          <ns3:TrackPointExtension>
            <ns3:hr>149</ns3:hr>
            <ns3:cad>96</ns3:cad>
          </ns3:TrackPointExtension>
        </extensions>
      </trkpt>
      <trkpt lat="51.4860522933304309844970703125" lon="-0.28504380024969577789306640625">
        <ele>4.19999980926513671875</ele>
        <time>2019-11-02T11:56:24.000Z</time>
        <extensions>
          <ns3:TrackPointExtension>
            <ns3:hr>148</ns3:hr>
            <ns3:cad>96</ns3:cad>
          </ns3:TrackPointExtension>
        </extensions>
      </trkpt>
      <trkpt lat="51.486147344112396240234375" lon="-0.28533264063298702239990234375">
        <ele>4.400000095367431640625</ele>
        <time>2019-11-02T11:56:29.000Z</time>
        <extensions>
          <ns3:TrackPointExtension>
            <ns3:hr>149</ns3:hr>
            <ns3:cad>97</ns3:cad>
          </ns3:TrackPointExtension>
        </extensions>
      </trkpt>
      <trkpt lat="51.48621364496648311614990234375" lon="-0.2856537513434886932373046875">
        <ele>4.599999904632568359375</ele>
        <time>2019-11-02T11:56:35.000Z</time>
        <extensions>
          <ns3:TrackPointExtension>
            <ns3:hr>149</ns3:hr>
            <ns3:cad>97</ns3:cad>
          </ns3:TrackPointExtension>
        </extensions>
      </trkpt>
      <trkpt lat="51.48627432994544506072998046875" lon="-0.28595005162060260772705078125">
        <ele>4.400000095367431640625</ele>
        <time>2019-11-02T11:56:40.000Z</time>
        <extensions>
          <ns3:TrackPointExtension>
            <ns3:hr>148</ns3:hr>
            <ns3:cad>96</ns3:cad>
          </ns3:TrackPointExtension>
        </extensions>
      </trkpt>
      <trkpt lat="51.4863352663815021514892578125" lon="-0.28625884093344211578369140625">
        <ele>3.7999999523162841796875</ele>
        <time>2019-11-02T11:56:45.000Z</time>
        <extensions>
          <ns3:TrackPointExtension>
            <ns3:hr>147</ns3:hr>
            <ns3:cad>97</ns3:cad>
          </ns3:TrackPointExtension>
        </extensions>
      </trkpt>
      <trkpt lat="51.486377008259296417236328125" lon="-0.2865831367671489715576171875">
        <ele>4</ele>
        <time>2019-11-02T11:56:50.000Z</time>
        <extensions>
          <ns3:TrackPointExtension>
            <ns3:hr>147</ns3:hr>
            <ns3:cad>97</ns3:cad>
          </ns3:TrackPointExtension>
        </extensions>
      </trkpt>
      <trkpt lat="51.48644180037081241607666015625" lon="-0.28690575622022151947021484375">
        <ele>3.599999904632568359375</ele>
        <time>2019-11-02T11:56:55.000Z</time>
        <extensions>
          <ns3:TrackPointExtension>
            <ns3:hr>147</ns3:hr>
            <ns3:cad>97</ns3:cad>
          </ns3:TrackPointExtension>
        </extensions>
      </trkpt>
      <trkpt lat="51.4864750765264034271240234375" lon="-0.28722913004457950592041015625">
        <ele>4.19999980926513671875</ele>
        <time>2019-11-02T11:57:00.000Z</time>
        <extensions>
          <ns3:TrackPointExtension>
            <ns3:hr>148</ns3:hr>
            <ns3:cad>97</ns3:cad>
          </ns3:TrackPointExtension>
        </extensions>
      </trkpt>
      <trkpt lat="51.48648153059184551239013671875" lon="-0.28753121383488178253173828125">
        <ele>5</ele>
        <time>2019-11-02T11:57:06.000Z</time>
        <extensions>
          <ns3:TrackPointExtension>
            <ns3:hr>149</ns3:hr>
            <ns3:cad>98</ns3:cad>
          </ns3:TrackPointExtension>
        </extensions>
      </trkpt>
      <trkpt lat="51.4864375256001949310302734375" lon="-0.287835560739040374755859375">
        <ele>5</ele>
        <time>2019-11-02T11:57:11.000Z</time>
        <extensions>
          <ns3:TrackPointExtension>
            <ns3:hr>149</ns3:hr>
            <ns3:cad>97</ns3:cad>
          </ns3:TrackPointExtension>
        </extensions>
      </trkpt>
      <trkpt lat="51.4864143915474414825439453125" lon="-0.2881384827196598052978515625">
        <ele>4.400000095367431640625</ele>
        <time>2019-11-02T11:57:16.000Z</time>
        <extensions>
          <ns3:TrackPointExtension>
            <ns3:hr>147</ns3:hr>
            <ns3:cad>96</ns3:cad>
          </ns3:TrackPointExtension>
        </extensions>
      </trkpt>
      <trkpt lat="51.486440710723400115966796875" lon="-0.28848239220678806304931640625">
        <ele>3</ele>
        <time>2019-11-02T11:57:22.000Z</time>
        <extensions>
          <ns3:TrackPointExtension>
            <ns3:hr>149</ns3:hr>
            <ns3:cad>97</ns3:cad>
          </ns3:TrackPointExtension>
        </extensions>
      </trkpt>
      <trkpt lat="51.4864583127200603485107421875" lon="-0.288557745516300201416015625">
        <ele>2.7999999523162841796875</ele>
        <time>2019-11-02T11:57:23.000Z</time>
        <extensions>
          <ns3:TrackPointExtension>
            <ns3:hr>155</ns3:hr>
            <ns3:cad>97</ns3:cad>
          </ns3:TrackPointExtension>
        </extensions>
      </trkpt>
      <trkpt lat="51.486496366560459136962890625" lon="-0.28870786540210247039794921875">
        <ele>2.599999904632568359375</ele>
        <time>2019-11-02T11:57:24.000Z</time>
        <extensions>
          <ns3:TrackPointExtension>
            <ns3:hr>155</ns3:hr>
            <ns3:cad>97</ns3:cad>
          </ns3:TrackPointExtension>
        </extensions>
      </trkpt>
      <trkpt lat="51.48651623167097568511962890625" lon="-0.28888128697872161865234375">
        <ele>3</ele>
        <time>2019-11-02T11:57:28.000Z</time>
        <extensions>
          <ns3:TrackPointExtension>
            <ns3:hr>152</ns3:hr>
            <ns3:cad>96</ns3:cad>
          </ns3:TrackPointExtension>
        </extensions>
      </trkpt>
      <trkpt lat="51.4865267090499401092529296875" lon="-0.28899393975734710693359375">
        <ele>3</ele>
        <time>2019-11-02T11:57:30.000Z</time>
        <extensions>
          <ns3:TrackPointExtension>
            <ns3:hr>149</ns3:hr>
            <ns3:cad>96</ns3:cad>
          </ns3:TrackPointExtension>
        </extensions>
      </trkpt>
      <trkpt lat="51.48646912537515163421630859375" lon="-0.289219580590724945068359375">
        <ele>3.400000095367431640625</ele>
        <time>2019-11-02T11:57:35.000Z</time>
        <extensions>
          <ns3:TrackPointExtension>
            <ns3:hr>146</ns3:hr>
            <ns3:cad>97</ns3:cad>
          </ns3:TrackPointExtension>
        </extensions>
      </trkpt>
      <trkpt lat="51.48641288280487060546875" lon="-0.289495848119258880615234375">
        <ele>3.599999904632568359375</ele>
        <time>2019-11-02T11:57:41.000Z</time>
        <extensions>
          <ns3:TrackPointExtension>
            <ns3:hr>144</ns3:hr>
            <ns3:cad>96</ns3:cad>
          </ns3:TrackPointExtension>
        </extensions>
      </trkpt>
      <trkpt lat="51.48635999299585819244384765625" lon="-0.28977605514228343963623046875">
        <ele>4.80000019073486328125</ele>
        <time>2019-11-02T11:57:48.000Z</time>
        <extensions>
          <ns3:TrackPointExtension>
            <ns3:hr>144</ns3:hr>
            <ns3:cad>96</ns3:cad>
          </ns3:TrackPointExtension>
        </extensions>
      </trkpt>
      <trkpt lat="51.48631623946130275726318359375" lon="-0.290085934102535247802734375">
        <ele>7</ele>
        <time>2019-11-02T11:57:55.000Z</time>
        <extensions>
          <ns3:TrackPointExtension>
            <ns3:hr>143</ns3:hr>
            <ns3:cad>96</ns3:cad>
          </ns3:TrackPointExtension>
        </extensions>
      </trkpt>
      <trkpt lat="51.48624650202691555023193359375" lon="-0.29028165154159069061279296875">
        <ele>8.19999980926513671875</ele>
        <time>2019-11-02T11:57:58.000Z</time>
        <extensions>
          <ns3:TrackPointExtension>
            <ns3:hr>146</ns3:hr>
            <ns3:cad>96</ns3:cad>
          </ns3:TrackPointExtension>
        </extensions>
      </trkpt>
      <trkpt lat="51.4861753396689891815185546875" lon="-0.29057443141937255859375">
        <ele>8.3999996185302734375</ele>
        <time>2019-11-02T11:58:04.000Z</time>
        <extensions>
          <ns3:TrackPointExtension>
            <ns3:hr>147</ns3:hr>
            <ns3:cad>97</ns3:cad>
          </ns3:TrackPointExtension>
        </extensions>
      </trkpt>
      <trkpt lat="51.48620291613042354583740234375" lon="-0.29090241529047489166259765625">
        <ele>7.80000019073486328125</ele>
        <time>2019-11-02T11:58:08.000Z</time>
        <extensions>
          <ns3:TrackPointExtension>
            <ns3:hr>147</ns3:hr>
            <ns3:cad>95</ns3:cad>
          </ns3:TrackPointExtension>
        </extensions>
      </trkpt>
      <trkpt lat="51.48618212901055812835693359375" lon="-0.2912307344377040863037109375">
        <ele>7.19999980926513671875</ele>
        <time>2019-11-02T11:58:12.000Z</time>
        <extensions>
          <ns3:TrackPointExtension>
            <ns3:hr>147</ns3:hr>
            <ns3:cad>97</ns3:cad>
          </ns3:TrackPointExtension>
        </extensions>
      </trkpt>
      <trkpt lat="51.4861196838319301605224609375" lon="-0.29156492091715335845947265625">
        <ele>5.400000095367431640625</ele>
        <time>2019-11-02T11:58:18.000Z</time>
        <extensions>
          <ns3:TrackPointExtension>
            <ns3:hr>147</ns3:hr>
            <ns3:cad>96</ns3:cad>
          </ns3:TrackPointExtension>
        </extensions>
      </trkpt>
      <trkpt lat="51.48604340851306915283203125" lon="-0.291845463216304779052734375">
        <ele>5.599999904632568359375</ele>
        <time>2019-11-02T11:58:23.000Z</time>
        <extensions>
          <ns3:TrackPointExtension>
            <ns3:hr>148</ns3:hr>
            <ns3:cad>97</ns3:cad>
          </ns3:TrackPointExtension>
        </extensions>
      </trkpt>
      <trkpt lat="51.4859849028289318084716796875" lon="-0.292127765715122222900390625">
        <ele>4.80000019073486328125</ele>
        <time>2019-11-02T11:58:29.000Z</time>
        <extensions>
          <ns3:TrackPointExtension>
            <ns3:hr>147</ns3:hr>
            <ns3:cad>97</ns3:cad>
          </ns3:TrackPointExtension>
        </extensions>
      </trkpt>
      <trkpt lat="51.48591198027133941650390625" lon="-0.292401015758514404296875">
        <ele>4.400000095367431640625</ele>
        <time>2019-11-02T11:58:33.000Z</time>
        <extensions>
          <ns3:TrackPointExtension>
            <ns3:hr>147</ns3:hr>
            <ns3:cad>97</ns3:cad>
          </ns3:TrackPointExtension>
        </extensions>
      </trkpt>
      <trkpt lat="51.4858880080282688140869140625" lon="-0.292687676846981048583984375">
        <ele>5</ele>
        <time>2019-11-02T11:58:38.000Z</time>
        <extensions>
          <ns3:TrackPointExtension>
            <ns3:hr>147</ns3:hr>
            <ns3:cad>96</ns3:cad>
          </ns3:TrackPointExtension>
        </extensions>
      </trkpt>
      <trkpt lat="51.48585070855915546417236328125" lon="-0.2929885871708393096923828125">
        <ele>6.19999980926513671875</ele>
        <time>2019-11-02T11:58:44.000Z</time>
        <extensions>
          <ns3:TrackPointExtension>
            <ns3:hr>148</ns3:hr>
            <ns3:cad>97</ns3:cad>
          </ns3:TrackPointExtension>
        </extensions>
      </trkpt>
      <trkpt lat="51.485787928104400634765625" lon="-0.293317325413227081298828125">
        <ele>6.80000019073486328125</ele>
        <time>2019-11-02T11:58:50.000Z</time>
        <extensions>
          <ns3:TrackPointExtension>
            <ns3:hr>148</ns3:hr>
            <ns3:cad>95</ns3:cad>
          </ns3:TrackPointExtension>
        </extensions>
      </trkpt>
      <trkpt lat="51.48571793921291828155517578125" lon="-0.293619744479656219482421875">
        <ele>7.599999904632568359375</ele>
        <time>2019-11-02T11:58:56.000Z</time>
        <extensions>
          <ns3:TrackPointExtension>
            <ns3:hr>147</ns3:hr>
            <ns3:cad>96</ns3:cad>
          </ns3:TrackPointExtension>
        </extensions>
      </trkpt>
      <trkpt lat="51.485679633915424346923828125" lon="-0.29394018463790416717529296875">
        <ele>7.80000019073486328125</ele>
        <time>2019-11-02T11:59:02.000Z</time>
        <extensions>
          <ns3:TrackPointExtension>
            <ns3:hr>148</ns3:hr>
            <ns3:cad>96</ns3:cad>
          </ns3:TrackPointExtension>
        </extensions>
      </trkpt>
      <trkpt lat="51.48555935360491275787353515625" lon="-0.2941967546939849853515625">
        <ele>7.599999904632568359375</ele>
        <time>2019-11-02T11:59:08.000Z</time>
        <extensions>
          <ns3:TrackPointExtension>
            <ns3:hr>147</ns3:hr>
            <ns3:cad>96</ns3:cad>
          </ns3:TrackPointExtension>
        </extensions>
      </trkpt>
      <trkpt lat="51.48541367612779140472412109375" lon="-0.2944430150091648101806640625">
        <ele>9.3999996185302734375</ele>
        <time>2019-11-02T11:59:15.000Z</time>
        <extensions>
          <ns3:TrackPointExtension>
            <ns3:hr>148</ns3:hr>
            <ns3:cad>96</ns3:cad>
          </ns3:TrackPointExtension>
        </extensions>
      </trkpt>
      <trkpt lat="51.48524411022663116455078125" lon="-0.29468533582985401153564453125">
        <ele>11.19999980926513671875</ele>
        <time>2019-11-02T11:59:21.000Z</time>
        <extensions>
          <ns3:TrackPointExtension>
            <ns3:hr>146</ns3:hr>
            <ns3:cad>97</ns3:cad>
          </ns3:TrackPointExtension>
        </extensions>
      </trkpt>
      <trkpt lat="51.4851094968616962432861328125" lon="-0.2949499525129795074462890625">
        <ele>11.6000003814697265625</ele>
        <time>2019-11-02T11:59:27.000Z</time>
        <extensions>
          <ns3:TrackPointExtension>
            <ns3:hr>146</ns3:hr>
            <ns3:cad>96</ns3:cad>
          </ns3:TrackPointExtension>
        </extensions>
      </trkpt>
      <trkpt lat="51.485009081661701202392578125" lon="-0.29522228054702281951904296875">
        <ele>11</ele>
        <time>2019-11-02T11:59:33.000Z</time>
        <extensions>
          <ns3:TrackPointExtension>
            <ns3:hr>147</ns3:hr>
            <ns3:cad>96</ns3:cad>
          </ns3:TrackPointExtension>
        </extensions>
      </trkpt>
      <trkpt lat="51.4848530106246471405029296875" lon="-0.29543392360210418701171875">
        <ele>10.80000019073486328125</ele>
        <time>2019-11-02T11:59:39.000Z</time>
        <extensions>
          <ns3:TrackPointExtension>
            <ns3:hr>147</ns3:hr>
            <ns3:cad>96</ns3:cad>
          </ns3:TrackPointExtension>
        </extensions>
      </trkpt>
      <trkpt lat="51.48470188491046428680419921875" lon="-0.29565042816102504730224609375">
        <ele>10.6000003814697265625</ele>
        <time>2019-11-02T11:59:44.000Z</time>
        <extensions>
          <ns3:TrackPointExtension>
            <ns3:hr>147</ns3:hr>
            <ns3:cad>96</ns3:cad>
          </ns3:TrackPointExtension>
        </extensions>
      </trkpt>
      <trkpt lat="51.484530307352542877197265625" lon="-0.29582443647086620330810546875">
        <ele>11.6000003814697265625</ele>
        <time>2019-11-02T11:59:48.000Z</time>
        <extensions>
          <ns3:TrackPointExtension>
            <ns3:hr>147</ns3:hr>
            <ns3:cad>95</ns3:cad>
          </ns3:TrackPointExtension>
        </extensions>
      </trkpt>
      <trkpt lat="51.48433257825672626495361328125" lon="-0.29606902040541172027587890625">
        <ele>12.19999980926513671875</ele>
        <time>2019-11-02T11:59:55.000Z</time>
        <extensions>
          <ns3:TrackPointExtension>
            <ns3:hr>147</ns3:hr>
            <ns3:cad>96</ns3:cad>
          </ns3:TrackPointExtension>
        </extensions>
      </trkpt>
      <trkpt lat="51.48420416750013828277587890625" lon="-0.29627622105181217193603515625">
        <ele>10.6000003814697265625</ele>
        <time>2019-11-02T12:00:00.000Z</time>
        <extensions>
          <ns3:TrackPointExtension>
            <ns3:hr>148</ns3:hr>
            <ns3:cad>97</ns3:cad>
          </ns3:TrackPointExtension>
        </extensions>
      </trkpt>
      <trkpt lat="51.484045498073101043701171875" lon="-0.29651946388185024261474609375">
        <ele>8.6000003814697265625</ele>
        <time>2019-11-02T12:00:06.000Z</time>
        <extensions>
          <ns3:TrackPointExtension>
            <ns3:hr>148</ns3:hr>
            <ns3:cad>96</ns3:cad>
          </ns3:TrackPointExtension>
        </extensions>
      </trkpt>
      <trkpt lat="51.4838661253452301025390625" lon="-0.29677678830921649932861328125">
        <ele>7.400000095367431640625</ele>
        <time>2019-11-02T12:00:13.000Z</time>
        <extensions>
          <ns3:TrackPointExtension>
            <ns3:hr>148</ns3:hr>
            <ns3:cad>96</ns3:cad>
          </ns3:TrackPointExtension>
        </extensions>
      </trkpt>
      <trkpt lat="51.48370980285108089447021484375" lon="-0.2969941310584545135498046875">
        <ele>6.19999980926513671875</ele>
        <time>2019-11-02T12:00:19.000Z</time>
        <extensions>
          <ns3:TrackPointExtension>
            <ns3:hr>147</ns3:hr>
            <ns3:cad>96</ns3:cad>
          </ns3:TrackPointExtension>
        </extensions>
      </trkpt>
      <trkpt lat="51.48356831632554531097412109375" lon="-0.29718699865043163299560546875">
        <ele>5</ele>
        <time>2019-11-02T12:00:25.000Z</time>
        <extensions>
          <ns3:TrackPointExtension>
            <ns3:hr>148</ns3:hr>
            <ns3:cad>96</ns3:cad>
          </ns3:TrackPointExtension>
        </extensions>
      </trkpt>
      <trkpt lat="51.48340721614658832550048828125" lon="-0.2973904274404048919677734375">
        <ele>4.19999980926513671875</ele>
        <time>2019-11-02T12:00:31.000Z</time>
        <extensions>
          <ns3:TrackPointExtension>
            <ns3:hr>147</ns3:hr>
            <ns3:cad>95</ns3:cad>
          </ns3:TrackPointExtension>
        </extensions>
      </trkpt>
      <trkpt lat="51.48325466550886631011962890625" lon="-0.29760324396193027496337890625">
        <ele>4</ele>
        <time>2019-11-02T12:00:37.000Z</time>
        <extensions>
          <ns3:TrackPointExtension>
            <ns3:hr>147</ns3:hr>
            <ns3:cad>96</ns3:cad>
          </ns3:TrackPointExtension>
        </extensions>
      </trkpt>
      <trkpt lat="51.4831146039068698883056640625" lon="-0.29775093309581279754638671875">
        <ele>4.400000095367431640625</ele>
        <time>2019-11-02T12:00:43.000Z</time>
        <extensions>
          <ns3:TrackPointExtension>
            <ns3:hr>146</ns3:hr>
            <ns3:cad>95</ns3:cad>
          </ns3:TrackPointExtension>
        </extensions>
      </trkpt>
      <trkpt lat="51.4829576946794986724853515625" lon="-0.29791555367410182952880859375">
        <ele>5</ele>
        <time>2019-11-02T12:00:49.000Z</time>
        <extensions>
          <ns3:TrackPointExtension>
            <ns3:hr>146</ns3:hr>
            <ns3:cad>96</ns3:cad>
          </ns3:TrackPointExtension>
        </extensions>
      </trkpt>
      <trkpt lat="51.48281008936464786529541015625" lon="-0.29809576459228992462158203125">
        <ele>5</ele>
        <time>2019-11-02T12:00:55.000Z</time>
        <extensions>
          <ns3:TrackPointExtension>
            <ns3:hr>148</ns3:hr>
            <ns3:cad>96</ns3:cad>
          </ns3:TrackPointExtension>
        </extensions>
      </trkpt>
      <trkpt lat="51.48266592063009738922119140625" lon="-0.298281423747539520263671875">
        <ele>4.80000019073486328125</ele>
        <time>2019-11-02T12:01:01.000Z</time>
        <extensions>
          <ns3:TrackPointExtension>
            <ns3:hr>148</ns3:hr>
            <ns3:cad>96</ns3:cad>
          </ns3:TrackPointExtension>
        </extensions>
      </trkpt>
      <trkpt lat="51.48251018486917018890380859375" lon="-0.29843791387975215911865234375">
        <ele>5.400000095367431640625</ele>
        <time>2019-11-02T12:01:06.000Z</time>
        <extensions>
          <ns3:TrackPointExtension>
            <ns3:hr>148</ns3:hr>
            <ns3:cad>95</ns3:cad>
          </ns3:TrackPointExtension>
        </extensions>
      </trkpt>
      <trkpt lat="51.482341624796390533447265625" lon="-0.29860454611480236053466796875">
        <ele>7.19999980926513671875</ele>
        <time>2019-11-02T12:01:12.000Z</time>
        <extensions>
          <ns3:TrackPointExtension>
            <ns3:hr>148</ns3:hr>
            <ns3:cad>95</ns3:cad>
          </ns3:TrackPointExtension>
        </extensions>
      </trkpt>
      <trkpt lat="51.4821731485426425933837890625" lon="-0.298798419535160064697265625">
        <ele>9.3999996185302734375</ele>
        <time>2019-11-02T12:01:18.000Z</time>
        <extensions>
          <ns3:TrackPointExtension>
            <ns3:hr>148</ns3:hr>
            <ns3:cad>97</ns3:cad>
          </ns3:TrackPointExtension>
        </extensions>
      </trkpt>
      <trkpt lat="51.4820450730621814727783203125" lon="-0.29900587163865566253662109375">
        <ele>10.19999980926513671875</ele>
        <time>2019-11-02T12:01:24.000Z</time>
        <extensions>
          <ns3:TrackPointExtension>
            <ns3:hr>150</ns3:hr>
            <ns3:cad>96</ns3:cad>
          </ns3:TrackPointExtension>
        </extensions>
      </trkpt>
      <trkpt lat="51.481897719204425811767578125" lon="-0.29917828738689422607421875">
        <ele>10.6000003814697265625</ele>
        <time>2019-11-02T12:01:30.000Z</time>
        <extensions>
          <ns3:TrackPointExtension>
            <ns3:hr>150</ns3:hr>
            <ns3:cad>94</ns3:cad>
          </ns3:TrackPointExtension>
        </extensions>
      </trkpt>
      <trkpt lat="51.48175799287855625152587890625" lon="-0.299376435577869415283203125">
        <ele>9.3999996185302734375</ele>
        <time>2019-11-02T12:01:36.000Z</time>
        <extensions>
          <ns3:TrackPointExtension>
            <ns3:hr>148</ns3:hr>
            <ns3:cad>96</ns3:cad>
          </ns3:TrackPointExtension>
        </extensions>
      </trkpt>
      <trkpt lat="51.481611393392086029052734375" lon="-0.2995827980339527130126953125">
        <ele>8.3999996185302734375</ele>
        <time>2019-11-02T12:01:42.000Z</time>
        <extensions>
          <ns3:TrackPointExtension>
            <ns3:hr>147</ns3:hr>
            <ns3:cad>94</ns3:cad>
          </ns3:TrackPointExtension>
        </extensions>
      </trkpt>
      <trkpt lat="51.48145674727857112884521484375" lon="-0.29974649660289287567138671875">
        <ele>8.80000019073486328125</ele>
        <time>2019-11-02T12:01:48.000Z</time>
        <extensions>
          <ns3:TrackPointExtension>
            <ns3:hr>148</ns3:hr>
            <ns3:cad>96</ns3:cad>
          </ns3:TrackPointExtension>
        </extensions>
      </trkpt>
      <trkpt lat="51.48131593130528926849365234375" lon="-0.29992620460689067840576171875">
        <ele>9.80000019073486328125</ele>
        <time>2019-11-02T12:01:54.000Z</time>
        <extensions>
          <ns3:TrackPointExtension>
            <ns3:hr>148</ns3:hr>
            <ns3:cad>94</ns3:cad>
          </ns3:TrackPointExtension>
        </extensions>
      </trkpt>
      <trkpt lat="51.48113655857741832733154296875" lon="-0.30014715157449245452880859375">
        <ele>11.6000003814697265625</ele>
        <time>2019-11-02T12:02:00.000Z</time>
        <extensions>
          <ns3:TrackPointExtension>
            <ns3:hr>148</ns3:hr>
            <ns3:cad>96</ns3:cad>
          </ns3:TrackPointExtension>
        </extensions>
      </trkpt>
      <trkpt lat="51.4809735305607318878173828125" lon="-0.3003294579684734344482421875">
        <ele>11.19999980926513671875</ele>
        <time>2019-11-02T12:02:07.000Z</time>
        <extensions>
          <ns3:TrackPointExtension>
            <ns3:hr>146</ns3:hr>
            <ns3:cad>96</ns3:cad>
          </ns3:TrackPointExtension>
        </extensions>
      </trkpt>
      <trkpt lat="51.48081569932401180267333984375" lon="-0.300484187901020050048828125">
        <ele>10.19999980926513671875</ele>
        <time>2019-11-02T12:02:11.000Z</time>
        <extensions>
          <ns3:TrackPointExtension>
            <ns3:hr>147</ns3:hr>
            <ns3:cad>95</ns3:cad>
          </ns3:TrackPointExtension>
        </extensions>
      </trkpt>
      <trkpt lat="51.4806580357253551483154296875" lon="-0.30064218677580356597900390625">
        <ele>9.3999996185302734375</ele>
        <time>2019-11-02T12:02:17.000Z</time>
        <extensions>
          <ns3:TrackPointExtension>
            <ns3:hr>147</ns3:hr>
            <ns3:cad>97</ns3:cad>
          </ns3:TrackPointExtension>
        </extensions>
      </trkpt>
      <trkpt lat="51.4805202372372150421142578125" lon="-0.30085072852671146392822265625">
        <ele>9</ele>
        <time>2019-11-02T12:02:23.000Z</time>
        <extensions>
          <ns3:TrackPointExtension>
            <ns3:hr>148</ns3:hr>
            <ns3:cad>96</ns3:cad>
          </ns3:TrackPointExtension>
        </extensions>
      </trkpt>
      <trkpt lat="51.48040632717311382293701171875" lon="-0.3010932169854640960693359375">
        <ele>9</ele>
        <time>2019-11-02T12:02:30.000Z</time>
        <extensions>
          <ns3:TrackPointExtension>
            <ns3:hr>148</ns3:hr>
            <ns3:cad>96</ns3:cad>
          </ns3:TrackPointExtension>
        </extensions>
      </trkpt>
      <trkpt lat="51.480272971093654632568359375" lon="-0.30129195190966129302978515625">
        <ele>9.19999980926513671875</ele>
        <time>2019-11-02T12:02:36.000Z</time>
        <extensions>
          <ns3:TrackPointExtension>
            <ns3:hr>147</ns3:hr>
            <ns3:cad>95</ns3:cad>
          </ns3:TrackPointExtension>
        </extensions>
      </trkpt>
      <trkpt lat="51.4801190793514251708984375" lon="-0.3014660440385341644287109375">
        <ele>10.80000019073486328125</ele>
        <time>2019-11-02T12:02:42.000Z</time>
        <extensions>
          <ns3:TrackPointExtension>
            <ns3:hr>147</ns3:hr>
            <ns3:cad>96</ns3:cad>
          </ns3:TrackPointExtension>
        </extensions>
      </trkpt>
      <trkpt lat="51.47999159060418605804443359375" lon="-0.301681794226169586181640625">
        <ele>11.6000003814697265625</ele>
        <time>2019-11-02T12:02:48.000Z</time>
        <extensions>
          <ns3:TrackPointExtension>
            <ns3:hr>148</ns3:hr>
            <ns3:cad>95</ns3:cad>
          </ns3:TrackPointExtension>
        </extensions>
      </trkpt>
      <trkpt lat="51.4798869006335735321044921875" lon="-0.30194506980478763580322265625">
        <ele>10</ele>
        <time>2019-11-02T12:02:54.000Z</time>
        <extensions>
          <ns3:TrackPointExtension>
            <ns3:hr>149</ns3:hr>
            <ns3:cad>95</ns3:cad>
          </ns3:TrackPointExtension>
        </extensions>
      </trkpt>
      <trkpt lat="51.47973887622356414794921875" lon="-0.302121676504611968994140625">
        <ele>8.3999996185302734375</ele>
        <time>2019-11-02T12:03:00.000Z</time>
        <extensions>
          <ns3:TrackPointExtension>
            <ns3:hr>148</ns3:hr>
            <ns3:cad>96</ns3:cad>
          </ns3:TrackPointExtension>
        </extensions>
      </trkpt>
      <trkpt lat="51.47961691953241825103759765625" lon="-0.3023384325206279754638671875">
        <ele>6.599999904632568359375</ele>
        <time>2019-11-02T12:03:05.000Z</time>
        <extensions>
          <ns3:TrackPointExtension>
            <ns3:hr>148</ns3:hr>
            <ns3:cad>97</ns3:cad>
          </ns3:TrackPointExtension>
        </extensions>
      </trkpt>
      <trkpt lat="51.47943712770938873291015625" lon="-0.30251638032495975494384765625">
        <ele>4.80000019073486328125</ele>
        <time>2019-11-02T12:03:11.000Z</time>
        <extensions>
          <ns3:TrackPointExtension>
            <ns3:hr>148</ns3:hr>
            <ns3:cad>96</ns3:cad>
          </ns3:TrackPointExtension>
        </extensions>
      </trkpt>
      <trkpt lat="51.47927879355847835540771484375" lon="-0.3026773966848850250244140625">
        <ele>4.80000019073486328125</ele>
        <time>2019-11-02T12:03:17.000Z</time>
        <extensions>
          <ns3:TrackPointExtension>
            <ns3:hr>146</ns3:hr>
            <ns3:cad>96</ns3:cad>
          </ns3:TrackPointExtension>
        </extensions>
      </trkpt>
      <trkpt lat="51.479124985635280609130859375" lon="-0.3028668276965618133544921875">
        <ele>4.19999980926513671875</ele>
        <time>2019-11-02T12:03:23.000Z</time>
        <extensions>
          <ns3:TrackPointExtension>
            <ns3:hr>147</ns3:hr>
            <ns3:cad>96</ns3:cad>
          </ns3:TrackPointExtension>
        </extensions>
      </trkpt>
      <trkpt lat="51.478936560451984405517578125" lon="-0.30299381352961063385009765625">
        <ele>4.599999904632568359375</ele>
        <time>2019-11-02T12:03:28.000Z</time>
        <extensions>
          <ns3:TrackPointExtension>
            <ns3:hr>147</ns3:hr>
            <ns3:cad>95</ns3:cad>
          </ns3:TrackPointExtension>
        </extensions>
      </trkpt>
      <trkpt lat="51.47873011417686939239501953125" lon="-0.3030451945960521697998046875">
        <ele>6.19999980926513671875</ele>
        <time>2019-11-02T12:03:32.000Z</time>
        <extensions>
          <ns3:TrackPointExtension>
            <ns3:hr>147</ns3:hr>
            <ns3:cad>96</ns3:cad>
          </ns3:TrackPointExtension>
        </extensions>
      </trkpt>
      <trkpt lat="51.4785146154463291168212890625" lon="-0.303154997527599334716796875">
        <ele>7.599999904632568359375</ele>
        <time>2019-11-02T12:03:36.000Z</time>
        <extensions>
          <ns3:TrackPointExtension>
            <ns3:hr>149</ns3:hr>
            <ns3:cad>96</ns3:cad>
          </ns3:TrackPointExtension>
        </extensions>
      </trkpt>
      <trkpt lat="51.478325687348842620849609375" lon="-0.30329656787216663360595703125">
        <ele>8.80000019073486328125</ele>
        <time>2019-11-02T12:03:43.000Z</time>
        <extensions>
          <ns3:TrackPointExtension>
            <ns3:hr>151</ns3:hr>
            <ns3:cad>95</ns3:cad>
          </ns3:TrackPointExtension>
        </extensions>
      </trkpt>
      <trkpt lat="51.478194929659366607666015625" lon="-0.30355104245245456695556640625">
        <ele>8</ele>
        <time>2019-11-02T12:03:50.000Z</time>
        <extensions>
          <ns3:TrackPointExtension>
            <ns3:hr>150</ns3:hr>
            <ns3:cad>97</ns3:cad>
          </ns3:TrackPointExtension>
        </extensions>
      </trkpt>
      <trkpt lat="51.47804464213550090789794921875" lon="-0.303741060197353363037109375">
        <ele>6.400000095367431640625</ele>
        <time>2019-11-02T12:03:56.000Z</time>
        <extensions>
          <ns3:TrackPointExtension>
            <ns3:hr>148</ns3:hr>
            <ns3:cad>95</ns3:cad>
          </ns3:TrackPointExtension>
        </extensions>
      </trkpt>
      <trkpt lat="51.477897875010967254638671875" lon="-0.30391196720302104949951171875">
        <ele>4.19999980926513671875</ele>
        <time>2019-11-02T12:04:02.000Z</time>
        <extensions>
          <ns3:TrackPointExtension>
            <ns3:hr>147</ns3:hr>
            <ns3:cad>96</ns3:cad>
          </ns3:TrackPointExtension>
        </extensions>
      </trkpt>
      <trkpt lat="51.4777411334216594696044921875" lon="-0.30409553088247776031494140625">
        <ele>1.7999999523162841796875</ele>
        <time>2019-11-02T12:04:09.000Z</time>
        <extensions>
          <ns3:TrackPointExtension>
            <ns3:hr>145</ns3:hr>
            <ns3:cad>95</ns3:cad>
          </ns3:TrackPointExtension>
        </extensions>
      </trkpt>
      <trkpt lat="51.47756519727408885955810546875" lon="-0.304253362119197845458984375">
        <ele>2.400000095367431640625</ele>
        <time>2019-11-02T12:04:15.000Z</time>
        <extensions>
          <ns3:TrackPointExtension>
            <ns3:hr>147</ns3:hr>
            <ns3:cad>95</ns3:cad>
          </ns3:TrackPointExtension>
        </extensions>
      </trkpt>
      <trkpt lat="51.477378867566585540771484375" lon="-0.30439962632954120635986328125">
        <ele>3.599999904632568359375</ele>
        <time>2019-11-02T12:04:20.000Z</time>
        <extensions>
          <ns3:TrackPointExtension>
            <ns3:hr>145</ns3:hr>
            <ns3:cad>96</ns3:cad>
          </ns3:TrackPointExtension>
        </extensions>
      </trkpt>
      <trkpt lat="51.47728926502168178558349609375" lon="-0.30448973178863525390625">
        <ele>4.599999904632568359375</ele>
        <time>2019-11-02T12:04:23.000Z</time>
        <extensions>
          <ns3:TrackPointExtension>
            <ns3:hr>145</ns3:hr>
            <ns3:cad>96</ns3:cad>
          </ns3:TrackPointExtension>
        </extensions>
      </trkpt>
      <trkpt lat="51.47712908685207366943359375" lon="-0.30464219860732555389404296875">
        <ele>4.80000019073486328125</ele>
        <time>2019-11-02T12:04:28.000Z</time>
        <extensions>
          <ns3:TrackPointExtension>
            <ns3:hr>146</ns3:hr>
            <ns3:cad>95</ns3:cad>
          </ns3:TrackPointExtension>
        </extensions>
      </trkpt>
      <trkpt lat="51.47693303413689136505126953125" lon="-0.30477429740130901336669921875">
        <ele>3.599999904632568359375</ele>
        <time>2019-11-02T12:04:33.000Z</time>
        <extensions>
          <ns3:TrackPointExtension>
            <ns3:hr>149</ns3:hr>
            <ns3:cad>97</ns3:cad>
          </ns3:TrackPointExtension>
        </extensions>
      </trkpt>
      <trkpt lat="51.47674620151519775390625" lon="-0.3049126826226711273193359375">
        <ele>4.599999904632568359375</ele>
        <time>2019-11-02T12:04:37.000Z</time>
        <extensions>
          <ns3:TrackPointExtension>
            <ns3:hr>151</ns3:hr>
            <ns3:cad>96</ns3:cad>
          </ns3:TrackPointExtension>
        </extensions>
      </trkpt>
      <trkpt lat="51.476560123264789581298828125" lon="-0.3050355613231658935546875">
        <ele>7.19999980926513671875</ele>
        <time>2019-11-02T12:04:42.000Z</time>
        <extensions>
          <ns3:TrackPointExtension>
            <ns3:hr>150</ns3:hr>
            <ns3:cad>96</ns3:cad>
          </ns3:TrackPointExtension>
        </extensions>
      </trkpt>
      <trkpt lat="51.4763551019132137298583984375" lon="-0.30517729930579662322998046875">
        <ele>11.19999980926513671875</ele>
        <time>2019-11-02T12:04:48.000Z</time>
        <extensions>
          <ns3:TrackPointExtension>
            <ns3:hr>148</ns3:hr>
            <ns3:cad>96</ns3:cad>
          </ns3:TrackPointExtension>
        </extensions>
      </trkpt>
      <trkpt lat="51.47618620656430721282958984375" lon="-0.30529648996889591217041015625">
        <ele>12.80000019073486328125</ele>
        <time>2019-11-02T12:04:54.000Z</time>
        <extensions>
          <ns3:TrackPointExtension>
            <ns3:hr>147</ns3:hr>
            <ns3:cad>95</ns3:cad>
          </ns3:TrackPointExtension>
        </extensions>
      </trkpt>
      <trkpt lat="51.47599325515329837799072265625" lon="-0.30543445609509944915771484375">
        <ele>13.19999980926513671875</ele>
        <time>2019-11-02T12:05:00.000Z</time>
        <extensions>
          <ns3:TrackPointExtension>
            <ns3:hr>146</ns3:hr>
            <ns3:cad>95</ns3:cad>
          </ns3:TrackPointExtension>
        </extensions>
      </trkpt>
      <trkpt lat="51.47579896263778209686279296875" lon="-0.30564148910343647003173828125">
        <ele>12.80000019073486328125</ele>
        <time>2019-11-02T12:05:06.000Z</time>
        <extensions>
          <ns3:TrackPointExtension>
            <ns3:hr>147</ns3:hr>
            <ns3:cad>95</ns3:cad>
          </ns3:TrackPointExtension>
        </extensions>
      </trkpt>
      <trkpt lat="51.47563819773495197296142578125" lon="-0.30582572333514690399169921875">
        <ele>11.3999996185302734375</ele>
        <time>2019-11-02T12:05:13.000Z</time>
        <extensions>
          <ns3:TrackPointExtension>
            <ns3:hr>147</ns3:hr>
            <ns3:cad>96</ns3:cad>
          </ns3:TrackPointExtension>
        </extensions>
      </trkpt>
      <trkpt lat="51.47548489272594451904296875" lon="-0.30600928701460361480712890625">
        <ele>9.3999996185302734375</ele>
        <time>2019-11-02T12:05:19.000Z</time>
        <extensions>
          <ns3:TrackPointExtension>
            <ns3:hr>146</ns3:hr>
            <ns3:cad>95</ns3:cad>
          </ns3:TrackPointExtension>
        </extensions>
      </trkpt>
      <trkpt lat="51.47534751333296298980712890625" lon="-0.3062236122786998748779296875">
        <ele>6.599999904632568359375</ele>
        <time>2019-11-02T12:05:27.000Z</time>
        <extensions>
          <ns3:TrackPointExtension>
            <ns3:hr>146</ns3:hr>
            <ns3:cad>96</ns3:cad>
          </ns3:TrackPointExtension>
        </extensions>
      </trkpt>
      <trkpt lat="51.4752047695219516754150390625" lon="-0.3064603172242641448974609375">
        <ele>5.80000019073486328125</ele>
        <time>2019-11-02T12:05:34.000Z</time>
        <extensions>
          <ns3:TrackPointExtension>
            <ns3:hr>146</ns3:hr>
            <ns3:cad>95</ns3:cad>
          </ns3:TrackPointExtension>
        </extensions>
      </trkpt>
      <trkpt lat="51.47505314089357852935791015625" lon="-0.30668176710605621337890625">
        <ele>7.400000095367431640625</ele>
        <time>2019-11-02T12:05:40.000Z</time>
        <extensions>
          <ns3:TrackPointExtension>
            <ns3:hr>146</ns3:hr>
            <ns3:cad>95</ns3:cad>
          </ns3:TrackPointExtension>
        </extensions>
      </trkpt>
      <trkpt lat="51.474901847541332244873046875" lon="-0.30691453255712985992431640625">
        <ele>8.3999996185302734375</ele>
        <time>2019-11-02T12:05:46.000Z</time>
        <extensions>
          <ns3:TrackPointExtension>
            <ns3:hr>146</ns3:hr>
            <ns3:cad>95</ns3:cad>
          </ns3:TrackPointExtension>
        </extensions>
      </trkpt>
      <trkpt lat="51.47473144344985485076904296875" lon="-0.30708803795278072357177734375">
        <ele>8.3999996185302734375</ele>
        <time>2019-11-02T12:05:51.000Z</time>
        <extensions>
          <ns3:TrackPointExtension>
            <ns3:hr>146</ns3:hr>
            <ns3:cad>97</ns3:cad>
          </ns3:TrackPointExtension>
        </extensions>
      </trkpt>
      <trkpt lat="51.4746029488742351531982421875" lon="-0.30729171819984912872314453125">
        <ele>7.19999980926513671875</ele>
        <time>2019-11-02T12:05:56.000Z</time>
        <extensions>
          <ns3:TrackPointExtension>
            <ns3:hr>146</ns3:hr>
            <ns3:cad>95</ns3:cad>
          </ns3:TrackPointExtension>
        </extensions>
      </trkpt>
      <trkpt lat="51.47447797469794750213623046875" lon="-0.30751115642488002777099609375">
        <ele>5.80000019073486328125</ele>
        <time>2019-11-02T12:06:01.000Z</time>
        <extensions>
          <ns3:TrackPointExtension>
            <ns3:hr>147</ns3:hr>
            <ns3:cad>97</ns3:cad>
          </ns3:TrackPointExtension>
        </extensions>
      </trkpt>
      <trkpt lat="51.47438946180045604705810546875" lon="-0.30780502595007419586181640625">
        <ele>4.599999904632568359375</ele>
        <time>2019-11-02T12:06:07.000Z</time>
        <extensions>
          <ns3:TrackPointExtension>
            <ns3:hr>146</ns3:hr>
            <ns3:cad>96</ns3:cad>
          </ns3:TrackPointExtension>
        </extensions>
      </trkpt>
      <trkpt lat="51.47431402467191219329833984375" lon="-0.30809537507593631744384765625">
        <ele>2.2000000476837158203125</ele>
        <time>2019-11-02T12:06:13.000Z</time>
        <extensions>
          <ns3:TrackPointExtension>
            <ns3:hr>148</ns3:hr>
            <ns3:cad>96</ns3:cad>
          </ns3:TrackPointExtension>
        </extensions>
      </trkpt>
      <trkpt lat="51.47421964444220066070556640625" lon="-0.30839930288493633270263671875">
        <ele>0.60000002384185791015625</ele>
        <time>2019-11-02T12:06:19.000Z</time>
        <extensions>
          <ns3:TrackPointExtension>
            <ns3:hr>149</ns3:hr>
            <ns3:cad>96</ns3:cad>
          </ns3:TrackPointExtension>
        </extensions>
      </trkpt>
      <trkpt lat="51.47418192587792873382568359375" lon="-0.308722592890262603759765625">
        <ele>-0.20000000298023223876953125</ele>
        <time>2019-11-02T12:06:24.000Z</time>
        <extensions>
          <ns3:TrackPointExtension>
            <ns3:hr>149</ns3:hr>
            <ns3:cad>96</ns3:cad>
          </ns3:TrackPointExtension>
        </extensions>
      </trkpt>
      <trkpt lat="51.4740814268589019775390625" lon="-0.3090181387960910797119140625">
        <ele>2.2000000476837158203125</ele>
        <time>2019-11-02T12:06:31.000Z</time>
        <extensions>
          <ns3:TrackPointExtension>
            <ns3:hr>149</ns3:hr>
            <ns3:cad>97</ns3:cad>
          </ns3:TrackPointExtension>
        </extensions>
      </trkpt>
      <trkpt lat="51.47393725812435150146484375" lon="-0.3092305362224578857421875">
        <ele>4.400000095367431640625</ele>
        <time>2019-11-02T12:06:35.000Z</time>
        <extensions>
          <ns3:TrackPointExtension>
            <ns3:hr>148</ns3:hr>
            <ns3:cad>97</ns3:cad>
          </ns3:TrackPointExtension>
        </extensions>
      </trkpt>
      <trkpt lat="51.47382703609764575958251953125" lon="-0.3094717673957347869873046875">
        <ele>5</ele>
        <time>2019-11-02T12:06:41.000Z</time>
        <extensions>
          <ns3:TrackPointExtension>
            <ns3:hr>146</ns3:hr>
            <ns3:cad>96</ns3:cad>
          </ns3:TrackPointExtension>
        </extensions>
      </trkpt>
      <trkpt lat="51.4737376011908054351806640625" lon="-0.30976857058703899383544921875">
        <ele>4.80000019073486328125</ele>
        <time>2019-11-02T12:06:46.000Z</time>
        <extensions>
          <ns3:TrackPointExtension>
            <ns3:hr>148</ns3:hr>
            <ns3:cad>97</ns3:cad>
          </ns3:TrackPointExtension>
        </extensions>
      </trkpt>
      <trkpt lat="51.47360877133905887603759765625" lon="-0.31002254225313663482666015625">
        <ele>6.599999904632568359375</ele>
        <time>2019-11-02T12:06:53.000Z</time>
        <extensions>
          <ns3:TrackPointExtension>
            <ns3:hr>147</ns3:hr>
            <ns3:cad>96</ns3:cad>
          </ns3:TrackPointExtension>
        </extensions>
      </trkpt>
      <trkpt lat="51.47355780936777591705322265625" lon="-0.31035765074193477630615234375">
        <ele>7.400000095367431640625</ele>
        <time>2019-11-02T12:06:59.000Z</time>
        <extensions>
          <ns3:TrackPointExtension>
            <ns3:hr>147</ns3:hr>
            <ns3:cad>97</ns3:cad>
          </ns3:TrackPointExtension>
        </extensions>
      </trkpt>
      <trkpt lat="51.47349813021719455718994140625" lon="-0.3106386959552764892578125">
        <ele>6.19999980926513671875</ele>
        <time>2019-11-02T12:07:04.000Z</time>
        <extensions>
          <ns3:TrackPointExtension>
            <ns3:hr>146</ns3:hr>
            <ns3:cad>97</ns3:cad>
          </ns3:TrackPointExtension>
        </extensions>
      </trkpt>
      <trkpt lat="51.473398469388484954833984375" lon="-0.31088344752788543701171875">
        <ele>5.19999980926513671875</ele>
        <time>2019-11-02T12:07:10.000Z</time>
        <extensions>
          <ns3:TrackPointExtension>
            <ns3:hr>147</ns3:hr>
            <ns3:cad>97</ns3:cad>
          </ns3:TrackPointExtension>
        </extensions>
      </trkpt>
      <trkpt lat="51.4733625948429107666015625" lon="-0.31119458377361297607421875">
        <ele>5.19999980926513671875</ele>
        <time>2019-11-02T12:07:16.000Z</time>
        <extensions>
          <ns3:TrackPointExtension>
            <ns3:hr>146</ns3:hr>
            <ns3:cad>96</ns3:cad>
          </ns3:TrackPointExtension>
        </extensions>
      </trkpt>
      <trkpt lat="51.47330886684358119964599609375" lon="-0.31151334755122661590576171875">
        <ele>6.599999904632568359375</ele>
        <time>2019-11-02T12:07:22.000Z</time>
        <extensions>
          <ns3:TrackPointExtension>
            <ns3:hr>147</ns3:hr>
            <ns3:cad>96</ns3:cad>
          </ns3:TrackPointExtension>
        </extensions>
      </trkpt>
      <trkpt lat="51.4732346870005130767822265625" lon="-0.31178592704236507415771484375">
        <ele>7</ele>
        <time>2019-11-02T12:07:28.000Z</time>
        <extensions>
          <ns3:TrackPointExtension>
            <ns3:hr>148</ns3:hr>
            <ns3:cad>96</ns3:cad>
          </ns3:TrackPointExtension>
        </extensions>
      </trkpt>
      <trkpt lat="51.4731347747147083282470703125" lon="-0.3119628690183162689208984375">
        <ele>5.80000019073486328125</ele>
        <time>2019-11-02T12:07:32.000Z</time>
        <extensions>
          <ns3:TrackPointExtension>
            <ns3:hr>148</ns3:hr>
            <ns3:cad>96</ns3:cad>
          </ns3:TrackPointExtension>
        </extensions>
      </trkpt>
      <trkpt lat="51.472985744476318359375" lon="-0.31224458478391170501708984375">
        <ele>5.599999904632568359375</ele>
        <time>2019-11-02T12:07:38.000Z</time>
        <extensions>
          <ns3:TrackPointExtension>
            <ns3:hr>148</ns3:hr>
            <ns3:cad>97</ns3:cad>
          </ns3:TrackPointExtension>
        </extensions>
      </trkpt>
      <trkpt lat="51.4729309268295764923095703125" lon="-0.31252202577888965606689453125">
        <ele>7.19999980926513671875</ele>
        <time>2019-11-02T12:07:43.000Z</time>
        <extensions>
          <ns3:TrackPointExtension>
            <ns3:hr>147</ns3:hr>
            <ns3:cad>97</ns3:cad>
          </ns3:TrackPointExtension>
        </extensions>
      </trkpt>
      <trkpt lat="51.4728528074920177459716796875" lon="-0.31282025389373302459716796875">
        <ele>9</ele>
        <time>2019-11-02T12:07:49.000Z</time>
        <extensions>
          <ns3:TrackPointExtension>
            <ns3:hr>147</ns3:hr>
            <ns3:cad>97</ns3:cad>
          </ns3:TrackPointExtension>
        </extensions>
      </trkpt>
      <trkpt lat="51.4728142507374286651611328125" lon="-0.31291882507503032684326171875">
        <ele>9</ele>
        <time>2019-11-02T12:07:51.000Z</time>
        <extensions>
          <ns3:TrackPointExtension>
            <ns3:hr>147</ns3:hr>
            <ns3:cad>96</ns3:cad>
          </ns3:TrackPointExtension>
        </extensions>
      </trkpt>
      <trkpt lat="51.47266195155680179595947265625" lon="-0.3131292946636676788330078125">
        <ele>7.80000019073486328125</ele>
        <time>2019-11-02T12:07:56.000Z</time>
        <extensions>
          <ns3:TrackPointExtension>
            <ns3:hr>148</ns3:hr>
            <ns3:cad>97</ns3:cad>
          </ns3:TrackPointExtension>
        </extensions>
      </trkpt>
      <trkpt lat="51.47263529710471630096435546875" lon="-0.3132416121661663055419921875">
        <ele>7.599999904632568359375</ele>
        <time>2019-11-02T12:07:57.000Z</time>
        <extensions>
          <ns3:TrackPointExtension>
            <ns3:hr>148</ns3:hr>
            <ns3:cad>97</ns3:cad>
          </ns3:TrackPointExtension>
        </extensions>
      </trkpt>
      <trkpt lat="51.472553908824920654296875" lon="-0.31353288330137729644775390625">
        <ele>8.3999996185302734375</ele>
        <time>2019-11-02T12:08:04.000Z</time>
        <extensions>
          <ns3:TrackPointExtension>
            <ns3:hr>150</ns3:hr>
            <ns3:cad>97</ns3:cad>
          </ns3:TrackPointExtension>
        </extensions>
      </trkpt>
      <trkpt lat="51.47253421135246753692626953125" lon="-0.313837230205535888671875">
        <ele>9.3999996185302734375</ele>
        <time>2019-11-02T12:08:09.000Z</time>
        <extensions>
          <ns3:TrackPointExtension>
            <ns3:hr>150</ns3:hr>
            <ns3:cad>97</ns3:cad>
          </ns3:TrackPointExtension>
        </extensions>
      </trkpt>
      <trkpt lat="51.47248526103794574737548828125" lon="-0.3141334466636180877685546875">
        <ele>9.80000019073486328125</ele>
        <time>2019-11-02T12:08:15.000Z</time>
        <extensions>
          <ns3:TrackPointExtension>
            <ns3:hr>149</ns3:hr>
            <ns3:cad>96</ns3:cad>
          </ns3:TrackPointExtension>
        </extensions>
      </trkpt>
      <trkpt lat="51.472387276589870452880859375" lon="-0.31443536281585693359375">
        <ele>6.400000095367431640625</ele>
        <time>2019-11-02T12:08:22.000Z</time>
        <extensions>
          <ns3:TrackPointExtension>
            <ns3:hr>148</ns3:hr>
            <ns3:cad>98</ns3:cad>
          </ns3:TrackPointExtension>
        </extensions>
      </trkpt>
      <trkpt lat="51.4722405932843685150146484375" lon="-0.31467474997043609619140625">
        <ele>2.400000095367431640625</ele>
        <time>2019-11-02T12:08:28.000Z</time>
        <extensions>
          <ns3:TrackPointExtension>
            <ns3:hr>148</ns3:hr>
            <ns3:cad>97</ns3:cad>
          </ns3:TrackPointExtension>
        </extensions>
      </trkpt>
      <trkpt lat="51.47216289304196834564208984375" lon="-0.31500063836574554443359375">
        <ele>2</ele>
        <time>2019-11-02T12:08:34.000Z</time>
        <extensions>
          <ns3:TrackPointExtension>
            <ns3:hr>149</ns3:hr>
            <ns3:cad>97</ns3:cad>
          </ns3:TrackPointExtension>
        </extensions>
      </trkpt>
      <trkpt lat="51.47206583060324192047119140625" lon="-0.315293334424495697021484375">
        <ele>3.599999904632568359375</ele>
        <time>2019-11-02T12:08:40.000Z</time>
        <extensions>
          <ns3:TrackPointExtension>
            <ns3:hr>148</ns3:hr>
            <ns3:cad>97</ns3:cad>
          </ns3:TrackPointExtension>
        </extensions>
      </trkpt>
      <trkpt lat="51.471990309655666351318359375" lon="-0.315591394901275634765625">
        <ele>5.80000019073486328125</ele>
        <time>2019-11-02T12:08:46.000Z</time>
        <extensions>
          <ns3:TrackPointExtension>
            <ns3:hr>148</ns3:hr>
            <ns3:cad>97</ns3:cad>
          </ns3:TrackPointExtension>
        </extensions>
      </trkpt>
      <trkpt lat="51.47187841124832630157470703125" lon="-0.31591258943080902099609375">
        <ele>7.80000019073486328125</ele>
        <time>2019-11-02T12:08:52.000Z</time>
        <extensions>
          <ns3:TrackPointExtension>
            <ns3:hr>149</ns3:hr>
            <ns3:cad>97</ns3:cad>
          </ns3:TrackPointExtension>
        </extensions>
      </trkpt>
      <trkpt lat="51.47176600992679595947265625" lon="-0.3161772899329662322998046875">
        <ele>8.80000019073486328125</ele>
        <time>2019-11-02T12:08:58.000Z</time>
        <extensions>
          <ns3:TrackPointExtension>
            <ns3:hr>149</ns3:hr>
            <ns3:cad>97</ns3:cad>
          </ns3:TrackPointExtension>
        </extensions>
      </trkpt>
      <trkpt lat="51.47163701243698596954345703125" lon="-0.31643302179872989654541015625">
        <ele>8.80000019073486328125</ele>
        <time>2019-11-02T12:09:03.000Z</time>
        <extensions>
          <ns3:TrackPointExtension>
            <ns3:hr>148</ns3:hr>
            <ns3:cad>97</ns3:cad>
          </ns3:TrackPointExtension>
        </extensions>
      </trkpt>
      <trkpt lat="51.471454203128814697265625" lon="-0.31672404147684574127197265625">
        <ele>6.400000095367431640625</ele>
        <time>2019-11-02T12:09:09.000Z</time>
        <extensions>
          <ns3:TrackPointExtension>
            <ns3:hr>148</ns3:hr>
            <ns3:cad>98</ns3:cad>
          </ns3:TrackPointExtension>
        </extensions>
      </trkpt>
      <trkpt lat="51.4714124612510204315185546875" lon="-0.31701656989753246307373046875">
        <ele>3.7999999523162841796875</ele>
        <time>2019-11-02T12:09:14.000Z</time>
        <extensions>
          <ns3:TrackPointExtension>
            <ns3:hr>149</ns3:hr>
            <ns3:cad>97</ns3:cad>
          </ns3:TrackPointExtension>
        </extensions>
      </trkpt>
      <trkpt lat="51.47135705687105655670166015625" lon="-0.317348577082157135009765625">
        <ele>4.599999904632568359375</ele>
        <time>2019-11-02T12:09:20.000Z</time>
        <extensions>
          <ns3:TrackPointExtension>
            <ns3:hr>148</ns3:hr>
            <ns3:cad>96</ns3:cad>
          </ns3:TrackPointExtension>
        </extensions>
      </trkpt>
      <trkpt lat="51.47127776406705379486083984375" lon="-0.317571870982646942138671875">
        <ele>6.599999904632568359375</ele>
        <time>2019-11-02T12:09:25.000Z</time>
        <extensions>
          <ns3:TrackPointExtension>
            <ns3:hr>148</ns3:hr>
            <ns3:cad>97</ns3:cad>
          </ns3:TrackPointExtension>
        </extensions>
      </trkpt>
      <trkpt lat="51.47116041742265224456787109375" lon="-0.3178892098367214202880859375">
        <ele>8</ele>
        <time>2019-11-02T12:09:32.000Z</time>
        <extensions>
          <ns3:TrackPointExtension>
            <ns3:hr>149</ns3:hr>
            <ns3:cad>98</ns3:cad>
          </ns3:TrackPointExtension>
        </extensions>
      </trkpt>
      <trkpt lat="51.47101339884102344512939453125" lon="-0.31806313432753086090087890625">
        <ele>7.599999904632568359375</ele>
        <time>2019-11-02T12:09:37.000Z</time>
        <extensions>
          <ns3:TrackPointExtension>
            <ns3:hr>148</ns3:hr>
            <ns3:cad>95</ns3:cad>
          </ns3:TrackPointExtension>
        </extensions>
      </trkpt>
      <trkpt lat="51.470810472965240478515625" lon="-0.31816841103136539459228515625">
        <ele>7.400000095367431640625</ele>
        <time>2019-11-02T12:09:42.000Z</time>
        <extensions>
          <ns3:TrackPointExtension>
            <ns3:hr>148</ns3:hr>
            <ns3:cad>96</ns3:cad>
          </ns3:TrackPointExtension>
        </extensions>
      </trkpt>
      <trkpt lat="51.47064828313887119293212890625" lon="-0.3183653019368648529052734375">
        <ele>7.599999904632568359375</ele>
        <time>2019-11-02T12:09:48.000Z</time>
        <extensions>
          <ns3:TrackPointExtension>
            <ns3:hr>148</ns3:hr>
            <ns3:cad>97</ns3:cad>
          </ns3:TrackPointExtension>
        </extensions>
      </trkpt>
      <trkpt lat="51.4704921282827854156494140625" lon="-0.31852179206907749176025390625">
        <ele>8.6000003814697265625</ele>
        <time>2019-11-02T12:09:54.000Z</time>
        <extensions>
          <ns3:TrackPointExtension>
            <ns3:hr>147</ns3:hr>
            <ns3:cad>97</ns3:cad>
          </ns3:TrackPointExtension>
        </extensions>
      </trkpt>
      <trkpt lat="51.47029993124306201934814453125" lon="-0.31858381815254688262939453125">
        <ele>9.80000019073486328125</ele>
        <time>2019-11-02T12:09:59.000Z</time>
        <extensions>
          <ns3:TrackPointExtension>
            <ns3:hr>148</ns3:hr>
            <ns3:cad>96</ns3:cad>
          </ns3:TrackPointExtension>
        </extensions>
      </trkpt>
      <trkpt lat="51.4701182954013347625732421875" lon="-0.318641401827335357666015625">
        <ele>10</ele>
        <time>2019-11-02T12:10:04.000Z</time>
        <extensions>
          <ns3:TrackPointExtension>
            <ns3:hr>150</ns3:hr>
            <ns3:cad>96</ns3:cad>
          </ns3:TrackPointExtension>
        </extensions>
      </trkpt>
      <trkpt lat="51.4699060656130313873291015625" lon="-0.31871289946138858795166015625">
        <ele>9.6000003814697265625</ele>
        <time>2019-11-02T12:10:10.000Z</time>
        <extensions>
          <ns3:TrackPointExtension>
            <ns3:hr>149</ns3:hr>
            <ns3:cad>96</ns3:cad>
          </ns3:TrackPointExtension>
        </extensions>
      </trkpt>
      <trkpt lat="51.46968436427414417266845703125" lon="-0.318766795098781585693359375">
        <ele>8.80000019073486328125</ele>
        <time>2019-11-02T12:10:16.000Z</time>
        <extensions>
          <ns3:TrackPointExtension>
            <ns3:hr>150</ns3:hr>
            <ns3:cad>96</ns3:cad>
          </ns3:TrackPointExtension>
        </extensions>
      </trkpt>
      <trkpt lat="51.469492502510547637939453125" lon="-0.31880342401564121246337890625">
        <ele>8.19999980926513671875</ele>
        <time>2019-11-02T12:10:21.000Z</time>
        <extensions>
          <ns3:TrackPointExtension>
            <ns3:hr>150</ns3:hr>
            <ns3:cad>97</ns3:cad>
          </ns3:TrackPointExtension>
        </extensions>
      </trkpt>
      <trkpt lat="51.46929561160504817962646484375" lon="-0.3188511170446872711181640625">
        <ele>8</ele>
        <time>2019-11-02T12:10:26.000Z</time>
        <extensions>
          <ns3:TrackPointExtension>
            <ns3:hr>149</ns3:hr>
            <ns3:cad>96</ns3:cad>
          </ns3:TrackPointExtension>
        </extensions>
      </trkpt>
      <trkpt lat="51.46910986863076686859130859375" lon="-0.318940468132495880126953125">
        <ele>7.80000019073486328125</ele>
        <time>2019-11-02T12:10:33.000Z</time>
        <extensions>
          <ns3:TrackPointExtension>
            <ns3:hr>149</ns3:hr>
            <ns3:cad>97</ns3:cad>
          </ns3:TrackPointExtension>
        </extensions>
      </trkpt>
      <trkpt lat="51.46889244206249713897705078125" lon="-0.31898011453449726104736328125">
        <ele>8</ele>
        <time>2019-11-02T12:10:37.000Z</time>
        <extensions>
          <ns3:TrackPointExtension>
            <ns3:hr>151</ns3:hr>
            <ns3:cad>95</ns3:cad>
          </ns3:TrackPointExtension>
        </extensions>
      </trkpt>
      <trkpt lat="51.4686849899590015411376953125" lon="-0.3190043382346630096435546875">
        <ele>6.80000019073486328125</ele>
        <time>2019-11-02T12:10:42.000Z</time>
        <extensions>
          <ns3:TrackPointExtension>
            <ns3:hr>151</ns3:hr>
            <ns3:cad>97</ns3:cad>
          </ns3:TrackPointExtension>
        </extensions>
      </trkpt>
      <trkpt lat="51.46855146624147891998291015625" lon="-0.31903761439025402069091796875">
        <ele>6.400000095367431640625</ele>
        <time>2019-11-02T12:10:46.000Z</time>
        <extensions>
          <ns3:TrackPointExtension>
            <ns3:hr>148</ns3:hr>
            <ns3:cad>96</ns3:cad>
          </ns3:TrackPointExtension>
        </extensions>
      </trkpt>
      <trkpt lat="51.46835155785083770751953125" lon="-0.31908019445836544036865234375">
        <ele>7</ele>
        <time>2019-11-02T12:10:52.000Z</time>
        <extensions>
          <ns3:TrackPointExtension>
            <ns3:hr>148</ns3:hr>
            <ns3:cad>97</ns3:cad>
          </ns3:TrackPointExtension>
        </extensions>
      </trkpt>
      <trkpt lat="51.468144021928310394287109375" lon="-0.31909310258924961090087890625">
        <ele>7.599999904632568359375</ele>
        <time>2019-11-02T12:10:58.000Z</time>
        <extensions>
          <ns3:TrackPointExtension>
            <ns3:hr>148</ns3:hr>
            <ns3:cad>97</ns3:cad>
          </ns3:TrackPointExtension>
        </extensions>
      </trkpt>
      <trkpt lat="51.46790656261146068572998046875" lon="-0.319157727062702178955078125">
        <ele>8.19999980926513671875</ele>
        <time>2019-11-02T12:11:06.000Z</time>
        <extensions>
          <ns3:TrackPointExtension>
            <ns3:hr>148</ns3:hr>
            <ns3:cad>96</ns3:cad>
          </ns3:TrackPointExtension>
        </extensions>
      </trkpt>
      <trkpt lat="51.4677116833627223968505859375" lon="-0.31920500099658966064453125">
        <ele>8.6000003814697265625</ele>
        <time>2019-11-02T12:11:13.000Z</time>
        <extensions>
          <ns3:TrackPointExtension>
            <ns3:hr>148</ns3:hr>
            <ns3:cad>96</ns3:cad>
          </ns3:TrackPointExtension>
        </extensions>
      </trkpt>
      <trkpt lat="51.46749702282249927520751953125" lon="-0.31925353221595287322998046875">
        <ele>9.3999996185302734375</ele>
        <time>2019-11-02T12:11:18.000Z</time>
        <extensions>
          <ns3:TrackPointExtension>
            <ns3:hr>149</ns3:hr>
            <ns3:cad>97</ns3:cad>
          </ns3:TrackPointExtension>
        </extensions>
      </trkpt>
      <trkpt lat="51.46730457432568073272705078125" lon="-0.3192819468677043914794921875">
        <ele>9</ele>
        <time>2019-11-02T12:11:23.000Z</time>
        <extensions>
          <ns3:TrackPointExtension>
            <ns3:hr>149</ns3:hr>
            <ns3:cad>96</ns3:cad>
          </ns3:TrackPointExtension>
        </extensions>
      </trkpt>
      <trkpt lat="51.4671028219163417816162109375" lon="-0.319332070648670196533203125">
        <ele>8.19999980926513671875</ele>
        <time>2019-11-02T12:11:29.000Z</time>
        <extensions>
          <ns3:TrackPointExtension>
            <ns3:hr>147</ns3:hr>
            <ns3:cad>96</ns3:cad>
          </ns3:TrackPointExtension>
        </extensions>
      </trkpt>
      <trkpt lat="51.46691649220883846282958984375" lon="-0.31933450140058994293212890625">
        <ele>7.19999980926513671875</ele>
        <time>2019-11-02T12:11:34.000Z</time>
        <extensions>
          <ns3:TrackPointExtension>
            <ns3:hr>147</ns3:hr>
            <ns3:cad>96</ns3:cad>
          </ns3:TrackPointExtension>
        </extensions>
      </trkpt>
      <trkpt lat="51.46672882139682769775390625" lon="-0.3193987905979156494140625">
        <ele>7</ele>
        <time>2019-11-02T12:11:40.000Z</time>
        <extensions>
          <ns3:TrackPointExtension>
            <ns3:hr>148</ns3:hr>
            <ns3:cad>97</ns3:cad>
          </ns3:TrackPointExtension>
        </extensions>
      </trkpt>
      <trkpt lat="51.466513238847255706787109375" lon="-0.3194666840136051177978515625">
        <ele>7.599999904632568359375</ele>
        <time>2019-11-02T12:11:46.000Z</time>
        <extensions>
          <ns3:TrackPointExtension>
            <ns3:hr>149</ns3:hr>
            <ns3:cad>96</ns3:cad>
          </ns3:TrackPointExtension>
        </extensions>
      </trkpt>
      <trkpt lat="51.4663266576826572418212890625" lon="-0.31958109699189662933349609375">
        <ele>8.19999980926513671875</ele>
        <time>2019-11-02T12:11:54.000Z</time>
        <extensions>
          <ns3:TrackPointExtension>
            <ns3:hr>149</ns3:hr>
            <ns3:cad>97</ns3:cad>
          </ns3:TrackPointExtension>
        </extensions>
      </trkpt>
      <trkpt lat="51.46619640290737152099609375" lon="-0.3198193944990634918212890625">
        <ele>8.6000003814697265625</ele>
        <time>2019-11-02T12:12:04.000Z</time>
        <extensions>
          <ns3:TrackPointExtension>
            <ns3:hr>150</ns3:hr>
            <ns3:cad>96</ns3:cad>
          </ns3:TrackPointExtension>
        </extensions>
      </trkpt>
      <trkpt lat="51.4660460315644741058349609375" lon="-0.32003522850573062896728515625">
        <ele>9</ele>
        <time>2019-11-02T12:12:15.000Z</time>
        <extensions>
          <ns3:TrackPointExtension>
            <ns3:hr>148</ns3:hr>
            <ns3:cad>96</ns3:cad>
          </ns3:TrackPointExtension>
        </extensions>
      </trkpt>
      <trkpt lat="51.46585442125797271728515625" lon="-0.3201127611100673675537109375">
        <ele>9</ele>
        <time>2019-11-02T12:12:24.000Z</time>
        <extensions>
          <ns3:TrackPointExtension>
            <ns3:hr>148</ns3:hr>
            <ns3:cad>97</ns3:cad>
          </ns3:TrackPointExtension>
        </extensions>
      </trkpt>
      <trkpt lat="51.4656497351825237274169921875" lon="-0.32005551271140575408935546875">
        <ele>8.3999996185302734375</ele>
        <time>2019-11-02T12:12:29.000Z</time>
        <extensions>
          <ns3:TrackPointExtension>
            <ns3:hr>148</ns3:hr>
            <ns3:cad>96</ns3:cad>
          </ns3:TrackPointExtension>
        </extensions>
      </trkpt>
      <trkpt lat="51.46545234136283397674560546875" lon="-0.31996498815715312957763671875">
        <ele>8</ele>
        <time>2019-11-02T12:12:34.000Z</time>
        <extensions>
          <ns3:TrackPointExtension>
            <ns3:hr>148</ns3:hr>
            <ns3:cad>95</ns3:cad>
          </ns3:TrackPointExtension>
        </extensions>
      </trkpt>
      <trkpt lat="51.46526223979890346527099609375" lon="-0.31982249580323696136474609375">
        <ele>8.3999996185302734375</ele>
        <time>2019-11-02T12:12:38.000Z</time>
        <extensions>
          <ns3:TrackPointExtension>
            <ns3:hr>148</ns3:hr>
            <ns3:cad>96</ns3:cad>
          </ns3:TrackPointExtension>
        </extensions>
      </trkpt>
      <trkpt lat="51.4650972001254558563232421875" lon="-0.3196554444730281829833984375">
        <ele>9</ele>
        <time>2019-11-02T12:12:44.000Z</time>
        <extensions>
          <ns3:TrackPointExtension>
            <ns3:hr>150</ns3:hr>
            <ns3:cad>96</ns3:cad>
          </ns3:TrackPointExtension>
        </extensions>
      </trkpt>
      <trkpt lat="51.46493350155651569366455078125" lon="-0.31950884498655796051025390625">
        <ele>9.19999980926513671875</ele>
        <time>2019-11-02T12:12:48.000Z</time>
        <extensions>
          <ns3:TrackPointExtension>
            <ns3:hr>149</ns3:hr>
            <ns3:cad>96</ns3:cad>
          </ns3:TrackPointExtension>
        </extensions>
      </trkpt>
      <trkpt lat="51.464698724448680877685546875" lon="-0.31928546726703643798828125">
        <ele>9</ele>
        <time>2019-11-02T12:12:52.000Z</time>
        <extensions>
          <ns3:TrackPointExtension>
            <ns3:hr>147</ns3:hr>
            <ns3:cad>96</ns3:cad>
          </ns3:TrackPointExtension>
        </extensions>
      </trkpt>
      <trkpt lat="51.46452882327139377593994140625" lon="-0.31908991746604442596435546875">
        <ele>9</ele>
        <time>2019-11-02T12:12:59.000Z</time>
        <extensions>
          <ns3:TrackPointExtension>
            <ns3:hr>148</ns3:hr>
            <ns3:cad>97</ns3:cad>
          </ns3:TrackPointExtension>
        </extensions>
      </trkpt>
      <trkpt lat="51.4643901027739048004150390625" lon="-0.318900234997272491455078125">
        <ele>9.19999980926513671875</ele>
        <time>2019-11-02T12:13:04.000Z</time>
        <extensions>
          <ns3:TrackPointExtension>
            <ns3:hr>148</ns3:hr>
            <ns3:cad>97</ns3:cad>
          </ns3:TrackPointExtension>
        </extensions>
      </trkpt>
      <trkpt lat="51.46423176862299442291259765625" lon="-0.31869043596088886260986328125">
        <ele>8.3999996185302734375</ele>
        <time>2019-11-02T12:13:10.000Z</time>
        <extensions>
          <ns3:TrackPointExtension>
            <ns3:hr>148</ns3:hr>
            <ns3:cad>96</ns3:cad>
          </ns3:TrackPointExtension>
        </extensions>
      </trkpt>
      <trkpt lat="51.464093886315822601318359375" lon="-0.31848122365772724151611328125">
        <ele>7.80000019073486328125</ele>
        <time>2019-11-02T12:13:16.000Z</time>
        <extensions>
          <ns3:TrackPointExtension>
            <ns3:hr>149</ns3:hr>
            <ns3:cad>96</ns3:cad>
          </ns3:TrackPointExtension>
        </extensions>
      </trkpt>
      <trkpt lat="51.46392951719462871551513671875" lon="-0.3182395733892917633056640625">
        <ele>7.599999904632568359375</ele>
        <time>2019-11-02T12:13:21.000Z</time>
        <extensions>
          <ns3:TrackPointExtension>
            <ns3:hr>150</ns3:hr>
            <ns3:cad>96</ns3:cad>
          </ns3:TrackPointExtension>
        </extensions>
      </trkpt>
      <trkpt lat="51.46377629600465297698974609375" lon="-0.31801410019397735595703125">
        <ele>7</ele>
        <time>2019-11-02T12:13:26.000Z</time>
        <extensions>
          <ns3:TrackPointExtension>
            <ns3:hr>150</ns3:hr>
            <ns3:cad>96</ns3:cad>
          </ns3:TrackPointExtension>
        </extensions>
      </trkpt>
      <trkpt lat="51.46363296546041965484619140625" lon="-0.3177755512297153472900390625">
        <ele>6.80000019073486328125</ele>
        <time>2019-11-02T12:13:30.000Z</time>
        <extensions>
          <ns3:TrackPointExtension>
            <ns3:hr>150</ns3:hr>
            <ns3:cad>97</ns3:cad>
          </ns3:TrackPointExtension>
        </extensions>
      </trkpt>
      <trkpt lat="51.46352433599531650543212890625" lon="-0.3175408579409122467041015625">
        <ele>6.80000019073486328125</ele>
        <time>2019-11-02T12:13:38.000Z</time>
        <extensions>
          <ns3:TrackPointExtension>
            <ns3:hr>152</ns3:hr>
            <ns3:cad>97</ns3:cad>
          </ns3:TrackPointExtension>
        </extensions>
      </trkpt>
      <trkpt lat="51.4634010381996631622314453125" lon="-0.31732602976262569427490234375">
        <ele>7</ele>
        <time>2019-11-02T12:13:44.000Z</time>
        <extensions>
          <ns3:TrackPointExtension>
            <ns3:hr>151</ns3:hr>
            <ns3:cad>95</ns3:cad>
          </ns3:TrackPointExtension>
        </extensions>
      </trkpt>
      <trkpt lat="51.463259719312191009521484375" lon="-0.31711556017398834228515625">
        <ele>6.80000019073486328125</ele>
        <time>2019-11-02T12:13:49.000Z</time>
        <extensions>
          <ns3:TrackPointExtension>
            <ns3:hr>150</ns3:hr>
            <ns3:cad>95</ns3:cad>
          </ns3:TrackPointExtension>
        </extensions>
      </trkpt>
      <trkpt lat="51.46312401629984378814697265625" lon="-0.31690609641373157501220703125">
        <ele>6.19999980926513671875</ele>
        <time>2019-11-02T12:13:53.000Z</time>
        <extensions>
          <ns3:TrackPointExtension>
            <ns3:hr>150</ns3:hr>
            <ns3:cad>97</ns3:cad>
          </ns3:TrackPointExtension>
        </extensions>
      </trkpt>
      <trkpt lat="51.46295302547514438629150390625" lon="-0.31666520051658153533935546875">
        <ele>5.400000095367431640625</ele>
        <time>2019-11-02T12:13:59.000Z</time>
        <extensions>
          <ns3:TrackPointExtension>
            <ns3:hr>150</ns3:hr>
            <ns3:cad>96</ns3:cad>
          </ns3:TrackPointExtension>
        </extensions>
      </trkpt>
      <trkpt lat="51.462786979973316192626953125" lon="-0.31644559465348720550537109375">
        <ele>5</ele>
        <time>2019-11-02T12:14:04.000Z</time>
        <extensions>
          <ns3:TrackPointExtension>
            <ns3:hr>148</ns3:hr>
            <ns3:cad>96</ns3:cad>
          </ns3:TrackPointExtension>
        </extensions>
      </trkpt>
      <trkpt lat="51.4626473374664783477783203125" lon="-0.31621634960174560546875">
        <ele>6.400000095367431640625</ele>
        <time>2019-11-02T12:14:11.000Z</time>
        <extensions>
          <ns3:TrackPointExtension>
            <ns3:hr>151</ns3:hr>
            <ns3:cad>96</ns3:cad>
          </ns3:TrackPointExtension>
        </extensions>
      </trkpt>
      <trkpt lat="51.4624833874404430389404296875" lon="-0.316015183925628662109375">
        <ele>8</ele>
        <time>2019-11-02T12:14:18.000Z</time>
        <extensions>
          <ns3:TrackPointExtension>
            <ns3:hr>150</ns3:hr>
            <ns3:cad>96</ns3:cad>
          </ns3:TrackPointExtension>
        </extensions>
      </trkpt>
      <trkpt lat="51.46236696280539035797119140625" lon="-0.31583690084517002105712890625">
        <ele>9.19999980926513671875</ele>
        <time>2019-11-02T12:14:23.000Z</time>
        <extensions>
          <ns3:TrackPointExtension>
            <ns3:hr>149</ns3:hr>
            <ns3:cad>95</ns3:cad>
          </ns3:TrackPointExtension>
        </extensions>
      </trkpt>
      <trkpt lat="51.46218926645815372467041015625" lon="-0.3156009502708911895751953125">
        <ele>9.80000019073486328125</ele>
        <time>2019-11-02T12:14:29.000Z</time>
        <extensions>
          <ns3:TrackPointExtension>
            <ns3:hr>149</ns3:hr>
            <ns3:cad>96</ns3:cad>
          </ns3:TrackPointExtension>
        </extensions>
      </trkpt>
      <trkpt lat="51.46203671582043170928955078125" lon="-0.31534253619611263275146484375">
        <ele>8.80000019073486328125</ele>
        <time>2019-11-02T12:14:37.000Z</time>
        <extensions>
          <ns3:TrackPointExtension>
            <ns3:hr>149</ns3:hr>
            <ns3:cad>97</ns3:cad>
          </ns3:TrackPointExtension>
        </extensions>
      </trkpt>
      <trkpt lat="51.4618805609643459320068359375" lon="-0.31513734720647335052490234375">
        <ele>8.6000003814697265625</ele>
        <time>2019-11-02T12:14:42.000Z</time>
        <extensions>
          <ns3:TrackPointExtension>
            <ns3:hr>148</ns3:hr>
            <ns3:cad>96</ns3:cad>
          </ns3:TrackPointExtension>
        </extensions>
      </trkpt>
      <trkpt lat="51.46173329092562198638916015625" lon="-0.31493752263486385345458984375">
        <ele>8.3999996185302734375</ele>
        <time>2019-11-02T12:14:47.000Z</time>
        <extensions>
          <ns3:TrackPointExtension>
            <ns3:hr>148</ns3:hr>
            <ns3:cad>96</ns3:cad>
          </ns3:TrackPointExtension>
        </extensions>
      </trkpt>
      <trkpt lat="51.4615895412862300872802734375" lon="-0.31474926508963108062744140625">
        <ele>8.6000003814697265625</ele>
        <time>2019-11-02T12:14:51.000Z</time>
        <extensions>
          <ns3:TrackPointExtension>
            <ns3:hr>148</ns3:hr>
            <ns3:cad>96</ns3:cad>
          </ns3:TrackPointExtension>
        </extensions>
      </trkpt>
      <trkpt lat="51.4614562690258026123046875" lon="-0.3145493566989898681640625">
        <ele>7.599999904632568359375</ele>
        <time>2019-11-02T12:14:57.000Z</time>
        <extensions>
          <ns3:TrackPointExtension>
            <ns3:hr>148</ns3:hr>
            <ns3:cad>95</ns3:cad>
          </ns3:TrackPointExtension>
        </extensions>
      </trkpt>
      <trkpt lat="51.46132090128958225250244140625" lon="-0.3143440000712871551513671875">
        <ele>6.80000019073486328125</ele>
        <time>2019-11-02T12:15:02.000Z</time>
        <extensions>
          <ns3:TrackPointExtension>
            <ns3:hr>147</ns3:hr>
            <ns3:cad>97</ns3:cad>
          </ns3:TrackPointExtension>
        </extensions>
      </trkpt>
      <trkpt lat="51.46124261431396007537841796875" lon="-0.31409061513841152191162109375">
        <ele>5.599999904632568359375</ele>
        <time>2019-11-02T12:15:11.000Z</time>
        <extensions>
          <ns3:TrackPointExtension>
            <ns3:hr>149</ns3:hr>
            <ns3:cad>97</ns3:cad>
          </ns3:TrackPointExtension>
        </extensions>
      </trkpt>
      <trkpt lat="51.46112794987857341766357421875" lon="-0.31384737230837345123291015625">
        <ele>4.80000019073486328125</ele>
        <time>2019-11-02T12:15:18.000Z</time>
        <extensions>
          <ns3:TrackPointExtension>
            <ns3:hr>147</ns3:hr>
            <ns3:cad>97</ns3:cad>
          </ns3:TrackPointExtension>
        </extensions>
      </trkpt>
      <trkpt lat="51.46096182055771350860595703125" lon="-0.31353891827166080474853515625">
        <ele>6</ele>
        <time>2019-11-02T12:15:22.000Z</time>
        <extensions>
          <ns3:TrackPointExtension>
            <ns3:hr>148</ns3:hr>
            <ns3:cad>96</ns3:cad>
          </ns3:TrackPointExtension>
        </extensions>
      </trkpt>
      <trkpt lat="51.460883952677249908447265625" lon="-0.31325141899287700653076171875">
        <ele>5.80000019073486328125</ele>
        <time>2019-11-02T12:15:30.000Z</time>
        <extensions>
          <ns3:TrackPointExtension>
            <ns3:hr>148</ns3:hr>
            <ns3:cad>96</ns3:cad>
          </ns3:TrackPointExtension>
        </extensions>
      </trkpt>
      <trkpt lat="51.46074925549328327178955078125" lon="-0.31302846036851406097412109375">
        <ele>6.19999980926513671875</ele>
        <time>2019-11-02T12:15:32.000Z</time>
        <extensions>
          <ns3:TrackPointExtension>
            <ns3:hr>149</ns3:hr>
            <ns3:cad>95</ns3:cad>
          </ns3:TrackPointExtension>
        </extensions>
      </trkpt>
      <trkpt lat="51.4606028236448764801025390625" lon="-0.31278706155717372894287109375">
        <ele>7.599999904632568359375</ele>
        <time>2019-11-02T12:15:36.000Z</time>
        <extensions>
          <ns3:TrackPointExtension>
            <ns3:hr>148</ns3:hr>
            <ns3:cad>96</ns3:cad>
          </ns3:TrackPointExtension>
        </extensions>
      </trkpt>
      <trkpt lat="51.4604868181049823760986328125" lon="-0.31248028390109539031982421875">
        <ele>9.80000019073486328125</ele>
        <time>2019-11-02T12:15:42.000Z</time>
        <extensions>
          <ns3:TrackPointExtension>
            <ns3:hr>147</ns3:hr>
            <ns3:cad>96</ns3:cad>
          </ns3:TrackPointExtension>
        </extensions>
      </trkpt>
      <trkpt lat="51.460397131741046905517578125" lon="-0.3122200258076190948486328125">
        <ele>10.3999996185302734375</ele>
        <time>2019-11-02T12:15:47.000Z</time>
        <extensions>
          <ns3:TrackPointExtension>
            <ns3:hr>148</ns3:hr>
            <ns3:cad>96</ns3:cad>
          </ns3:TrackPointExtension>
        </extensions>
      </trkpt>
      <trkpt lat="51.460247598588466644287109375" lon="-0.31188416294753551483154296875">
        <ele>10.80000019073486328125</ele>
        <time>2019-11-02T12:15:53.000Z</time>
        <extensions>
          <ns3:TrackPointExtension>
            <ns3:hr>149</ns3:hr>
            <ns3:cad>96</ns3:cad>
          </ns3:TrackPointExtension>
        </extensions>
      </trkpt>
      <trkpt lat="51.46014265716075897216796875" lon="-0.311586856842041015625">
        <ele>9</ele>
        <time>2019-11-02T12:15:59.000Z</time>
        <extensions>
          <ns3:TrackPointExtension>
            <ns3:hr>151</ns3:hr>
            <ns3:cad>97</ns3:cad>
          </ns3:TrackPointExtension>
        </extensions>
      </trkpt>
      <trkpt lat="51.4600561559200286865234375" lon="-0.31129877083003520965576171875">
        <ele>7</ele>
        <time>2019-11-02T12:16:05.000Z</time>
        <extensions>
          <ns3:TrackPointExtension>
            <ns3:hr>152</ns3:hr>
            <ns3:cad>96</ns3:cad>
          </ns3:TrackPointExtension>
        </extensions>
      </trkpt>
      <trkpt lat="51.45997677929699420928955078125" lon="-0.3110153786838054656982421875">
        <ele>4.80000019073486328125</ele>
        <time>2019-11-02T12:16:11.000Z</time>
        <extensions>
          <ns3:TrackPointExtension>
            <ns3:hr>151</ns3:hr>
            <ns3:cad>96</ns3:cad>
          </ns3:TrackPointExtension>
        </extensions>
      </trkpt>
      <trkpt lat="51.45990888588130474090576171875" lon="-0.31077423132956027984619140625">
        <ele>4.19999980926513671875</ele>
        <time>2019-11-02T12:16:17.000Z</time>
        <extensions>
          <ns3:TrackPointExtension>
            <ns3:hr>150</ns3:hr>
            <ns3:cad>96</ns3:cad>
          </ns3:TrackPointExtension>
        </extensions>
      </trkpt>
      <trkpt lat="51.459803692996501922607421875" lon="-0.31045454554259777069091796875">
        <ele>5.599999904632568359375</ele>
        <time>2019-11-02T12:16:22.000Z</time>
        <extensions>
          <ns3:TrackPointExtension>
            <ns3:hr>150</ns3:hr>
            <ns3:cad>97</ns3:cad>
          </ns3:TrackPointExtension>
        </extensions>
      </trkpt>
      <trkpt lat="51.45971291698515415191650390625" lon="-0.310189090669155120849609375">
        <ele>7.19999980926513671875</ele>
        <time>2019-11-02T12:16:27.000Z</time>
        <extensions>
          <ns3:TrackPointExtension>
            <ns3:hr>150</ns3:hr>
            <ns3:cad>97</ns3:cad>
          </ns3:TrackPointExtension>
        </extensions>
      </trkpt>
      <trkpt lat="51.4596144296228885650634765625" lon="-0.30987787060439586639404296875">
        <ele>8</ele>
        <time>2019-11-02T12:16:33.000Z</time>
        <extensions>
          <ns3:TrackPointExtension>
            <ns3:hr>149</ns3:hr>
            <ns3:cad>97</ns3:cad>
          </ns3:TrackPointExtension>
        </extensions>
      </trkpt>
      <trkpt lat="51.45951543934643268585205078125" lon="-0.30958534218370914459228515625">
        <ele>8</ele>
        <time>2019-11-02T12:16:39.000Z</time>
        <extensions>
          <ns3:TrackPointExtension>
            <ns3:hr>148</ns3:hr>
            <ns3:cad>97</ns3:cad>
          </ns3:TrackPointExtension>
        </extensions>
      </trkpt>
      <trkpt lat="51.4594001881778240203857421875" lon="-0.30929147265851497650146484375">
        <ele>7</ele>
        <time>2019-11-02T12:16:45.000Z</time>
        <extensions>
          <ns3:TrackPointExtension>
            <ns3:hr>147</ns3:hr>
            <ns3:cad>97</ns3:cad>
          </ns3:TrackPointExtension>
        </extensions>
      </trkpt>
      <trkpt lat="51.459284685552120208740234375" lon="-0.30904018320143222808837890625">
        <ele>6.19999980926513671875</ele>
        <time>2019-11-02T12:16:50.000Z</time>
        <extensions>
          <ns3:TrackPointExtension>
            <ns3:hr>148</ns3:hr>
            <ns3:cad>97</ns3:cad>
          </ns3:TrackPointExtension>
        </extensions>
      </trkpt>
      <trkpt lat="51.4591507427394390106201171875" lon="-0.3088089264929294586181640625">
        <ele>6</ele>
        <time>2019-11-02T12:16:54.000Z</time>
        <extensions>
          <ns3:TrackPointExtension>
            <ns3:hr>148</ns3:hr>
            <ns3:cad>97</ns3:cad>
          </ns3:TrackPointExtension>
        </extensions>
      </trkpt>
      <trkpt lat="51.4590287022292613983154296875" lon="-0.3085272945463657379150390625">
        <ele>5.19999980926513671875</ele>
        <time>2019-11-02T12:17:00.000Z</time>
        <extensions>
          <ns3:TrackPointExtension>
            <ns3:hr>149</ns3:hr>
            <ns3:cad>97</ns3:cad>
          </ns3:TrackPointExtension>
        </extensions>
      </trkpt>
      <trkpt lat="51.45908041857182979583740234375" lon="-0.30834096483886241912841796875">
        <ele>6.19999980926513671875</ele>
        <time>2019-11-02T12:17:05.000Z</time>
        <extensions>
          <ns3:TrackPointExtension>
            <ns3:hr>149</ns3:hr>
            <ns3:cad>97</ns3:cad>
          </ns3:TrackPointExtension>
        </extensions>
      </trkpt>
      <trkpt lat="51.45910472609102725982666015625" lon="-0.30812571756541728973388671875">
        <ele>7.19999980926513671875</ele>
        <time>2019-11-02T12:17:11.000Z</time>
        <extensions>
          <ns3:TrackPointExtension>
            <ns3:hr>150</ns3:hr>
            <ns3:cad>98</ns3:cad>
          </ns3:TrackPointExtension>
        </extensions>
      </trkpt>
      <trkpt lat="51.4590820111334323883056640625" lon="-0.30809772200882434844970703125">
        <ele>7.19999980926513671875</ele>
        <time>2019-11-02T12:17:13.000Z</time>
        <extensions>
          <ns3:TrackPointExtension>
            <ns3:hr>150</ns3:hr>
            <ns3:cad>98</ns3:cad>
          </ns3:TrackPointExtension>
        </extensions>
      </trkpt>
      <trkpt lat="51.45905435085296630859375" lon="-0.30805530957877635955810546875">
        <ele>7</ele>
        <time>2019-11-02T12:17:16.000Z</time>
        <extensions>
          <ns3:TrackPointExtension>
            <ns3:hr>150</ns3:hr>
            <ns3:cad>95</ns3:cad>
          </ns3:TrackPointExtension>
        </extensions>
      </trkpt>
      <trkpt lat="51.45891294814646244049072265625" lon="-0.307829082012176513671875">
        <ele>7.599999904632568359375</ele>
        <time>2019-11-02T12:17:21.000Z</time>
        <extensions>
          <ns3:TrackPointExtension>
            <ns3:hr>150</ns3:hr>
            <ns3:cad>96</ns3:cad>
          </ns3:TrackPointExtension>
        </extensions>
      </trkpt>
      <trkpt lat="51.458769701421260833740234375" lon="-0.3076104819774627685546875">
        <ele>8.80000019073486328125</ele>
        <time>2019-11-02T12:17:26.000Z</time>
        <extensions>
          <ns3:TrackPointExtension>
            <ns3:hr>150</ns3:hr>
            <ns3:cad>96</ns3:cad>
          </ns3:TrackPointExtension>
        </extensions>
      </trkpt>
      <trkpt lat="51.45861656405031681060791015625" lon="-0.30737386085093021392822265625">
        <ele>9.3999996185302734375</ele>
        <time>2019-11-02T12:17:32.000Z</time>
        <extensions>
          <ns3:TrackPointExtension>
            <ns3:hr>150</ns3:hr>
            <ns3:cad>96</ns3:cad>
          </ns3:TrackPointExtension>
        </extensions>
      </trkpt>
      <trkpt lat="51.45847021602094173431396484375" lon="-0.30716280452907085418701171875">
        <ele>9.19999980926513671875</ele>
        <time>2019-11-02T12:17:37.000Z</time>
        <extensions>
          <ns3:TrackPointExtension>
            <ns3:hr>148</ns3:hr>
            <ns3:cad>97</ns3:cad>
          </ns3:TrackPointExtension>
        </extensions>
      </trkpt>
      <trkpt lat="51.4582669548690319061279296875" lon="-0.30690036714076995849609375">
        <ele>10.19999980926513671875</ele>
        <time>2019-11-02T12:17:43.000Z</time>
        <extensions>
          <ns3:TrackPointExtension>
            <ns3:hr>148</ns3:hr>
            <ns3:cad>96</ns3:cad>
          </ns3:TrackPointExtension>
        </extensions>
      </trkpt>
      <trkpt lat="51.4581030048429965972900390625" lon="-0.306669361889362335205078125">
        <ele>10</ele>
        <time>2019-11-02T12:17:49.000Z</time>
        <extensions>
          <ns3:TrackPointExtension>
            <ns3:hr>150</ns3:hr>
            <ns3:cad>96</ns3:cad>
          </ns3:TrackPointExtension>
        </extensions>
      </trkpt>
      <trkpt lat="51.45794056355953216552734375" lon="-0.3064562939107418060302734375">
        <ele>11.19999980926513671875</ele>
        <time>2019-11-02T12:17:56.000Z</time>
        <extensions>
          <ns3:TrackPointExtension>
            <ns3:hr>149</ns3:hr>
            <ns3:cad>95</ns3:cad>
          </ns3:TrackPointExtension>
        </extensions>
      </trkpt>
      <trkpt lat="51.4577613584697246551513671875" lon="-0.30626862309873104095458984375">
        <ele>12</ele>
        <time>2019-11-02T12:18:01.000Z</time>
        <extensions>
          <ns3:TrackPointExtension>
            <ns3:hr>149</ns3:hr>
            <ns3:cad>94</ns3:cad>
          </ns3:TrackPointExtension>
        </extensions>
      </trkpt>
      <trkpt lat="51.4576165191829204559326171875" lon="-0.30608472414314746856689453125">
        <ele>15.19999980926513671875</ele>
        <time>2019-11-02T12:18:07.000Z</time>
        <extensions>
          <ns3:TrackPointExtension>
            <ns3:hr>149</ns3:hr>
            <ns3:cad>96</ns3:cad>
          </ns3:TrackPointExtension>
        </extensions>
      </trkpt>
      <trkpt lat="51.45745768211781978607177734375" lon="-0.30586729757487773895263671875">
        <ele>17.3999996185302734375</ele>
        <time>2019-11-02T12:18:13.000Z</time>
        <extensions>
          <ns3:TrackPointExtension>
            <ns3:hr>149</ns3:hr>
            <ns3:cad>97</ns3:cad>
          </ns3:TrackPointExtension>
        </extensions>
      </trkpt>
      <trkpt lat="51.457405127584934234619140625" lon="-0.3058001585304737091064453125">
        <ele>17.3999996185302734375</ele>
        <time>2019-11-02T12:18:15.000Z</time>
        <extensions>
          <ns3:TrackPointExtension>
            <ns3:hr>149</ns3:hr>
            <ns3:cad>97</ns3:cad>
          </ns3:TrackPointExtension>
        </extensions>
      </trkpt>
      <trkpt lat="51.4572505652904510498046875" lon="-0.3055875934660434722900390625">
        <ele>16</ele>
        <time>2019-11-02T12:18:21.000Z</time>
        <extensions>
          <ns3:TrackPointExtension>
            <ns3:hr>150</ns3:hr>
            <ns3:cad>97</ns3:cad>
          </ns3:TrackPointExtension>
        </extensions>
      </trkpt>
      <trkpt lat="51.45710815675556659698486328125" lon="-0.30540235340595245361328125">
        <ele>13.80000019073486328125</ele>
        <time>2019-11-02T12:18:26.000Z</time>
        <extensions>
          <ns3:TrackPointExtension>
            <ns3:hr>149</ns3:hr>
            <ns3:cad>95</ns3:cad>
          </ns3:TrackPointExtension>
        </extensions>
      </trkpt>
      <trkpt lat="51.4569312147796154022216796875" lon="-0.305224321782588958740234375">
        <ele>10</ele>
        <time>2019-11-02T12:18:32.000Z</time>
        <extensions>
          <ns3:TrackPointExtension>
            <ns3:hr>148</ns3:hr>
            <ns3:cad>96</ns3:cad>
          </ns3:TrackPointExtension>
        </extensions>
      </trkpt>
      <trkpt lat="51.45676466636359691619873046875" lon="-0.305066406726837158203125">
        <ele>9.19999980926513671875</ele>
        <time>2019-11-02T12:18:37.000Z</time>
        <extensions>
          <ns3:TrackPointExtension>
            <ns3:hr>149</ns3:hr>
            <ns3:cad>96</ns3:cad>
          </ns3:TrackPointExtension>
        </extensions>
      </trkpt>
      <trkpt lat="51.4566106908023357391357421875" lon="-0.30490119941532611846923828125">
        <ele>8.3999996185302734375</ele>
        <time>2019-11-02T12:18:42.000Z</time>
        <extensions>
          <ns3:TrackPointExtension>
            <ns3:hr>149</ns3:hr>
            <ns3:cad>97</ns3:cad>
          </ns3:TrackPointExtension>
        </extensions>
      </trkpt>
      <trkpt lat="51.45647297613322734832763671875" lon="-0.30477010644972324371337890625">
        <ele>9</ele>
        <time>2019-11-02T12:18:47.000Z</time>
        <extensions>
          <ns3:TrackPointExtension>
            <ns3:hr>149</ns3:hr>
            <ns3:cad>97</ns3:cad>
          </ns3:TrackPointExtension>
        </extensions>
      </trkpt>
      <trkpt lat="51.4562804438173770904541015625" lon="-0.30460330657660961151123046875">
        <ele>9.3999996185302734375</ele>
        <time>2019-11-02T12:18:52.000Z</time>
        <extensions>
          <ns3:TrackPointExtension>
            <ns3:hr>149</ns3:hr>
            <ns3:cad>96</ns3:cad>
          </ns3:TrackPointExtension>
        </extensions>
      </trkpt>
      <trkpt lat="51.45610920153558254241943359375" lon="-0.304460227489471435546875">
        <ele>9.6000003814697265625</ele>
        <time>2019-11-02T12:18:57.000Z</time>
        <extensions>
          <ns3:TrackPointExtension>
            <ns3:hr>148</ns3:hr>
            <ns3:cad>97</ns3:cad>
          </ns3:TrackPointExtension>
        </extensions>
      </trkpt>
      <trkpt lat="51.455949358642101287841796875" lon="-0.30430742539465427398681640625">
        <ele>9.80000019073486328125</ele>
        <time>2019-11-02T12:19:01.000Z</time>
        <extensions>
          <ns3:TrackPointExtension>
            <ns3:hr>148</ns3:hr>
            <ns3:cad>97</ns3:cad>
          </ns3:TrackPointExtension>
        </extensions>
      </trkpt>
      <trkpt lat="51.45578364841639995574951171875" lon="-0.30417180620133876800537109375">
        <ele>9.80000019073486328125</ele>
        <time>2019-11-02T12:19:07.000Z</time>
        <extensions>
          <ns3:TrackPointExtension>
            <ns3:hr>150</ns3:hr>
            <ns3:cad>95</ns3:cad>
          </ns3:TrackPointExtension>
        </extensions>
      </trkpt>
      <trkpt lat="51.45558751188218593597412109375" lon="-0.30407105572521686553955078125">
        <ele>8.6000003814697265625</ele>
        <time>2019-11-02T12:19:14.000Z</time>
        <extensions>
          <ns3:TrackPointExtension>
            <ns3:hr>149</ns3:hr>
            <ns3:cad>96</ns3:cad>
          </ns3:TrackPointExtension>
        </extensions>
      </trkpt>
      <trkpt lat="51.45540713332593441009521484375" lon="-0.30397432856261730194091796875">
        <ele>9</ele>
        <time>2019-11-02T12:19:20.000Z</time>
        <extensions>
          <ns3:TrackPointExtension>
            <ns3:hr>148</ns3:hr>
            <ns3:cad>96</ns3:cad>
          </ns3:TrackPointExtension>
        </extensions>
      </trkpt>
      <trkpt lat="51.4552105776965618133544921875" lon="-0.3038451634347438812255859375">
        <ele>8.19999980926513671875</ele>
        <time>2019-11-02T12:19:25.000Z</time>
        <extensions>
          <ns3:TrackPointExtension>
            <ns3:hr>148</ns3:hr>
            <ns3:cad>96</ns3:cad>
          </ns3:TrackPointExtension>
        </extensions>
      </trkpt>
      <trkpt lat="51.45501829683780670166015625" lon="-0.30373158864676952362060546875">
        <ele>9.3999996185302734375</ele>
        <time>2019-11-02T12:19:32.000Z</time>
        <extensions>
          <ns3:TrackPointExtension>
            <ns3:hr>148</ns3:hr>
            <ns3:cad>96</ns3:cad>
          </ns3:TrackPointExtension>
        </extensions>
      </trkpt>
      <trkpt lat="51.454881839454174041748046875" lon="-0.3036359511315822601318359375">
        <ele>9.80000019073486328125</ele>
        <time>2019-11-02T12:19:37.000Z</time>
        <extensions>
          <ns3:TrackPointExtension>
            <ns3:hr>151</ns3:hr>
            <ns3:cad>96</ns3:cad>
          </ns3:TrackPointExtension>
        </extensions>
      </trkpt>
      <trkpt lat="51.45475837402045726776123046875" lon="-0.3035497851669788360595703125">
        <ele>10</ele>
        <time>2019-11-02T12:19:41.000Z</time>
        <extensions>
          <ns3:TrackPointExtension>
            <ns3:hr>142</ns3:hr>
            <ns3:cad>96</ns3:cad>
          </ns3:TrackPointExtension>
        </extensions>
      </trkpt>
      <trkpt lat="51.45473507232964038848876953125" lon="-0.3035310097038745880126953125">
        <ele>10</ele>
        <time>2019-11-02T12:19:42.000Z</time>
        <extensions>
          <ns3:TrackPointExtension>
            <ns3:hr>139</ns3:hr>
            <ns3:cad>97</ns3:cad>
          </ns3:TrackPointExtension>
        </extensions>
      </trkpt>
      <trkpt lat="51.45470322109758853912353515625" lon="-0.30351139605045318603515625">
        <ele>10.3999996185302734375</ele>
        <time>2019-11-02T12:19:43.000Z</time>
        <extensions>
          <ns3:TrackPointExtension>
            <ns3:hr>123</ns3:hr>
            <ns3:cad>97</ns3:cad>
          </ns3:TrackPointExtension>
        </extensions>
      </trkpt>
      <trkpt lat="51.45451948978006839752197265625" lon="-0.3033962287008762359619140625">
        <ele>10.80000019073486328125</ele>
        <time>2019-11-02T12:19:50.000Z</time>
        <extensions>
          <ns3:TrackPointExtension>
            <ns3:hr>127</ns3:hr>
            <ns3:cad>96</ns3:cad>
          </ns3:TrackPointExtension>
        </extensions>
      </trkpt>
      <trkpt lat="51.454325951635837554931640625" lon="-0.30328047461807727813720703125">
        <ele>10.19999980926513671875</ele>
        <time>2019-11-02T12:19:57.000Z</time>
        <extensions>
          <ns3:TrackPointExtension>
            <ns3:hr>127</ns3:hr>
            <ns3:cad>96</ns3:cad>
          </ns3:TrackPointExtension>
        </extensions>
      </trkpt>
      <trkpt lat="51.45412839017808437347412109375" lon="-0.30309774912893772125244140625">
        <ele>9.3999996185302734375</ele>
        <time>2019-11-02T12:20:02.000Z</time>
        <extensions>
          <ns3:TrackPointExtension>
            <ns3:hr>129</ns3:hr>
            <ns3:cad>96</ns3:cad>
          </ns3:TrackPointExtension>
        </extensions>
      </trkpt>
      <trkpt lat="51.45402076654136180877685546875" lon="-0.30304058454930782318115234375">
        <ele>8.6000003814697265625</ele>
        <time>2019-11-02T12:20:05.000Z</time>
        <extensions>
          <ns3:TrackPointExtension>
            <ns3:hr>132</ns3:hr>
            <ns3:cad>96</ns3:cad>
          </ns3:TrackPointExtension>
        </extensions>
      </trkpt>
      <trkpt lat="51.4538547210395336151123046875" lon="-0.3029288537800312042236328125">
        <ele>7.19999980926513671875</ele>
        <time>2019-11-02T12:20:09.000Z</time>
        <extensions>
          <ns3:TrackPointExtension>
            <ns3:hr>134</ns3:hr>
            <ns3:cad>95</ns3:cad>
          </ns3:TrackPointExtension>
        </extensions>
      </trkpt>
      <trkpt lat="51.45373477600514888763427734375" lon="-0.3029080666601657867431640625">
        <ele>7.400000095367431640625</ele>
        <time>2019-11-02T12:20:15.000Z</time>
        <extensions>
          <ns3:TrackPointExtension>
            <ns3:hr>135</ns3:hr>
            <ns3:cad>96</ns3:cad>
          </ns3:TrackPointExtension>
        </extensions>
      </trkpt>
      <trkpt lat="51.453564874827861785888671875" lon="-0.302688963711261749267578125">
        <ele>7.19999980926513671875</ele>
        <time>2019-11-02T12:20:20.000Z</time>
        <extensions>
          <ns3:TrackPointExtension>
            <ns3:hr>137</ns3:hr>
            <ns3:cad>96</ns3:cad>
          </ns3:TrackPointExtension>
        </extensions>
      </trkpt>
      <trkpt lat="51.453392542898654937744140625" lon="-0.30256994068622589111328125">
        <ele>8.19999980926513671875</ele>
        <time>2019-11-02T12:20:26.000Z</time>
        <extensions>
          <ns3:TrackPointExtension>
            <ns3:hr>139</ns3:hr>
            <ns3:cad>93</ns3:cad>
          </ns3:TrackPointExtension>
        </extensions>
      </trkpt>
      <trkpt lat="51.45319196395576000213623046875" lon="-0.30249123461544513702392578125">
        <ele>8.80000019073486328125</ele>
        <time>2019-11-02T12:20:32.000Z</time>
        <extensions>
          <ns3:TrackPointExtension>
            <ns3:hr>140</ns3:hr>
            <ns3:cad>95</ns3:cad>
          </ns3:TrackPointExtension>
        </extensions>
      </trkpt>
      <trkpt lat="51.4530135132372379302978515625" lon="-0.30241562984883785247802734375">
        <ele>9.19999980926513671875</ele>
        <time>2019-11-02T12:20:38.000Z</time>
        <extensions>
          <ns3:TrackPointExtension>
            <ns3:hr>141</ns3:hr>
            <ns3:cad>96</ns3:cad>
          </ns3:TrackPointExtension>
        </extensions>
      </trkpt>
      <trkpt lat="51.4528113417327404022216796875" lon="-0.30237506143748760223388671875">
        <ele>9.6000003814697265625</ele>
        <time>2019-11-02T12:20:46.000Z</time>
        <extensions>
          <ns3:TrackPointExtension>
            <ns3:hr>140</ns3:hr>
            <ns3:cad>96</ns3:cad>
          </ns3:TrackPointExtension>
        </extensions>
      </trkpt>
      <trkpt lat="51.45259969867765903472900390625" lon="-0.3022487461566925048828125">
        <ele>9.6000003814697265625</ele>
        <time>2019-11-02T12:20:52.000Z</time>
        <extensions>
          <ns3:TrackPointExtension>
            <ns3:hr>141</ns3:hr>
            <ns3:cad>96</ns3:cad>
          </ns3:TrackPointExtension>
        </extensions>
      </trkpt>
      <trkpt lat="51.4524365030229091644287109375" lon="-0.30212779529392719268798828125">
        <ele>10.19999980926513671875</ele>
        <time>2019-11-02T12:20:57.000Z</time>
        <extensions>
          <ns3:TrackPointExtension>
            <ns3:hr>142</ns3:hr>
            <ns3:cad>96</ns3:cad>
          </ns3:TrackPointExtension>
        </extensions>
      </trkpt>
      <trkpt lat="51.45226794295012950897216796875" lon="-0.30196770094335079193115234375">
        <ele>12.80000019073486328125</ele>
        <time>2019-11-02T12:21:03.000Z</time>
        <extensions>
          <ns3:TrackPointExtension>
            <ns3:hr>140</ns3:hr>
            <ns3:cad>95</ns3:cad>
          </ns3:TrackPointExtension>
        </extensions>
      </trkpt>
      <trkpt lat="51.4520831219851970672607421875" lon="-0.3019109554588794708251953125">
        <ele>13</ele>
        <time>2019-11-02T12:21:09.000Z</time>
        <extensions>
          <ns3:TrackPointExtension>
            <ns3:hr>141</ns3:hr>
            <ns3:cad>95</ns3:cad>
          </ns3:TrackPointExtension>
        </extensions>
      </trkpt>
      <trkpt lat="51.45190299488604068756103515625" lon="-0.3018978796899318695068359375">
        <ele>12.6000003814697265625</ele>
        <time>2019-11-02T12:21:14.000Z</time>
        <extensions>
          <ns3:TrackPointExtension>
            <ns3:hr>141</ns3:hr>
            <ns3:cad>98</ns3:cad>
          </ns3:TrackPointExtension>
        </extensions>
      </trkpt>
      <trkpt lat="51.45186427049338817596435546875" lon="-0.302094183862209320068359375">
        <ele>12.19999980926513671875</ele>
        <time>2019-11-02T12:21:17.000Z</time>
        <extensions>
          <ns3:TrackPointExtension>
            <ns3:hr>142</ns3:hr>
            <ns3:cad>97</ns3:cad>
          </ns3:TrackPointExtension>
        </extensions>
      </trkpt>
      <trkpt lat="51.4517921023070812225341796875" lon="-0.30240020714700222015380859375">
        <ele>11</ele>
        <time>2019-11-02T12:21:22.000Z</time>
        <extensions>
          <ns3:TrackPointExtension>
            <ns3:hr>142</ns3:hr>
            <ns3:cad>98</ns3:cad>
          </ns3:TrackPointExtension>
        </extensions>
      </trkpt>
      <trkpt lat="51.4517401345074176788330078125" lon="-0.3026918135583400726318359375">
        <ele>8.3999996185302734375</ele>
        <time>2019-11-02T12:21:27.000Z</time>
        <extensions>
          <ns3:TrackPointExtension>
            <ns3:hr>142</ns3:hr>
            <ns3:cad>98</ns3:cad>
          </ns3:TrackPointExtension>
        </extensions>
      </trkpt>
      <trkpt lat="51.45159956999123096466064453125" lon="-0.30288535170257091522216796875">
        <ele>5</ele>
        <time>2019-11-02T12:21:32.000Z</time>
        <extensions>
          <ns3:TrackPointExtension>
            <ns3:hr>142</ns3:hr>
            <ns3:cad>95</ns3:cad>
          </ns3:TrackPointExtension>
        </extensions>
      </trkpt>
      <trkpt lat="51.451404355466365814208984375" lon="-0.3030200488865375518798828125">
        <ele>3</ele>
        <time>2019-11-02T12:21:37.000Z</time>
        <extensions>
          <ns3:TrackPointExtension>
            <ns3:hr>142</ns3:hr>
            <ns3:cad>97</ns3:cad>
          </ns3:TrackPointExtension>
        </extensions>
      </trkpt>
      <trkpt lat="51.4512140862643718719482421875" lon="-0.3031276725232601165771484375">
        <ele>3.2000000476837158203125</ele>
        <time>2019-11-02T12:21:42.000Z</time>
        <extensions>
          <ns3:TrackPointExtension>
            <ns3:hr>142</ns3:hr>
            <ns3:cad>97</ns3:cad>
          </ns3:TrackPointExtension>
        </extensions>
      </trkpt>
      <trkpt lat="51.4511497132480144500732421875" lon="-0.30316966585814952850341796875">
        <ele>3.2000000476837158203125</ele>
        <time>2019-11-02T12:21:44.000Z</time>
        <extensions>
          <ns3:TrackPointExtension>
            <ns3:hr>143</ns3:hr>
            <ns3:cad>96</ns3:cad>
          </ns3:TrackPointExtension>
        </extensions>
      </trkpt>
      <trkpt lat="51.45096271298825740814208984375" lon="-0.3032782115042209625244140625">
        <ele>3</ele>
        <time>2019-11-02T12:21:49.000Z</time>
        <extensions>
          <ns3:TrackPointExtension>
            <ns3:hr>143</ns3:hr>
            <ns3:cad>96</ns3:cad>
          </ns3:TrackPointExtension>
        </extensions>
      </trkpt>
      <trkpt lat="51.45078803412616252899169921875" lon="-0.3034351207315921783447265625">
        <ele>2.400000095367431640625</ele>
        <time>2019-11-02T12:21:55.000Z</time>
        <extensions>
          <ns3:TrackPointExtension>
            <ns3:hr>142</ns3:hr>
            <ns3:cad>96</ns3:cad>
          </ns3:TrackPointExtension>
        </extensions>
      </trkpt>
      <trkpt lat="51.45060949958860874176025390625" lon="-0.303548611700534820556640625">
        <ele>1.2000000476837158203125</ele>
        <time>2019-11-02T12:22:00.000Z</time>
        <extensions>
          <ns3:TrackPointExtension>
            <ns3:hr>141</ns3:hr>
            <ns3:cad>96</ns3:cad>
          </ns3:TrackPointExtension>
        </extensions>
      </trkpt>
      <trkpt lat="51.45043842494487762451171875" lon="-0.3036651201546192169189453125">
        <ele>1</ele>
        <time>2019-11-02T12:22:05.000Z</time>
        <extensions>
          <ns3:TrackPointExtension>
            <ns3:hr>140</ns3:hr>
            <ns3:cad>97</ns3:cad>
          </ns3:TrackPointExtension>
        </extensions>
      </trkpt>
      <trkpt lat="51.45026533864438533782958984375" lon="-0.3037693910300731658935546875">
        <ele>1.2000000476837158203125</ele>
        <time>2019-11-02T12:22:10.000Z</time>
        <extensions>
          <ns3:TrackPointExtension>
            <ns3:hr>140</ns3:hr>
            <ns3:cad>97</ns3:cad>
          </ns3:TrackPointExtension>
        </extensions>
      </trkpt>
      <trkpt lat="51.45007020793855190277099609375" lon="-0.3038907609879970550537109375">
        <ele>1.39999997615814208984375</ele>
        <time>2019-11-02T12:22:16.000Z</time>
        <extensions>
          <ns3:TrackPointExtension>
            <ns3:hr>142</ns3:hr>
            <ns3:cad>95</ns3:cad>
          </ns3:TrackPointExtension>
        </extensions>
      </trkpt>
      <trkpt lat="51.4498959481716156005859375" lon="-0.3040758334100246429443359375">
        <ele>1.39999997615814208984375</ele>
        <time>2019-11-02T12:22:22.000Z</time>
        <extensions>
          <ns3:TrackPointExtension>
            <ns3:hr>143</ns3:hr>
            <ns3:cad>95</ns3:cad>
          </ns3:TrackPointExtension>
        </extensions>
      </trkpt>
      <trkpt lat="51.44974113442003726959228515625" lon="-0.304229892790317535400390625">
        <ele>1.7999999523162841796875</ele>
        <time>2019-11-02T12:22:27.000Z</time>
        <extensions>
          <ns3:TrackPointExtension>
            <ns3:hr>142</ns3:hr>
            <ns3:cad>97</ns3:cad>
          </ns3:TrackPointExtension>
        </extensions>
      </trkpt>
      <trkpt lat="51.44956268370151519775390625" lon="-0.30440918169915676116943359375">
        <ele>2.400000095367431640625</ele>
        <time>2019-11-02T12:22:33.000Z</time>
        <extensions>
          <ns3:TrackPointExtension>
            <ns3:hr>143</ns3:hr>
            <ns3:cad>97</ns3:cad>
          </ns3:TrackPointExtension>
        </extensions>
      </trkpt>
      <trkpt lat="51.4493864960968494415283203125" lon="-0.30458905734121799468994140625">
        <ele>2.2000000476837158203125</ele>
        <time>2019-11-02T12:22:39.000Z</time>
        <extensions>
          <ns3:TrackPointExtension>
            <ns3:hr>142</ns3:hr>
            <ns3:cad>96</ns3:cad>
          </ns3:TrackPointExtension>
        </extensions>
      </trkpt>
      <trkpt lat="51.4492098055779933929443359375" lon="-0.30477547086775302886962890625">
        <ele>2</ele>
        <time>2019-11-02T12:22:45.000Z</time>
        <extensions>
          <ns3:TrackPointExtension>
            <ns3:hr>141</ns3:hr>
            <ns3:cad>95</ns3:cad>
          </ns3:TrackPointExtension>
        </extensions>
      </trkpt>
      <trkpt lat="51.449047364294528961181640625" lon="-0.30497185885906219482421875">
        <ele>2.400000095367431640625</ele>
        <time>2019-11-02T12:22:51.000Z</time>
        <extensions>
          <ns3:TrackPointExtension>
            <ns3:hr>141</ns3:hr>
            <ns3:cad>97</ns3:cad>
          </ns3:TrackPointExtension>
        </extensions>
      </trkpt>
      <trkpt lat="51.44887260161340236663818359375" lon="-0.305143184959888458251953125">
        <ele>3</ele>
        <time>2019-11-02T12:22:57.000Z</time>
        <extensions>
          <ns3:TrackPointExtension>
            <ns3:hr>141</ns3:hr>
            <ns3:cad>95</ns3:cad>
          </ns3:TrackPointExtension>
        </extensions>
      </trkpt>
      <trkpt lat="51.44870446063578128814697265625" lon="-0.30535918660461902618408203125">
        <ele>4.80000019073486328125</ele>
        <time>2019-11-02T12:23:03.000Z</time>
        <extensions>
          <ns3:TrackPointExtension>
            <ns3:hr>140</ns3:hr>
            <ns3:cad>96</ns3:cad>
          </ns3:TrackPointExtension>
        </extensions>
      </trkpt>
      <trkpt lat="51.44855794496834278106689453125" lon="-0.3055460192263126373291015625">
        <ele>6.599999904632568359375</ele>
        <time>2019-11-02T12:23:08.000Z</time>
        <extensions>
          <ns3:TrackPointExtension>
            <ns3:hr>141</ns3:hr>
            <ns3:cad>96</ns3:cad>
          </ns3:TrackPointExtension>
        </extensions>
      </trkpt>
      <trkpt lat="51.44841344095766544342041015625" lon="-0.30573737807571887969970703125">
        <ele>8.6000003814697265625</ele>
        <time>2019-11-02T12:23:13.000Z</time>
        <extensions>
          <ns3:TrackPointExtension>
            <ns3:hr>140</ns3:hr>
            <ns3:cad>97</ns3:cad>
          </ns3:TrackPointExtension>
        </extensions>
      </trkpt>
      <trkpt lat="51.4482787437736988067626953125" lon="-0.305929742753505706787109375">
        <ele>9.80000019073486328125</ele>
        <time>2019-11-02T12:23:18.000Z</time>
        <extensions>
          <ns3:TrackPointExtension>
            <ns3:hr>141</ns3:hr>
            <ns3:cad>97</ns3:cad>
          </ns3:TrackPointExtension>
        </extensions>
      </trkpt>
      <trkpt lat="51.44823892973363399505615234375" lon="-0.3062507696449756622314453125">
        <ele>8.80000019073486328125</ele>
        <time>2019-11-02T12:23:26.000Z</time>
        <extensions>
          <ns3:TrackPointExtension>
            <ns3:hr>142</ns3:hr>
            <ns3:cad>95</ns3:cad>
          </ns3:TrackPointExtension>
        </extensions>
      </trkpt>
      <trkpt lat="51.4481660909950733184814453125" lon="-0.30653600580990314483642578125">
        <ele>8.3999996185302734375</ele>
        <time>2019-11-02T12:23:33.000Z</time>
        <extensions>
          <ns3:TrackPointExtension>
            <ns3:hr>143</ns3:hr>
            <ns3:cad>95</ns3:cad>
          </ns3:TrackPointExtension>
        </extensions>
      </trkpt>
      <trkpt lat="51.4480980299413204193115234375" lon="-0.30684848316013813018798828125">
        <ele>7.80000019073486328125</ele>
        <time>2019-11-02T12:23:41.000Z</time>
        <extensions>
          <ns3:TrackPointExtension>
            <ns3:hr>142</ns3:hr>
            <ns3:cad>96</ns3:cad>
          </ns3:TrackPointExtension>
        </extensions>
      </trkpt>
      <trkpt lat="51.44804966636002063751220703125" lon="-0.30717705376446247100830078125">
        <ele>7</ele>
        <time>2019-11-02T12:23:47.000Z</time>
        <extensions>
          <ns3:TrackPointExtension>
            <ns3:hr>141</ns3:hr>
            <ns3:cad>95</ns3:cad>
          </ns3:TrackPointExtension>
        </extensions>
      </trkpt>
      <trkpt lat="51.44789845682680606842041015625" lon="-0.30735944397747516632080078125">
        <ele>7.80000019073486328125</ele>
        <time>2019-11-02T12:23:52.000Z</time>
        <extensions>
          <ns3:TrackPointExtension>
            <ns3:hr>141</ns3:hr>
            <ns3:cad>96</ns3:cad>
          </ns3:TrackPointExtension>
        </extensions>
      </trkpt>
      <trkpt lat="51.44776292145252227783203125" lon="-0.30761919915676116943359375">
        <ele>8.3999996185302734375</ele>
        <time>2019-11-02T12:23:58.000Z</time>
        <extensions>
          <ns3:TrackPointExtension>
            <ns3:hr>142</ns3:hr>
            <ns3:cad>96</ns3:cad>
          </ns3:TrackPointExtension>
        </extensions>
      </trkpt>
      <trkpt lat="51.44780893810093402862548828125" lon="-0.3079928644001483917236328125">
        <ele>5.599999904632568359375</ele>
        <time>2019-11-02T12:24:03.000Z</time>
        <extensions>
          <ns3:TrackPointExtension>
            <ns3:hr>144</ns3:hr>
            <ns3:cad>95</ns3:cad>
          </ns3:TrackPointExtension>
        </extensions>
      </trkpt>
      <trkpt lat="51.44781648181378841400146484375" lon="-0.30832587741315364837646484375">
        <ele>4.599999904632568359375</ele>
        <time>2019-11-02T12:24:10.000Z</time>
        <extensions>
          <ns3:TrackPointExtension>
            <ns3:hr>143</ns3:hr>
            <ns3:cad>96</ns3:cad>
          </ns3:TrackPointExtension>
        </extensions>
      </trkpt>
      <trkpt lat="51.4477808587253093719482421875" lon="-0.30864237807691097259521484375">
        <ele>3.599999904632568359375</ele>
        <time>2019-11-02T12:24:15.000Z</time>
        <extensions>
          <ns3:TrackPointExtension>
            <ns3:hr>143</ns3:hr>
            <ns3:cad>96</ns3:cad>
          </ns3:TrackPointExtension>
        </extensions>
      </trkpt>
      <trkpt lat="51.44762218929827213287353515625" lon="-0.30884689651429653167724609375">
        <ele>4.400000095367431640625</ele>
        <time>2019-11-02T12:24:20.000Z</time>
        <extensions>
          <ns3:TrackPointExtension>
            <ns3:hr>144</ns3:hr>
            <ns3:cad>96</ns3:cad>
          </ns3:TrackPointExtension>
        </extensions>
      </trkpt>
      <trkpt lat="51.44745639525353908538818359375" lon="-0.309009589254856109619140625">
        <ele>5.599999904632568359375</ele>
        <time>2019-11-02T12:24:25.000Z</time>
        <extensions>
          <ns3:TrackPointExtension>
            <ns3:hr>144</ns3:hr>
            <ns3:cad>96</ns3:cad>
          </ns3:TrackPointExtension>
        </extensions>
      </trkpt>
      <trkpt lat="51.4473359473049640655517578125" lon="-0.309272445738315582275390625">
        <ele>6</ele>
        <time>2019-11-02T12:24:31.000Z</time>
        <extensions>
          <ns3:TrackPointExtension>
            <ns3:hr>141</ns3:hr>
            <ns3:cad>96</ns3:cad>
          </ns3:TrackPointExtension>
        </extensions>
      </trkpt>
      <trkpt lat="51.44719135947525501251220703125" lon="-0.30949565581977367401123046875">
        <ele>6.599999904632568359375</ele>
        <time>2019-11-02T12:24:37.000Z</time>
        <extensions>
          <ns3:TrackPointExtension>
            <ns3:hr>141</ns3:hr>
            <ns3:cad>95</ns3:cad>
          </ns3:TrackPointExtension>
        </extensions>
      </trkpt>
      <trkpt lat="51.44704786129295825958251953125" lon="-0.3097503818571567535400390625">
        <ele>6.19999980926513671875</ele>
        <time>2019-11-02T12:24:43.000Z</time>
        <extensions>
          <ns3:TrackPointExtension>
            <ns3:hr>143</ns3:hr>
            <ns3:cad>95</ns3:cad>
          </ns3:TrackPointExtension>
        </extensions>
      </trkpt>
      <trkpt lat="51.44692741334438323974609375" lon="-0.31001449562609195709228515625">
        <ele>5.80000019073486328125</ele>
        <time>2019-11-02T12:24:50.000Z</time>
        <extensions>
          <ns3:TrackPointExtension>
            <ns3:hr>142</ns3:hr>
            <ns3:cad>96</ns3:cad>
          </ns3:TrackPointExtension>
        </extensions>
      </trkpt>
      <trkpt lat="51.446800343692302703857421875" lon="-0.3102760948240756988525390625">
        <ele>4.80000019073486328125</ele>
        <time>2019-11-02T12:24:57.000Z</time>
        <extensions>
          <ns3:TrackPointExtension>
            <ns3:hr>141</ns3:hr>
            <ns3:cad>97</ns3:cad>
          </ns3:TrackPointExtension>
        </extensions>
      </trkpt>
      <trkpt lat="51.44685641862452030181884765625" lon="-0.3107987903058528900146484375">
        <ele>2.599999904632568359375</ele>
        <time>2019-11-02T12:25:03.000Z</time>
        <extensions>
          <ns3:TrackPointExtension>
            <ns3:hr>141</ns3:hr>
            <ns3:cad>95</ns3:cad>
          </ns3:TrackPointExtension>
        </extensions>
      </trkpt>
      <trkpt lat="51.4469124935567378997802734375" lon="-0.31121964566409587860107421875">
        <ele>2.2000000476837158203125</ele>
        <time>2019-11-02T12:25:09.000Z</time>
        <extensions>
          <ns3:TrackPointExtension>
            <ns3:hr>142</ns3:hr>
            <ns3:cad>96</ns3:cad>
          </ns3:TrackPointExtension>
        </extensions>
      </trkpt>
      <trkpt lat="51.44688860513269901275634765625" lon="-0.3115560114383697509765625">
        <ele>3.7999999523162841796875</ele>
        <time>2019-11-02T12:25:15.000Z</time>
        <extensions>
          <ns3:TrackPointExtension>
            <ns3:hr>142</ns3:hr>
            <ns3:cad>95</ns3:cad>
          </ns3:TrackPointExtension>
        </extensions>
      </trkpt>
      <trkpt lat="51.44688449800014495849609375" lon="-0.31171618960797786712646484375">
        <ele>4.80000019073486328125</ele>
        <time>2019-11-02T12:25:18.000Z</time>
        <extensions>
          <ns3:TrackPointExtension>
            <ns3:hr>142</ns3:hr>
            <ns3:cad>96</ns3:cad>
          </ns3:TrackPointExtension>
        </extensions>
      </trkpt>
      <trkpt lat="51.4468301832675933837890625" lon="-0.3120319359004497528076171875">
        <ele>6.599999904632568359375</ele>
        <time>2019-11-02T12:25:24.000Z</time>
        <extensions>
          <ns3:TrackPointExtension>
            <ns3:hr>142</ns3:hr>
            <ns3:cad>96</ns3:cad>
          </ns3:TrackPointExtension>
        </extensions>
      </trkpt>
      <trkpt lat="51.44670118577778339385986328125" lon="-0.312328152358531951904296875">
        <ele>6.400000095367431640625</ele>
        <time>2019-11-02T12:25:30.000Z</time>
        <extensions>
          <ns3:TrackPointExtension>
            <ns3:hr>142</ns3:hr>
            <ns3:cad>96</ns3:cad>
          </ns3:TrackPointExtension>
        </extensions>
      </trkpt>
      <trkpt lat="51.44659825600683689117431640625" lon="-0.312503166496753692626953125">
        <ele>5.80000019073486328125</ele>
        <time>2019-11-02T12:25:35.000Z</time>
        <extensions>
          <ns3:TrackPointExtension>
            <ns3:hr>142</ns3:hr>
            <ns3:cad>98</ns3:cad>
          </ns3:TrackPointExtension>
        </extensions>
      </trkpt>
      <trkpt lat="51.44645324908196926116943359375" lon="-0.312781445682048797607421875">
        <ele>4.80000019073486328125</ele>
        <time>2019-11-02T12:25:41.000Z</time>
        <extensions>
          <ns3:TrackPointExtension>
            <ns3:hr>141</ns3:hr>
            <ns3:cad>96</ns3:cad>
          </ns3:TrackPointExtension>
        </extensions>
      </trkpt>
      <trkpt lat="51.446388624608516693115234375" lon="-0.31310305930674076080322265625">
        <ele>5</ele>
        <time>2019-11-02T12:25:48.000Z</time>
        <extensions>
          <ns3:TrackPointExtension>
            <ns3:hr>141</ns3:hr>
            <ns3:cad>95</ns3:cad>
          </ns3:TrackPointExtension>
        </extensions>
      </trkpt>
      <trkpt lat="51.44629097543656826019287109375" lon="-0.31337245367467403411865234375">
        <ele>5.19999980926513671875</ele>
        <time>2019-11-02T12:25:54.000Z</time>
        <extensions>
          <ns3:TrackPointExtension>
            <ns3:hr>142</ns3:hr>
            <ns3:cad>96</ns3:cad>
          </ns3:TrackPointExtension>
        </extensions>
      </trkpt>
      <trkpt lat="51.446341015398502349853515625" lon="-0.313782580196857452392578125">
        <ele>5</ele>
        <time>2019-11-02T12:25:59.000Z</time>
        <extensions>
          <ns3:TrackPointExtension>
            <ns3:hr>144</ns3:hr>
            <ns3:cad>94</ns3:cad>
          </ns3:TrackPointExtension>
        </extensions>
      </trkpt>
      <trkpt lat="51.44637613557279109954833984375" lon="-0.3140955604612827301025390625">
        <ele>4</ele>
        <time>2019-11-02T12:26:03.000Z</time>
        <extensions>
          <ns3:TrackPointExtension>
            <ns3:hr>143</ns3:hr>
            <ns3:cad>95</ns3:cad>
          </ns3:TrackPointExtension>
        </extensions>
      </trkpt>
      <trkpt lat="51.44636641256511211395263671875" lon="-0.31440895982086658477783203125">
        <ele>4</ele>
        <time>2019-11-02T12:26:08.000Z</time>
        <extensions>
          <ns3:TrackPointExtension>
            <ns3:hr>142</ns3:hr>
            <ns3:cad>95</ns3:cad>
          </ns3:TrackPointExtension>
        </extensions>
      </trkpt>
      <trkpt lat="51.4462724514305591583251953125" lon="-0.31466670334339141845703125">
        <ele>5</ele>
        <time>2019-11-02T12:26:13.000Z</time>
        <extensions>
          <ns3:TrackPointExtension>
            <ns3:hr>142</ns3:hr>
            <ns3:cad>96</ns3:cad>
          </ns3:TrackPointExtension>
        </extensions>
      </trkpt>
      <trkpt lat="51.446157284080982208251953125" lon="-0.314898379147052764892578125">
        <ele>6.599999904632568359375</ele>
        <time>2019-11-02T12:26:18.000Z</time>
        <extensions>
          <ns3:TrackPointExtension>
            <ns3:hr>142</ns3:hr>
            <ns3:cad>95</ns3:cad>
          </ns3:TrackPointExtension>
        </extensions>
      </trkpt>
      <trkpt lat="51.44608276896178722381591796875" lon="-0.31521010212600231170654296875">
        <ele>8</ele>
        <time>2019-11-02T12:26:24.000Z</time>
        <extensions>
          <ns3:TrackPointExtension>
            <ns3:hr>143</ns3:hr>
            <ns3:cad>95</ns3:cad>
          </ns3:TrackPointExtension>
        </extensions>
      </trkpt>
      <trkpt lat="51.4460753090679645538330078125" lon="-0.315561555325984954833984375">
        <ele>8</ele>
        <time>2019-11-02T12:26:30.000Z</time>
        <extensions>
          <ns3:TrackPointExtension>
            <ns3:hr>143</ns3:hr>
            <ns3:cad>95</ns3:cad>
          </ns3:TrackPointExtension>
        </extensions>
      </trkpt>
      <trkpt lat="51.4460082538425922393798828125" lon="-0.31587210483849048614501953125">
        <ele>7.400000095367431640625</ele>
        <time>2019-11-02T12:26:36.000Z</time>
        <extensions>
          <ns3:TrackPointExtension>
            <ns3:hr>143</ns3:hr>
            <ns3:cad>97</ns3:cad>
          </ns3:TrackPointExtension>
        </extensions>
      </trkpt>
      <trkpt lat="51.44594262354075908660888671875" lon="-0.31619698740541934967041015625">
        <ele>7.80000019073486328125</ele>
        <time>2019-11-02T12:26:42.000Z</time>
        <extensions>
          <ns3:TrackPointExtension>
            <ns3:hr>142</ns3:hr>
            <ns3:cad>96</ns3:cad>
          </ns3:TrackPointExtension>
        </extensions>
      </trkpt>
      <trkpt lat="51.4458865486085414886474609375" lon="-0.316515751183032989501953125">
        <ele>8.19999980926513671875</ele>
        <time>2019-11-02T12:26:48.000Z</time>
        <extensions>
          <ns3:TrackPointExtension>
            <ns3:hr>141</ns3:hr>
            <ns3:cad>96</ns3:cad>
          </ns3:TrackPointExtension>
        </extensions>
      </trkpt>
      <trkpt lat="51.44584338180720806121826171875" lon="-0.316830910742282867431640625">
        <ele>8</ele>
        <time>2019-11-02T12:26:54.000Z</time>
        <extensions>
          <ns3:TrackPointExtension>
            <ns3:hr>139</ns3:hr>
            <ns3:cad>95</ns3:cad>
          </ns3:TrackPointExtension>
        </extensions>
      </trkpt>
      <trkpt lat="51.44583038985729217529296875" lon="-0.31711757183074951171875">
        <ele>7.19999980926513671875</ele>
        <time>2019-11-02T12:26:59.000Z</time>
        <extensions>
          <ns3:TrackPointExtension>
            <ns3:hr>140</ns3:hr>
            <ns3:cad>96</ns3:cad>
          </ns3:TrackPointExtension>
        </extensions>
      </trkpt>
      <trkpt lat="51.44580968655645847320556640625" lon="-0.317456535995006561279296875">
        <ele>7</ele>
        <time>2019-11-02T12:27:05.000Z</time>
        <extensions>
          <ns3:TrackPointExtension>
            <ns3:hr>141</ns3:hr>
            <ns3:cad>96</ns3:cad>
          </ns3:TrackPointExtension>
        </extensions>
      </trkpt>
      <trkpt lat="51.44585184752941131591796875" lon="-0.317753590643405914306640625">
        <ele>6.400000095367431640625</ele>
        <time>2019-11-02T12:27:10.000Z</time>
        <extensions>
          <ns3:TrackPointExtension>
            <ns3:hr>140</ns3:hr>
            <ns3:cad>95</ns3:cad>
          </ns3:TrackPointExtension>
        </extensions>
      </trkpt>
      <trkpt lat="51.4458235166966915130615234375" lon="-0.31808475963771343231201171875">
        <ele>5.80000019073486328125</ele>
        <time>2019-11-02T12:27:16.000Z</time>
        <extensions>
          <ns3:TrackPointExtension>
            <ns3:hr>140</ns3:hr>
            <ns3:cad>97</ns3:cad>
          </ns3:TrackPointExtension>
        </extensions>
      </trkpt>
      <trkpt lat="51.445786468684673309326171875" lon="-0.3184068761765956878662109375">
        <ele>4.400000095367431640625</ele>
        <time>2019-11-02T12:27:22.000Z</time>
        <extensions>
          <ns3:TrackPointExtension>
            <ns3:hr>141</ns3:hr>
            <ns3:cad>94</ns3:cad>
          </ns3:TrackPointExtension>
        </extensions>
      </trkpt>
      <trkpt lat="51.44577917642891407012939453125" lon="-0.3187389671802520751953125">
        <ele>4.400000095367431640625</ele>
        <time>2019-11-02T12:27:28.000Z</time>
        <extensions>
          <ns3:TrackPointExtension>
            <ns3:hr>141</ns3:hr>
            <ns3:cad>96</ns3:cad>
          </ns3:TrackPointExtension>
        </extensions>
      </trkpt>
      <trkpt lat="51.44580499269068241119384765625" lon="-0.31902671791613101959228515625">
        <ele>5</ele>
        <time>2019-11-02T12:27:33.000Z</time>
        <extensions>
          <ns3:TrackPointExtension>
            <ns3:hr>141</ns3:hr>
            <ns3:cad>96</ns3:cad>
          </ns3:TrackPointExtension>
        </extensions>
      </trkpt>
      <trkpt lat="51.44581505097448825836181640625" lon="-0.3193215094506740570068359375">
        <ele>5</ele>
        <time>2019-11-02T12:27:38.000Z</time>
        <extensions>
          <ns3:TrackPointExtension>
            <ns3:hr>140</ns3:hr>
            <ns3:cad>95</ns3:cad>
          </ns3:TrackPointExtension>
        </extensions>
      </trkpt>
      <trkpt lat="51.4458439685404300689697265625" lon="-0.3196155466139316558837890625">
        <ele>5</ele>
        <time>2019-11-02T12:27:43.000Z</time>
        <extensions>
          <ns3:TrackPointExtension>
            <ns3:hr>139</ns3:hr>
            <ns3:cad>96</ns3:cad>
          </ns3:TrackPointExtension>
        </extensions>
      </trkpt>
      <trkpt lat="51.44590280950069427490234375" lon="-0.3199226595461368560791015625">
        <ele>5.400000095367431640625</ele>
        <time>2019-11-02T12:27:48.000Z</time>
        <extensions>
          <ns3:TrackPointExtension>
            <ns3:hr>139</ns3:hr>
            <ns3:cad>95</ns3:cad>
          </ns3:TrackPointExtension>
        </extensions>
      </trkpt>
      <trkpt lat="51.4459472335875034332275390625" lon="-0.3202270902693271636962890625">
        <ele>6</ele>
        <time>2019-11-02T12:27:53.000Z</time>
        <extensions>
          <ns3:TrackPointExtension>
            <ns3:hr>140</ns3:hr>
            <ns3:cad>97</ns3:cad>
          </ns3:TrackPointExtension>
        </extensions>
      </trkpt>
      <trkpt lat="51.44598671235144138336181640625" lon="-0.32057653181254863739013671875">
        <ele>6.19999980926513671875</ele>
        <time>2019-11-02T12:27:59.000Z</time>
        <extensions>
          <ns3:TrackPointExtension>
            <ns3:hr>140</ns3:hr>
            <ns3:cad>95</ns3:cad>
          </ns3:TrackPointExtension>
        </extensions>
      </trkpt>
      <trkpt lat="51.4459670148789882659912109375" lon="-0.32089420594274997711181640625">
        <ele>7.400000095367431640625</ele>
        <time>2019-11-02T12:28:05.000Z</time>
        <extensions>
          <ns3:TrackPointExtension>
            <ns3:hr>139</ns3:hr>
            <ns3:cad>96</ns3:cad>
          </ns3:TrackPointExtension>
        </extensions>
      </trkpt>
      <trkpt lat="51.44598838873207569122314453125" lon="-0.32122998498380184173583984375">
        <ele>7.400000095367431640625</ele>
        <time>2019-11-02T12:28:12.000Z</time>
        <extensions>
          <ns3:TrackPointExtension>
            <ns3:hr>139</ns3:hr>
            <ns3:cad>96</ns3:cad>
          </ns3:TrackPointExtension>
        </extensions>
      </trkpt>
      <trkpt lat="51.44587858580052852630615234375" lon="-0.32156132161617279052734375">
        <ele>8.6000003814697265625</ele>
        <time>2019-11-02T12:28:20.000Z</time>
        <extensions>
          <ns3:TrackPointExtension>
            <ns3:hr>138</ns3:hr>
            <ns3:cad>96</ns3:cad>
          </ns3:TrackPointExtension>
        </extensions>
      </trkpt>
      <trkpt lat="51.44574196077883243560791015625" lon="-0.3217851184308528900146484375">
        <ele>9.6000003814697265625</ele>
        <time>2019-11-02T12:28:26.000Z</time>
        <extensions>
          <ns3:TrackPointExtension>
            <ns3:hr>139</ns3:hr>
            <ns3:cad>95</ns3:cad>
          </ns3:TrackPointExtension>
        </extensions>
      </trkpt>
      <trkpt lat="51.44558496773242950439453125" lon="-0.32196809537708759307861328125">
        <ele>9.80000019073486328125</ele>
        <time>2019-11-02T12:28:32.000Z</time>
        <extensions>
          <ns3:TrackPointExtension>
            <ns3:hr>140</ns3:hr>
            <ns3:cad>95</ns3:cad>
          </ns3:TrackPointExtension>
        </extensions>
      </trkpt>
      <trkpt lat="51.44548312760889530181884765625" lon="-0.32225810922682285308837890625">
        <ele>10.6000003814697265625</ele>
        <time>2019-11-02T12:28:39.000Z</time>
        <extensions>
          <ns3:TrackPointExtension>
            <ns3:hr>141</ns3:hr>
            <ns3:cad>96</ns3:cad>
          </ns3:TrackPointExtension>
        </extensions>
      </trkpt>
      <trkpt lat="51.44546653144061565399169921875" lon="-0.3224690817296504974365234375">
        <ele>10.3999996185302734375</ele>
        <time>2019-11-02T12:28:43.000Z</time>
        <extensions>
          <ns3:TrackPointExtension>
            <ns3:hr>138</ns3:hr>
            <ns3:cad>97</ns3:cad>
          </ns3:TrackPointExtension>
        </extensions>
      </trkpt>
      <trkpt lat="51.44542763940989971160888671875" lon="-0.32273420132696628570556640625">
        <ele>9.19999980926513671875</ele>
        <time>2019-11-02T12:28:48.000Z</time>
        <extensions>
          <ns3:TrackPointExtension>
            <ns3:hr>137</ns3:hr>
            <ns3:cad>95</ns3:cad>
          </ns3:TrackPointExtension>
        </extensions>
      </trkpt>
      <trkpt lat="51.44534952007234096527099609375" lon="-0.32305019907653331756591796875">
        <ele>8.3999996185302734375</ele>
        <time>2019-11-02T12:28:55.000Z</time>
        <extensions>
          <ns3:TrackPointExtension>
            <ns3:hr>137</ns3:hr>
            <ns3:cad>95</ns3:cad>
          </ns3:TrackPointExtension>
        </extensions>
      </trkpt>
      <trkpt lat="51.4452277310192584991455078125" lon="-0.32328321598470211029052734375">
        <ele>7.80000019073486328125</ele>
        <time>2019-11-02T12:29:00.000Z</time>
        <extensions>
          <ns3:TrackPointExtension>
            <ns3:hr>136</ns3:hr>
            <ns3:cad>96</ns3:cad>
          </ns3:TrackPointExtension>
        </extensions>
      </trkpt>
      <trkpt lat="51.445082388818264007568359375" lon="-0.3235104493796825408935546875">
        <ele>7.19999980926513671875</ele>
        <time>2019-11-02T12:29:05.000Z</time>
        <extensions>
          <ns3:TrackPointExtension>
            <ns3:hr>138</ns3:hr>
            <ns3:cad>96</ns3:cad>
          </ns3:TrackPointExtension>
        </extensions>
      </trkpt>
      <trkpt lat="51.4449652098119258880615234375" lon="-0.323759727180004119873046875">
        <ele>6.19999980926513671875</ele>
        <time>2019-11-02T12:29:11.000Z</time>
        <extensions>
          <ns3:TrackPointExtension>
            <ns3:hr>138</ns3:hr>
            <ns3:cad>95</ns3:cad>
          </ns3:TrackPointExtension>
        </extensions>
      </trkpt>
      <trkpt lat="51.44482799805700778961181640625" lon="-0.323962233960628509521484375">
        <ele>5.400000095367431640625</ele>
        <time>2019-11-02T12:29:17.000Z</time>
        <extensions>
          <ns3:TrackPointExtension>
            <ns3:hr>138</ns3:hr>
            <ns3:cad>95</ns3:cad>
          </ns3:TrackPointExtension>
        </extensions>
      </trkpt>
      <trkpt lat="51.44481291063129901885986328125" lon="-0.3243345580995082855224609375">
        <ele>5.19999980926513671875</ele>
        <time>2019-11-02T12:29:24.000Z</time>
        <extensions>
          <ns3:TrackPointExtension>
            <ns3:hr>138</ns3:hr>
            <ns3:cad>96</ns3:cad>
          </ns3:TrackPointExtension>
        </extensions>
      </trkpt>
      <trkpt lat="51.4447543211281299591064453125" lon="-0.32460973598062992095947265625">
        <ele>5</ele>
        <time>2019-11-02T12:29:30.000Z</time>
        <extensions>
          <ns3:TrackPointExtension>
            <ns3:hr>138</ns3:hr>
            <ns3:cad>96</ns3:cad>
          </ns3:TrackPointExtension>
        </extensions>
      </trkpt>
      <trkpt lat="51.44475155510008335113525390625" lon="-0.324903018772602081298828125">
        <ele>5</ele>
        <time>2019-11-02T12:29:35.000Z</time>
        <extensions>
          <ns3:TrackPointExtension>
            <ns3:hr>139</ns3:hr>
            <ns3:cad>96</ns3:cad>
          </ns3:TrackPointExtension>
        </extensions>
      </trkpt>
      <trkpt lat="51.44468584097921848297119140625" lon="-0.325283221900463104248046875">
        <ele>6</ele>
        <time>2019-11-02T12:29:42.000Z</time>
        <extensions>
          <ns3:TrackPointExtension>
            <ns3:hr>139</ns3:hr>
            <ns3:cad>95</ns3:cad>
          </ns3:TrackPointExtension>
        </extensions>
      </trkpt>
      <trkpt lat="51.44465751014649868011474609375" lon="-0.325570888817310333251953125">
        <ele>6</ele>
        <time>2019-11-02T12:29:47.000Z</time>
        <extensions>
          <ns3:TrackPointExtension>
            <ns3:hr>138</ns3:hr>
            <ns3:cad>95</ns3:cad>
          </ns3:TrackPointExtension>
        </extensions>
      </trkpt>
      <trkpt lat="51.44467796199023723602294921875" lon="-0.32588210888206958770751953125">
        <ele>6.19999980926513671875</ele>
        <time>2019-11-02T12:29:52.000Z</time>
        <extensions>
          <ns3:TrackPointExtension>
            <ns3:hr>136</ns3:hr>
            <ns3:cad>95</ns3:cad>
          </ns3:TrackPointExtension>
        </extensions>
      </trkpt>
      <trkpt lat="51.44463546574115753173828125" lon="-0.32619039528071880340576171875">
        <ele>6.19999980926513671875</ele>
        <time>2019-11-02T12:29:57.000Z</time>
        <extensions>
          <ns3:TrackPointExtension>
            <ns3:hr>137</ns3:hr>
            <ns3:cad>97</ns3:cad>
          </ns3:TrackPointExtension>
        </extensions>
      </trkpt>
      <trkpt lat="51.44454703666269779205322265625" lon="-0.32648107968270778656005859375">
        <ele>6.599999904632568359375</ele>
        <time>2019-11-02T12:30:03.000Z</time>
        <extensions>
          <ns3:TrackPointExtension>
            <ns3:hr>139</ns3:hr>
            <ns3:cad>95</ns3:cad>
          </ns3:TrackPointExtension>
        </extensions>
      </trkpt>
      <trkpt lat="51.44454033114016056060791015625" lon="-0.326815433800220489501953125">
        <ele>7.599999904632568359375</ele>
        <time>2019-11-02T12:30:10.000Z</time>
        <extensions>
          <ns3:TrackPointExtension>
            <ns3:hr>140</ns3:hr>
            <ns3:cad>95</ns3:cad>
          </ns3:TrackPointExtension>
        </extensions>
      </trkpt>
      <trkpt lat="51.44448786042630672454833984375" lon="-0.327098071575164794921875">
        <ele>7.80000019073486328125</ele>
        <time>2019-11-02T12:30:16.000Z</time>
        <extensions>
          <ns3:TrackPointExtension>
            <ns3:hr>138</ns3:hr>
            <ns3:cad>95</ns3:cad>
          </ns3:TrackPointExtension>
        </extensions>
      </trkpt>
      <trkpt lat="51.44435509108006954193115234375" lon="-0.32736361026763916015625">
        <ele>8</ele>
        <time>2019-11-02T12:30:22.000Z</time>
        <extensions>
          <ns3:TrackPointExtension>
            <ns3:hr>139</ns3:hr>
            <ns3:cad>96</ns3:cad>
          </ns3:TrackPointExtension>
        </extensions>
      </trkpt>
      <trkpt lat="51.444233469665050506591796875" lon="-0.32759620808064937591552734375">
        <ele>7.400000095367431640625</ele>
        <time>2019-11-02T12:30:28.000Z</time>
        <extensions>
          <ns3:TrackPointExtension>
            <ns3:hr>137</ns3:hr>
            <ns3:cad>95</ns3:cad>
          </ns3:TrackPointExtension>
        </extensions>
      </trkpt>
      <trkpt lat="51.44408636726438999176025390625" lon="-0.32782285474240779876708984375">
        <ele>6.80000019073486328125</ele>
        <time>2019-11-02T12:30:33.000Z</time>
        <extensions>
          <ns3:TrackPointExtension>
            <ns3:hr>138</ns3:hr>
            <ns3:cad>97</ns3:cad>
          </ns3:TrackPointExtension>
        </extensions>
      </trkpt>
      <trkpt lat="51.44395016133785247802734375" lon="-0.32804547809064388275146484375">
        <ele>6.19999980926513671875</ele>
        <time>2019-11-02T12:30:39.000Z</time>
        <extensions>
          <ns3:TrackPointExtension>
            <ns3:hr>138</ns3:hr>
            <ns3:cad>96</ns3:cad>
          </ns3:TrackPointExtension>
        </extensions>
      </trkpt>
      <trkpt lat="51.44385435618460178375244140625" lon="-0.3283230029046535491943359375">
        <ele>6</ele>
        <time>2019-11-02T12:30:45.000Z</time>
        <extensions>
          <ns3:TrackPointExtension>
            <ns3:hr>137</ns3:hr>
            <ns3:cad>96</ns3:cad>
          </ns3:TrackPointExtension>
        </extensions>
      </trkpt>
      <trkpt lat="51.44379702396690845489501953125" lon="-0.32862651161849498748779296875">
        <ele>7</ele>
        <time>2019-11-02T12:30:52.000Z</time>
        <extensions>
          <ns3:TrackPointExtension>
            <ns3:hr>139</ns3:hr>
            <ns3:cad>96</ns3:cad>
          </ns3:TrackPointExtension>
        </extensions>
      </trkpt>
      <trkpt lat="51.443646736443042755126953125" lon="-0.3288428485393524169921875">
        <ele>5.80000019073486328125</ele>
        <time>2019-11-02T12:30:59.000Z</time>
        <extensions>
          <ns3:TrackPointExtension>
            <ns3:hr>138</ns3:hr>
            <ns3:cad>96</ns3:cad>
          </ns3:TrackPointExtension>
        </extensions>
      </trkpt>
      <trkpt lat="51.44360071979463100433349609375" lon="-0.32914568670094013214111328125">
        <ele>7</ele>
        <time>2019-11-02T12:31:06.000Z</time>
        <extensions>
          <ns3:TrackPointExtension>
            <ns3:hr>138</ns3:hr>
            <ns3:cad>96</ns3:cad>
          </ns3:TrackPointExtension>
        </extensions>
      </trkpt>
      <trkpt lat="51.44343375228345394134521484375" lon="-0.32934551127254962921142578125">
        <ele>6.400000095367431640625</ele>
        <time>2019-11-02T12:31:11.000Z</time>
        <extensions>
          <ns3:TrackPointExtension>
            <ns3:hr>139</ns3:hr>
            <ns3:cad>96</ns3:cad>
          </ns3:TrackPointExtension>
        </extensions>
      </trkpt>
      <trkpt lat="51.44323158077895641326904296875" lon="-0.329482555389404296875">
        <ele>6</ele>
        <time>2019-11-02T12:31:16.000Z</time>
        <extensions>
          <ns3:TrackPointExtension>
            <ns3:hr>139</ns3:hr>
            <ns3:cad>95</ns3:cad>
          </ns3:TrackPointExtension>
        </extensions>
      </trkpt>
      <trkpt lat="51.4430866576731204986572265625" lon="-0.32966905273497104644775390625">
        <ele>6.19999980926513671875</ele>
        <time>2019-11-02T12:31:22.000Z</time>
        <extensions>
          <ns3:TrackPointExtension>
            <ns3:hr>138</ns3:hr>
            <ns3:cad>96</ns3:cad>
          </ns3:TrackPointExtension>
        </extensions>
      </trkpt>
      <trkpt lat="51.44290636293590068817138671875" lon="-0.32982009463012218475341796875">
        <ele>6</ele>
        <time>2019-11-02T12:31:29.000Z</time>
        <extensions>
          <ns3:TrackPointExtension>
            <ns3:hr>136</ns3:hr>
            <ns3:cad>96</ns3:cad>
          </ns3:TrackPointExtension>
        </extensions>
      </trkpt>
      <trkpt lat="51.4427349530160427093505859375" lon="-0.32989561557769775390625">
        <ele>5.599999904632568359375</ele>
        <time>2019-11-02T12:31:34.000Z</time>
        <extensions>
          <ns3:TrackPointExtension>
            <ns3:hr>134</ns3:hr>
            <ns3:cad>95</ns3:cad>
          </ns3:TrackPointExtension>
        </extensions>
      </trkpt>
      <trkpt lat="51.44252699799835681915283203125" lon="-0.32993459142744541168212890625">
        <ele>4.19999980926513671875</ele>
        <time>2019-11-02T12:31:38.000Z</time>
        <extensions>
          <ns3:TrackPointExtension>
            <ns3:hr>135</ns3:hr>
            <ns3:cad>96</ns3:cad>
          </ns3:TrackPointExtension>
        </extensions>
      </trkpt>
      <trkpt lat="51.44233404658734798431396484375" lon="-0.32997482456266880035400390625">
        <ele>3.599999904632568359375</ele>
        <time>2019-11-02T12:31:42.000Z</time>
        <extensions>
          <ns3:TrackPointExtension>
            <ns3:hr>137</ns3:hr>
            <ns3:cad>95</ns3:cad>
          </ns3:TrackPointExtension>
        </extensions>
      </trkpt>
      <trkpt lat="51.4421257562935352325439453125" lon="-0.330031402409076690673828125">
        <ele>3.7999999523162841796875</ele>
        <time>2019-11-02T12:31:47.000Z</time>
        <extensions>
          <ns3:TrackPointExtension>
            <ns3:hr>137</ns3:hr>
            <ns3:cad>96</ns3:cad>
          </ns3:TrackPointExtension>
        </extensions>
      </trkpt>
      <trkpt lat="51.44191729836165904998779296875" lon="-0.3300835378468036651611328125">
        <ele>5.400000095367431640625</ele>
        <time>2019-11-02T12:31:52.000Z</time>
        <extensions>
          <ns3:TrackPointExtension>
            <ns3:hr>138</ns3:hr>
            <ns3:cad>96</ns3:cad>
          </ns3:TrackPointExtension>
        </extensions>
      </trkpt>
      <trkpt lat="51.4417314715683460235595703125" lon="-0.330171547830104827880859375">
        <ele>5.80000019073486328125</ele>
        <time>2019-11-02T12:31:57.000Z</time>
        <extensions>
          <ns3:TrackPointExtension>
            <ns3:hr>137</ns3:hr>
            <ns3:cad>96</ns3:cad>
          </ns3:TrackPointExtension>
        </extensions>
      </trkpt>
      <trkpt lat="51.4415383525192737579345703125" lon="-0.3302629105746746063232421875">
        <ele>6.19999980926513671875</ele>
        <time>2019-11-02T12:32:04.000Z</time>
        <extensions>
          <ns3:TrackPointExtension>
            <ns3:hr>136</ns3:hr>
            <ns3:cad>95</ns3:cad>
          </ns3:TrackPointExtension>
        </extensions>
      </trkpt>
      <trkpt lat="51.44144254736602306365966796875" lon="-0.330274812877178192138671875">
        <ele>6.19999980926513671875</ele>
        <time>2019-11-02T12:32:07.000Z</time>
        <extensions>
          <ns3:TrackPointExtension>
            <ns3:hr>131</ns3:hr>
            <ns3:cad>96</ns3:cad>
          </ns3:TrackPointExtension>
        </extensions>
      </trkpt>
      <trkpt lat="51.44138823263347148895263671875" lon="-0.3302853740751743316650390625">
        <ele>6.19999980926513671875</ele>
        <time>2019-11-02T12:32:09.000Z</time>
        <extensions>
          <ns3:TrackPointExtension>
            <ns3:hr>128</ns3:hr>
            <ns3:cad>96</ns3:cad>
          </ns3:TrackPointExtension>
        </extensions>
      </trkpt>
      <trkpt lat="51.441170386970043182373046875" lon="-0.33026467077434062957763671875">
        <ele>5.400000095367431640625</ele>
        <time>2019-11-02T12:32:17.000Z</time>
        <extensions>
          <ns3:TrackPointExtension>
            <ns3:hr>131</ns3:hr>
            <ns3:cad>95</ns3:cad>
          </ns3:TrackPointExtension>
        </extensions>
      </trkpt>
      <trkpt lat="51.44099294207990169525146484375" lon="-0.33023935742676258087158203125">
        <ele>5.400000095367431640625</ele>
        <time>2019-11-02T12:32:23.000Z</time>
        <extensions>
          <ns3:TrackPointExtension>
            <ns3:hr>131</ns3:hr>
            <ns3:cad>96</ns3:cad>
          </ns3:TrackPointExtension>
        </extensions>
      </trkpt>
      <trkpt lat="51.44078423269093036651611328125" lon="-0.3301522694528102874755859375">
        <ele>6.19999980926513671875</ele>
        <time>2019-11-02T12:32:29.000Z</time>
        <extensions>
          <ns3:TrackPointExtension>
            <ns3:hr>133</ns3:hr>
            <ns3:cad>95</ns3:cad>
          </ns3:TrackPointExtension>
        </extensions>
      </trkpt>
      <trkpt lat="51.4405935443937778472900390625" lon="-0.3301013074815273284912109375">
        <ele>6.80000019073486328125</ele>
        <time>2019-11-02T12:32:34.000Z</time>
        <extensions>
          <ns3:TrackPointExtension>
            <ns3:hr>134</ns3:hr>
            <ns3:cad>95</ns3:cad>
          </ns3:TrackPointExtension>
        </extensions>
      </trkpt>
      <trkpt lat="51.44037737511098384857177734375" lon="-0.33004422672092914581298828125">
        <ele>7.599999904632568359375</ele>
        <time>2019-11-02T12:32:40.000Z</time>
        <extensions>
          <ns3:TrackPointExtension>
            <ns3:hr>136</ns3:hr>
            <ns3:cad>96</ns3:cad>
          </ns3:TrackPointExtension>
        </extensions>
      </trkpt>
      <trkpt lat="51.44019682891666889190673828125" lon="-0.329967699944972991943359375">
        <ele>8</ele>
        <time>2019-11-02T12:32:46.000Z</time>
        <extensions>
          <ns3:TrackPointExtension>
            <ns3:hr>138</ns3:hr>
            <ns3:cad>96</ns3:cad>
          </ns3:TrackPointExtension>
        </extensions>
      </trkpt>
      <trkpt lat="51.43998309038579463958740234375" lon="-0.32986602745950222015380859375">
        <ele>7.599999904632568359375</ele>
        <time>2019-11-02T12:32:51.000Z</time>
        <extensions>
          <ns3:TrackPointExtension>
            <ns3:hr>138</ns3:hr>
            <ns3:cad>96</ns3:cad>
          </ns3:TrackPointExtension>
        </extensions>
      </trkpt>
      <trkpt lat="51.4397920668125152587890625" lon="-0.32979176379740238189697265625">
        <ele>7</ele>
        <time>2019-11-02T12:32:56.000Z</time>
        <extensions>
          <ns3:TrackPointExtension>
            <ns3:hr>137</ns3:hr>
            <ns3:cad>96</ns3:cad>
          </ns3:TrackPointExtension>
        </extensions>
      </trkpt>
      <trkpt lat="51.43960322253406047821044921875" lon="-0.3296936117112636566162109375">
        <ele>6.599999904632568359375</ele>
        <time>2019-11-02T12:33:01.000Z</time>
        <extensions>
          <ns3:TrackPointExtension>
            <ns3:hr>138</ns3:hr>
            <ns3:cad>95</ns3:cad>
          </ns3:TrackPointExtension>
        </extensions>
      </trkpt>
      <trkpt lat="51.43942502327263355255126953125" lon="-0.32957819290459156036376953125">
        <ele>6.400000095367431640625</ele>
        <time>2019-11-02T12:33:06.000Z</time>
        <extensions>
          <ns3:TrackPointExtension>
            <ns3:hr>139</ns3:hr>
            <ns3:cad>96</ns3:cad>
          </ns3:TrackPointExtension>
        </extensions>
      </trkpt>
      <trkpt lat="51.43921396695077419281005859375" lon="-0.32946419902145862579345703125">
        <ele>7.19999980926513671875</ele>
        <time>2019-11-02T12:33:12.000Z</time>
        <extensions>
          <ns3:TrackPointExtension>
            <ns3:hr>139</ns3:hr>
            <ns3:cad>96</ns3:cad>
          </ns3:TrackPointExtension>
        </extensions>
      </trkpt>
      <trkpt lat="51.43902721814811229705810546875" lon="-0.329341404139995574951171875">
        <ele>8.6000003814697265625</ele>
        <time>2019-11-02T12:33:17.000Z</time>
        <extensions>
          <ns3:TrackPointExtension>
            <ns3:hr>139</ns3:hr>
            <ns3:cad>95</ns3:cad>
          </ns3:TrackPointExtension>
        </extensions>
      </trkpt>
      <trkpt lat="51.4388527907431125640869140625" lon="-0.3291927091777324676513671875">
        <ele>8.80000019073486328125</ele>
        <time>2019-11-02T12:33:22.000Z</time>
        <extensions>
          <ns3:TrackPointExtension>
            <ns3:hr>139</ns3:hr>
            <ns3:cad>94</ns3:cad>
          </ns3:TrackPointExtension>
        </extensions>
      </trkpt>
      <trkpt lat="51.438654474914073944091796875" lon="-0.32906555570662021636962890625">
        <ele>8.3999996185302734375</ele>
        <time>2019-11-02T12:33:28.000Z</time>
        <extensions>
          <ns3:TrackPointExtension>
            <ns3:hr>137</ns3:hr>
            <ns3:cad>93</ns3:cad>
          </ns3:TrackPointExtension>
        </extensions>
      </trkpt>
      <trkpt lat="51.43847233615815639495849609375" lon="-0.32891920767724514007568359375">
        <ele>6.19999980926513671875</ele>
        <time>2019-11-02T12:33:34.000Z</time>
        <extensions>
          <ns3:TrackPointExtension>
            <ns3:hr>138</ns3:hr>
            <ns3:cad>91</ns3:cad>
          </ns3:TrackPointExtension>
        </extensions>
      </trkpt>
      <trkpt lat="51.43829204142093658447265625" lon="-0.32880839891731739044189453125">
        <ele>4.19999980926513671875</ele>
        <time>2019-11-02T12:33:39.000Z</time>
        <extensions>
          <ns3:TrackPointExtension>
            <ns3:hr>138</ns3:hr>
            <ns3:cad>94</ns3:cad>
          </ns3:TrackPointExtension>
        </extensions>
      </trkpt>
      <trkpt lat="51.43809917382895946502685546875" lon="-0.32870404422283172607421875">
        <ele>4.19999980926513671875</ele>
        <time>2019-11-02T12:33:44.000Z</time>
        <extensions>
          <ns3:TrackPointExtension>
            <ns3:hr>138</ns3:hr>
            <ns3:cad>94</ns3:cad>
          </ns3:TrackPointExtension>
        </extensions>
      </trkpt>
      <trkpt lat="51.43790035508573055267333984375" lon="-0.3285667486488819122314453125">
        <ele>4.400000095367431640625</ele>
        <time>2019-11-02T12:33:50.000Z</time>
        <extensions>
          <ns3:TrackPointExtension>
            <ns3:hr>140</ns3:hr>
            <ns3:cad>96</ns3:cad>
          </ns3:TrackPointExtension>
        </extensions>
      </trkpt>
      <trkpt lat="51.43772550858557224273681640625" lon="-0.32844378612935543060302734375">
        <ele>5.19999980926513671875</ele>
        <time>2019-11-02T12:33:55.000Z</time>
        <extensions>
          <ns3:TrackPointExtension>
            <ns3:hr>139</ns3:hr>
            <ns3:cad>96</ns3:cad>
          </ns3:TrackPointExtension>
        </extensions>
      </trkpt>
      <trkpt lat="51.437525935471057891845703125" lon="-0.32832585275173187255859375">
        <ele>5.80000019073486328125</ele>
        <time>2019-11-02T12:34:01.000Z</time>
        <extensions>
          <ns3:TrackPointExtension>
            <ns3:hr>140</ns3:hr>
            <ns3:cad>96</ns3:cad>
          </ns3:TrackPointExtension>
        </extensions>
      </trkpt>
      <trkpt lat="51.43733340315520763397216796875" lon="-0.32820993103086948394775390625">
        <ele>6.80000019073486328125</ele>
        <time>2019-11-02T12:34:07.000Z</time>
        <extensions>
          <ns3:TrackPointExtension>
            <ns3:hr>139</ns3:hr>
            <ns3:cad>96</ns3:cad>
          </ns3:TrackPointExtension>
        </extensions>
      </trkpt>
      <trkpt lat="51.4371599815785884857177734375" lon="-0.32808805815875530242919921875">
        <ele>7.80000019073486328125</ele>
        <time>2019-11-02T12:34:14.000Z</time>
        <extensions>
          <ns3:TrackPointExtension>
            <ns3:hr>138</ns3:hr>
            <ns3:cad>96</ns3:cad>
          </ns3:TrackPointExtension>
        </extensions>
      </trkpt>
      <trkpt lat="51.436966694891452789306640625" lon="-0.32799594104290008544921875">
        <ele>8</ele>
        <time>2019-11-02T12:34:20.000Z</time>
        <extensions>
          <ns3:TrackPointExtension>
            <ns3:hr>136</ns3:hr>
            <ns3:cad>96</ns3:cad>
          </ns3:TrackPointExtension>
        </extensions>
      </trkpt>
      <trkpt lat="51.4367683790624141693115234375" lon="-0.32791002653539180755615234375">
        <ele>9.3999996185302734375</ele>
        <time>2019-11-02T12:34:27.000Z</time>
        <extensions>
          <ns3:TrackPointExtension>
            <ns3:hr>136</ns3:hr>
            <ns3:cad>96</ns3:cad>
          </ns3:TrackPointExtension>
        </extensions>
      </trkpt>
      <trkpt lat="51.4365544728934764862060546875" lon="-0.32783676870167255401611328125">
        <ele>10.6000003814697265625</ele>
        <time>2019-11-02T12:34:34.000Z</time>
        <extensions>
          <ns3:TrackPointExtension>
            <ns3:hr>137</ns3:hr>
            <ns3:cad>95</ns3:cad>
          </ns3:TrackPointExtension>
        </extensions>
      </trkpt>
      <trkpt lat="51.43637468107044696807861328125" lon="-0.32773911952972412109375">
        <ele>13</ele>
        <time>2019-11-02T12:34:39.000Z</time>
        <extensions>
          <ns3:TrackPointExtension>
            <ns3:hr>138</ns3:hr>
            <ns3:cad>96</ns3:cad>
          </ns3:TrackPointExtension>
        </extensions>
      </trkpt>
      <trkpt lat="51.43619966693222522735595703125" lon="-0.32764130271971225738525390625">
        <ele>12.3999996185302734375</ele>
        <time>2019-11-02T12:34:44.000Z</time>
        <extensions>
          <ns3:TrackPointExtension>
            <ns3:hr>138</ns3:hr>
            <ns3:cad>96</ns3:cad>
          </ns3:TrackPointExtension>
        </extensions>
      </trkpt>
      <trkpt lat="51.43601543270051479339599609375" lon="-0.327586233615875244140625">
        <ele>12.19999980926513671875</ele>
        <time>2019-11-02T12:34:50.000Z</time>
        <extensions>
          <ns3:TrackPointExtension>
            <ns3:hr>136</ns3:hr>
            <ns3:cad>94</ns3:cad>
          </ns3:TrackPointExtension>
        </extensions>
      </trkpt>
      <trkpt lat="51.43581678159534931182861328125" lon="-0.32757692970335483551025390625">
        <ele>11</ele>
        <time>2019-11-02T12:34:57.000Z</time>
        <extensions>
          <ns3:TrackPointExtension>
            <ns3:hr>137</ns3:hr>
            <ns3:cad>96</ns3:cad>
          </ns3:TrackPointExtension>
        </extensions>
      </trkpt>
      <trkpt lat="51.4356183819472789764404296875" lon="-0.3275620937347412109375">
        <ele>9.6000003814697265625</ele>
        <time>2019-11-02T12:35:03.000Z</time>
        <extensions>
          <ns3:TrackPointExtension>
            <ns3:hr>138</ns3:hr>
            <ns3:cad>96</ns3:cad>
          </ns3:TrackPointExtension>
        </extensions>
      </trkpt>
      <trkpt lat="51.4354259334504604339599609375" lon="-0.3275129757821559906005859375">
        <ele>8.6000003814697265625</ele>
        <time>2019-11-02T12:35:09.000Z</time>
        <extensions>
          <ns3:TrackPointExtension>
            <ns3:hr>138</ns3:hr>
            <ns3:cad>96</ns3:cad>
          </ns3:TrackPointExtension>
        </extensions>
      </trkpt>
      <trkpt lat="51.435228623449802398681640625" lon="-0.3274556435644626617431640625">
        <ele>8</ele>
        <time>2019-11-02T12:35:14.000Z</time>
        <extensions>
          <ns3:TrackPointExtension>
            <ns3:hr>129</ns3:hr>
            <ns3:cad>94</ns3:cad>
          </ns3:TrackPointExtension>
        </extensions>
      </trkpt>
      <trkpt lat="51.43516936339437961578369140625" lon="-0.3274475969374179840087890625">
        <ele>8</ele>
        <time>2019-11-02T12:35:16.000Z</time>
        <extensions>
          <ns3:TrackPointExtension>
            <ns3:hr>126</ns3:hr>
            <ns3:cad>95</ns3:cad>
          </ns3:TrackPointExtension>
        </extensions>
      </trkpt>
      <trkpt lat="51.43497146666049957275390625" lon="-0.32741901464760303497314453125">
        <ele>8</ele>
        <time>2019-11-02T12:35:22.000Z</time>
        <extensions>
          <ns3:TrackPointExtension>
            <ns3:hr>127</ns3:hr>
            <ns3:cad>96</ns3:cad>
          </ns3:TrackPointExtension>
        </extensions>
      </trkpt>
      <trkpt lat="51.43478882499039173126220703125" lon="-0.3273949585855007171630859375">
        <ele>7.599999904632568359375</ele>
        <time>2019-11-02T12:35:27.000Z</time>
        <extensions>
          <ns3:TrackPointExtension>
            <ns3:hr>128</ns3:hr>
            <ns3:cad>96</ns3:cad>
          </ns3:TrackPointExtension>
        </extensions>
      </trkpt>
      <trkpt lat="51.43458631820976734161376953125" lon="-0.3273148275911808013916015625">
        <ele>8</ele>
        <time>2019-11-02T12:35:33.000Z</time>
        <extensions>
          <ns3:TrackPointExtension>
            <ns3:hr>129</ns3:hr>
            <ns3:cad>95</ns3:cad>
          </ns3:TrackPointExtension>
        </extensions>
      </trkpt>
      <trkpt lat="51.4344056881964206695556640625" lon="-0.32720603048801422119140625">
        <ele>9</ele>
        <time>2019-11-02T12:35:38.000Z</time>
        <extensions>
          <ns3:TrackPointExtension>
            <ns3:hr>132</ns3:hr>
            <ns3:cad>95</ns3:cad>
          </ns3:TrackPointExtension>
        </extensions>
      </trkpt>
      <trkpt lat="51.434206031262874603271484375" lon="-0.32714056782424449920654296875">
        <ele>9.80000019073486328125</ele>
        <time>2019-11-02T12:35:44.000Z</time>
        <extensions>
          <ns3:TrackPointExtension>
            <ns3:hr>134</ns3:hr>
            <ns3:cad>95</ns3:cad>
          </ns3:TrackPointExtension>
        </extensions>
      </trkpt>
      <trkpt lat="51.4341156743466854095458984375" lon="-0.32709832303225994110107421875">
        <ele>10.3999996185302734375</ele>
        <time>2019-11-02T12:35:47.000Z</time>
        <extensions>
          <ns3:TrackPointExtension>
            <ns3:hr>133</ns3:hr>
            <ns3:cad>95</ns3:cad>
          </ns3:TrackPointExtension>
        </extensions>
      </trkpt>
      <trkpt lat="51.43392934463918209075927734375" lon="-0.32699170522391796112060546875">
        <ele>11.3999996185302734375</ele>
        <time>2019-11-02T12:35:54.000Z</time>
        <extensions>
          <ns3:TrackPointExtension>
            <ns3:hr>134</ns3:hr>
            <ns3:cad>95</ns3:cad>
          </ns3:TrackPointExtension>
        </extensions>
      </trkpt>
      <trkpt lat="51.433752737939357757568359375" lon="-0.32686497084796428680419921875">
        <ele>12.19999980926513671875</ele>
        <time>2019-11-02T12:36:00.000Z</time>
        <extensions>
          <ns3:TrackPointExtension>
            <ns3:hr>136</ns3:hr>
            <ns3:cad>96</ns3:cad>
          </ns3:TrackPointExtension>
        </extensions>
      </trkpt>
      <trkpt lat="51.43358384259045124053955078125" lon="-0.32669917680323123931884765625">
        <ele>12.6000003814697265625</ele>
        <time>2019-11-02T12:36:06.000Z</time>
        <extensions>
          <ns3:TrackPointExtension>
            <ns3:hr>135</ns3:hr>
            <ns3:cad>94</ns3:cad>
          </ns3:TrackPointExtension>
        </extensions>
      </trkpt>
      <trkpt lat="51.43343816511332988739013671875" lon="-0.32648258842527866363525390625">
        <ele>12</ele>
        <time>2019-11-02T12:36:13.000Z</time>
        <extensions>
          <ns3:TrackPointExtension>
            <ns3:hr>134</ns3:hr>
            <ns3:cad>95</ns3:cad>
          </ns3:TrackPointExtension>
        </extensions>
      </trkpt>
      <trkpt lat="51.433309502899646759033203125" lon="-0.32622962258756160736083984375">
        <ele>12</ele>
        <time>2019-11-02T12:36:21.000Z</time>
        <extensions>
          <ns3:TrackPointExtension>
            <ns3:hr>135</ns3:hr>
            <ns3:cad>96</ns3:cad>
          </ns3:TrackPointExtension>
        </extensions>
      </trkpt>
      <trkpt lat="51.43316156230866909027099609375" lon="-0.32600381411612033843994140625">
        <ele>9.80000019073486328125</ele>
        <time>2019-11-02T12:36:28.000Z</time>
        <extensions>
          <ns3:TrackPointExtension>
            <ns3:hr>135</ns3:hr>
            <ns3:cad>95</ns3:cad>
          </ns3:TrackPointExtension>
        </extensions>
      </trkpt>
      <trkpt lat="51.433017812669277191162109375" lon="-0.32582410611212253570556640625">
        <ele>7.80000019073486328125</ele>
        <time>2019-11-02T12:36:33.000Z</time>
        <extensions>
          <ns3:TrackPointExtension>
            <ns3:hr>133</ns3:hr>
            <ns3:cad>96</ns3:cad>
          </ns3:TrackPointExtension>
        </extensions>
      </trkpt>
      <trkpt lat="51.432867944240570068359375" lon="-0.32558153383433818817138671875">
        <ele>6.19999980926513671875</ele>
        <time>2019-11-02T12:36:38.000Z</time>
        <extensions>
          <ns3:TrackPointExtension>
            <ns3:hr>134</ns3:hr>
            <ns3:cad>96</ns3:cad>
          </ns3:TrackPointExtension>
        </extensions>
      </trkpt>
      <trkpt lat="51.43274255096912384033203125" lon="-0.32534533180296421051025390625">
        <ele>5.19999980926513671875</ele>
        <time>2019-11-02T12:36:43.000Z</time>
        <extensions>
          <ns3:TrackPointExtension>
            <ns3:hr>134</ns3:hr>
            <ns3:cad>97</ns3:cad>
          </ns3:TrackPointExtension>
        </extensions>
      </trkpt>
      <trkpt lat="51.43260776996612548828125" lon="-0.3250738419592380523681640625">
        <ele>5.400000095367431640625</ele>
        <time>2019-11-02T12:36:48.000Z</time>
        <extensions>
          <ns3:TrackPointExtension>
            <ns3:hr>134</ns3:hr>
            <ns3:cad>95</ns3:cad>
          </ns3:TrackPointExtension>
        </extensions>
      </trkpt>
      <trkpt lat="51.43247977830469608306884765625" lon="-0.32481626607477664947509765625">
        <ele>4.400000095367431640625</ele>
        <time>2019-11-02T12:36:53.000Z</time>
        <extensions>
          <ns3:TrackPointExtension>
            <ns3:hr>134</ns3:hr>
            <ns3:cad>96</ns3:cad>
          </ns3:TrackPointExtension>
        </extensions>
      </trkpt>
      <trkpt lat="51.432367376983165740966796875" lon="-0.32453346066176891326904296875">
        <ele>5</ele>
        <time>2019-11-02T12:36:59.000Z</time>
        <extensions>
          <ns3:TrackPointExtension>
            <ns3:hr>132</ns3:hr>
            <ns3:cad>95</ns3:cad>
          </ns3:TrackPointExtension>
        </extensions>
      </trkpt>
      <trkpt lat="51.43224910832941532135009765625" lon="-0.3242561034858226776123046875">
        <ele>4.80000019073486328125</ele>
        <time>2019-11-02T12:37:05.000Z</time>
        <extensions>
          <ns3:TrackPointExtension>
            <ns3:hr>131</ns3:hr>
            <ns3:cad>95</ns3:cad>
          </ns3:TrackPointExtension>
        </extensions>
      </trkpt>
      <trkpt lat="51.43211952410638332366943359375" lon="-0.32397036440670490264892578125">
        <ele>5.19999980926513671875</ele>
        <time>2019-11-02T12:37:11.000Z</time>
        <extensions>
          <ns3:TrackPointExtension>
            <ns3:hr>133</ns3:hr>
            <ns3:cad>96</ns3:cad>
          </ns3:TrackPointExtension>
        </extensions>
      </trkpt>
      <trkpt lat="51.43199019134044647216796875" lon="-0.323683954775333404541015625">
        <ele>5</ele>
        <time>2019-11-02T12:37:17.000Z</time>
        <extensions>
          <ns3:TrackPointExtension>
            <ns3:hr>133</ns3:hr>
            <ns3:cad>95</ns3:cad>
          </ns3:TrackPointExtension>
        </extensions>
      </trkpt>
      <trkpt lat="51.4319018460810184478759765625" lon="-0.32341799698770046234130859375">
        <ele>6</ele>
        <time>2019-11-02T12:37:23.000Z</time>
        <extensions>
          <ns3:TrackPointExtension>
            <ns3:hr>133</ns3:hr>
            <ns3:cad>96</ns3:cad>
          </ns3:TrackPointExtension>
        </extensions>
      </trkpt>
      <trkpt lat="51.4318243972957134246826171875" lon="-0.323227979242801666259765625">
        <ele>6.80000019073486328125</ele>
        <time>2019-11-02T12:37:27.000Z</time>
        <extensions>
          <ns3:TrackPointExtension>
            <ns3:hr>136</ns3:hr>
            <ns3:cad>96</ns3:cad>
          </ns3:TrackPointExtension>
        </extensions>
      </trkpt>
      <trkpt lat="51.431726999580860137939453125" lon="-0.32292681746184825897216796875">
        <ele>7.599999904632568359375</ele>
        <time>2019-11-02T12:37:34.000Z</time>
        <extensions>
          <ns3:TrackPointExtension>
            <ns3:hr>136</ns3:hr>
            <ns3:cad>95</ns3:cad>
          </ns3:TrackPointExtension>
        </extensions>
      </trkpt>
      <trkpt lat="51.4316011033952236175537109375" lon="-0.32267284579575061798095703125">
        <ele>8.3999996185302734375</ele>
        <time>2019-11-02T12:37:39.000Z</time>
        <extensions>
          <ns3:TrackPointExtension>
            <ns3:hr>135</ns3:hr>
            <ns3:cad>97</ns3:cad>
          </ns3:TrackPointExtension>
        </extensions>
      </trkpt>
      <trkpt lat="51.43147059716284275054931640625" lon="-0.3223939798772335052490234375">
        <ele>9.6000003814697265625</ele>
        <time>2019-11-02T12:37:45.000Z</time>
        <extensions>
          <ns3:TrackPointExtension>
            <ns3:hr>134</ns3:hr>
            <ns3:cad>94</ns3:cad>
          </ns3:TrackPointExtension>
        </extensions>
      </trkpt>
      <trkpt lat="51.43140890635550022125244140625" lon="-0.322220139205455780029296875">
        <ele>10</ele>
        <time>2019-11-02T12:37:49.000Z</time>
        <extensions>
          <ns3:TrackPointExtension>
            <ns3:hr>130</ns3:hr>
            <ns3:cad>96</ns3:cad>
          </ns3:TrackPointExtension>
        </extensions>
      </trkpt>
      <trkpt lat="51.4313887059688568115234375" lon="-0.32217286527156829833984375">
        <ele>10</ele>
        <time>2019-11-02T12:37:50.000Z</time>
        <extensions>
          <ns3:TrackPointExtension>
            <ns3:hr>127</ns3:hr>
            <ns3:cad>96</ns3:cad>
          </ns3:TrackPointExtension>
        </extensions>
      </trkpt>
      <trkpt lat="51.4312705211341381072998046875" lon="-0.3218927420675754547119140625">
        <ele>9.6000003814697265625</ele>
        <time>2019-11-02T12:37:56.000Z</time>
        <extensions>
          <ns3:TrackPointExtension>
            <ns3:hr>128</ns3:hr>
            <ns3:cad>94</ns3:cad>
          </ns3:TrackPointExtension>
        </extensions>
      </trkpt>
      <trkpt lat="51.4311913959681987762451171875" lon="-0.321624018251895904541015625">
        <ele>9.3999996185302734375</ele>
        <time>2019-11-02T12:38:02.000Z</time>
        <extensions>
          <ns3:TrackPointExtension>
            <ns3:hr>130</ns3:hr>
            <ns3:cad>94</ns3:cad>
          </ns3:TrackPointExtension>
        </extensions>
      </trkpt>
      <trkpt lat="51.43127001821994781494140625" lon="-0.32131397165358066558837890625">
        <ele>9</ele>
        <time>2019-11-02T12:38:14.000Z</time>
        <extensions>
          <ns3:TrackPointExtension>
            <ns3:hr>132</ns3:hr>
            <ns3:cad>94</ns3:cad>
          </ns3:TrackPointExtension>
        </extensions>
      </trkpt>
      <trkpt lat="51.43131427466869354248046875" lon="-0.3210297413170337677001953125">
        <ele>9</ele>
        <time>2019-11-02T12:38:22.000Z</time>
        <extensions>
          <ns3:TrackPointExtension>
            <ns3:hr>132</ns3:hr>
            <ns3:cad>95</ns3:cad>
          </ns3:TrackPointExtension>
        </extensions>
      </trkpt>
      <trkpt lat="51.4312519133090972900390625" lon="-0.32071047462522983551025390625">
        <ele>8.80000019073486328125</ele>
        <time>2019-11-02T12:38:28.000Z</time>
        <extensions>
          <ns3:TrackPointExtension>
            <ns3:hr>134</ns3:hr>
            <ns3:cad>96</ns3:cad>
          </ns3:TrackPointExtension>
        </extensions>
      </trkpt>
      <trkpt lat="51.43118712119758129119873046875" lon="-0.3204168565571308135986328125">
        <ele>8.6000003814697265625</ele>
        <time>2019-11-02T12:38:33.000Z</time>
        <extensions>
          <ns3:TrackPointExtension>
            <ns3:hr>133</ns3:hr>
            <ns3:cad>96</ns3:cad>
          </ns3:TrackPointExtension>
        </extensions>
      </trkpt>
      <trkpt lat="51.4310666732490062713623046875" lon="-0.3201439417898654937744140625">
        <ele>8</ele>
        <time>2019-11-02T12:38:37.000Z</time>
        <extensions>
          <ns3:TrackPointExtension>
            <ns3:hr>132</ns3:hr>
            <ns3:cad>96</ns3:cad>
          </ns3:TrackPointExtension>
        </extensions>
      </trkpt>
      <trkpt lat="51.4310239255428314208984375" lon="-0.31985250301659107208251953125">
        <ele>7.599999904632568359375</ele>
        <time>2019-11-02T12:38:43.000Z</time>
        <extensions>
          <ns3:TrackPointExtension>
            <ns3:hr>133</ns3:hr>
            <ns3:cad>95</ns3:cad>
          </ns3:TrackPointExtension>
        </extensions>
      </trkpt>
      <trkpt lat="51.43094907514750957489013671875" lon="-0.319560728967189788818359375">
        <ele>7.599999904632568359375</ele>
        <time>2019-11-02T12:38:49.000Z</time>
        <extensions>
          <ns3:TrackPointExtension>
            <ns3:hr>134</ns3:hr>
            <ns3:cad>94</ns3:cad>
          </ns3:TrackPointExtension>
        </extensions>
      </trkpt>
      <trkpt lat="51.43084128387272357940673828125" lon="-0.31930047087371349334716796875">
        <ele>8.19999980926513671875</ele>
        <time>2019-11-02T12:38:54.000Z</time>
        <extensions>
          <ns3:TrackPointExtension>
            <ns3:hr>134</ns3:hr>
            <ns3:cad>95</ns3:cad>
          </ns3:TrackPointExtension>
        </extensions>
      </trkpt>
      <trkpt lat="51.430770121514797210693359375" lon="-0.31902537681162357330322265625">
        <ele>9</ele>
        <time>2019-11-02T12:38:59.000Z</time>
        <extensions>
          <ns3:TrackPointExtension>
            <ns3:hr>135</ns3:hr>
            <ns3:cad>94</ns3:cad>
          </ns3:TrackPointExtension>
        </extensions>
      </trkpt>
      <trkpt lat="51.4306854642927646636962890625" lon="-0.31874458305537700653076171875">
        <ele>9.80000019073486328125</ele>
        <time>2019-11-02T12:39:04.000Z</time>
        <extensions>
          <ns3:TrackPointExtension>
            <ns3:hr>135</ns3:hr>
            <ns3:cad>96</ns3:cad>
          </ns3:TrackPointExtension>
        </extensions>
      </trkpt>
      <trkpt lat="51.4305808581411838531494140625" lon="-0.31845607794821262359619140625">
        <ele>10</ele>
        <time>2019-11-02T12:39:10.000Z</time>
        <extensions>
          <ns3:TrackPointExtension>
            <ns3:hr>136</ns3:hr>
            <ns3:cad>95</ns3:cad>
          </ns3:TrackPointExtension>
        </extensions>
      </trkpt>
      <trkpt lat="51.43049460835754871368408203125" lon="-0.3181946463882923126220703125">
        <ele>9.80000019073486328125</ele>
        <time>2019-11-02T12:39:15.000Z</time>
        <extensions>
          <ns3:TrackPointExtension>
            <ns3:hr>134</ns3:hr>
            <ns3:cad>96</ns3:cad>
          </ns3:TrackPointExtension>
        </extensions>
      </trkpt>
      <trkpt lat="51.4304383657872676849365234375" lon="-0.317900441586971282958984375">
        <ele>9.6000003814697265625</ele>
        <time>2019-11-02T12:39:21.000Z</time>
        <extensions>
          <ns3:TrackPointExtension>
            <ns3:hr>135</ns3:hr>
            <ns3:cad>95</ns3:cad>
          </ns3:TrackPointExtension>
        </extensions>
      </trkpt>
      <trkpt lat="51.4303662814199924468994140625" lon="-0.3177155368030071258544921875">
        <ele>9.3999996185302734375</ele>
        <time>2019-11-02T12:39:25.000Z</time>
        <extensions>
          <ns3:TrackPointExtension>
            <ns3:hr>135</ns3:hr>
            <ns3:cad>95</ns3:cad>
          </ns3:TrackPointExtension>
        </extensions>
      </trkpt>
      <trkpt lat="51.4302834682166576385498046875" lon="-0.31745092011988162994384765625">
        <ele>10</ele>
        <time>2019-11-02T12:39:30.000Z</time>
        <extensions>
          <ns3:TrackPointExtension>
            <ns3:hr>135</ns3:hr>
            <ns3:cad>95</ns3:cad>
          </ns3:TrackPointExtension>
        </extensions>
      </trkpt>
      <trkpt lat="51.43023309297859668731689453125" lon="-0.31713978387415409088134765625">
        <ele>10</ele>
        <time>2019-11-02T12:39:36.000Z</time>
        <extensions>
          <ns3:TrackPointExtension>
            <ns3:hr>137</ns3:hr>
            <ns3:cad>95</ns3:cad>
          </ns3:TrackPointExtension>
        </extensions>
      </trkpt>
      <trkpt lat="51.43013636581599712371826171875" lon="-0.31682965345680713653564453125">
        <ele>9.6000003814697265625</ele>
        <time>2019-11-02T12:39:42.000Z</time>
        <extensions>
          <ns3:TrackPointExtension>
            <ns3:hr>138</ns3:hr>
            <ns3:cad>95</ns3:cad>
          </ns3:TrackPointExtension>
        </extensions>
      </trkpt>
      <trkpt lat="51.4300038479268550872802734375" lon="-0.31656813807785511016845703125">
        <ele>10</ele>
        <time>2019-11-02T12:39:48.000Z</time>
        <extensions>
          <ns3:TrackPointExtension>
            <ns3:hr>136</ns3:hr>
            <ns3:cad>94</ns3:cad>
          </ns3:TrackPointExtension>
        </extensions>
      </trkpt>
      <trkpt lat="51.42990502528846263885498046875" lon="-0.31630477868020534515380859375">
        <ele>9.80000019073486328125</ele>
        <time>2019-11-02T12:39:54.000Z</time>
        <extensions>
          <ns3:TrackPointExtension>
            <ns3:hr>133</ns3:hr>
            <ns3:cad>95</ns3:cad>
          </ns3:TrackPointExtension>
        </extensions>
      </trkpt>
      <trkpt lat="51.42982489429414272308349609375" lon="-0.3160445205867290496826171875">
        <ele>8.80000019073486328125</ele>
        <time>2019-11-02T12:40:00.000Z</time>
        <extensions>
          <ns3:TrackPointExtension>
            <ns3:hr>134</ns3:hr>
            <ns3:cad>94</ns3:cad>
          </ns3:TrackPointExtension>
        </extensions>
      </trkpt>
      <trkpt lat="51.4297393150627613067626953125" lon="-0.31574034132063388824462890625">
        <ele>8.19999980926513671875</ele>
        <time>2019-11-02T12:40:06.000Z</time>
        <extensions>
          <ns3:TrackPointExtension>
            <ns3:hr>133</ns3:hr>
            <ns3:cad>95</ns3:cad>
          </ns3:TrackPointExtension>
        </extensions>
      </trkpt>
      <trkpt lat="51.42961383797228336334228515625" lon="-0.31547312624752521514892578125">
        <ele>7.400000095367431640625</ele>
        <time>2019-11-02T12:40:12.000Z</time>
        <extensions>
          <ns3:TrackPointExtension>
            <ns3:hr>133</ns3:hr>
            <ns3:cad>96</ns3:cad>
          </ns3:TrackPointExtension>
        </extensions>
      </trkpt>
      <trkpt lat="51.42947017215192317962646484375" lon="-0.31526206992566585540771484375">
        <ele>7.19999980926513671875</ele>
        <time>2019-11-02T12:40:17.000Z</time>
        <extensions>
          <ns3:TrackPointExtension>
            <ns3:hr>134</ns3:hr>
            <ns3:cad>95</ns3:cad>
          </ns3:TrackPointExtension>
        </extensions>
      </trkpt>
      <trkpt lat="51.42932198010385036468505859375" lon="-0.3150402009487152099609375">
        <ele>7.599999904632568359375</ele>
        <time>2019-11-02T12:40:22.000Z</time>
        <extensions>
          <ns3:TrackPointExtension>
            <ns3:hr>133</ns3:hr>
            <ns3:cad>97</ns3:cad>
          </ns3:TrackPointExtension>
        </extensions>
      </trkpt>
      <trkpt lat="51.4292193017899990081787109375" lon="-0.31479838304221630096435546875">
        <ele>7</ele>
        <time>2019-11-02T12:40:27.000Z</time>
        <extensions>
          <ns3:TrackPointExtension>
            <ns3:hr>132</ns3:hr>
            <ns3:cad>96</ns3:cad>
          </ns3:TrackPointExtension>
        </extensions>
      </trkpt>
      <trkpt lat="51.42913900315761566162109375" lon="-0.3145287372171878814697265625">
        <ele>6.599999904632568359375</ele>
        <time>2019-11-02T12:40:33.000Z</time>
        <extensions>
          <ns3:TrackPointExtension>
            <ns3:hr>131</ns3:hr>
            <ns3:cad>96</ns3:cad>
          </ns3:TrackPointExtension>
        </extensions>
      </trkpt>
      <trkpt lat="51.429031379520893096923828125" lon="-0.31425422988831996917724609375">
        <ele>6.400000095367431640625</ele>
        <time>2019-11-02T12:40:39.000Z</time>
        <extensions>
          <ns3:TrackPointExtension>
            <ns3:hr>131</ns3:hr>
            <ns3:cad>95</ns3:cad>
          </ns3:TrackPointExtension>
        </extensions>
      </trkpt>
      <trkpt lat="51.42882518470287322998046875" lon="-0.3140650503337383270263671875">
        <ele>7.19999980926513671875</ele>
        <time>2019-11-02T12:40:41.000Z</time>
        <extensions>
          <ns3:TrackPointExtension>
            <ns3:hr>131</ns3:hr>
            <ns3:cad>95</ns3:cad>
          </ns3:TrackPointExtension>
        </extensions>
      </trkpt>
      <trkpt lat="51.42862577922642230987548828125" lon="-0.3138407506048679351806640625">
        <ele>7.80000019073486328125</ele>
        <time>2019-11-02T12:40:44.000Z</time>
        <extensions>
          <ns3:TrackPointExtension>
            <ns3:hr>132</ns3:hr>
            <ns3:cad>95</ns3:cad>
          </ns3:TrackPointExtension>
        </extensions>
      </trkpt>
      <trkpt lat="51.42846886999905109405517578125" lon="-0.313573367893695831298828125">
        <ele>7.19999980926513671875</ele>
        <time>2019-11-02T12:40:49.000Z</time>
        <extensions>
          <ns3:TrackPointExtension>
            <ns3:hr>134</ns3:hr>
            <ns3:cad>96</ns3:cad>
          </ns3:TrackPointExtension>
        </extensions>
      </trkpt>
      <trkpt lat="51.42834783531725406646728515625" lon="-0.31334429048001766204833984375">
        <ele>6.80000019073486328125</ele>
        <time>2019-11-02T12:40:54.000Z</time>
        <extensions>
          <ns3:TrackPointExtension>
            <ns3:hr>135</ns3:hr>
            <ns3:cad>95</ns3:cad>
          </ns3:TrackPointExtension>
        </extensions>
      </trkpt>
      <trkpt lat="51.428192518651485443115234375" lon="-0.31308210454881191253662109375">
        <ele>8</ele>
        <time>2019-11-02T12:41:00.000Z</time>
        <extensions>
          <ns3:TrackPointExtension>
            <ns3:hr>134</ns3:hr>
            <ns3:cad>94</ns3:cad>
          </ns3:TrackPointExtension>
        </extensions>
      </trkpt>
      <trkpt lat="51.42810241319239139556884765625" lon="-0.31280181370675563812255859375">
        <ele>8</ele>
        <time>2019-11-02T12:41:07.000Z</time>
        <extensions>
          <ns3:TrackPointExtension>
            <ns3:hr>133</ns3:hr>
            <ns3:cad>94</ns3:cad>
          </ns3:TrackPointExtension>
        </extensions>
      </trkpt>
      <trkpt lat="51.42804072238504886627197265625" lon="-0.31254750676453113555908203125">
        <ele>8</ele>
        <time>2019-11-02T12:41:15.000Z</time>
        <extensions>
          <ns3:TrackPointExtension>
            <ns3:hr>134</ns3:hr>
            <ns3:cad>93</ns3:cad>
          </ns3:TrackPointExtension>
        </extensions>
      </trkpt>
      <trkpt lat="51.4280069433152675628662109375" lon="-0.31224626116454601287841796875">
        <ele>8</ele>
        <time>2019-11-02T12:41:23.000Z</time>
        <extensions>
          <ns3:TrackPointExtension>
            <ns3:hr>135</ns3:hr>
            <ns3:cad>94</ns3:cad>
          </ns3:TrackPointExtension>
        </extensions>
      </trkpt>
      <trkpt lat="51.42786989919841289520263671875" lon="-0.31198927201330661773681640625">
        <ele>9.6000003814697265625</ele>
        <time>2019-11-02T12:41:30.000Z</time>
        <extensions>
          <ns3:TrackPointExtension>
            <ns3:hr>133</ns3:hr>
            <ns3:cad>98</ns3:cad>
          </ns3:TrackPointExtension>
        </extensions>
      </trkpt>
      <trkpt lat="51.427764035761356353759765625" lon="-0.31172641552984714508056640625">
        <ele>10.6000003814697265625</ele>
        <time>2019-11-02T12:41:37.000Z</time>
        <extensions>
          <ns3:TrackPointExtension>
            <ns3:hr>134</ns3:hr>
            <ns3:cad>96</ns3:cad>
          </ns3:TrackPointExtension>
        </extensions>
      </trkpt>
      <trkpt lat="51.42763956449925899505615234375" lon="-0.311465151607990264892578125">
        <ele>10.6000003814697265625</ele>
        <time>2019-11-02T12:41:43.000Z</time>
        <extensions>
          <ns3:TrackPointExtension>
            <ns3:hr>135</ns3:hr>
            <ns3:cad>96</ns3:cad>
          </ns3:TrackPointExtension>
        </extensions>
      </trkpt>
      <trkpt lat="51.42753177322447299957275390625" lon="-0.31122802756726741790771484375">
        <ele>9.19999980926513671875</ele>
        <time>2019-11-02T12:41:49.000Z</time>
        <extensions>
          <ns3:TrackPointExtension>
            <ns3:hr>136</ns3:hr>
            <ns3:cad>96</ns3:cad>
          </ns3:TrackPointExtension>
        </extensions>
      </trkpt>
      <trkpt lat="51.42742599360644817352294921875" lon="-0.31094186939299106597900390625">
        <ele>8.19999980926513671875</ele>
        <time>2019-11-02T12:41:56.000Z</time>
        <extensions>
          <ns3:TrackPointExtension>
            <ns3:hr>135</ns3:hr>
            <ns3:cad>95</ns3:cad>
          </ns3:TrackPointExtension>
        </extensions>
      </trkpt>
      <trkpt lat="51.4273197948932647705078125" lon="-0.31065881252288818359375">
        <ele>7.400000095367431640625</ele>
        <time>2019-11-02T12:42:03.000Z</time>
        <extensions>
          <ns3:TrackPointExtension>
            <ns3:hr>134</ns3:hr>
            <ns3:cad>96</ns3:cad>
          </ns3:TrackPointExtension>
        </extensions>
      </trkpt>
      <trkpt lat="51.42721795476973056793212890625" lon="-0.31040576286613941192626953125">
        <ele>7.400000095367431640625</ele>
        <time>2019-11-02T12:42:09.000Z</time>
        <extensions>
          <ns3:TrackPointExtension>
            <ns3:hr>134</ns3:hr>
            <ns3:cad>96</ns3:cad>
          </ns3:TrackPointExtension>
        </extensions>
      </trkpt>
      <trkpt lat="51.427104882895946502685546875" lon="-0.31015967018902301788330078125">
        <ele>7.80000019073486328125</ele>
        <time>2019-11-02T12:42:15.000Z</time>
        <extensions>
          <ns3:TrackPointExtension>
            <ns3:hr>135</ns3:hr>
            <ns3:cad>96</ns3:cad>
          </ns3:TrackPointExtension>
        </extensions>
      </trkpt>
      <trkpt lat="51.426968760788440704345703125" lon="-0.30994660221040248870849609375">
        <ele>7</ele>
        <time>2019-11-02T12:42:20.000Z</time>
        <extensions>
          <ns3:TrackPointExtension>
            <ns3:hr>135</ns3:hr>
            <ns3:cad>95</ns3:cad>
          </ns3:TrackPointExtension>
        </extensions>
      </trkpt>
      <trkpt lat="51.42687144689261913299560546875" lon="-0.3096891939640045166015625">
        <ele>7</ele>
        <time>2019-11-02T12:42:26.000Z</time>
        <extensions>
          <ns3:TrackPointExtension>
            <ns3:hr>133</ns3:hr>
            <ns3:cad>96</ns3:cad>
          </ns3:TrackPointExtension>
        </extensions>
      </trkpt>
      <trkpt lat="51.4267238415777683258056640625" lon="-0.30943907797336578369140625">
        <ele>6.80000019073486328125</ele>
        <time>2019-11-02T12:42:32.000Z</time>
        <extensions>
          <ns3:TrackPointExtension>
            <ns3:hr>135</ns3:hr>
            <ns3:cad>96</ns3:cad>
          </ns3:TrackPointExtension>
        </extensions>
      </trkpt>
      <trkpt lat="51.42656148411333560943603515625" lon="-0.3091995231807231903076171875">
        <ele>7.400000095367431640625</ele>
        <time>2019-11-02T12:42:38.000Z</time>
        <extensions>
          <ns3:TrackPointExtension>
            <ns3:hr>135</ns3:hr>
            <ns3:cad>95</ns3:cad>
          </ns3:TrackPointExtension>
        </extensions>
      </trkpt>
      <trkpt lat="51.42640004865825176239013671875" lon="-0.3089836053550243377685546875">
        <ele>7.599999904632568359375</ele>
        <time>2019-11-02T12:42:44.000Z</time>
        <extensions>
          <ns3:TrackPointExtension>
            <ns3:hr>134</ns3:hr>
            <ns3:cad>96</ns3:cad>
          </ns3:TrackPointExtension>
        </extensions>
      </trkpt>
      <trkpt lat="51.4263107813894748687744140625" lon="-0.3088572062551975250244140625">
        <ele>6.80000019073486328125</ele>
        <time>2019-11-02T12:42:48.000Z</time>
        <extensions>
          <ns3:TrackPointExtension>
            <ns3:hr>137</ns3:hr>
            <ns3:cad>95</ns3:cad>
          </ns3:TrackPointExtension>
        </extensions>
      </trkpt>
      <trkpt lat="51.4262511022388935089111328125" lon="-0.30878218822181224822998046875">
        <ele>6.19999980926513671875</ele>
        <time>2019-11-02T12:42:49.000Z</time>
        <extensions>
          <ns3:TrackPointExtension>
            <ns3:hr>132</ns3:hr>
            <ns3:cad>96</ns3:cad>
          </ns3:TrackPointExtension>
        </extensions>
      </trkpt>
      <trkpt lat="51.4261850528419017791748046875" lon="-0.3086986206471920013427734375">
        <ele>5.400000095367431640625</ele>
        <time>2019-11-02T12:42:51.000Z</time>
        <extensions>
          <ns3:TrackPointExtension>
            <ns3:hr>124</ns3:hr>
            <ns3:cad>97</ns3:cad>
          </ns3:TrackPointExtension>
        </extensions>
      </trkpt>
      <trkpt lat="51.4261552132666110992431640625" lon="-0.30866249464452266693115234375">
        <ele>5</ele>
        <time>2019-11-02T12:42:52.000Z</time>
        <extensions>
          <ns3:TrackPointExtension>
            <ns3:hr>118</ns3:hr>
            <ns3:cad>97</ns3:cad>
          </ns3:TrackPointExtension>
        </extensions>
      </trkpt>
      <trkpt lat="51.42607768066227436065673828125" lon="-0.30855202116072177886962890625">
        <ele>4</ele>
        <time>2019-11-02T12:42:55.000Z</time>
        <extensions>
          <ns3:TrackPointExtension>
            <ns3:hr>115</ns3:hr>
            <ns3:cad>94</ns3:cad>
          </ns3:TrackPointExtension>
        </extensions>
      </trkpt>
      <trkpt lat="51.4260502718389034271240234375" lon="-0.30851447023451328277587890625">
        <ele>4.19999980926513671875</ele>
        <time>2019-11-02T12:42:56.000Z</time>
        <extensions>
          <ns3:TrackPointExtension>
            <ns3:hr>114</ns3:hr>
            <ns3:cad>95</ns3:cad>
          </ns3:TrackPointExtension>
        </extensions>
      </trkpt>
      <trkpt lat="51.42591121606528759002685546875" lon="-0.30830919742584228515625">
        <ele>5.19999980926513671875</ele>
        <time>2019-11-02T12:43:01.000Z</time>
        <extensions>
          <ns3:TrackPointExtension>
            <ns3:hr>112</ns3:hr>
            <ns3:cad>96</ns3:cad>
          </ns3:TrackPointExtension>
        </extensions>
      </trkpt>
      <trkpt lat="51.425744332373142242431640625" lon="-0.30811280943453311920166015625">
        <ele>6.80000019073486328125</ele>
        <time>2019-11-02T12:43:07.000Z</time>
        <extensions>
          <ns3:TrackPointExtension>
            <ns3:hr>114</ns3:hr>
            <ns3:cad>96</ns3:cad>
          </ns3:TrackPointExtension>
        </extensions>
      </trkpt>
      <trkpt lat="51.4255681447684764862060546875" lon="-0.3079663775861263275146484375">
        <ele>8.19999980926513671875</ele>
        <time>2019-11-02T12:43:13.000Z</time>
        <extensions>
          <ns3:TrackPointExtension>
            <ns3:hr>119</ns3:hr>
            <ns3:cad>96</ns3:cad>
          </ns3:TrackPointExtension>
        </extensions>
      </trkpt>
      <trkpt lat="51.42541207373142242431640625" lon="-0.3077856637537479400634765625">
        <ele>9.19999980926513671875</ele>
        <time>2019-11-02T12:43:20.000Z</time>
        <extensions>
          <ns3:TrackPointExtension>
            <ns3:hr>121</ns3:hr>
            <ns3:cad>96</ns3:cad>
          </ns3:TrackPointExtension>
        </extensions>
      </trkpt>
      <trkpt lat="51.42526446841657161712646484375" lon="-0.307583324611186981201171875">
        <ele>10</ele>
        <time>2019-11-02T12:43:26.000Z</time>
        <extensions>
          <ns3:TrackPointExtension>
            <ns3:hr>121</ns3:hr>
            <ns3:cad>96</ns3:cad>
          </ns3:TrackPointExtension>
        </extensions>
      </trkpt>
      <trkpt lat="51.42512449063360691070556640625" lon="-0.307374782860279083251953125">
        <ele>10</ele>
        <time>2019-11-02T12:43:33.000Z</time>
        <extensions>
          <ns3:TrackPointExtension>
            <ns3:hr>123</ns3:hr>
            <ns3:cad>96</ns3:cad>
          </ns3:TrackPointExtension>
        </extensions>
      </trkpt>
      <trkpt lat="51.424955427646636962890625" lon="-0.30720672570168972015380859375">
        <ele>10</ele>
        <time>2019-11-02T12:43:39.000Z</time>
        <extensions>
          <ns3:TrackPointExtension>
            <ns3:hr>125</ns3:hr>
            <ns3:cad>96</ns3:cad>
          </ns3:TrackPointExtension>
        </extensions>
      </trkpt>
      <trkpt lat="51.42477161251008510589599609375" lon="-0.30708535574376583099365234375">
        <ele>9.19999980926513671875</ele>
        <time>2019-11-02T12:43:44.000Z</time>
        <extensions>
          <ns3:TrackPointExtension>
            <ns3:hr>127</ns3:hr>
            <ns3:cad>95</ns3:cad>
          </ns3:TrackPointExtension>
        </extensions>
      </trkpt>
      <trkpt lat="51.424583606421947479248046875" lon="-0.306967087090015411376953125">
        <ele>8.6000003814697265625</ele>
        <time>2019-11-02T12:43:50.000Z</time>
        <extensions>
          <ns3:TrackPointExtension>
            <ns3:hr>128</ns3:hr>
            <ns3:cad>95</ns3:cad>
          </ns3:TrackPointExtension>
        </extensions>
      </trkpt>
      <trkpt lat="51.42440699972212314605712890625" lon="-0.30682652257382869720458984375">
        <ele>8.19999980926513671875</ele>
        <time>2019-11-02T12:43:55.000Z</time>
        <extensions>
          <ns3:TrackPointExtension>
            <ns3:hr>128</ns3:hr>
            <ns3:cad>98</ns3:cad>
          </ns3:TrackPointExtension>
        </extensions>
      </trkpt>
      <trkpt lat="51.424236260354518890380859375" lon="-0.306731052696704864501953125">
        <ele>9</ele>
        <time>2019-11-02T12:44:00.000Z</time>
        <extensions>
          <ns3:TrackPointExtension>
            <ns3:hr>128</ns3:hr>
            <ns3:cad>95</ns3:cad>
          </ns3:TrackPointExtension>
        </extensions>
      </trkpt>
      <trkpt lat="51.424058564007282257080078125" lon="-0.30662669800221920013427734375">
        <ele>10</ele>
        <time>2019-11-02T12:44:05.000Z</time>
        <extensions>
          <ns3:TrackPointExtension>
            <ns3:hr>126</ns3:hr>
            <ns3:cad>96</ns3:cad>
          </ns3:TrackPointExtension>
        </extensions>
      </trkpt>
      <trkpt lat="51.42385412938892841339111328125" lon="-0.30648856423795223236083984375">
        <ele>8.80000019073486328125</ele>
        <time>2019-11-02T12:44:10.000Z</time>
        <extensions>
          <ns3:TrackPointExtension>
            <ns3:hr>127</ns3:hr>
            <ns3:cad>97</ns3:cad>
          </ns3:TrackPointExtension>
        </extensions>
      </trkpt>
      <trkpt lat="51.4236661233007907867431640625" lon="-0.30636451207101345062255859375">
        <ele>7.599999904632568359375</ele>
        <time>2019-11-02T12:44:15.000Z</time>
        <extensions>
          <ns3:TrackPointExtension>
            <ns3:hr>127</ns3:hr>
            <ns3:cad>96</ns3:cad>
          </ns3:TrackPointExtension>
        </extensions>
      </trkpt>
      <trkpt lat="51.42348465509712696075439453125" lon="-0.3062551282346248626708984375">
        <ele>7.19999980926513671875</ele>
        <time>2019-11-02T12:44:20.000Z</time>
        <extensions>
          <ns3:TrackPointExtension>
            <ns3:hr>127</ns3:hr>
            <ns3:cad>97</ns3:cad>
          </ns3:TrackPointExtension>
        </extensions>
      </trkpt>
      <trkpt lat="51.42331483773887157440185546875" lon="-0.30614800751209259033203125">
        <ele>7.599999904632568359375</ele>
        <time>2019-11-02T12:44:25.000Z</time>
        <extensions>
          <ns3:TrackPointExtension>
            <ns3:hr>126</ns3:hr>
            <ns3:cad>97</ns3:cad>
          </ns3:TrackPointExtension>
        </extensions>
      </trkpt>
      <trkpt lat="51.42314082942903041839599609375" lon="-0.3060308285057544708251953125">
        <ele>7.400000095367431640625</ele>
        <time>2019-11-02T12:44:33.000Z</time>
        <extensions>
          <ns3:TrackPointExtension>
            <ns3:hr>127</ns3:hr>
            <ns3:cad>97</ns3:cad>
          </ns3:TrackPointExtension>
        </extensions>
      </trkpt>
      <trkpt lat="51.42296128906309604644775390625" lon="-0.30592412687838077545166015625">
        <ele>7.400000095367431640625</ele>
        <time>2019-11-02T12:44:40.000Z</time>
        <extensions>
          <ns3:TrackPointExtension>
            <ns3:hr>129</ns3:hr>
            <ns3:cad>95</ns3:cad>
          </ns3:TrackPointExtension>
        </extensions>
      </trkpt>
      <trkpt lat="51.42278308980166912078857421875" lon="-0.30583879910409450531005859375">
        <ele>7</ele>
        <time>2019-11-02T12:44:47.000Z</time>
        <extensions>
          <ns3:TrackPointExtension>
            <ns3:hr>127</ns3:hr>
            <ns3:cad>95</ns3:cad>
          </ns3:TrackPointExtension>
        </extensions>
      </trkpt>
      <trkpt lat="51.4226100035011768341064453125" lon="-0.3057488612830638885498046875">
        <ele>7.19999980926513671875</ele>
        <time>2019-11-02T12:44:54.000Z</time>
        <extensions>
          <ns3:TrackPointExtension>
            <ns3:hr>126</ns3:hr>
            <ns3:cad>94</ns3:cad>
          </ns3:TrackPointExtension>
        </extensions>
      </trkpt>
      <trkpt lat="51.42242048867046833038330078125" lon="-0.3056435845792293548583984375">
        <ele>7.599999904632568359375</ele>
        <time>2019-11-02T12:45:01.000Z</time>
        <extensions>
          <ns3:TrackPointExtension>
            <ns3:hr>126</ns3:hr>
            <ns3:cad>94</ns3:cad>
          </ns3:TrackPointExtension>
        </extensions>
      </trkpt>
      <trkpt lat="51.42222887836396694183349609375" lon="-0.30553403310477733612060546875">
        <ele>8.80000019073486328125</ele>
        <time>2019-11-02T12:45:08.000Z</time>
        <extensions>
          <ns3:TrackPointExtension>
            <ns3:hr>127</ns3:hr>
            <ns3:cad>95</ns3:cad>
          </ns3:TrackPointExtension>
        </extensions>
      </trkpt>
      <trkpt lat="51.42204112373292446136474609375" lon="-0.30546379275619983673095703125">
        <ele>9.6000003814697265625</ele>
        <time>2019-11-02T12:45:15.000Z</time>
        <extensions>
          <ns3:TrackPointExtension>
            <ns3:hr>127</ns3:hr>
            <ns3:cad>96</ns3:cad>
          </ns3:TrackPointExtension>
        </extensions>
      </trkpt>
      <trkpt lat="51.42184733413159847259521484375" lon="-0.30538600869476795196533203125">
        <ele>10.19999980926513671875</ele>
        <time>2019-11-02T12:45:22.000Z</time>
        <extensions>
          <ns3:TrackPointExtension>
            <ns3:hr>126</ns3:hr>
            <ns3:cad>95</ns3:cad>
          </ns3:TrackPointExtension>
        </extensions>
      </trkpt>
      <trkpt lat="51.42165723256766796112060546875" lon="-0.30533119104802608489990234375">
        <ele>9.6000003814697265625</ele>
        <time>2019-11-02T12:45:29.000Z</time>
        <extensions>
          <ns3:TrackPointExtension>
            <ns3:hr>127</ns3:hr>
            <ns3:cad>95</ns3:cad>
          </ns3:TrackPointExtension>
        </extensions>
      </trkpt>
      <trkpt lat="51.42147802747786045074462890625" lon="-0.30524552799761295318603515625">
        <ele>9.80000019073486328125</ele>
        <time>2019-11-02T12:45:35.000Z</time>
        <extensions>
          <ns3:TrackPointExtension>
            <ns3:hr>127</ns3:hr>
            <ns3:cad>95</ns3:cad>
          </ns3:TrackPointExtension>
        </extensions>
      </trkpt>
      <trkpt lat="51.42128281295299530029296875" lon="-0.30516221188008785247802734375">
        <ele>10.3999996185302734375</ele>
        <time>2019-11-02T12:45:40.000Z</time>
        <extensions>
          <ns3:TrackPointExtension>
            <ns3:hr>126</ns3:hr>
            <ns3:cad>94</ns3:cad>
          </ns3:TrackPointExtension>
        </extensions>
      </trkpt>
      <trkpt lat="51.4210962317883968353271484375" lon="-0.30507302843034267425537109375">
        <ele>10.6000003814697265625</ele>
        <time>2019-11-02T12:45:45.000Z</time>
        <extensions>
          <ns3:TrackPointExtension>
            <ns3:hr>127</ns3:hr>
            <ns3:cad>95</ns3:cad>
          </ns3:TrackPointExtension>
        </extensions>
      </trkpt>
      <trkpt lat="51.4209027774631977081298828125" lon="-0.3049891255795955657958984375">
        <ele>10.19999980926513671875</ele>
        <time>2019-11-02T12:45:51.000Z</time>
        <extensions>
          <ns3:TrackPointExtension>
            <ns3:hr>127</ns3:hr>
            <ns3:cad>96</ns3:cad>
          </ns3:TrackPointExtension>
        </extensions>
      </trkpt>
      <trkpt lat="51.42072080634534358978271484375" lon="-0.30488845892250537872314453125">
        <ele>9.80000019073486328125</ele>
        <time>2019-11-02T12:45:58.000Z</time>
        <extensions>
          <ns3:TrackPointExtension>
            <ns3:hr>128</ns3:hr>
            <ns3:cad>96</ns3:cad>
          </ns3:TrackPointExtension>
        </extensions>
      </trkpt>
      <trkpt lat="51.42052819021046161651611328125" lon="-0.304933302104473114013671875">
        <ele>9</ele>
        <time>2019-11-02T12:46:04.000Z</time>
        <extensions>
          <ns3:TrackPointExtension>
            <ns3:hr>128</ns3:hr>
            <ns3:cad>96</ns3:cad>
          </ns3:TrackPointExtension>
        </extensions>
      </trkpt>
      <trkpt lat="51.4203572832047939300537109375" lon="-0.3050638921558856964111328125">
        <ele>7.599999904632568359375</ele>
        <time>2019-11-02T12:46:10.000Z</time>
        <extensions>
          <ns3:TrackPointExtension>
            <ns3:hr>129</ns3:hr>
            <ns3:cad>94</ns3:cad>
          </ns3:TrackPointExtension>
        </extensions>
      </trkpt>
      <trkpt lat="51.42016642726957798004150390625" lon="-0.30521250329911708831787109375">
        <ele>6.400000095367431640625</ele>
        <time>2019-11-02T12:46:16.000Z</time>
        <extensions>
          <ns3:TrackPointExtension>
            <ns3:hr>129</ns3:hr>
            <ns3:cad>97</ns3:cad>
          </ns3:TrackPointExtension>
        </extensions>
      </trkpt>
      <trkpt lat="51.41997615806758403778076171875" lon="-0.30535365454852581024169921875">
        <ele>6.599999904632568359375</ele>
        <time>2019-11-02T12:46:22.000Z</time>
        <extensions>
          <ns3:TrackPointExtension>
            <ns3:hr>129</ns3:hr>
            <ns3:cad>96</ns3:cad>
          </ns3:TrackPointExtension>
        </extensions>
      </trkpt>
      <trkpt lat="51.41980282030999660491943359375" lon="-0.30553436838090419769287109375">
        <ele>7.19999980926513671875</ele>
        <time>2019-11-02T12:46:30.000Z</time>
        <extensions>
          <ns3:TrackPointExtension>
            <ns3:hr>128</ns3:hr>
            <ns3:cad>95</ns3:cad>
          </ns3:TrackPointExtension>
        </extensions>
      </trkpt>
      <trkpt lat="51.41960483975708484649658203125" lon="-0.305562950670719146728515625">
        <ele>8</ele>
        <time>2019-11-02T12:46:37.000Z</time>
        <extensions>
          <ns3:TrackPointExtension>
            <ns3:hr>127</ns3:hr>
            <ns3:cad>95</ns3:cad>
          </ns3:TrackPointExtension>
        </extensions>
      </trkpt>
      <trkpt lat="51.41953711397945880889892578125" lon="-0.30550017021596431732177734375">
        <ele>8.6000003814697265625</ele>
        <time>2019-11-02T12:46:40.000Z</time>
        <extensions>
          <ns3:TrackPointExtension>
            <ns3:hr>124</ns3:hr>
            <ns3:cad>95</ns3:cad>
          </ns3:TrackPointExtension>
        </extensions>
      </trkpt>
      <trkpt lat="51.4194624312222003936767578125" lon="-0.305468402802944183349609375">
        <ele>9</ele>
        <time>2019-11-02T12:46:43.000Z</time>
        <extensions>
          <ns3:TrackPointExtension>
            <ns3:hr>126</ns3:hr>
            <ns3:cad>96</ns3:cad>
          </ns3:TrackPointExtension>
        </extensions>
      </trkpt>
      <trkpt lat="51.4192552305757999420166015625" lon="-0.30539891682565212249755859375">
        <ele>8.3999996185302734375</ele>
        <time>2019-11-02T12:46:51.000Z</time>
        <extensions>
          <ns3:TrackPointExtension>
            <ns3:hr>128</ns3:hr>
            <ns3:cad>96</ns3:cad>
          </ns3:TrackPointExtension>
        </extensions>
      </trkpt>
      <trkpt lat="51.41906990669667720794677734375" lon="-0.3053358010947704315185546875">
        <ele>8.6000003814697265625</ele>
        <time>2019-11-02T12:46:56.000Z</time>
        <extensions>
          <ns3:TrackPointExtension>
            <ns3:hr>129</ns3:hr>
            <ns3:cad>97</ns3:cad>
          </ns3:TrackPointExtension>
        </extensions>
      </trkpt>
      <trkpt lat="51.4189191162586212158203125" lon="-0.305502600967884063720703125">
        <ele>8</ele>
        <time>2019-11-02T12:47:01.000Z</time>
        <extensions>
          <ns3:TrackPointExtension>
            <ns3:hr>129</ns3:hr>
            <ns3:cad>96</ns3:cad>
          </ns3:TrackPointExtension>
        </extensions>
      </trkpt>
      <trkpt lat="51.4188743568956851959228515625" lon="-0.30582371167838573455810546875">
        <ele>6.400000095367431640625</ele>
        <time>2019-11-02T12:47:06.000Z</time>
        <extensions>
          <ns3:TrackPointExtension>
            <ns3:hr>129</ns3:hr>
            <ns3:cad>95</ns3:cad>
          </ns3:TrackPointExtension>
        </extensions>
      </trkpt>
      <trkpt lat="51.4187938906252384185791015625" lon="-0.30603275634348392486572265625">
        <ele>5</ele>
        <time>2019-11-02T12:47:10.000Z</time>
        <extensions>
          <ns3:TrackPointExtension>
            <ns3:hr>129</ns3:hr>
            <ns3:cad>96</ns3:cad>
          </ns3:TrackPointExtension>
        </extensions>
      </trkpt>
      <trkpt lat="51.41861409880220890045166015625" lon="-0.3061377815902233123779296875">
        <ele>7</ele>
        <time>2019-11-02T12:47:16.000Z</time>
        <extensions>
          <ns3:TrackPointExtension>
            <ns3:hr>129</ns3:hr>
            <ns3:cad>96</ns3:cad>
          </ns3:TrackPointExtension>
        </extensions>
      </trkpt>
      <trkpt lat="51.4184351451694965362548828125" lon="-0.30624800361692905426025390625">
        <ele>9.80000019073486328125</ele>
        <time>2019-11-02T12:47:22.000Z</time>
        <extensions>
          <ns3:TrackPointExtension>
            <ns3:hr>130</ns3:hr>
            <ns3:cad>95</ns3:cad>
          </ns3:TrackPointExtension>
        </extensions>
      </trkpt>
      <trkpt lat="51.418255604803562164306640625" lon="-0.3063417971134185791015625">
        <ele>12</ele>
        <time>2019-11-02T12:47:28.000Z</time>
        <extensions>
          <ns3:TrackPointExtension>
            <ns3:hr>129</ns3:hr>
            <ns3:cad>95</ns3:cad>
          </ns3:TrackPointExtension>
        </extensions>
      </trkpt>
      <trkpt lat="51.41807463951408863067626953125" lon="-0.30646987259387969970703125">
        <ele>12</ele>
        <time>2019-11-02T12:47:34.000Z</time>
        <extensions>
          <ns3:TrackPointExtension>
            <ns3:hr>127</ns3:hr>
            <ns3:cad>95</ns3:cad>
          </ns3:TrackPointExtension>
        </extensions>
      </trkpt>
      <trkpt lat="51.41787640750408172607421875" lon="-0.30659551732242107391357421875">
        <ele>11.3999996185302734375</ele>
        <time>2019-11-02T12:47:40.000Z</time>
        <extensions>
          <ns3:TrackPointExtension>
            <ns3:hr>127</ns3:hr>
            <ns3:cad>96</ns3:cad>
          </ns3:TrackPointExtension>
        </extensions>
      </trkpt>
      <trkpt lat="51.4176676981151103973388671875" lon="-0.306725017726421356201171875">
        <ele>10.6000003814697265625</ele>
        <time>2019-11-02T12:47:45.000Z</time>
        <extensions>
          <ns3:TrackPointExtension>
            <ns3:hr>138</ns3:hr>
            <ns3:cad>95</ns3:cad>
          </ns3:TrackPointExtension>
        </extensions>
      </trkpt>
      <trkpt lat="51.417631320655345916748046875" lon="-0.30675477348268032073974609375">
        <ele>10.3999996185302734375</ele>
        <time>2019-11-02T12:47:46.000Z</time>
        <extensions>
          <ns3:TrackPointExtension>
            <ns3:hr>143</ns3:hr>
            <ns3:cad>96</ns3:cad>
          </ns3:TrackPointExtension>
        </extensions>
      </trkpt>
      <trkpt lat="51.4175590686500072479248046875" lon="-0.30681042931973934173583984375">
        <ele>10.19999980926513671875</ele>
        <time>2019-11-02T12:47:48.000Z</time>
        <extensions>
          <ns3:TrackPointExtension>
            <ns3:hr>146</ns3:hr>
            <ns3:cad>96</ns3:cad>
          </ns3:TrackPointExtension>
        </extensions>
      </trkpt>
      <trkpt lat="51.41751942224800586700439453125" lon="-0.306879915297031402587890625">
        <ele>10</ele>
        <time>2019-11-02T12:47:50.000Z</time>
        <extensions>
          <ns3:TrackPointExtension>
            <ns3:hr>149</ns3:hr>
            <ns3:cad>96</ns3:cad>
          </ns3:TrackPointExtension>
        </extensions>
      </trkpt>
      <trkpt lat="51.41741733066737651824951171875" lon="-0.30694956891238689422607421875">
        <ele>9.6000003814697265625</ele>
        <time>2019-11-02T12:47:53.000Z</time>
        <extensions>
          <ns3:TrackPointExtension>
            <ns3:hr>153</ns3:hr>
            <ns3:cad>97</ns3:cad>
          </ns3:TrackPointExtension>
        </extensions>
      </trkpt>
      <trkpt lat="51.4172781072556972503662109375" lon="-0.30712701380252838134765625">
        <ele>8.19999980926513671875</ele>
        <time>2019-11-02T12:48:00.000Z</time>
        <extensions>
          <ns3:TrackPointExtension>
            <ns3:hr>159</ns3:hr>
            <ns3:cad>97</ns3:cad>
          </ns3:TrackPointExtension>
        </extensions>
      </trkpt>
      <trkpt lat="51.4171292446553707122802734375" lon="-0.3072773851454257965087890625">
        <ele>7.400000095367431640625</ele>
        <time>2019-11-02T12:48:07.000Z</time>
        <extensions>
          <ns3:TrackPointExtension>
            <ns3:hr>160</ns3:hr>
            <ns3:cad>95</ns3:cad>
          </ns3:TrackPointExtension>
        </extensions>
      </trkpt>
      <trkpt lat="51.4170155860483646392822265625" lon="-0.3073494695127010345458984375">
        <ele>7.400000095367431640625</ele>
        <time>2019-11-02T12:48:11.000Z</time>
        <extensions>
          <ns3:TrackPointExtension>
            <ns3:hr>157</ns3:hr>
            <ns3:cad>97</ns3:cad>
          </ns3:TrackPointExtension>
        </extensions>
      </trkpt>
      <trkpt lat="51.4169096387922763824462890625" lon="-0.3073776327073574066162109375">
        <ele>7.400000095367431640625</ele>
        <time>2019-11-02T12:48:14.000Z</time>
        <extensions>
          <ns3:TrackPointExtension>
            <ns3:hr>154</ns3:hr>
            <ns3:cad>97</ns3:cad>
          </ns3:TrackPointExtension>
        </extensions>
      </trkpt>
      <trkpt lat="51.416806876659393310546875" lon="-0.30740730464458465576171875">
        <ele>8</ele>
        <time>2019-11-02T12:48:17.000Z</time>
        <extensions>
          <ns3:TrackPointExtension>
            <ns3:hr>151</ns3:hr>
            <ns3:cad>96</ns3:cad>
          </ns3:TrackPointExtension>
        </extensions>
      </trkpt>
      <trkpt lat="51.4167088083922863006591796875" lon="-0.3074309416115283966064453125">
        <ele>8.6000003814697265625</ele>
        <time>2019-11-02T12:48:20.000Z</time>
        <extensions>
          <ns3:TrackPointExtension>
            <ns3:hr>148</ns3:hr>
            <ns3:cad>95</ns3:cad>
          </ns3:TrackPointExtension>
        </extensions>
      </trkpt>
      <trkpt lat="51.41650521196424961090087890625" lon="-0.3074510581791400909423828125">
        <ele>11</ele>
        <time>2019-11-02T12:48:25.000Z</time>
        <extensions>
          <ns3:TrackPointExtension>
            <ns3:hr>146</ns3:hr>
            <ns3:cad>96</ns3:cad>
          </ns3:TrackPointExtension>
        </extensions>
      </trkpt>
      <trkpt lat="51.41630773432552814483642578125" lon="-0.307489447295665740966796875">
        <ele>13.19999980926513671875</ele>
        <time>2019-11-02T12:48:30.000Z</time>
        <extensions>
          <ns3:TrackPointExtension>
            <ns3:hr>144</ns3:hr>
            <ns3:cad>95</ns3:cad>
          </ns3:TrackPointExtension>
        </extensions>
      </trkpt>
      <trkpt lat="51.41611059196293354034423828125" lon="-0.30753898434340953826904296875">
        <ele>14</ele>
        <time>2019-11-02T12:48:36.000Z</time>
        <extensions>
          <ns3:TrackPointExtension>
            <ns3:hr>143</ns3:hr>
            <ns3:cad>95</ns3:cad>
          </ns3:TrackPointExtension>
        </extensions>
      </trkpt>
      <trkpt lat="51.4158909022808074951171875" lon="-0.3075734339654445648193359375">
        <ele>13.6000003814697265625</ele>
        <time>2019-11-02T12:48:42.000Z</time>
        <extensions>
          <ns3:TrackPointExtension>
            <ns3:hr>141</ns3:hr>
            <ns3:cad>96</ns3:cad>
          </ns3:TrackPointExtension>
        </extensions>
      </trkpt>
      <trkpt lat="51.41569484956562519073486328125" lon="-0.30763051472604274749755859375">
        <ele>12.6000003814697265625</ele>
        <time>2019-11-02T12:48:48.000Z</time>
        <extensions>
          <ns3:TrackPointExtension>
            <ns3:hr>139</ns3:hr>
            <ns3:cad>96</ns3:cad>
          </ns3:TrackPointExtension>
        </extensions>
      </trkpt>
      <trkpt lat="51.415366865694522857666015625" lon="-0.30754853971302509307861328125">
        <ele>9.80000019073486328125</ele>
        <time>2019-11-02T12:48:51.000Z</time>
        <extensions>
          <ns3:TrackPointExtension>
            <ns3:hr>139</ns3:hr>
            <ns3:cad>96</ns3:cad>
          </ns3:TrackPointExtension>
        </extensions>
      </trkpt>
      <trkpt lat="51.41515002585947513580322265625" lon="-0.30752423219382762908935546875">
        <ele>8.6000003814697265625</ele>
        <time>2019-11-02T12:48:53.000Z</time>
        <extensions>
          <ns3:TrackPointExtension>
            <ns3:hr>140</ns3:hr>
            <ns3:cad>96</ns3:cad>
          </ns3:TrackPointExtension>
        </extensions>
      </trkpt>
      <trkpt lat="51.414945758879184722900390625" lon="-0.30751350335776805877685546875">
        <ele>8</ele>
        <time>2019-11-02T12:48:58.000Z</time>
        <extensions>
          <ns3:TrackPointExtension>
            <ns3:hr>138</ns3:hr>
            <ns3:cad>96</ns3:cad>
          </ns3:TrackPointExtension>
        </extensions>
      </trkpt>
      <trkpt lat="51.4147397316992282867431640625" lon="-0.307546444237232208251953125">
        <ele>8.3999996185302734375</ele>
        <time>2019-11-02T12:49:04.000Z</time>
        <extensions>
          <ns3:TrackPointExtension>
            <ns3:hr>137</ns3:hr>
            <ns3:cad>95</ns3:cad>
          </ns3:TrackPointExtension>
        </extensions>
      </trkpt>
      <trkpt lat="51.4145452715456485748291015625" lon="-0.307565890252590179443359375">
        <ele>9.19999980926513671875</ele>
        <time>2019-11-02T12:49:10.000Z</time>
        <extensions>
          <ns3:TrackPointExtension>
            <ns3:hr>136</ns3:hr>
            <ns3:cad>96</ns3:cad>
          </ns3:TrackPointExtension>
        </extensions>
      </trkpt>
      <trkpt lat="51.41435542143881320953369140625" lon="-0.30757871456444263458251953125">
        <ele>9.19999980926513671875</ele>
        <time>2019-11-02T12:49:17.000Z</time>
        <extensions>
          <ns3:TrackPointExtension>
            <ns3:hr>136</ns3:hr>
            <ns3:cad>94</ns3:cad>
          </ns3:TrackPointExtension>
        </extensions>
      </trkpt>
      <trkpt lat="51.41423220746219158172607421875" lon="-0.30750663019716739654541015625">
        <ele>8.6000003814697265625</ele>
        <time>2019-11-02T12:49:22.000Z</time>
        <extensions>
          <ns3:TrackPointExtension>
            <ns3:hr>137</ns3:hr>
            <ns3:cad>96</ns3:cad>
          </ns3:TrackPointExtension>
        </extensions>
      </trkpt>
      <trkpt lat="51.41426020301878452301025390625" lon="-0.30753948725759983062744140625">
        <ele>8.80000019073486328125</ele>
        <time>2019-11-02T12:49:24.000Z</time>
        <extensions>
          <ns3:TrackPointExtension>
            <ns3:hr>137</ns3:hr>
            <ns3:cad>95</ns3:cad>
          </ns3:TrackPointExtension>
        </extensions>
      </trkpt>
      <trkpt lat="51.41444359906017780303955078125" lon="-0.30753127299249172210693359375">
        <ele>9.6000003814697265625</ele>
        <time>2019-11-02T12:49:31.000Z</time>
        <extensions>
          <ns3:TrackPointExtension>
            <ns3:hr>136</ns3:hr>
            <ns3:cad>97</ns3:cad>
          </ns3:TrackPointExtension>
        </extensions>
      </trkpt>
      <trkpt lat="51.41462380997836589813232421875" lon="-0.30738861300051212310791015625">
        <ele>9.19999980926513671875</ele>
        <time>2019-11-02T12:49:40.000Z</time>
        <extensions>
          <ns3:TrackPointExtension>
            <ns3:hr>137</ns3:hr>
            <ns3:cad>97</ns3:cad>
          </ns3:TrackPointExtension>
        </extensions>
      </trkpt>
      <trkpt lat="51.4148299209773540496826171875" lon="-0.3073578514158725738525390625">
        <ele>8.80000019073486328125</ele>
        <time>2019-11-02T12:49:47.000Z</time>
        <extensions>
          <ns3:TrackPointExtension>
            <ns3:hr>138</ns3:hr>
            <ns3:cad>97</ns3:cad>
          </ns3:TrackPointExtension>
        </extensions>
      </trkpt>
      <trkpt lat="51.4150431565940380096435546875" lon="-0.30733848921954631805419921875">
        <ele>8.6000003814697265625</ele>
        <time>2019-11-02T12:49:54.000Z</time>
        <extensions>
          <ns3:TrackPointExtension>
            <ns3:hr>138</ns3:hr>
            <ns3:cad>97</ns3:cad>
          </ns3:TrackPointExtension>
        </extensions>
      </trkpt>
      <trkpt lat="51.4152382872998714447021484375" lon="-0.30727051198482513427734375">
        <ele>9.6000003814697265625</ele>
        <time>2019-11-02T12:50:01.000Z</time>
        <extensions>
          <ns3:TrackPointExtension>
            <ns3:hr>138</ns3:hr>
            <ns3:cad>97</ns3:cad>
          </ns3:TrackPointExtension>
        </extensions>
      </trkpt>
      <trkpt lat="51.4154434762895107269287109375" lon="-0.30719817616045475006103515625">
        <ele>11.19999980926513671875</ele>
        <time>2019-11-02T12:50:07.000Z</time>
        <extensions>
          <ns3:TrackPointExtension>
            <ns3:hr>137</ns3:hr>
            <ns3:cad>98</ns3:cad>
          </ns3:TrackPointExtension>
        </extensions>
      </trkpt>
      <trkpt lat="51.41564480960369110107421875" lon="-0.30716716311872005462646484375">
        <ele>12.3999996185302734375</ele>
        <time>2019-11-02T12:50:12.000Z</time>
        <extensions>
          <ns3:TrackPointExtension>
            <ns3:hr>138</ns3:hr>
            <ns3:cad>97</ns3:cad>
          </ns3:TrackPointExtension>
        </extensions>
      </trkpt>
      <trkpt lat="51.41572527587413787841796875" lon="-0.30714553780853748321533203125">
        <ele>12.6000003814697265625</ele>
        <time>2019-11-02T12:50:14.000Z</time>
        <extensions>
          <ns3:TrackPointExtension>
            <ns3:hr>138</ns3:hr>
            <ns3:cad>97</ns3:cad>
          </ns3:TrackPointExtension>
        </extensions>
      </trkpt>
      <trkpt lat="51.415932476520538330078125" lon="-0.3071169555187225341796875">
        <ele>13.19999980926513671875</ele>
        <time>2019-11-02T12:50:20.000Z</time>
        <extensions>
          <ns3:TrackPointExtension>
            <ns3:hr>138</ns3:hr>
            <ns3:cad>98</ns3:cad>
          </ns3:TrackPointExtension>
        </extensions>
      </trkpt>
      <trkpt lat="51.41614026390016078948974609375" lon="-0.30708099715411663055419921875">
        <ele>13.3999996185302734375</ele>
        <time>2019-11-02T12:50:26.000Z</time>
        <extensions>
          <ns3:TrackPointExtension>
            <ns3:hr>137</ns3:hr>
            <ns3:cad>97</ns3:cad>
          </ns3:TrackPointExtension>
        </extensions>
      </trkpt>
      <trkpt lat="51.41630186699330806732177734375" lon="-0.30694571323692798614501953125">
        <ele>12.3999996185302734375</ele>
        <time>2019-11-02T12:50:32.000Z</time>
        <extensions>
          <ns3:TrackPointExtension>
            <ns3:hr>137</ns3:hr>
            <ns3:cad>96</ns3:cad>
          </ns3:TrackPointExtension>
        </extensions>
      </trkpt>
      <trkpt lat="51.41648643650114536285400390625" lon="-0.30683490447700023651123046875">
        <ele>11</ele>
        <time>2019-11-02T12:50:38.000Z</time>
        <extensions>
          <ns3:TrackPointExtension>
            <ns3:hr>137</ns3:hr>
            <ns3:cad>97</ns3:cad>
          </ns3:TrackPointExtension>
        </extensions>
      </trkpt>
      <trkpt lat="51.4166689105331897735595703125" lon="-0.306671373546123504638671875">
        <ele>9.3999996185302734375</ele>
        <time>2019-11-02T12:50:45.000Z</time>
        <extensions>
          <ns3:TrackPointExtension>
            <ns3:hr>137</ns3:hr>
            <ns3:cad>98</ns3:cad>
          </ns3:TrackPointExtension>
        </extensions>
      </trkpt>
      <trkpt lat="51.41687485389411449432373046875" lon="-0.30654723756015300750732421875">
        <ele>9.80000019073486328125</ele>
        <time>2019-11-02T12:50:52.000Z</time>
        <extensions>
          <ns3:TrackPointExtension>
            <ns3:hr>139</ns3:hr>
            <ns3:cad>96</ns3:cad>
          </ns3:TrackPointExtension>
        </extensions>
      </trkpt>
      <trkpt lat="51.41705053858458995819091796875" lon="-0.30638680793344974517822265625">
        <ele>10.3999996185302734375</ele>
        <time>2019-11-02T12:50:58.000Z</time>
        <extensions>
          <ns3:TrackPointExtension>
            <ns3:hr>139</ns3:hr>
            <ns3:cad>96</ns3:cad>
          </ns3:TrackPointExtension>
        </extensions>
      </trkpt>
      <trkpt lat="51.41720711253583431243896484375" lon="-0.30617189593613147735595703125">
        <ele>9.80000019073486328125</ele>
        <time>2019-11-02T12:51:06.000Z</time>
        <extensions>
          <ns3:TrackPointExtension>
            <ns3:hr>138</ns3:hr>
            <ns3:cad>96</ns3:cad>
          </ns3:TrackPointExtension>
        </extensions>
      </trkpt>
      <trkpt lat="51.41733862459659576416015625" lon="-0.3059218637645244598388671875">
        <ele>8.6000003814697265625</ele>
        <time>2019-11-02T12:51:13.000Z</time>
        <extensions>
          <ns3:TrackPointExtension>
            <ns3:hr>137</ns3:hr>
            <ns3:cad>96</ns3:cad>
          </ns3:TrackPointExtension>
        </extensions>
      </trkpt>
      <trkpt lat="51.41747717745602130889892578125" lon="-0.3057314269244670867919921875">
        <ele>7.80000019073486328125</ele>
        <time>2019-11-02T12:51:18.000Z</time>
        <extensions>
          <ns3:TrackPointExtension>
            <ns3:hr>137</ns3:hr>
            <ns3:cad>96</ns3:cad>
          </ns3:TrackPointExtension>
        </extensions>
      </trkpt>
      <trkpt lat="51.4176881499588489532470703125" lon="-0.30562891624867916107177734375">
        <ele>8</ele>
        <time>2019-11-02T12:51:25.000Z</time>
        <extensions>
          <ns3:TrackPointExtension>
            <ns3:hr>138</ns3:hr>
            <ns3:cad>96</ns3:cad>
          </ns3:TrackPointExtension>
        </extensions>
      </trkpt>
      <trkpt lat="51.41793449409306049346923828125" lon="-0.3055953048169612884521484375">
        <ele>8</ele>
        <time>2019-11-02T12:51:30.000Z</time>
        <extensions>
          <ns3:TrackPointExtension>
            <ns3:hr>138</ns3:hr>
            <ns3:cad>96</ns3:cad>
          </ns3:TrackPointExtension>
        </extensions>
      </trkpt>
      <trkpt lat="51.417998783290386199951171875" lon="-0.30552615411579608917236328125">
        <ele>8</ele>
        <time>2019-11-02T12:51:32.000Z</time>
        <extensions>
          <ns3:TrackPointExtension>
            <ns3:hr>141</ns3:hr>
            <ns3:cad>97</ns3:cad>
          </ns3:TrackPointExtension>
        </extensions>
      </trkpt>
      <trkpt lat="51.4180167205631732940673828125" lon="-0.3054829873144626617431640625">
        <ele>8</ele>
        <time>2019-11-02T12:51:33.000Z</time>
        <extensions>
          <ns3:TrackPointExtension>
            <ns3:hr>144</ns3:hr>
            <ns3:cad>97</ns3:cad>
          </ns3:TrackPointExtension>
        </extensions>
      </trkpt>
      <trkpt lat="51.418128199875354766845703125" lon="-0.30538818798959255218505859375">
        <ele>7.599999904632568359375</ele>
        <time>2019-11-02T12:51:36.000Z</time>
        <extensions>
          <ns3:TrackPointExtension>
            <ns3:hr>147</ns3:hr>
            <ns3:cad>96</ns3:cad>
          </ns3:TrackPointExtension>
        </extensions>
      </trkpt>
      <trkpt lat="51.41831704415380954742431640625" lon="-0.30528240837156772613525390625">
        <ele>7.400000095367431640625</ele>
        <time>2019-11-02T12:51:41.000Z</time>
        <extensions>
          <ns3:TrackPointExtension>
            <ns3:hr>148</ns3:hr>
            <ns3:cad>95</ns3:cad>
          </ns3:TrackPointExtension>
        </extensions>
      </trkpt>
      <trkpt lat="51.41853497363626956939697265625" lon="-0.305275283753871917724609375">
        <ele>8.19999980926513671875</ele>
        <time>2019-11-02T12:51:47.000Z</time>
        <extensions>
          <ns3:TrackPointExtension>
            <ns3:hr>147</ns3:hr>
            <ns3:cad>96</ns3:cad>
          </ns3:TrackPointExtension>
        </extensions>
      </trkpt>
      <trkpt lat="51.41871518455445766448974609375" lon="-0.3052523173391819000244140625">
        <ele>8.19999980926513671875</ele>
        <time>2019-11-02T12:51:53.000Z</time>
        <extensions>
          <ns3:TrackPointExtension>
            <ns3:hr>145</ns3:hr>
            <ns3:cad>95</ns3:cad>
          </ns3:TrackPointExtension>
        </extensions>
      </trkpt>
      <trkpt lat="51.4189145900309085845947265625" lon="-0.3052375651895999908447265625">
        <ele>8.19999980926513671875</ele>
        <time>2019-11-02T12:51:59.000Z</time>
        <extensions>
          <ns3:TrackPointExtension>
            <ns3:hr>144</ns3:hr>
            <ns3:cad>96</ns3:cad>
          </ns3:TrackPointExtension>
        </extensions>
      </trkpt>
      <trkpt lat="51.41913059167563915252685546875" lon="-0.30525726266205310821533203125">
        <ele>8.80000019073486328125</ele>
        <time>2019-11-02T12:52:04.000Z</time>
        <extensions>
          <ns3:TrackPointExtension>
            <ns3:hr>142</ns3:hr>
            <ns3:cad>96</ns3:cad>
          </ns3:TrackPointExtension>
        </extensions>
      </trkpt>
      <trkpt lat="51.41931566409766674041748046875" lon="-0.3051631338894367218017578125">
        <ele>9.19999980926513671875</ele>
        <time>2019-11-02T12:52:09.000Z</time>
        <extensions>
          <ns3:TrackPointExtension>
            <ns3:hr>141</ns3:hr>
            <ns3:cad>97</ns3:cad>
          </ns3:TrackPointExtension>
        </extensions>
      </trkpt>
      <trkpt lat="51.4195318333804607391357421875" lon="-0.3051017783582210540771484375">
        <ele>9.3999996185302734375</ele>
        <time>2019-11-02T12:52:14.000Z</time>
        <extensions>
          <ns3:TrackPointExtension>
            <ns3:hr>141</ns3:hr>
            <ns3:cad>98</ns3:cad>
          </ns3:TrackPointExtension>
        </extensions>
      </trkpt>
      <trkpt lat="51.41971212811768054962158203125" lon="-0.3050119243562221527099609375">
        <ele>9.80000019073486328125</ele>
        <time>2019-11-02T12:52:19.000Z</time>
        <extensions>
          <ns3:TrackPointExtension>
            <ns3:hr>141</ns3:hr>
            <ns3:cad>97</ns3:cad>
          </ns3:TrackPointExtension>
        </extensions>
      </trkpt>
      <trkpt lat="51.41991899348795413970947265625" lon="-0.30495769344270229339599609375">
        <ele>9.19999980926513671875</ele>
        <time>2019-11-02T12:52:24.000Z</time>
        <extensions>
          <ns3:TrackPointExtension>
            <ns3:hr>143</ns3:hr>
            <ns3:cad>97</ns3:cad>
          </ns3:TrackPointExtension>
        </extensions>
      </trkpt>
      <trkpt lat="51.420114375650882720947265625" lon="-0.30492617748677730560302734375">
        <ele>8.6000003814697265625</ele>
        <time>2019-11-02T12:52:29.000Z</time>
        <extensions>
          <ns3:TrackPointExtension>
            <ns3:hr>142</ns3:hr>
            <ns3:cad>97</ns3:cad>
          </ns3:TrackPointExtension>
        </extensions>
      </trkpt>
      <trkpt lat="51.420306824147701263427734375" lon="-0.30489851720631122589111328125">
        <ele>8.3999996185302734375</ele>
        <time>2019-11-02T12:52:35.000Z</time>
        <extensions>
          <ns3:TrackPointExtension>
            <ns3:hr>140</ns3:hr>
            <ns3:cad>97</ns3:cad>
          </ns3:TrackPointExtension>
        </extensions>
      </trkpt>
      <trkpt lat="51.42051276750862598419189453125" lon="-0.304974876344203948974609375">
        <ele>8.80000019073486328125</ele>
        <time>2019-11-02T12:52:40.000Z</time>
        <extensions>
          <ns3:TrackPointExtension>
            <ns3:hr>139</ns3:hr>
            <ns3:cad>96</ns3:cad>
          </ns3:TrackPointExtension>
        </extensions>
      </trkpt>
      <trkpt lat="51.4207106642425060272216796875" lon="-0.30505961738526821136474609375">
        <ele>9.19999980926513671875</ele>
        <time>2019-11-02T12:52:44.000Z</time>
        <extensions>
          <ns3:TrackPointExtension>
            <ns3:hr>139</ns3:hr>
            <ns3:cad>97</ns3:cad>
          </ns3:TrackPointExtension>
        </extensions>
      </trkpt>
      <trkpt lat="51.4209088124334812164306640625" lon="-0.30514276586472988128662109375">
        <ele>9.6000003814697265625</ele>
        <time>2019-11-02T12:52:48.000Z</time>
        <extensions>
          <ns3:TrackPointExtension>
            <ns3:hr>140</ns3:hr>
            <ns3:cad>98</ns3:cad>
          </ns3:TrackPointExtension>
        </extensions>
      </trkpt>
      <trkpt lat="51.421090029180049896240234375" lon="-0.30526178888976573944091796875">
        <ele>9.80000019073486328125</ele>
        <time>2019-11-02T12:52:53.000Z</time>
        <extensions>
          <ns3:TrackPointExtension>
            <ns3:hr>140</ns3:hr>
            <ns3:cad>99</ns3:cad>
          </ns3:TrackPointExtension>
        </extensions>
      </trkpt>
      <trkpt lat="51.4212809689342975616455078125" lon="-0.30535046942532062530517578125">
        <ele>9</ele>
        <time>2019-11-02T12:52:58.000Z</time>
        <extensions>
          <ns3:TrackPointExtension>
            <ns3:hr>141</ns3:hr>
            <ns3:cad>98</ns3:cad>
          </ns3:TrackPointExtension>
        </extensions>
      </trkpt>
      <trkpt lat="51.42148322425782680511474609375" lon="-0.305440239608287811279296875">
        <ele>8</ele>
        <time>2019-11-02T12:53:03.000Z</time>
        <extensions>
          <ns3:TrackPointExtension>
            <ns3:hr>141</ns3:hr>
            <ns3:cad>97</ns3:cad>
          </ns3:TrackPointExtension>
        </extensions>
      </trkpt>
      <trkpt lat="51.42167600803077220916748046875" lon="-0.305538475513458251953125">
        <ele>8.80000019073486328125</ele>
        <time>2019-11-02T12:53:08.000Z</time>
        <extensions>
          <ns3:TrackPointExtension>
            <ns3:hr>141</ns3:hr>
            <ns3:cad>96</ns3:cad>
          </ns3:TrackPointExtension>
        </extensions>
      </trkpt>
      <trkpt lat="51.42188438214361667633056640625" lon="-0.30560947023332118988037109375">
        <ele>9.3999996185302734375</ele>
        <time>2019-11-02T12:53:14.000Z</time>
        <extensions>
          <ns3:TrackPointExtension>
            <ns3:hr>143</ns3:hr>
            <ns3:cad>98</ns3:cad>
          </ns3:TrackPointExtension>
        </extensions>
      </trkpt>
      <trkpt lat="51.422064341604709625244140625" lon="-0.30570209026336669921875">
        <ele>8.80000019073486328125</ele>
        <time>2019-11-02T12:53:19.000Z</time>
        <extensions>
          <ns3:TrackPointExtension>
            <ns3:hr>143</ns3:hr>
            <ns3:cad>97</ns3:cad>
          </ns3:TrackPointExtension>
        </extensions>
      </trkpt>
      <trkpt lat="51.4222529344260692596435546875" lon="-0.30573016963899135589599609375">
        <ele>8</ele>
        <time>2019-11-02T12:53:24.000Z</time>
        <extensions>
          <ns3:TrackPointExtension>
            <ns3:hr>145</ns3:hr>
            <ns3:cad>96</ns3:cad>
          </ns3:TrackPointExtension>
        </extensions>
      </trkpt>
      <trkpt lat="51.422459296882152557373046875" lon="-0.30582186765968799591064453125">
        <ele>7</ele>
        <time>2019-11-02T12:53:30.000Z</time>
        <extensions>
          <ns3:TrackPointExtension>
            <ns3:hr>144</ns3:hr>
            <ns3:cad>96</ns3:cad>
          </ns3:TrackPointExtension>
        </extensions>
      </trkpt>
      <trkpt lat="51.42263808287680149078369140625" lon="-0.30588515102863311767578125">
        <ele>7</ele>
        <time>2019-11-02T12:53:35.000Z</time>
        <extensions>
          <ns3:TrackPointExtension>
            <ns3:hr>143</ns3:hr>
            <ns3:cad>96</ns3:cad>
          </ns3:TrackPointExtension>
        </extensions>
      </trkpt>
      <trkpt lat="51.4227223210036754608154296875" lon="-0.305904261767864227294921875">
        <ele>7</ele>
        <time>2019-11-02T12:53:37.000Z</time>
        <extensions>
          <ns3:TrackPointExtension>
            <ns3:hr>143</ns3:hr>
            <ns3:cad>96</ns3:cad>
          </ns3:TrackPointExtension>
        </extensions>
      </trkpt>
      <trkpt lat="51.42291963100433349609375" lon="-0.30597098171710968017578125">
        <ele>7.400000095367431640625</ele>
        <time>2019-11-02T12:53:42.000Z</time>
        <extensions>
          <ns3:TrackPointExtension>
            <ns3:hr>142</ns3:hr>
            <ns3:cad>97</ns3:cad>
          </ns3:TrackPointExtension>
        </extensions>
      </trkpt>
      <trkpt lat="51.42309858463704586029052734375" lon="-0.306018255650997161865234375">
        <ele>7.19999980926513671875</ele>
        <time>2019-11-02T12:53:46.000Z</time>
        <extensions>
          <ns3:TrackPointExtension>
            <ns3:hr>142</ns3:hr>
            <ns3:cad>98</ns3:cad>
          </ns3:TrackPointExtension>
        </extensions>
      </trkpt>
      <trkpt lat="51.42328239977359771728515625" lon="-0.30610651709139347076416015625">
        <ele>7.80000019073486328125</ele>
        <time>2019-11-02T12:53:51.000Z</time>
        <extensions>
          <ns3:TrackPointExtension>
            <ns3:hr>141</ns3:hr>
            <ns3:cad>98</ns3:cad>
          </ns3:TrackPointExtension>
        </extensions>
      </trkpt>
      <trkpt lat="51.42346613109111785888671875" lon="-0.3061835467815399169921875">
        <ele>7.599999904632568359375</ele>
        <time>2019-11-02T12:53:56.000Z</time>
        <extensions>
          <ns3:TrackPointExtension>
            <ns3:hr>140</ns3:hr>
            <ns3:cad>98</ns3:cad>
          </ns3:TrackPointExtension>
        </extensions>
      </trkpt>
      <trkpt lat="51.42366989515721797943115234375" lon="-0.30627666972577571868896484375">
        <ele>7.80000019073486328125</ele>
        <time>2019-11-02T12:54:02.000Z</time>
        <extensions>
          <ns3:TrackPointExtension>
            <ns3:hr>140</ns3:hr>
            <ns3:cad>97</ns3:cad>
          </ns3:TrackPointExtension>
        </extensions>
      </trkpt>
      <trkpt lat="51.423863433301448822021484375" lon="-0.30637188814580440521240234375">
        <ele>9.6000003814697265625</ele>
        <time>2019-11-02T12:54:08.000Z</time>
        <extensions>
          <ns3:TrackPointExtension>
            <ns3:hr>140</ns3:hr>
            <ns3:cad>97</ns3:cad>
          </ns3:TrackPointExtension>
        </extensions>
      </trkpt>
      <trkpt lat="51.424058564007282257080078125" lon="-0.30648621730506420135498046875">
        <ele>10</ele>
        <time>2019-11-02T12:54:14.000Z</time>
        <extensions>
          <ns3:TrackPointExtension>
            <ns3:hr>142</ns3:hr>
            <ns3:cad>98</ns3:cad>
          </ns3:TrackPointExtension>
        </extensions>
      </trkpt>
      <trkpt lat="51.4242260344326496124267578125" lon="-0.30659937299787998199462890625">
        <ele>10.3999996185302734375</ele>
        <time>2019-11-02T12:54:19.000Z</time>
        <extensions>
          <ns3:TrackPointExtension>
            <ns3:hr>141</ns3:hr>
            <ns3:cad>99</ns3:cad>
          </ns3:TrackPointExtension>
        </extensions>
      </trkpt>
      <trkpt lat="51.42440482042729854583740234375" lon="-0.30671739019453525543212890625">
        <ele>8.6000003814697265625</ele>
        <time>2019-11-02T12:54:25.000Z</time>
        <extensions>
          <ns3:TrackPointExtension>
            <ns3:hr>140</ns3:hr>
            <ns3:cad>98</ns3:cad>
          </ns3:TrackPointExtension>
        </extensions>
      </trkpt>
      <trkpt lat="51.424581594765186309814453125" lon="-0.306832306087017059326171875">
        <ele>8.6000003814697265625</ele>
        <time>2019-11-02T12:54:31.000Z</time>
        <extensions>
          <ns3:TrackPointExtension>
            <ns3:hr>141</ns3:hr>
            <ns3:cad>97</ns3:cad>
          </ns3:TrackPointExtension>
        </extensions>
      </trkpt>
      <trkpt lat="51.42474864609539508819580078125" lon="-0.306942276656627655029296875">
        <ele>9.19999980926513671875</ele>
        <time>2019-11-02T12:54:36.000Z</time>
        <extensions>
          <ns3:TrackPointExtension>
            <ns3:hr>139</ns3:hr>
            <ns3:cad>97</ns3:cad>
          </ns3:TrackPointExtension>
        </extensions>
      </trkpt>
      <trkpt lat="51.4249274320900440216064453125" lon="-0.30708686448633670806884765625">
        <ele>9.80000019073486328125</ele>
        <time>2019-11-02T12:54:42.000Z</time>
        <extensions>
          <ns3:TrackPointExtension>
            <ns3:hr>139</ns3:hr>
            <ns3:cad>98</ns3:cad>
          </ns3:TrackPointExtension>
        </extensions>
      </trkpt>
      <trkpt lat="51.4250746183097362518310546875" lon="-0.30726514756679534912109375">
        <ele>10</ele>
        <time>2019-11-02T12:54:48.000Z</time>
        <extensions>
          <ns3:TrackPointExtension>
            <ns3:hr>139</ns3:hr>
            <ns3:cad>97</ns3:cad>
          </ns3:TrackPointExtension>
        </extensions>
      </trkpt>
      <trkpt lat="51.4252375625073909759521484375" lon="-0.30745633877813816070556640625">
        <ele>10</ele>
        <time>2019-11-02T12:54:55.000Z</time>
        <extensions>
          <ns3:TrackPointExtension>
            <ns3:hr>138</ns3:hr>
            <ns3:cad>97</ns3:cad>
          </ns3:TrackPointExtension>
        </extensions>
      </trkpt>
      <trkpt lat="51.42538399435579776763916015625" lon="-0.30766001902520656585693359375">
        <ele>9.80000019073486328125</ele>
        <time>2019-11-02T12:55:01.000Z</time>
        <extensions>
          <ns3:TrackPointExtension>
            <ns3:hr>139</ns3:hr>
            <ns3:cad>98</ns3:cad>
          </ns3:TrackPointExtension>
        </extensions>
      </trkpt>
      <trkpt lat="51.425549201667308807373046875" lon="-0.3078733384609222412109375">
        <ele>8.3999996185302734375</ele>
        <time>2019-11-02T12:55:07.000Z</time>
        <extensions>
          <ns3:TrackPointExtension>
            <ns3:hr>138</ns3:hr>
            <ns3:cad>99</ns3:cad>
          </ns3:TrackPointExtension>
        </extensions>
      </trkpt>
      <trkpt lat="51.425704099237918853759765625" lon="-0.30811314471065998077392578125">
        <ele>7</ele>
        <time>2019-11-02T12:55:13.000Z</time>
        <extensions>
          <ns3:TrackPointExtension>
            <ns3:hr>139</ns3:hr>
            <ns3:cad>98</ns3:cad>
          </ns3:TrackPointExtension>
        </extensions>
      </trkpt>
      <trkpt lat="51.42585773952305316925048828125" lon="-0.3082902543246746063232421875">
        <ele>5.599999904632568359375</ele>
        <time>2019-11-02T12:55:18.000Z</time>
        <extensions>
          <ns3:TrackPointExtension>
            <ns3:hr>139</ns3:hr>
            <ns3:cad>100</ns3:cad>
          </ns3:TrackPointExtension>
        </extensions>
      </trkpt>
      <trkpt lat="51.4260100387036800384521484375" lon="-0.30846551991999149322509765625">
        <ele>4.19999980926513671875</ele>
        <time>2019-11-02T12:55:23.000Z</time>
        <extensions>
          <ns3:TrackPointExtension>
            <ns3:hr>139</ns3:hr>
            <ns3:cad>99</ns3:cad>
          </ns3:TrackPointExtension>
        </extensions>
      </trkpt>
      <trkpt lat="51.4261610805988311767578125" lon="-0.30867456458508968353271484375">
        <ele>5</ele>
        <time>2019-11-02T12:55:28.000Z</time>
        <extensions>
          <ns3:TrackPointExtension>
            <ns3:hr>139</ns3:hr>
            <ns3:cad>99</ns3:cad>
          </ns3:TrackPointExtension>
        </extensions>
      </trkpt>
      <trkpt lat="51.4263141341507434844970703125" lon="-0.3088763169944286346435546875">
        <ele>6.80000019073486328125</ele>
        <time>2019-11-02T12:55:33.000Z</time>
        <extensions>
          <ns3:TrackPointExtension>
            <ns3:hr>139</ns3:hr>
            <ns3:cad>99</ns3:cad>
          </ns3:TrackPointExtension>
        </extensions>
      </trkpt>
      <trkpt lat="51.42647431232035160064697265625" lon="-0.3090848587453365325927734375">
        <ele>7.599999904632568359375</ele>
        <time>2019-11-02T12:55:38.000Z</time>
        <extensions>
          <ns3:TrackPointExtension>
            <ns3:hr>139</ns3:hr>
            <ns3:cad>100</ns3:cad>
          </ns3:TrackPointExtension>
        </extensions>
      </trkpt>
      <trkpt lat="51.4266172237694263458251953125" lon="-0.3092823363840579986572265625">
        <ele>7.19999980926513671875</ele>
        <time>2019-11-02T12:55:43.000Z</time>
        <extensions>
          <ns3:TrackPointExtension>
            <ns3:hr>139</ns3:hr>
            <ns3:cad>100</ns3:cad>
          </ns3:TrackPointExtension>
        </extensions>
      </trkpt>
      <trkpt lat="51.42678980715572834014892578125" lon="-0.30948576517403125762939453125">
        <ele>6.400000095367431640625</ele>
        <time>2019-11-02T12:55:48.000Z</time>
        <extensions>
          <ns3:TrackPointExtension>
            <ns3:hr>139</ns3:hr>
            <ns3:cad>101</ns3:cad>
          </ns3:TrackPointExtension>
        </extensions>
      </trkpt>
      <trkpt lat="51.42693783156573772430419921875" lon="-0.30968341045081615447998046875">
        <ele>7</ele>
        <time>2019-11-02T12:55:53.000Z</time>
        <extensions>
          <ns3:TrackPointExtension>
            <ns3:hr>140</ns3:hr>
            <ns3:cad>98</ns3:cad>
          </ns3:TrackPointExtension>
        </extensions>
      </trkpt>
      <trkpt lat="51.42704746685922145843505859375" lon="-0.309864543378353118896484375">
        <ele>7</ele>
        <time>2019-11-02T12:55:57.000Z</time>
        <extensions>
          <ns3:TrackPointExtension>
            <ns3:hr>140</ns3:hr>
            <ns3:cad>100</ns3:cad>
          </ns3:TrackPointExtension>
        </extensions>
      </trkpt>
    </trkseg>
  </trk>
</gpx>
