<?xml version="1.0" encoding="UTF-8"?>
<gpx creator="Garmin Connect" version="1.1"
  xsi:schemaLocation="http://www.topografix.com/GPX/1/1 http://www.topografix.com/GPX/11.xsd"
  xmlns:ns3="http://www.garmin.com/xmlschemas/TrackPointExtension/v1"
  xmlns="http://www.topografix.com/GPX/1/1"
  xmlns:xsi="http://www.w3.org/2001/XMLSchema-instance" xmlns:ns2="http://www.garmin.com/xmlschemas/GpxExtensions/v3">
  <metadata>
    <link href="connect.garmin.com">
      <text>Garmin Connect</text>
    </link>
    <time>2018-10-14T08:30:29.000Z</time>
  </metadata>
  <trk>
    <name>York marathon</name>
    <type>running</type>
    <trkseg>
      <trkpt lat="53.95032252185046672821044921875" lon="-1.058917678892612457275390625">
        <ele>25.799999237060546875</ele>
        <time>2018-10-14T08:30:29.000Z</time>
        <extensions>
          <ns3:TrackPointExtension>
            <ns3:hr>159</ns3:hr>
            <ns3:cad>81</ns3:cad>
          </ns3:TrackPointExtension>
        </extensions>
      </trkpt>
      <trkpt lat="53.95036141388118267059326171875" lon="-1.05897157453000545501708984375">
        <ele>25.799999237060546875</ele>
        <time>2018-10-14T08:30:30.000Z</time>
        <extensions>
          <ns3:TrackPointExtension>
            <ns3:hr>158</ns3:hr>
            <ns3:cad>82</ns3:cad>
          </ns3:TrackPointExtension>
        </extensions>
      </trkpt>
      <trkpt lat="53.95053483545780181884765625" lon="-1.0591394640505313873291015625">
        <ele>27.799999237060546875</ele>
        <time>2018-10-14T08:30:37.000Z</time>
        <extensions>
          <ns3:TrackPointExtension>
            <ns3:hr>160</ns3:hr>
            <ns3:cad>98</ns3:cad>
          </ns3:TrackPointExtension>
        </extensions>
      </trkpt>
      <trkpt lat="53.95072233863174915313720703125" lon="-1.05924817733466625213623046875">
        <ele>29.200000762939453125</ele>
        <time>2018-10-14T08:30:43.000Z</time>
        <extensions>
          <ns3:TrackPointExtension>
            <ns3:hr>160</ns3:hr>
            <ns3:cad>96</ns3:cad>
          </ns3:TrackPointExtension>
        </extensions>
      </trkpt>
      <trkpt lat="53.9509299583733081817626953125" lon="-1.0593156516551971435546875">
        <ele>29.799999237060546875</ele>
        <time>2018-10-14T08:30:49.000Z</time>
        <extensions>
          <ns3:TrackPointExtension>
            <ns3:hr>159</ns3:hr>
            <ns3:cad>96</ns3:cad>
          </ns3:TrackPointExtension>
        </extensions>
      </trkpt>
      <trkpt lat="53.951133973896503448486328125" lon="-1.0593235306441783905029296875">
        <ele>30.6000003814697265625</ele>
        <time>2018-10-14T08:30:55.000Z</time>
        <extensions>
          <ns3:TrackPointExtension>
            <ns3:hr>158</ns3:hr>
            <ns3:cad>97</ns3:cad>
          </ns3:TrackPointExtension>
        </extensions>
      </trkpt>
      <trkpt lat="53.95132265053689479827880859375" lon="-1.05933752842247486114501953125">
        <ele>30.6000003814697265625</ele>
        <time>2018-10-14T08:31:00.000Z</time>
        <extensions>
          <ns3:TrackPointExtension>
            <ns3:hr>160</ns3:hr>
            <ns3:cad>97</ns3:cad>
          </ns3:TrackPointExtension>
        </extensions>
      </trkpt>
      <trkpt lat="53.95152046345174312591552734375" lon="-1.0593084432184696197509765625">
        <ele>30</ele>
        <time>2018-10-14T08:31:06.000Z</time>
        <extensions>
          <ns3:TrackPointExtension>
            <ns3:hr>161</ns3:hr>
            <ns3:cad>96</ns3:cad>
          </ns3:TrackPointExtension>
        </extensions>
      </trkpt>
      <trkpt lat="53.9516888558864593505859375" lon="-1.05928187258541584014892578125">
        <ele>28.200000762939453125</ele>
        <time>2018-10-14T08:31:11.000Z</time>
        <extensions>
          <ns3:TrackPointExtension>
            <ns3:hr>158</ns3:hr>
            <ns3:cad>96</ns3:cad>
          </ns3:TrackPointExtension>
        </extensions>
      </trkpt>
      <trkpt lat="53.9518720842897891998291015625" lon="-1.059269048273563385009765625">
        <ele>26.3999996185302734375</ele>
        <time>2018-10-14T08:31:16.000Z</time>
        <extensions>
          <ns3:TrackPointExtension>
            <ns3:hr>153</ns3:hr>
            <ns3:cad>98</ns3:cad>
          </ns3:TrackPointExtension>
        </extensions>
      </trkpt>
      <trkpt lat="53.95205807872116565704345703125" lon="-1.05929042212665081024169921875">
        <ele>25</ele>
        <time>2018-10-14T08:31:21.000Z</time>
        <extensions>
          <ns3:TrackPointExtension>
            <ns3:hr>157</ns3:hr>
            <ns3:cad>98</ns3:cad>
          </ns3:TrackPointExtension>
        </extensions>
      </trkpt>
      <trkpt lat="53.9522707276046276092529296875" lon="-1.05929620563983917236328125">
        <ele>23.6000003814697265625</ele>
        <time>2018-10-14T08:31:27.000Z</time>
        <extensions>
          <ns3:TrackPointExtension>
            <ns3:hr>156</ns3:hr>
            <ns3:cad>97</ns3:cad>
          </ns3:TrackPointExtension>
        </extensions>
      </trkpt>
      <trkpt lat="53.95247030071914196014404296875" lon="-1.05928413569927215576171875">
        <ele>22.3999996185302734375</ele>
        <time>2018-10-14T08:31:33.000Z</time>
        <extensions>
          <ns3:TrackPointExtension>
            <ns3:hr>154</ns3:hr>
            <ns3:cad>97</ns3:cad>
          </ns3:TrackPointExtension>
        </extensions>
      </trkpt>
      <trkpt lat="53.952669538557529449462890625" lon="-1.059273742139339447021484375">
        <ele>21.6000003814697265625</ele>
        <time>2018-10-14T08:31:39.000Z</time>
        <extensions>
          <ns3:TrackPointExtension>
            <ns3:hr>153</ns3:hr>
            <ns3:cad>96</ns3:cad>
          </ns3:TrackPointExtension>
        </extensions>
      </trkpt>
      <trkpt lat="53.95284748636186122894287109375" lon="-1.0592460818588733673095703125">
        <ele>20.3999996185302734375</ele>
        <time>2018-10-14T08:31:44.000Z</time>
        <extensions>
          <ns3:TrackPointExtension>
            <ns3:hr>156</ns3:hr>
            <ns3:cad>97</ns3:cad>
          </ns3:TrackPointExtension>
        </extensions>
      </trkpt>
      <trkpt lat="53.95306189544498920440673828125" lon="-1.0592048428952693939208984375">
        <ele>19.3999996185302734375</ele>
        <time>2018-10-14T08:31:50.000Z</time>
        <extensions>
          <ns3:TrackPointExtension>
            <ns3:hr>156</ns3:hr>
            <ns3:cad>96</ns3:cad>
          </ns3:TrackPointExtension>
        </extensions>
      </trkpt>
      <trkpt lat="53.9532490633428096771240234375" lon="-1.05917726643383502960205078125">
        <ele>18.799999237060546875</ele>
        <time>2018-10-14T08:31:55.000Z</time>
        <extensions>
          <ns3:TrackPointExtension>
            <ns3:hr>158</ns3:hr>
            <ns3:cad>96</ns3:cad>
          </ns3:TrackPointExtension>
        </extensions>
      </trkpt>
      <trkpt lat="53.9534384943544864654541015625" lon="-1.05915069580078125">
        <ele>18</ele>
        <time>2018-10-14T08:32:00.000Z</time>
        <extensions>
          <ns3:TrackPointExtension>
            <ns3:hr>157</ns3:hr>
            <ns3:cad>97</ns3:cad>
          </ns3:TrackPointExtension>
        </extensions>
      </trkpt>
      <trkpt lat="53.95362465642392635345458984375" lon="-1.0591498576104640960693359375">
        <ele>17.3999996185302734375</ele>
        <time>2018-10-14T08:32:05.000Z</time>
        <extensions>
          <ns3:TrackPointExtension>
            <ns3:hr>157</ns3:hr>
            <ns3:cad>97</ns3:cad>
          </ns3:TrackPointExtension>
        </extensions>
      </trkpt>
      <trkpt lat="53.95381157286465167999267578125" lon="-1.0591766797006130218505859375">
        <ele>17.200000762939453125</ele>
        <time>2018-10-14T08:32:10.000Z</time>
        <extensions>
          <ns3:TrackPointExtension>
            <ns3:hr>154</ns3:hr>
            <ns3:cad>97</ns3:cad>
          </ns3:TrackPointExtension>
        </extensions>
      </trkpt>
      <trkpt lat="53.95402078516781330108642578125" lon="-1.05915832333266735076904296875">
        <ele>16.3999996185302734375</ele>
        <time>2018-10-14T08:32:16.000Z</time>
        <extensions>
          <ns3:TrackPointExtension>
            <ns3:hr>155</ns3:hr>
            <ns3:cad>97</ns3:cad>
          </ns3:TrackPointExtension>
        </extensions>
      </trkpt>
      <trkpt lat="53.9541982300579547882080078125" lon="-1.05927206575870513916015625">
        <ele>16.200000762939453125</ele>
        <time>2018-10-14T08:32:23.000Z</time>
        <extensions>
          <ns3:TrackPointExtension>
            <ns3:hr>154</ns3:hr>
            <ns3:cad>95</ns3:cad>
          </ns3:TrackPointExtension>
        </extensions>
      </trkpt>
      <trkpt lat="53.9542314223945140838623046875" lon="-1.05957926250994205474853515625">
        <ele>16.200000762939453125</ele>
        <time>2018-10-14T08:32:29.000Z</time>
        <extensions>
          <ns3:TrackPointExtension>
            <ns3:hr>155</ns3:hr>
            <ns3:cad>96</ns3:cad>
          </ns3:TrackPointExtension>
        </extensions>
      </trkpt>
      <trkpt lat="53.95426855422556400299072265625" lon="-1.05989106930792331695556640625">
        <ele>15.19999980926513671875</ele>
        <time>2018-10-14T08:32:34.000Z</time>
        <extensions>
          <ns3:TrackPointExtension>
            <ns3:hr>155</ns3:hr>
            <ns3:cad>96</ns3:cad>
          </ns3:TrackPointExtension>
        </extensions>
      </trkpt>
      <trkpt lat="53.95430870354175567626953125" lon="-1.06022031046450138092041015625">
        <ele>15</ele>
        <time>2018-10-14T08:32:39.000Z</time>
        <extensions>
          <ns3:TrackPointExtension>
            <ns3:hr>156</ns3:hr>
            <ns3:cad>98</ns3:cad>
          </ns3:TrackPointExtension>
        </extensions>
      </trkpt>
      <trkpt lat="53.9543397165834903717041015625" lon="-1.0605338774621486663818359375">
        <ele>15</ele>
        <time>2018-10-14T08:32:44.000Z</time>
        <extensions>
          <ns3:TrackPointExtension>
            <ns3:hr>156</ns3:hr>
            <ns3:cad>98</ns3:cad>
          </ns3:TrackPointExtension>
        </extensions>
      </trkpt>
      <trkpt lat="53.95436611957848072052001953125" lon="-1.06089220382273197174072265625">
        <ele>15</ele>
        <time>2018-10-14T08:32:50.000Z</time>
        <extensions>
          <ns3:TrackPointExtension>
            <ns3:hr>158</ns3:hr>
            <ns3:cad>97</ns3:cad>
          </ns3:TrackPointExtension>
        </extensions>
      </trkpt>
      <trkpt lat="53.95439730025827884674072265625" lon="-1.06123276054859161376953125">
        <ele>16</ele>
        <time>2018-10-14T08:32:56.000Z</time>
        <extensions>
          <ns3:TrackPointExtension>
            <ns3:hr>157</ns3:hr>
            <ns3:cad>98</ns3:cad>
          </ns3:TrackPointExtension>
        </extensions>
      </trkpt>
      <trkpt lat="53.95439109764993190765380859375" lon="-1.06159242801368236541748046875">
        <ele>17.200000762939453125</ele>
        <time>2018-10-14T08:33:02.000Z</time>
        <extensions>
          <ns3:TrackPointExtension>
            <ns3:hr>156</ns3:hr>
            <ns3:cad>97</ns3:cad>
          </ns3:TrackPointExtension>
        </extensions>
      </trkpt>
      <trkpt lat="53.95438036881387233734130859375" lon="-1.06191010214388370513916015625">
        <ele>18</ele>
        <time>2018-10-14T08:33:07.000Z</time>
        <extensions>
          <ns3:TrackPointExtension>
            <ns3:hr>156</ns3:hr>
            <ns3:cad>98</ns3:cad>
          </ns3:TrackPointExtension>
        </extensions>
      </trkpt>
      <trkpt lat="53.9543817937374114990234375" lon="-1.06221989728510379791259765625">
        <ele>17.6000003814697265625</ele>
        <time>2018-10-14T08:33:12.000Z</time>
        <extensions>
          <ns3:TrackPointExtension>
            <ns3:hr>157</ns3:hr>
            <ns3:cad>97</ns3:cad>
          </ns3:TrackPointExtension>
        </extensions>
      </trkpt>
      <trkpt lat="53.95439059473574161529541015625" lon="-1.06252918951213359832763671875">
        <ele>17.3999996185302734375</ele>
        <time>2018-10-14T08:33:17.000Z</time>
        <extensions>
          <ns3:TrackPointExtension>
            <ns3:hr>157</ns3:hr>
            <ns3:cad>97</ns3:cad>
          </ns3:TrackPointExtension>
        </extensions>
      </trkpt>
      <trkpt lat="53.95437215454876422882080078125" lon="-1.06289447285234928131103515625">
        <ele>17.200000762939453125</ele>
        <time>2018-10-14T08:33:23.000Z</time>
        <extensions>
          <ns3:TrackPointExtension>
            <ns3:hr>158</ns3:hr>
            <ns3:cad>96</ns3:cad>
          </ns3:TrackPointExtension>
        </extensions>
      </trkpt>
      <trkpt lat="53.954386152327060699462890625" lon="-1.0632586665451526641845703125">
        <ele>16.6000003814697265625</ele>
        <time>2018-10-14T08:33:29.000Z</time>
        <extensions>
          <ns3:TrackPointExtension>
            <ns3:hr>157</ns3:hr>
            <ns3:cad>96</ns3:cad>
          </ns3:TrackPointExtension>
        </extensions>
      </trkpt>
      <trkpt lat="53.954398892819881439208984375" lon="-1.063616909086704254150390625">
        <ele>16.3999996185302734375</ele>
        <time>2018-10-14T08:33:35.000Z</time>
        <extensions>
          <ns3:TrackPointExtension>
            <ns3:hr>155</ns3:hr>
            <ns3:cad>97</ns3:cad>
          </ns3:TrackPointExtension>
        </extensions>
      </trkpt>
      <trkpt lat="53.9544185064733028411865234375" lon="-1.063844896852970123291015625">
        <ele>15.80000019073486328125</ele>
        <time>2018-10-14T08:33:39.000Z</time>
        <extensions>
          <ns3:TrackPointExtension>
            <ns3:hr>149</ns3:hr>
            <ns3:cad>97</ns3:cad>
          </ns3:TrackPointExtension>
        </extensions>
      </trkpt>
      <trkpt lat="53.9544349350035190582275390625" lon="-1.0639593936502933502197265625">
        <ele>15.3999996185302734375</ele>
        <time>2018-10-14T08:33:40.000Z</time>
        <extensions>
          <ns3:TrackPointExtension>
            <ns3:hr>149</ns3:hr>
            <ns3:cad>96</ns3:cad>
          </ns3:TrackPointExtension>
        </extensions>
      </trkpt>
      <trkpt lat="53.9544644393026828765869140625" lon="-1.06430062092840671539306640625">
        <ele>15</ele>
        <time>2018-10-14T08:33:47.000Z</time>
        <extensions>
          <ns3:TrackPointExtension>
            <ns3:hr>147</ns3:hr>
            <ns3:cad>97</ns3:cad>
          </ns3:TrackPointExtension>
        </extensions>
      </trkpt>
      <trkpt lat="53.95449268631637096405029296875" lon="-1.06465450488030910491943359375">
        <ele>14</ele>
        <time>2018-10-14T08:33:53.000Z</time>
        <extensions>
          <ns3:TrackPointExtension>
            <ns3:hr>147</ns3:hr>
            <ns3:cad>96</ns3:cad>
          </ns3:TrackPointExtension>
        </extensions>
      </trkpt>
      <trkpt lat="53.95450316369533538818359375" lon="-1.06477721594274044036865234375">
        <ele>14</ele>
        <time>2018-10-14T08:33:55.000Z</time>
        <extensions>
          <ns3:TrackPointExtension>
            <ns3:hr>148</ns3:hr>
            <ns3:cad>96</ns3:cad>
          </ns3:TrackPointExtension>
        </extensions>
      </trkpt>
      <trkpt lat="53.95450048148632049560546875" lon="-1.06509522534906864166259765625">
        <ele>14.6000003814697265625</ele>
        <time>2018-10-14T08:34:00.000Z</time>
        <extensions>
          <ns3:TrackPointExtension>
            <ns3:hr>149</ns3:hr>
            <ns3:cad>97</ns3:cad>
          </ns3:TrackPointExtension>
        </extensions>
      </trkpt>
      <trkpt lat="53.95450475625693798065185546875" lon="-1.0653756000101566314697265625">
        <ele>15.19999980926513671875</ele>
        <time>2018-10-14T08:34:05.000Z</time>
        <extensions>
          <ns3:TrackPointExtension>
            <ns3:hr>152</ns3:hr>
            <ns3:cad>97</ns3:cad>
          </ns3:TrackPointExtension>
        </extensions>
      </trkpt>
      <trkpt lat="53.9544929377734661102294921875" lon="-1.06555187143385410308837890625">
        <ele>15.3999996185302734375</ele>
        <time>2018-10-14T08:34:08.000Z</time>
        <extensions>
          <ns3:TrackPointExtension>
            <ns3:hr>155</ns3:hr>
            <ns3:cad>97</ns3:cad>
          </ns3:TrackPointExtension>
        </extensions>
      </trkpt>
      <trkpt lat="53.9545029960572719573974609375" lon="-1.06588530354201793670654296875">
        <ele>16.6000003814697265625</ele>
        <time>2018-10-14T08:34:14.000Z</time>
        <extensions>
          <ns3:TrackPointExtension>
            <ns3:hr>152</ns3:hr>
            <ns3:cad>96</ns3:cad>
          </ns3:TrackPointExtension>
        </extensions>
      </trkpt>
      <trkpt lat="53.95450877957046031951904296875" lon="-1.066228039562702178955078125">
        <ele>17</ele>
        <time>2018-10-14T08:34:20.000Z</time>
        <extensions>
          <ns3:TrackPointExtension>
            <ns3:hr>152</ns3:hr>
            <ns3:cad>97</ns3:cad>
          </ns3:TrackPointExtension>
        </extensions>
      </trkpt>
      <trkpt lat="53.9545147307217121124267578125" lon="-1.066590808331966400146484375">
        <ele>17.200000762939453125</ele>
        <time>2018-10-14T08:34:26.000Z</time>
        <extensions>
          <ns3:TrackPointExtension>
            <ns3:hr>152</ns3:hr>
            <ns3:cad>97</ns3:cad>
          </ns3:TrackPointExtension>
        </extensions>
      </trkpt>
      <trkpt lat="53.95450877957046031951904296875" lon="-1.06690085493028163909912109375">
        <ele>17.200000762939453125</ele>
        <time>2018-10-14T08:34:31.000Z</time>
        <extensions>
          <ns3:TrackPointExtension>
            <ns3:hr>153</ns3:hr>
            <ns3:cad>97</ns3:cad>
          </ns3:TrackPointExtension>
        </extensions>
      </trkpt>
      <trkpt lat="53.95453132688999176025390625" lon="-1.067257337272167205810546875">
        <ele>17.200000762939453125</ele>
        <time>2018-10-14T08:34:37.000Z</time>
        <extensions>
          <ns3:TrackPointExtension>
            <ns3:hr>153</ns3:hr>
            <ns3:cad>97</ns3:cad>
          </ns3:TrackPointExtension>
        </extensions>
      </trkpt>
      <trkpt lat="53.95458254031836986541748046875" lon="-1.06759705580770969390869140625">
        <ele>17</ele>
        <time>2018-10-14T08:34:43.000Z</time>
        <extensions>
          <ns3:TrackPointExtension>
            <ns3:hr>155</ns3:hr>
            <ns3:cad>97</ns3:cad>
          </ns3:TrackPointExtension>
        </extensions>
      </trkpt>
      <trkpt lat="53.95464741624891757965087890625" lon="-1.067917160689830780029296875">
        <ele>17.799999237060546875</ele>
        <time>2018-10-14T08:34:49.000Z</time>
        <extensions>
          <ns3:TrackPointExtension>
            <ns3:hr>154</ns3:hr>
            <ns3:cad>98</ns3:cad>
          </ns3:TrackPointExtension>
        </extensions>
      </trkpt>
      <trkpt lat="53.95468890666961669921875" lon="-1.06821564026176929473876953125">
        <ele>17.6000003814697265625</ele>
        <time>2018-10-14T08:34:54.000Z</time>
        <extensions>
          <ns3:TrackPointExtension>
            <ns3:hr>154</ns3:hr>
            <ns3:cad>96</ns3:cad>
          </ns3:TrackPointExtension>
        </extensions>
      </trkpt>
      <trkpt lat="53.95473626442253589630126953125" lon="-1.0685639083385467529296875">
        <ele>17.3999996185302734375</ele>
        <time>2018-10-14T08:35:00.000Z</time>
        <extensions>
          <ns3:TrackPointExtension>
            <ns3:hr>153</ns3:hr>
            <ns3:cad>97</ns3:cad>
          </ns3:TrackPointExtension>
        </extensions>
      </trkpt>
      <trkpt lat="53.95478856749832630157470703125" lon="-1.06886104680597782135009765625">
        <ele>16.3999996185302734375</ele>
        <time>2018-10-14T08:35:05.000Z</time>
        <extensions>
          <ns3:TrackPointExtension>
            <ns3:hr>154</ns3:hr>
            <ns3:cad>97</ns3:cad>
          </ns3:TrackPointExtension>
        </extensions>
      </trkpt>
      <trkpt lat="53.954828716814517974853515625" lon="-1.06920470483601093292236328125">
        <ele>15.6000003814697265625</ele>
        <time>2018-10-14T08:35:11.000Z</time>
        <extensions>
          <ns3:TrackPointExtension>
            <ns3:hr>154</ns3:hr>
            <ns3:cad>97</ns3:cad>
          </ns3:TrackPointExtension>
        </extensions>
      </trkpt>
      <trkpt lat="53.95488009788095951080322265625" lon="-1.06955758295953273773193359375">
        <ele>15</ele>
        <time>2018-10-14T08:35:17.000Z</time>
        <extensions>
          <ns3:TrackPointExtension>
            <ns3:hr>154</ns3:hr>
            <ns3:cad>97</ns3:cad>
          </ns3:TrackPointExtension>
        </extensions>
      </trkpt>
      <trkpt lat="53.954946734011173248291015625" lon="-1.069838292896747589111328125">
        <ele>14.19999980926513671875</ele>
        <time>2018-10-14T08:35:22.000Z</time>
        <extensions>
          <ns3:TrackPointExtension>
            <ns3:hr>151</ns3:hr>
            <ns3:cad>98</ns3:cad>
          </ns3:TrackPointExtension>
        </extensions>
      </trkpt>
      <trkpt lat="53.95503298379480838775634765625" lon="-1.070154123008251190185546875">
        <ele>14</ele>
        <time>2018-10-14T08:35:28.000Z</time>
        <extensions>
          <ns3:TrackPointExtension>
            <ns3:hr>152</ns3:hr>
            <ns3:cad>97</ns3:cad>
          </ns3:TrackPointExtension>
        </extensions>
      </trkpt>
      <trkpt lat="53.955129124224185943603515625" lon="-1.07033642940223217010498046875">
        <ele>14</ele>
        <time>2018-10-14T08:35:32.000Z</time>
        <extensions>
          <ns3:TrackPointExtension>
            <ns3:hr>155</ns3:hr>
            <ns3:cad>97</ns3:cad>
          </ns3:TrackPointExtension>
        </extensions>
      </trkpt>
      <trkpt lat="53.955249153077602386474609375" lon="-1.07063164003193378448486328125">
        <ele>14</ele>
        <time>2018-10-14T08:35:38.000Z</time>
        <extensions>
          <ns3:TrackPointExtension>
            <ns3:hr>154</ns3:hr>
            <ns3:cad>96</ns3:cad>
          </ns3:TrackPointExtension>
        </extensions>
      </trkpt>
      <trkpt lat="53.95530606620013713836669921875" lon="-1.07092919759452342987060546875">
        <ele>14.3999996185302734375</ele>
        <time>2018-10-14T08:35:44.000Z</time>
        <extensions>
          <ns3:TrackPointExtension>
            <ns3:hr>153</ns3:hr>
            <ns3:cad>97</ns3:cad>
          </ns3:TrackPointExtension>
        </extensions>
      </trkpt>
      <trkpt lat="53.955367170274257659912109375" lon="-1.0712476260960102081298828125">
        <ele>15</ele>
        <time>2018-10-14T08:35:50.000Z</time>
        <extensions>
          <ns3:TrackPointExtension>
            <ns3:hr>153</ns3:hr>
            <ns3:cad>97</ns3:cad>
          </ns3:TrackPointExtension>
        </extensions>
      </trkpt>
      <trkpt lat="53.9554719440639019012451171875" lon="-1.071522049605846405029296875">
        <ele>14.19999980926513671875</ele>
        <time>2018-10-14T08:35:56.000Z</time>
        <extensions>
          <ns3:TrackPointExtension>
            <ns3:hr>155</ns3:hr>
            <ns3:cad>97</ns3:cad>
          </ns3:TrackPointExtension>
        </extensions>
      </trkpt>
      <trkpt lat="53.95556758157908916473388671875" lon="-1.071798317134380340576171875">
        <ele>15</ele>
        <time>2018-10-14T08:36:02.000Z</time>
        <extensions>
          <ns3:TrackPointExtension>
            <ns3:hr>155</ns3:hr>
            <ns3:cad>97</ns3:cad>
          </ns3:TrackPointExtension>
        </extensions>
      </trkpt>
      <trkpt lat="53.95563597790896892547607421875" lon="-1.07212194241583347320556640625">
        <ele>15</ele>
        <time>2018-10-14T08:36:08.000Z</time>
        <extensions>
          <ns3:TrackPointExtension>
            <ns3:hr>156</ns3:hr>
            <ns3:cad>96</ns3:cad>
          </ns3:TrackPointExtension>
        </extensions>
      </trkpt>
      <trkpt lat="53.9555168710649013519287109375" lon="-1.0723721422255039215087890625">
        <ele>14.3999996185302734375</ele>
        <time>2018-10-14T08:36:14.000Z</time>
        <extensions>
          <ns3:TrackPointExtension>
            <ns3:hr>155</ns3:hr>
            <ns3:cad>96</ns3:cad>
          </ns3:TrackPointExtension>
        </extensions>
      </trkpt>
      <trkpt lat="53.95536683499813079833984375" lon="-1.07256509363651275634765625">
        <ele>14</ele>
        <time>2018-10-14T08:36:20.000Z</time>
        <extensions>
          <ns3:TrackPointExtension>
            <ns3:hr>155</ns3:hr>
            <ns3:cad>96</ns3:cad>
          </ns3:TrackPointExtension>
        </extensions>
      </trkpt>
      <trkpt lat="53.95519508980214595794677734375" lon="-1.07275980524718761444091796875">
        <ele>14</ele>
        <time>2018-10-14T08:36:26.000Z</time>
        <extensions>
          <ns3:TrackPointExtension>
            <ns3:hr>155</ns3:hr>
            <ns3:cad>97</ns3:cad>
          </ns3:TrackPointExtension>
        </extensions>
      </trkpt>
      <trkpt lat="53.95503784529864788055419921875" lon="-1.0729551874101161956787109375">
        <ele>14.3999996185302734375</ele>
        <time>2018-10-14T08:36:32.000Z</time>
        <extensions>
          <ns3:TrackPointExtension>
            <ns3:hr>155</ns3:hr>
            <ns3:cad>97</ns3:cad>
          </ns3:TrackPointExtension>
        </extensions>
      </trkpt>
      <trkpt lat="53.954901807010173797607421875" lon="-1.07322500087320804595947265625">
        <ele>14.80000019073486328125</ele>
        <time>2018-10-14T08:36:38.000Z</time>
        <extensions>
          <ns3:TrackPointExtension>
            <ns3:hr>155</ns3:hr>
            <ns3:cad>95</ns3:cad>
          </ns3:TrackPointExtension>
        </extensions>
      </trkpt>
      <trkpt lat="53.95481924526393413543701171875" lon="-1.07355692423880100250244140625">
        <ele>15</ele>
        <time>2018-10-14T08:36:44.000Z</time>
        <extensions>
          <ns3:TrackPointExtension>
            <ns3:hr>156</ns3:hr>
            <ns3:cad>98</ns3:cad>
          </ns3:TrackPointExtension>
        </extensions>
      </trkpt>
      <trkpt lat="53.95477180369198322296142578125" lon="-1.0739041864871978759765625">
        <ele>15</ele>
        <time>2018-10-14T08:36:50.000Z</time>
        <extensions>
          <ns3:TrackPointExtension>
            <ns3:hr>155</ns3:hr>
            <ns3:cad>97</ns3:cad>
          </ns3:TrackPointExtension>
        </extensions>
      </trkpt>
      <trkpt lat="53.95474883727729320526123046875" lon="-1.07413494028151035308837890625">
        <ele>15</ele>
        <time>2018-10-14T08:36:54.000Z</time>
        <extensions>
          <ns3:TrackPointExtension>
            <ns3:hr>152</ns3:hr>
            <ns3:cad>97</ns3:cad>
          </ns3:TrackPointExtension>
        </extensions>
      </trkpt>
      <trkpt lat="53.95473173819482326507568359375" lon="-1.0744716413319110870361328125">
        <ele>15</ele>
        <time>2018-10-14T08:37:00.000Z</time>
        <extensions>
          <ns3:TrackPointExtension>
            <ns3:hr>154</ns3:hr>
            <ns3:cad>97</ns3:cad>
          </ns3:TrackPointExtension>
        </extensions>
      </trkpt>
      <trkpt lat="53.95472033880650997161865234375" lon="-1.074806749820709228515625">
        <ele>15</ele>
        <time>2018-10-14T08:37:06.000Z</time>
        <extensions>
          <ns3:TrackPointExtension>
            <ns3:hr>154</ns3:hr>
            <ns3:cad>97</ns3:cad>
          </ns3:TrackPointExtension>
        </extensions>
      </trkpt>
      <trkpt lat="53.9547101967036724090576171875" lon="-1.075142361223697662353515625">
        <ele>14</ele>
        <time>2018-10-14T08:37:12.000Z</time>
        <extensions>
          <ns3:TrackPointExtension>
            <ns3:hr>155</ns3:hr>
            <ns3:cad>97</ns3:cad>
          </ns3:TrackPointExtension>
        </extensions>
      </trkpt>
      <trkpt lat="53.95472385920584201812744140625" lon="-1.0754479654133319854736328125">
        <ele>13.6000003814697265625</ele>
        <time>2018-10-14T08:37:17.000Z</time>
        <extensions>
          <ns3:TrackPointExtension>
            <ns3:hr>157</ns3:hr>
            <ns3:cad>97</ns3:cad>
          </ns3:TrackPointExtension>
        </extensions>
      </trkpt>
      <trkpt lat="53.954710699617862701416015625" lon="-1.0757711715996265411376953125">
        <ele>13</ele>
        <time>2018-10-14T08:37:22.000Z</time>
        <extensions>
          <ns3:TrackPointExtension>
            <ns3:hr>158</ns3:hr>
            <ns3:cad>98</ns3:cad>
          </ns3:TrackPointExtension>
        </extensions>
      </trkpt>
      <trkpt lat="53.95468815229833126068115234375" lon="-1.0760105587542057037353515625">
        <ele>13</ele>
        <time>2018-10-14T08:37:26.000Z</time>
        <extensions>
          <ns3:TrackPointExtension>
            <ns3:hr>158</ns3:hr>
            <ns3:cad>99</ns3:cad>
          </ns3:TrackPointExtension>
        </extensions>
      </trkpt>
      <trkpt lat="53.95463953725993633270263671875" lon="-1.07633468694984912872314453125">
        <ele>13.3999996185302734375</ele>
        <time>2018-10-14T08:37:31.000Z</time>
        <extensions>
          <ns3:TrackPointExtension>
            <ns3:hr>158</ns3:hr>
            <ns3:cad>99</ns3:cad>
          </ns3:TrackPointExtension>
        </extensions>
      </trkpt>
      <trkpt lat="53.95461824722588062286376953125" lon="-1.07669913209974765777587890625">
        <ele>14.19999980926513671875</ele>
        <time>2018-10-14T08:37:37.000Z</time>
        <extensions>
          <ns3:TrackPointExtension>
            <ns3:hr>158</ns3:hr>
            <ns3:cad>99</ns3:cad>
          </ns3:TrackPointExtension>
        </extensions>
      </trkpt>
      <trkpt lat="53.954738862812519073486328125" lon="-1.07688537798821926116943359375">
        <ele>14.6000003814697265625</ele>
        <time>2018-10-14T08:37:45.000Z</time>
        <extensions>
          <ns3:TrackPointExtension>
            <ns3:hr>159</ns3:hr>
            <ns3:cad>99</ns3:cad>
          </ns3:TrackPointExtension>
        </extensions>
      </trkpt>
      <trkpt lat="53.95491915754973888397216796875" lon="-1.0768567956984043121337890625">
        <ele>15</ele>
        <time>2018-10-14T08:37:50.000Z</time>
        <extensions>
          <ns3:TrackPointExtension>
            <ns3:hr>158</ns3:hr>
            <ns3:cad>99</ns3:cad>
          </ns3:TrackPointExtension>
        </extensions>
      </trkpt>
      <trkpt lat="53.95512803457677364349365234375" lon="-1.0768465697765350341796875">
        <ele>15</ele>
        <time>2018-10-14T08:37:55.000Z</time>
        <extensions>
          <ns3:TrackPointExtension>
            <ns3:hr>160</ns3:hr>
            <ns3:cad>98</ns3:cad>
          </ns3:TrackPointExtension>
        </extensions>
      </trkpt>
      <trkpt lat="53.9553125202655792236328125" lon="-1.07686995528638362884521484375">
        <ele>15</ele>
        <time>2018-10-14T08:38:00.000Z</time>
        <extensions>
          <ns3:TrackPointExtension>
            <ns3:hr>158</ns3:hr>
            <ns3:cad>99</ns3:cad>
          </ns3:TrackPointExtension>
        </extensions>
      </trkpt>
      <trkpt lat="53.95551695488393306732177734375" lon="-1.07693499885499477386474609375">
        <ele>15</ele>
        <time>2018-10-14T08:38:06.000Z</time>
        <extensions>
          <ns3:TrackPointExtension>
            <ns3:hr>157</ns3:hr>
            <ns3:cad>98</ns3:cad>
          </ns3:TrackPointExtension>
        </extensions>
      </trkpt>
      <trkpt lat="53.95571426488459110260009765625" lon="-1.07697137631475925445556640625">
        <ele>14.80000019073486328125</ele>
        <time>2018-10-14T08:38:12.000Z</time>
        <extensions>
          <ns3:TrackPointExtension>
            <ns3:hr>156</ns3:hr>
            <ns3:cad>99</ns3:cad>
          </ns3:TrackPointExtension>
        </extensions>
      </trkpt>
      <trkpt lat="53.955885507166385650634765625" lon="-1.07708101160824298858642578125">
        <ele>13.6000003814697265625</ele>
        <time>2018-10-14T08:38:17.000Z</time>
        <extensions>
          <ns3:TrackPointExtension>
            <ns3:hr>156</ns3:hr>
            <ns3:cad>98</ns3:cad>
          </ns3:TrackPointExtension>
        </extensions>
      </trkpt>
      <trkpt lat="53.956073932349681854248046875" lon="-1.0772205702960491180419921875">
        <ele>11.80000019073486328125</ele>
        <time>2018-10-14T08:38:23.000Z</time>
        <extensions>
          <ns3:TrackPointExtension>
            <ns3:hr>156</ns3:hr>
            <ns3:cad>98</ns3:cad>
          </ns3:TrackPointExtension>
        </extensions>
      </trkpt>
      <trkpt lat="53.9562437497079372406005859375" lon="-1.07734621502459049224853515625">
        <ele>9.19999980926513671875</ele>
        <time>2018-10-14T08:38:28.000Z</time>
        <extensions>
          <ns3:TrackPointExtension>
            <ns3:hr>158</ns3:hr>
            <ns3:cad>99</ns3:cad>
          </ns3:TrackPointExtension>
        </extensions>
      </trkpt>
      <trkpt lat="53.956413567066192626953125" lon="-1.0774854384362697601318359375">
        <ele>10</ele>
        <time>2018-10-14T08:38:33.000Z</time>
        <extensions>
          <ns3:TrackPointExtension>
            <ns3:hr>159</ns3:hr>
            <ns3:cad>100</ns3:cad>
          </ns3:TrackPointExtension>
        </extensions>
      </trkpt>
      <trkpt lat="53.95657123066484928131103515625" lon="-1.0776373185217380523681640625">
        <ele>10.3999996185302734375</ele>
        <time>2018-10-14T08:38:38.000Z</time>
        <extensions>
          <ns3:TrackPointExtension>
            <ns3:hr>157</ns3:hr>
            <ns3:cad>98</ns3:cad>
          </ns3:TrackPointExtension>
        </extensions>
      </trkpt>
      <trkpt lat="53.9567292295396327972412109375" lon="-1.07779900543391704559326171875">
        <ele>12</ele>
        <time>2018-10-14T08:38:43.000Z</time>
        <extensions>
          <ns3:TrackPointExtension>
            <ns3:hr>157</ns3:hr>
            <ns3:cad>98</ns3:cad>
          </ns3:TrackPointExtension>
        </extensions>
      </trkpt>
      <trkpt lat="53.956882618367671966552734375" lon="-1.07797569595277309417724609375">
        <ele>13</ele>
        <time>2018-10-14T08:38:48.000Z</time>
        <extensions>
          <ns3:TrackPointExtension>
            <ns3:hr>156</ns3:hr>
            <ns3:cad>98</ns3:cad>
          </ns3:TrackPointExtension>
        </extensions>
      </trkpt>
      <trkpt lat="53.95704648457467555999755859375" lon="-1.0781945474445819854736328125">
        <ele>13.80000019073486328125</ele>
        <time>2018-10-14T08:38:54.000Z</time>
        <extensions>
          <ns3:TrackPointExtension>
            <ns3:hr>158</ns3:hr>
            <ns3:cad>99</ns3:cad>
          </ns3:TrackPointExtension>
        </extensions>
      </trkpt>
      <trkpt lat="53.95719082094728946685791015625" lon="-1.07840216718614101409912109375">
        <ele>14</ele>
        <time>2018-10-14T08:39:00.000Z</time>
        <extensions>
          <ns3:TrackPointExtension>
            <ns3:hr>158</ns3:hr>
            <ns3:cad>97</ns3:cad>
          </ns3:TrackPointExtension>
        </extensions>
      </trkpt>
      <trkpt lat="53.957329876720905303955078125" lon="-1.07862680219113826751708984375">
        <ele>15.3999996185302734375</ele>
        <time>2018-10-14T08:39:06.000Z</time>
        <extensions>
          <ns3:TrackPointExtension>
            <ns3:hr>158</ns3:hr>
            <ns3:cad>97</ns3:cad>
          </ns3:TrackPointExtension>
        </extensions>
      </trkpt>
      <trkpt lat="53.95746708847582340240478515625" lon="-1.0788084380328655242919921875">
        <ele>16.200000762939453125</ele>
        <time>2018-10-14T08:39:11.000Z</time>
        <extensions>
          <ns3:TrackPointExtension>
            <ns3:hr>155</ns3:hr>
            <ns3:cad>97</ns3:cad>
          </ns3:TrackPointExtension>
        </extensions>
      </trkpt>
      <trkpt lat="53.95762952975928783416748046875" lon="-1.07902460731565952301025390625">
        <ele>17.799999237060546875</ele>
        <time>2018-10-14T08:39:17.000Z</time>
        <extensions>
          <ns3:TrackPointExtension>
            <ns3:hr>154</ns3:hr>
            <ns3:cad>96</ns3:cad>
          </ns3:TrackPointExtension>
        </extensions>
      </trkpt>
      <trkpt lat="53.95777470432221889495849609375" lon="-1.07925678603351116180419921875">
        <ele>18.3999996185302734375</ele>
        <time>2018-10-14T08:39:23.000Z</time>
        <extensions>
          <ns3:TrackPointExtension>
            <ns3:hr>154</ns3:hr>
            <ns3:cad>97</ns3:cad>
          </ns3:TrackPointExtension>
        </extensions>
      </trkpt>
      <trkpt lat="53.95792004652321338653564453125" lon="-1.0794925689697265625">
        <ele>17.6000003814697265625</ele>
        <time>2018-10-14T08:39:29.000Z</time>
        <extensions>
          <ns3:TrackPointExtension>
            <ns3:hr>155</ns3:hr>
            <ns3:cad>97</ns3:cad>
          </ns3:TrackPointExtension>
        </extensions>
      </trkpt>
      <trkpt lat="53.958060108125209808349609375" lon="-1.07975668273866176605224609375">
        <ele>17.6000003814697265625</ele>
        <time>2018-10-14T08:39:35.000Z</time>
        <extensions>
          <ns3:TrackPointExtension>
            <ns3:hr>156</ns3:hr>
            <ns3:cad>99</ns3:cad>
          </ns3:TrackPointExtension>
        </extensions>
      </trkpt>
      <trkpt lat="53.9582200348377227783203125" lon="-1.07997645623981952667236328125">
        <ele>18.6000003814697265625</ele>
        <time>2018-10-14T08:39:41.000Z</time>
        <extensions>
          <ns3:TrackPointExtension>
            <ns3:hr>156</ns3:hr>
            <ns3:cad>98</ns3:cad>
          </ns3:TrackPointExtension>
        </extensions>
      </trkpt>
      <trkpt lat="53.95833872258663177490234375" lon="-1.08025440014898777008056640625">
        <ele>20.3999996185302734375</ele>
        <time>2018-10-14T08:39:47.000Z</time>
        <extensions>
          <ns3:TrackPointExtension>
            <ns3:hr>154</ns3:hr>
            <ns3:cad>98</ns3:cad>
          </ns3:TrackPointExtension>
        </extensions>
      </trkpt>
      <trkpt lat="53.95842480473220348358154296875" lon="-1.08053527772426605224609375">
        <ele>21.799999237060546875</ele>
        <time>2018-10-14T08:39:53.000Z</time>
        <extensions>
          <ns3:TrackPointExtension>
            <ns3:hr>154</ns3:hr>
            <ns3:cad>97</ns3:cad>
          </ns3:TrackPointExtension>
        </extensions>
      </trkpt>
      <trkpt lat="53.9585655368864536285400390625" lon="-1.080742813646793365478515625">
        <ele>22.799999237060546875</ele>
        <time>2018-10-14T08:39:59.000Z</time>
        <extensions>
          <ns3:TrackPointExtension>
            <ns3:hr>156</ns3:hr>
            <ns3:cad>96</ns3:cad>
          </ns3:TrackPointExtension>
        </extensions>
      </trkpt>
      <trkpt lat="53.95872906781733036041259765625" lon="-1.08095646835863590240478515625">
        <ele>23.200000762939453125</ele>
        <time>2018-10-14T08:40:06.000Z</time>
        <extensions>
          <ns3:TrackPointExtension>
            <ns3:hr>157</ns3:hr>
            <ns3:cad>96</ns3:cad>
          </ns3:TrackPointExtension>
        </extensions>
      </trkpt>
      <trkpt lat="53.958898298442363739013671875" lon="-1.08113877475261688232421875">
        <ele>22.3999996185302734375</ele>
        <time>2018-10-14T08:40:12.000Z</time>
        <extensions>
          <ns3:TrackPointExtension>
            <ns3:hr>156</ns3:hr>
            <ns3:cad>98</ns3:cad>
          </ns3:TrackPointExtension>
        </extensions>
      </trkpt>
      <trkpt lat="53.959044478833675384521484375" lon="-1.081401295959949493408203125">
        <ele>21.799999237060546875</ele>
        <time>2018-10-14T08:40:18.000Z</time>
        <extensions>
          <ns3:TrackPointExtension>
            <ns3:hr>156</ns3:hr>
            <ns3:cad>98</ns3:cad>
          </ns3:TrackPointExtension>
        </extensions>
      </trkpt>
      <trkpt lat="53.9591961912810802459716796875" lon="-1.0815922357141971588134765625">
        <ele>21.200000762939453125</ele>
        <time>2018-10-14T08:40:23.000Z</time>
        <extensions>
          <ns3:TrackPointExtension>
            <ns3:hr>156</ns3:hr>
            <ns3:cad>99</ns3:cad>
          </ns3:TrackPointExtension>
        </extensions>
      </trkpt>
      <trkpt lat="53.9593390189111232757568359375" lon="-1.0817952454090118408203125">
        <ele>21</ele>
        <time>2018-10-14T08:40:28.000Z</time>
        <extensions>
          <ns3:TrackPointExtension>
            <ns3:hr>158</ns3:hr>
            <ns3:cad>98</ns3:cad>
          </ns3:TrackPointExtension>
        </extensions>
      </trkpt>
      <trkpt lat="53.95947187207639217376708984375" lon="-1.08203119598329067230224609375">
        <ele>21</ele>
        <time>2018-10-14T08:40:33.000Z</time>
        <extensions>
          <ns3:TrackPointExtension>
            <ns3:hr>158</ns3:hr>
            <ns3:cad>101</ns3:cad>
          </ns3:TrackPointExtension>
        </extensions>
      </trkpt>
      <trkpt lat="53.9595928229391574859619140625" lon="-1.08233495615422725677490234375">
        <ele>21</ele>
        <time>2018-10-14T08:40:39.000Z</time>
        <extensions>
          <ns3:TrackPointExtension>
            <ns3:hr>156</ns3:hr>
            <ns3:cad>100</ns3:cad>
          </ns3:TrackPointExtension>
        </extensions>
      </trkpt>
      <trkpt lat="53.9596669189631938934326171875" lon="-1.08262781985104084014892578125">
        <ele>21</ele>
        <time>2018-10-14T08:40:44.000Z</time>
        <extensions>
          <ns3:TrackPointExtension>
            <ns3:hr>158</ns3:hr>
            <ns3:cad>100</ns3:cad>
          </ns3:TrackPointExtension>
        </extensions>
      </trkpt>
      <trkpt lat="53.95972869358956813812255859375" lon="-1.082975752651691436767578125">
        <ele>21</ele>
        <time>2018-10-14T08:40:50.000Z</time>
        <extensions>
          <ns3:TrackPointExtension>
            <ns3:hr>160</ns3:hr>
            <ns3:cad>98</ns3:cad>
          </ns3:TrackPointExtension>
        </extensions>
      </trkpt>
      <trkpt lat="53.95979474298655986785888671875" lon="-1.0832583904266357421875">
        <ele>21</ele>
        <time>2018-10-14T08:40:55.000Z</time>
        <extensions>
          <ns3:TrackPointExtension>
            <ns3:hr>158</ns3:hr>
            <ns3:cad>98</ns3:cad>
          </ns3:TrackPointExtension>
        </extensions>
      </trkpt>
      <trkpt lat="53.95991024561226367950439453125" lon="-1.0835596360266208648681640625">
        <ele>21</ele>
        <time>2018-10-14T08:41:01.000Z</time>
        <extensions>
          <ns3:TrackPointExtension>
            <ns3:hr>157</ns3:hr>
            <ns3:cad>99</ns3:cad>
          </ns3:TrackPointExtension>
        </extensions>
      </trkpt>
      <trkpt lat="53.9600367285311222076416015625" lon="-1.08380229212343692779541015625">
        <ele>21</ele>
        <time>2018-10-14T08:41:06.000Z</time>
        <extensions>
          <ns3:TrackPointExtension>
            <ns3:hr>158</ns3:hr>
            <ns3:cad>99</ns3:cad>
          </ns3:TrackPointExtension>
        </extensions>
      </trkpt>
      <trkpt lat="53.960165642201900482177734375" lon="-1.08401485718786716461181640625">
        <ele>21</ele>
        <time>2018-10-14T08:41:11.000Z</time>
        <extensions>
          <ns3:TrackPointExtension>
            <ns3:hr>160</ns3:hr>
            <ns3:cad>99</ns3:cad>
          </ns3:TrackPointExtension>
        </extensions>
      </trkpt>
      <trkpt lat="53.96031358279287815093994140625" lon="-1.08427788130939006805419921875">
        <ele>20</ele>
        <time>2018-10-14T08:41:17.000Z</time>
        <extensions>
          <ns3:TrackPointExtension>
            <ns3:hr>158</ns3:hr>
            <ns3:cad>98</ns3:cad>
          </ns3:TrackPointExtension>
        </extensions>
      </trkpt>
      <trkpt lat="53.96046881563961505889892578125" lon="-1.0844357125461101531982421875">
        <ele>20</ele>
        <time>2018-10-14T08:41:22.000Z</time>
        <extensions>
          <ns3:TrackPointExtension>
            <ns3:hr>160</ns3:hr>
            <ns3:cad>98</ns3:cad>
          </ns3:TrackPointExtension>
        </extensions>
      </trkpt>
      <trkpt lat="53.9606626890599727630615234375" lon="-1.08454375527799129486083984375">
        <ele>20</ele>
        <time>2018-10-14T08:41:28.000Z</time>
        <extensions>
          <ns3:TrackPointExtension>
            <ns3:hr>161</ns3:hr>
            <ns3:cad>99</ns3:cad>
          </ns3:TrackPointExtension>
        </extensions>
      </trkpt>
      <trkpt lat="53.9608593285083770751953125" lon="-1.08458432368934154510498046875">
        <ele>21.200000762939453125</ele>
        <time>2018-10-14T08:41:34.000Z</time>
        <extensions>
          <ns3:TrackPointExtension>
            <ns3:hr>160</ns3:hr>
            <ns3:cad>97</ns3:cad>
          </ns3:TrackPointExtension>
        </extensions>
      </trkpt>
      <trkpt lat="53.96104238927364349365234375" lon="-1.08474374748766422271728515625">
        <ele>21.6000003814697265625</ele>
        <time>2018-10-14T08:41:40.000Z</time>
        <extensions>
          <ns3:TrackPointExtension>
            <ns3:hr>162</ns3:hr>
            <ns3:cad>97</ns3:cad>
          </ns3:TrackPointExtension>
        </extensions>
      </trkpt>
      <trkpt lat="53.96117356605827808380126953125" lon="-1.0848239623010158538818359375">
        <ele>21.799999237060546875</ele>
        <time>2018-10-14T08:41:44.000Z</time>
        <extensions>
          <ns3:TrackPointExtension>
            <ns3:hr>158</ns3:hr>
            <ns3:cad>98</ns3:cad>
          </ns3:TrackPointExtension>
        </extensions>
      </trkpt>
      <trkpt lat="53.96120340563356876373291015625" lon="-1.0848377086222171783447265625">
        <ele>21.799999237060546875</ele>
        <time>2018-10-14T08:41:45.000Z</time>
        <extensions>
          <ns3:TrackPointExtension>
            <ns3:hr>153</ns3:hr>
            <ns3:cad>98</ns3:cad>
          </ns3:TrackPointExtension>
        </extensions>
      </trkpt>
      <trkpt lat="53.961234502494335174560546875" lon="-1.0848491080105304718017578125">
        <ele>22</ele>
        <time>2018-10-14T08:41:46.000Z</time>
        <extensions>
          <ns3:TrackPointExtension>
            <ns3:hr>149</ns3:hr>
            <ns3:cad>97</ns3:cad>
          </ns3:TrackPointExtension>
        </extensions>
      </trkpt>
      <trkpt lat="53.96130331791937351226806640625" lon="-1.08485497534275054931640625">
        <ele>22</ele>
        <time>2018-10-14T08:41:47.000Z</time>
        <extensions>
          <ns3:TrackPointExtension>
            <ns3:hr>136</ns3:hr>
            <ns3:cad>97</ns3:cad>
          </ns3:TrackPointExtension>
        </extensions>
      </trkpt>
      <trkpt lat="53.96130331791937351226806640625" lon="-1.08485497534275054931640625">
        <ele>22</ele>
        <time>2018-10-14T08:41:48.000Z</time>
        <extensions>
          <ns3:TrackPointExtension>
            <ns3:hr>133</ns3:hr>
            <ns3:cad>98</ns3:cad>
          </ns3:TrackPointExtension>
        </extensions>
      </trkpt>
      <trkpt lat="53.96134422160685062408447265625" lon="-1.08484265394508838653564453125">
        <ele>22</ele>
        <time>2018-10-14T08:41:49.000Z</time>
        <extensions>
          <ns3:TrackPointExtension>
            <ns3:hr>133</ns3:hr>
            <ns3:cad>98</ns3:cad>
          </ns3:TrackPointExtension>
        </extensions>
      </trkpt>
      <trkpt lat="53.9615320600569248199462890625" lon="-1.08472329564392566680908203125">
        <ele>22</ele>
        <time>2018-10-14T08:41:55.000Z</time>
        <extensions>
          <ns3:TrackPointExtension>
            <ns3:hr>133</ns3:hr>
            <ns3:cad>98</ns3:cad>
          </ns3:TrackPointExtension>
        </extensions>
      </trkpt>
      <trkpt lat="53.9616765640676021575927734375" lon="-1.08450134284794330596923828125">
        <ele>22.6000003814697265625</ele>
        <time>2018-10-14T08:42:00.000Z</time>
        <extensions>
          <ns3:TrackPointExtension>
            <ns3:hr>135</ns3:hr>
            <ns3:cad>99</ns3:cad>
          </ns3:TrackPointExtension>
        </extensions>
      </trkpt>
      <trkpt lat="53.9617912285029888153076171875" lon="-1.0842623747885227203369140625">
        <ele>23.200000762939453125</ele>
        <time>2018-10-14T08:42:05.000Z</time>
        <extensions>
          <ns3:TrackPointExtension>
            <ns3:hr>138</ns3:hr>
            <ns3:cad>99</ns3:cad>
          </ns3:TrackPointExtension>
        </extensions>
      </trkpt>
      <trkpt lat="53.9618639834225177764892578125" lon="-1.0841269232332706451416015625">
        <ele>23.799999237060546875</ele>
        <time>2018-10-14T08:42:08.000Z</time>
        <extensions>
          <ns3:TrackPointExtension>
            <ns3:hr>141</ns3:hr>
            <ns3:cad>99</ns3:cad>
          </ns3:TrackPointExtension>
        </extensions>
      </trkpt>
      <trkpt lat="53.96199113689363002777099609375" lon="-1.08395098708570003509521484375">
        <ele>24.3999996185302734375</ele>
        <time>2018-10-14T08:42:12.000Z</time>
        <extensions>
          <ns3:TrackPointExtension>
            <ns3:hr>144</ns3:hr>
            <ns3:cad>99</ns3:cad>
          </ns3:TrackPointExtension>
        </extensions>
      </trkpt>
      <trkpt lat="53.962099514901638031005859375" lon="-1.0838238336145877838134765625">
        <ele>24.6000003814697265625</ele>
        <time>2018-10-14T08:42:15.000Z</time>
        <extensions>
          <ns3:TrackPointExtension>
            <ns3:hr>148</ns3:hr>
            <ns3:cad>99</ns3:cad>
          </ns3:TrackPointExtension>
        </extensions>
      </trkpt>
      <trkpt lat="53.96212608553469181060791015625" lon="-1.083571873605251312255859375">
        <ele>24.3999996185302734375</ele>
        <time>2018-10-14T08:42:19.000Z</time>
        <extensions>
          <ns3:TrackPointExtension>
            <ns3:hr>152</ns3:hr>
            <ns3:cad>100</ns3:cad>
          </ns3:TrackPointExtension>
        </extensions>
      </trkpt>
      <trkpt lat="53.96207763813436031341552734375" lon="-1.08322712592780590057373046875">
        <ele>25</ele>
        <time>2018-10-14T08:42:24.000Z</time>
        <extensions>
          <ns3:TrackPointExtension>
            <ns3:hr>152</ns3:hr>
            <ns3:cad>100</ns3:cad>
          </ns3:TrackPointExtension>
        </extensions>
      </trkpt>
      <trkpt lat="53.9620363153517246246337890625" lon="-1.08289486728608608245849609375">
        <ele>24.799999237060546875</ele>
        <time>2018-10-14T08:42:29.000Z</time>
        <extensions>
          <ns3:TrackPointExtension>
            <ns3:hr>153</ns3:hr>
            <ns3:cad>100</ns3:cad>
          </ns3:TrackPointExtension>
        </extensions>
      </trkpt>
      <trkpt lat="53.96195702254772186279296875" lon="-1.082560680806636810302734375">
        <ele>24.799999237060546875</ele>
        <time>2018-10-14T08:42:35.000Z</time>
        <extensions>
          <ns3:TrackPointExtension>
            <ns3:hr>154</ns3:hr>
            <ns3:cad>99</ns3:cad>
          </ns3:TrackPointExtension>
        </extensions>
      </trkpt>
      <trkpt lat="53.9618877880275249481201171875" lon="-1.082254908978939056396484375">
        <ele>25.799999237060546875</ele>
        <time>2018-10-14T08:42:40.000Z</time>
        <extensions>
          <ns3:TrackPointExtension>
            <ns3:hr>154</ns3:hr>
            <ns3:cad>100</ns3:cad>
          </ns3:TrackPointExtension>
        </extensions>
      </trkpt>
      <trkpt lat="53.9618388377130031585693359375" lon="-1.08190731145441532135009765625">
        <ele>26.3999996185302734375</ele>
        <time>2018-10-14T08:42:46.000Z</time>
        <extensions>
          <ns3:TrackPointExtension>
            <ns3:hr>153</ns3:hr>
            <ns3:cad>98</ns3:cad>
          </ns3:TrackPointExtension>
        </extensions>
      </trkpt>
      <trkpt lat="53.96182400174438953399658203125" lon="-1.0816666670143604278564453125">
        <ele>26</ele>
        <time>2018-10-14T08:42:50.000Z</time>
        <extensions>
          <ns3:TrackPointExtension>
            <ns3:hr>156</ns3:hr>
            <ns3:cad>98</ns3:cad>
          </ns3:TrackPointExtension>
        </extensions>
      </trkpt>
      <trkpt lat="53.961795084178447723388671875" lon="-1.08135980553925037384033203125">
        <ele>24.3999996185302734375</ele>
        <time>2018-10-14T08:42:55.000Z</time>
        <extensions>
          <ns3:TrackPointExtension>
            <ns3:hr>156</ns3:hr>
            <ns3:cad>99</ns3:cad>
          </ns3:TrackPointExtension>
        </extensions>
      </trkpt>
      <trkpt lat="53.961744122207164764404296875" lon="-1.08100340701639652252197265625">
        <ele>22.6000003814697265625</ele>
        <time>2018-10-14T08:43:01.000Z</time>
        <extensions>
          <ns3:TrackPointExtension>
            <ns3:hr>155</ns3:hr>
            <ns3:cad>99</ns3:cad>
          </ns3:TrackPointExtension>
        </extensions>
      </trkpt>
      <trkpt lat="53.9617768116295337677001953125" lon="-1.0806993953883647918701171875">
        <ele>22</ele>
        <time>2018-10-14T08:43:06.000Z</time>
        <extensions>
          <ns3:TrackPointExtension>
            <ns3:hr>153</ns3:hr>
            <ns3:cad>99</ns3:cad>
          </ns3:TrackPointExtension>
        </extensions>
      </trkpt>
      <trkpt lat="53.9618794061243534088134765625" lon="-1.08044517226517200469970703125">
        <ele>21</ele>
        <time>2018-10-14T08:43:11.000Z</time>
        <extensions>
          <ns3:TrackPointExtension>
            <ns3:hr>154</ns3:hr>
            <ns3:cad>98</ns3:cad>
          </ns3:TrackPointExtension>
        </extensions>
      </trkpt>
      <trkpt lat="53.96197973750531673431396484375" lon="-1.08013537712395191192626953125">
        <ele>19.6000003814697265625</ele>
        <time>2018-10-14T08:43:17.000Z</time>
        <extensions>
          <ns3:TrackPointExtension>
            <ns3:hr>155</ns3:hr>
            <ns3:cad>100</ns3:cad>
          </ns3:TrackPointExtension>
        </extensions>
      </trkpt>
      <trkpt lat="53.9620453678071498870849609375" lon="-1.07984486036002635955810546875">
        <ele>18.200000762939453125</ele>
        <time>2018-10-14T08:43:22.000Z</time>
        <extensions>
          <ns3:TrackPointExtension>
            <ns3:hr>155</ns3:hr>
            <ns3:cad>99</ns3:cad>
          </ns3:TrackPointExtension>
        </extensions>
      </trkpt>
      <trkpt lat="53.962127678096294403076171875" lon="-1.07951209880411624908447265625">
        <ele>17.799999237060546875</ele>
        <time>2018-10-14T08:43:28.000Z</time>
        <extensions>
          <ns3:TrackPointExtension>
            <ns3:hr>155</ns3:hr>
            <ns3:cad>99</ns3:cad>
          </ns3:TrackPointExtension>
        </extensions>
      </trkpt>
      <trkpt lat="53.96224267780780792236328125" lon="-1.07921571470797061920166015625">
        <ele>17.799999237060546875</ele>
        <time>2018-10-14T08:43:34.000Z</time>
        <extensions>
          <ns3:TrackPointExtension>
            <ns3:hr>157</ns3:hr>
            <ns3:cad>100</ns3:cad>
          </ns3:TrackPointExtension>
        </extensions>
      </trkpt>
      <trkpt lat="53.96240017376840114593505859375" lon="-1.0789804346859455108642578125">
        <ele>18.200000762939453125</ele>
        <time>2018-10-14T08:43:40.000Z</time>
        <extensions>
          <ns3:TrackPointExtension>
            <ns3:hr>154</ns3:hr>
            <ns3:cad>100</ns3:cad>
          </ns3:TrackPointExtension>
        </extensions>
      </trkpt>
      <trkpt lat="53.96243177354335784912109375" lon="-1.07894849963486194610595703125">
        <ele>18.3999996185302734375</ele>
        <time>2018-10-14T08:43:41.000Z</time>
        <extensions>
          <ns3:TrackPointExtension>
            <ns3:hr>151</ns3:hr>
            <ns3:cad>100</ns3:cad>
          </ns3:TrackPointExtension>
        </extensions>
      </trkpt>
      <trkpt lat="53.9624775387346744537353515625" lon="-1.07888949103653430938720703125">
        <ele>18.6000003814697265625</ele>
        <time>2018-10-14T08:43:43.000Z</time>
        <extensions>
          <ns3:TrackPointExtension>
            <ns3:hr>146</ns3:hr>
            <ns3:cad>100</ns3:cad>
          </ns3:TrackPointExtension>
        </extensions>
      </trkpt>
      <trkpt lat="53.96258356980979442596435546875" lon="-1.07876862399280071258544921875">
        <ele>19</ele>
        <time>2018-10-14T08:43:47.000Z</time>
        <extensions>
          <ns3:TrackPointExtension>
            <ns3:hr>143</ns3:hr>
            <ns3:cad>99</ns3:cad>
          </ns3:TrackPointExtension>
        </extensions>
      </trkpt>
      <trkpt lat="53.9627437479794025421142578125" lon="-1.07861322350800037384033203125">
        <ele>18.6000003814697265625</ele>
        <time>2018-10-14T08:43:53.000Z</time>
        <extensions>
          <ns3:TrackPointExtension>
            <ns3:hr>141</ns3:hr>
            <ns3:cad>100</ns3:cad>
          </ns3:TrackPointExtension>
        </extensions>
      </trkpt>
      <trkpt lat="53.96292789839208126068115234375" lon="-1.07842261902987957000732421875">
        <ele>17.6000003814697265625</ele>
        <time>2018-10-14T08:43:59.000Z</time>
        <extensions>
          <ns3:TrackPointExtension>
            <ns3:hr>143</ns3:hr>
            <ns3:cad>100</ns3:cad>
          </ns3:TrackPointExtension>
        </extensions>
      </trkpt>
      <trkpt lat="53.96307994611561298370361328125" lon="-1.07825129292905330657958984375">
        <ele>16.6000003814697265625</ele>
        <time>2018-10-14T08:44:04.000Z</time>
        <extensions>
          <ns3:TrackPointExtension>
            <ns3:hr>143</ns3:hr>
            <ns3:cad>100</ns3:cad>
          </ns3:TrackPointExtension>
        </extensions>
      </trkpt>
      <trkpt lat="53.96321489475667476654052734375" lon="-1.07805901207029819488525390625">
        <ele>16.200000762939453125</ele>
        <time>2018-10-14T08:44:08.000Z</time>
        <extensions>
          <ns3:TrackPointExtension>
            <ns3:hr>146</ns3:hr>
            <ns3:cad>100</ns3:cad>
          </ns3:TrackPointExtension>
        </extensions>
      </trkpt>
      <trkpt lat="53.96333307959139347076416015625" lon="-1.07779799960553646087646484375">
        <ele>16.6000003814697265625</ele>
        <time>2018-10-14T08:44:13.000Z</time>
        <extensions>
          <ns3:TrackPointExtension>
            <ns3:hr>148</ns3:hr>
            <ns3:cad>99</ns3:cad>
          </ns3:TrackPointExtension>
        </extensions>
      </trkpt>
      <trkpt lat="53.96335336379706859588623046875" lon="-1.0777469538152217864990234375">
        <ele>16.6000003814697265625</ele>
        <time>2018-10-14T08:44:14.000Z</time>
        <extensions>
          <ns3:TrackPointExtension>
            <ns3:hr>147</ns3:hr>
            <ns3:cad>99</ns3:cad>
          </ns3:TrackPointExtension>
        </extensions>
      </trkpt>
      <trkpt lat="53.96345637738704681396484375" lon="-1.07749289833009243011474609375">
        <ele>17</ele>
        <time>2018-10-14T08:44:19.000Z</time>
        <extensions>
          <ns3:TrackPointExtension>
            <ns3:hr>147</ns3:hr>
            <ns3:cad>100</ns3:cad>
          </ns3:TrackPointExtension>
        </extensions>
      </trkpt>
      <trkpt lat="53.96355821751058101654052734375" lon="-1.0772316344082355499267578125">
        <ele>16.3999996185302734375</ele>
        <time>2018-10-14T08:44:24.000Z</time>
        <extensions>
          <ns3:TrackPointExtension>
            <ns3:hr>148</ns3:hr>
            <ns3:cad>99</ns3:cad>
          </ns3:TrackPointExtension>
        </extensions>
      </trkpt>
      <trkpt lat="53.96364547312259674072265625" lon="-1.076963245868682861328125">
        <ele>16</ele>
        <time>2018-10-14T08:44:29.000Z</time>
        <extensions>
          <ns3:TrackPointExtension>
            <ns3:hr>148</ns3:hr>
            <ns3:cad>99</ns3:cad>
          </ns3:TrackPointExtension>
        </extensions>
      </trkpt>
      <trkpt lat="53.96375066600739955902099609375" lon="-1.076714135706424713134765625">
        <ele>16</ele>
        <time>2018-10-14T08:44:34.000Z</time>
        <extensions>
          <ns3:TrackPointExtension>
            <ns3:hr>150</ns3:hr>
            <ns3:cad>100</ns3:cad>
          </ns3:TrackPointExtension>
        </extensions>
      </trkpt>
      <trkpt lat="53.96387438289821147918701171875" lon="-1.07643258757889270782470703125">
        <ele>16.3999996185302734375</ele>
        <time>2018-10-14T08:44:40.000Z</time>
        <extensions>
          <ns3:TrackPointExtension>
            <ns3:hr>152</ns3:hr>
            <ns3:cad>99</ns3:cad>
          </ns3:TrackPointExtension>
        </extensions>
      </trkpt>
      <trkpt lat="53.96401100791990756988525390625" lon="-1.07615682296454906463623046875">
        <ele>17</ele>
        <time>2018-10-14T08:44:46.000Z</time>
        <extensions>
          <ns3:TrackPointExtension>
            <ns3:hr>153</ns3:hr>
            <ns3:cad>99</ns3:cad>
          </ns3:TrackPointExtension>
        </extensions>
      </trkpt>
      <trkpt lat="53.9641579426825046539306640625" lon="-1.0758888535201549530029296875">
        <ele>16.200000762939453125</ele>
        <time>2018-10-14T08:44:52.000Z</time>
        <extensions>
          <ns3:TrackPointExtension>
            <ns3:hr>154</ns3:hr>
            <ns3:cad>100</ns3:cad>
          </ns3:TrackPointExtension>
        </extensions>
      </trkpt>
      <trkpt lat="53.96429565735161304473876953125" lon="-1.07560596428811550140380859375">
        <ele>14.6000003814697265625</ele>
        <time>2018-10-14T08:44:58.000Z</time>
        <extensions>
          <ns3:TrackPointExtension>
            <ns3:hr>152</ns3:hr>
            <ns3:cad>100</ns3:cad>
          </ns3:TrackPointExtension>
        </extensions>
      </trkpt>
      <trkpt lat="53.9644194580614566802978515625" lon="-1.0753674991428852081298828125">
        <ele>14</ele>
        <time>2018-10-14T08:45:03.000Z</time>
        <extensions>
          <ns3:TrackPointExtension>
            <ns3:hr>151</ns3:hr>
            <ns3:cad>101</ns3:cad>
          </ns3:TrackPointExtension>
        </extensions>
      </trkpt>
      <trkpt lat="53.9645408280193805694580078125" lon="-1.0751326382160186767578125">
        <ele>14</ele>
        <time>2018-10-14T08:45:08.000Z</time>
        <extensions>
          <ns3:TrackPointExtension>
            <ns3:hr>150</ns3:hr>
            <ns3:cad>100</ns3:cad>
          </ns3:TrackPointExtension>
        </extensions>
      </trkpt>
      <trkpt lat="53.96468139253556728363037109375" lon="-1.0748987831175327301025390625">
        <ele>13.6000003814697265625</ele>
        <time>2018-10-14T08:45:13.000Z</time>
        <extensions>
          <ns3:TrackPointExtension>
            <ns3:hr>150</ns3:hr>
            <ns3:cad>100</ns3:cad>
          </ns3:TrackPointExtension>
        </extensions>
      </trkpt>
      <trkpt lat="53.9648023433983325958251953125" lon="-1.0746493376791477203369140625">
        <ele>13.19999980926513671875</ele>
        <time>2018-10-14T08:45:18.000Z</time>
        <extensions>
          <ns3:TrackPointExtension>
            <ns3:hr>153</ns3:hr>
            <ns3:cad>100</ns3:cad>
          </ns3:TrackPointExtension>
        </extensions>
      </trkpt>
      <trkpt lat="53.9649421535432338714599609375" lon="-1.07443283312022686004638671875">
        <ele>12</ele>
        <time>2018-10-14T08:45:23.000Z</time>
        <extensions>
          <ns3:TrackPointExtension>
            <ns3:hr>151</ns3:hr>
            <ns3:cad>99</ns3:cad>
          </ns3:TrackPointExtension>
        </extensions>
      </trkpt>
      <trkpt lat="53.965053297579288482666015625" lon="-1.07418992556631565093994140625">
        <ele>10.80000019073486328125</ele>
        <time>2018-10-14T08:45:28.000Z</time>
        <extensions>
          <ns3:TrackPointExtension>
            <ns3:hr>150</ns3:hr>
            <ns3:cad>99</ns3:cad>
          </ns3:TrackPointExtension>
        </extensions>
      </trkpt>
      <trkpt lat="53.96510166116058826446533203125" lon="-1.0738701559603214263916015625">
        <ele>10</ele>
        <time>2018-10-14T08:45:33.000Z</time>
        <extensions>
          <ns3:TrackPointExtension>
            <ns3:hr>151</ns3:hr>
            <ns3:cad>99</ns3:cad>
          </ns3:TrackPointExtension>
        </extensions>
      </trkpt>
      <trkpt lat="53.96516888402402400970458984375" lon="-1.07353094033896923065185546875">
        <ele>10.19999980926513671875</ele>
        <time>2018-10-14T08:45:39.000Z</time>
        <extensions>
          <ns3:TrackPointExtension>
            <ns3:hr>149</ns3:hr>
            <ns3:cad>99</ns3:cad>
          </ns3:TrackPointExtension>
        </extensions>
      </trkpt>
      <trkpt lat="53.96524004638195037841796875" lon="-1.07323137111961841583251953125">
        <ele>10.80000019073486328125</ele>
        <time>2018-10-14T08:45:45.000Z</time>
        <extensions>
          <ns3:TrackPointExtension>
            <ns3:hr>149</ns3:hr>
            <ns3:cad>98</ns3:cad>
          </ns3:TrackPointExtension>
        </extensions>
      </trkpt>
      <trkpt lat="53.96532160229980945587158203125" lon="-1.07290447689592838287353515625">
        <ele>11.6000003814697265625</ele>
        <time>2018-10-14T08:45:51.000Z</time>
        <extensions>
          <ns3:TrackPointExtension>
            <ns3:hr>151</ns3:hr>
            <ns3:cad>99</ns3:cad>
          </ns3:TrackPointExtension>
        </extensions>
      </trkpt>
      <trkpt lat="53.96539133973419666290283203125" lon="-1.07256417162716388702392578125">
        <ele>12</ele>
        <time>2018-10-14T08:45:57.000Z</time>
        <extensions>
          <ns3:TrackPointExtension>
            <ns3:hr>149</ns3:hr>
            <ns3:cad>99</ns3:cad>
          </ns3:TrackPointExtension>
        </extensions>
      </trkpt>
      <trkpt lat="53.9654557965695858001708984375" lon="-1.0722720623016357421875">
        <ele>12</ele>
        <time>2018-10-14T08:46:02.000Z</time>
        <extensions>
          <ns3:TrackPointExtension>
            <ns3:hr>149</ns3:hr>
            <ns3:cad>100</ns3:cad>
          </ns3:TrackPointExtension>
        </extensions>
      </trkpt>
      <trkpt lat="53.96553249098360538482666015625" lon="-1.07198062352836132049560546875">
        <ele>12</ele>
        <time>2018-10-14T08:46:07.000Z</time>
        <extensions>
          <ns3:TrackPointExtension>
            <ns3:hr>148</ns3:hr>
            <ns3:cad>100</ns3:cad>
          </ns3:TrackPointExtension>
        </extensions>
      </trkpt>
      <trkpt lat="53.965600468218326568603515625" lon="-1.07168708927929401397705078125">
        <ele>12</ele>
        <time>2018-10-14T08:46:12.000Z</time>
        <extensions>
          <ns3:TrackPointExtension>
            <ns3:hr>150</ns3:hr>
            <ns3:cad>100</ns3:cad>
          </ns3:TrackPointExtension>
        </extensions>
      </trkpt>
      <trkpt lat="53.965666182339191436767578125" lon="-1.071354411542415618896484375">
        <ele>12.6000003814697265625</ele>
        <time>2018-10-14T08:46:18.000Z</time>
        <extensions>
          <ns3:TrackPointExtension>
            <ns3:hr>151</ns3:hr>
            <ns3:cad>99</ns3:cad>
          </ns3:TrackPointExtension>
        </extensions>
      </trkpt>
      <trkpt lat="53.9657491631805896759033203125" lon="-1.07104252092540264129638671875">
        <ele>13.3999996185302734375</ele>
        <time>2018-10-14T08:46:24.000Z</time>
        <extensions>
          <ns3:TrackPointExtension>
            <ns3:hr>151</ns3:hr>
            <ns3:cad>99</ns3:cad>
          </ns3:TrackPointExtension>
        </extensions>
      </trkpt>
      <trkpt lat="53.96583608351647853851318359375" lon="-1.0707225836813449859619140625">
        <ele>13.3999996185302734375</ele>
        <time>2018-10-14T08:46:30.000Z</time>
        <extensions>
          <ns3:TrackPointExtension>
            <ns3:hr>153</ns3:hr>
            <ns3:cad>98</ns3:cad>
          </ns3:TrackPointExtension>
        </extensions>
      </trkpt>
      <trkpt lat="53.96590129472315311431884765625" lon="-1.07039158232510089874267578125">
        <ele>13.6000003814697265625</ele>
        <time>2018-10-14T08:46:36.000Z</time>
        <extensions>
          <ns3:TrackPointExtension>
            <ns3:hr>153</ns3:hr>
            <ns3:cad>99</ns3:cad>
          </ns3:TrackPointExtension>
        </extensions>
      </trkpt>
      <trkpt lat="53.96600606851279735565185546875" lon="-1.07008078135550022125244140625">
        <ele>14.19999980926513671875</ele>
        <time>2018-10-14T08:46:42.000Z</time>
        <extensions>
          <ns3:TrackPointExtension>
            <ns3:hr>154</ns3:hr>
            <ns3:cad>98</ns3:cad>
          </ns3:TrackPointExtension>
        </extensions>
      </trkpt>
      <trkpt lat="53.9661122672259807586669921875" lon="-1.06977048330008983612060546875">
        <ele>14.80000019073486328125</ele>
        <time>2018-10-14T08:46:48.000Z</time>
        <extensions>
          <ns3:TrackPointExtension>
            <ns3:hr>154</ns3:hr>
            <ns3:cad>99</ns3:cad>
          </ns3:TrackPointExtension>
        </extensions>
      </trkpt>
      <trkpt lat="53.96621444262564182281494140625" lon="-1.0694689862430095672607421875">
        <ele>15</ele>
        <time>2018-10-14T08:46:54.000Z</time>
        <extensions>
          <ns3:TrackPointExtension>
            <ns3:hr>154</ns3:hr>
            <ns3:cad>98</ns3:cad>
          </ns3:TrackPointExtension>
        </extensions>
      </trkpt>
      <trkpt lat="53.96629859693348407745361328125" lon="-1.06916346587240695953369140625">
        <ele>14.6000003814697265625</ele>
        <time>2018-10-14T08:47:00.000Z</time>
        <extensions>
          <ns3:TrackPointExtension>
            <ns3:hr>153</ns3:hr>
            <ns3:cad>98</ns3:cad>
          </ns3:TrackPointExtension>
        </extensions>
      </trkpt>
      <trkpt lat="53.96638191305100917816162109375" lon="-1.06884755194187164306640625">
        <ele>14</ele>
        <time>2018-10-14T08:47:06.000Z</time>
        <extensions>
          <ns3:TrackPointExtension>
            <ns3:hr>155</ns3:hr>
            <ns3:cad>99</ns3:cad>
          </ns3:TrackPointExtension>
        </extensions>
      </trkpt>
      <trkpt lat="53.96646137349307537078857421875" lon="-1.0685397684574127197265625">
        <ele>14</ele>
        <time>2018-10-14T08:47:12.000Z</time>
        <extensions>
          <ns3:TrackPointExtension>
            <ns3:hr>155</ns3:hr>
            <ns3:cad>99</ns3:cad>
          </ns3:TrackPointExtension>
        </extensions>
      </trkpt>
      <trkpt lat="53.96653555333614349365234375" lon="-1.06823089532554149627685546875">
        <ele>14</ele>
        <time>2018-10-14T08:47:18.000Z</time>
        <extensions>
          <ns3:TrackPointExtension>
            <ns3:hr>155</ns3:hr>
            <ns3:cad>98</ns3:cad>
          </ns3:TrackPointExtension>
        </extensions>
      </trkpt>
      <trkpt lat="53.966582156717777252197265625" lon="-1.0680125467479228973388671875">
        <ele>14</ele>
        <time>2018-10-14T08:47:22.000Z</time>
        <extensions>
          <ns3:TrackPointExtension>
            <ns3:hr>158</ns3:hr>
            <ns3:cad>97</ns3:cad>
          </ns3:TrackPointExtension>
        </extensions>
      </trkpt>
      <trkpt lat="53.96666103042662143707275390625" lon="-1.067738793790340423583984375">
        <ele>15</ele>
        <time>2018-10-14T08:47:27.000Z</time>
        <extensions>
          <ns3:TrackPointExtension>
            <ns3:hr>157</ns3:hr>
            <ns3:cad>99</ns3:cad>
          </ns3:TrackPointExtension>
        </extensions>
      </trkpt>
      <trkpt lat="53.9667328633368015289306640625" lon="-1.06741902418434619903564453125">
        <ele>16</ele>
        <time>2018-10-14T08:47:33.000Z</time>
        <extensions>
          <ns3:TrackPointExtension>
            <ns3:hr>156</ns3:hr>
            <ns3:cad>99</ns3:cad>
          </ns3:TrackPointExtension>
        </extensions>
      </trkpt>
      <trkpt lat="53.96679170429706573486328125" lon="-1.06721433810889720916748046875">
        <ele>16</ele>
        <time>2018-10-14T08:47:37.000Z</time>
        <extensions>
          <ns3:TrackPointExtension>
            <ns3:hr>153</ns3:hr>
            <ns3:cad>98</ns3:cad>
          </ns3:TrackPointExtension>
        </extensions>
      </trkpt>
      <trkpt lat="53.9668071269989013671875" lon="-1.0671626217663288116455078125">
        <ele>16</ele>
        <time>2018-10-14T08:47:38.000Z</time>
        <extensions>
          <ns3:TrackPointExtension>
            <ns3:hr>153</ns3:hr>
            <ns3:cad>98</ns3:cad>
          </ns3:TrackPointExtension>
        </extensions>
      </trkpt>
      <trkpt lat="53.9669025130569934844970703125" lon="-1.06685944832861423492431640625">
        <ele>15.6000003814697265625</ele>
        <time>2018-10-14T08:47:44.000Z</time>
        <extensions>
          <ns3:TrackPointExtension>
            <ns3:hr>152</ns3:hr>
            <ns3:cad>99</ns3:cad>
          </ns3:TrackPointExtension>
        </extensions>
      </trkpt>
      <trkpt lat="53.96700359880924224853515625" lon="-1.0665406845510005950927734375">
        <ele>15.19999980926513671875</ele>
        <time>2018-10-14T08:47:50.000Z</time>
        <extensions>
          <ns3:TrackPointExtension>
            <ns3:hr>152</ns3:hr>
            <ns3:cad>99</ns3:cad>
          </ns3:TrackPointExtension>
        </extensions>
      </trkpt>
      <trkpt lat="53.96710476838052272796630859375" lon="-1.0662228427827358245849609375">
        <ele>15.80000019073486328125</ele>
        <time>2018-10-14T08:47:56.000Z</time>
        <extensions>
          <ns3:TrackPointExtension>
            <ns3:hr>153</ns3:hr>
            <ns3:cad>99</ns3:cad>
          </ns3:TrackPointExtension>
        </extensions>
      </trkpt>
      <trkpt lat="53.9671831391751766204833984375" lon="-1.06589972041547298431396484375">
        <ele>16</ele>
        <time>2018-10-14T08:48:02.000Z</time>
        <extensions>
          <ns3:TrackPointExtension>
            <ns3:hr>154</ns3:hr>
            <ns3:cad>99</ns3:cad>
          </ns3:TrackPointExtension>
        </extensions>
      </trkpt>
      <trkpt lat="53.9672672934830188751220703125" lon="-1.06556260026991367340087890625">
        <ele>16.3999996185302734375</ele>
        <time>2018-10-14T08:48:08.000Z</time>
        <extensions>
          <ns3:TrackPointExtension>
            <ns3:hr>154</ns3:hr>
            <ns3:cad>99</ns3:cad>
          </ns3:TrackPointExtension>
        </extensions>
      </trkpt>
      <trkpt lat="53.96734147332608699798583984375" lon="-1.06521584093570709228515625">
        <ele>16.799999237060546875</ele>
        <time>2018-10-14T08:48:14.000Z</time>
        <extensions>
          <ns3:TrackPointExtension>
            <ns3:hr>155</ns3:hr>
            <ns3:cad>99</ns3:cad>
          </ns3:TrackPointExtension>
        </extensions>
      </trkpt>
      <trkpt lat="53.96740467287600040435791015625" lon="-1.0649202950298786163330078125">
        <ele>16.799999237060546875</ele>
        <time>2018-10-14T08:48:19.000Z</time>
        <extensions>
          <ns3:TrackPointExtension>
            <ns3:hr>154</ns3:hr>
            <ns3:cad>99</ns3:cad>
          </ns3:TrackPointExtension>
        </extensions>
      </trkpt>
      <trkpt lat="53.96748782135546207427978515625" lon="-1.06463774107396602630615234375">
        <ele>16.200000762939453125</ele>
        <time>2018-10-14T08:48:24.000Z</time>
        <extensions>
          <ns3:TrackPointExtension>
            <ns3:hr>152</ns3:hr>
            <ns3:cad>99</ns3:cad>
          </ns3:TrackPointExtension>
        </extensions>
      </trkpt>
      <trkpt lat="53.96755822934210300445556640625" lon="-1.06429542414844036102294921875">
        <ele>16</ele>
        <time>2018-10-14T08:48:30.000Z</time>
        <extensions>
          <ns3:TrackPointExtension>
            <ns3:hr>154</ns3:hr>
            <ns3:cad>100</ns3:cad>
          </ns3:TrackPointExtension>
        </extensions>
      </trkpt>
      <trkpt lat="53.96763400174677371978759765625" lon="-1.064013540744781494140625">
        <ele>16.200000762939453125</ele>
        <time>2018-10-14T08:48:35.000Z</time>
        <extensions>
          <ns3:TrackPointExtension>
            <ns3:hr>154</ns3:hr>
            <ns3:cad>98</ns3:cad>
          </ns3:TrackPointExtension>
        </extensions>
      </trkpt>
      <trkpt lat="53.96773223765194416046142578125" lon="-1.0636911727488040924072265625">
        <ele>16.799999237060546875</ele>
        <time>2018-10-14T08:48:41.000Z</time>
        <extensions>
          <ns3:TrackPointExtension>
            <ns3:hr>154</ns3:hr>
            <ns3:cad>99</ns3:cad>
          </ns3:TrackPointExtension>
        </extensions>
      </trkpt>
      <trkpt lat="53.96777884103357791900634765625" lon="-1.063534431159496307373046875">
        <ele>16.3999996185302734375</ele>
        <time>2018-10-14T08:48:44.000Z</time>
        <extensions>
          <ns3:TrackPointExtension>
            <ns3:hr>157</ns3:hr>
            <ns3:cad>99</ns3:cad>
          </ns3:TrackPointExtension>
        </extensions>
      </trkpt>
      <trkpt lat="53.9678815193474292755126953125" lon="-1.063214577734470367431640625">
        <ele>16</ele>
        <time>2018-10-14T08:48:50.000Z</time>
        <extensions>
          <ns3:TrackPointExtension>
            <ns3:hr>157</ns3:hr>
            <ns3:cad>99</ns3:cad>
          </ns3:TrackPointExtension>
        </extensions>
      </trkpt>
      <trkpt lat="53.96794849075376987457275390625" lon="-1.0629247315227985382080078125">
        <ele>15.19999980926513671875</ele>
        <time>2018-10-14T08:48:55.000Z</time>
        <extensions>
          <ns3:TrackPointExtension>
            <ns3:hr>156</ns3:hr>
            <ns3:cad>101</ns3:cad>
          </ns3:TrackPointExtension>
        </extensions>
      </trkpt>
      <trkpt lat="53.968069441616535186767578125" lon="-1.0626424290239810943603515625">
        <ele>15.6000003814697265625</ele>
        <time>2018-10-14T08:49:01.000Z</time>
        <extensions>
          <ns3:TrackPointExtension>
            <ns3:hr>155</ns3:hr>
            <ns3:cad>100</ns3:cad>
          </ns3:TrackPointExtension>
        </extensions>
      </trkpt>
      <trkpt lat="53.96816004998981952667236328125" lon="-1.06247789226472377777099609375">
        <ele>16</ele>
        <time>2018-10-14T08:49:05.000Z</time>
        <extensions>
          <ns3:TrackPointExtension>
            <ns3:hr>152</ns3:hr>
            <ns3:cad>99</ns3:cad>
          </ns3:TrackPointExtension>
        </extensions>
      </trkpt>
      <trkpt lat="53.9683032967150211334228515625" lon="-1.062228195369243621826171875">
        <ele>15.80000019073486328125</ele>
        <time>2018-10-14T08:49:11.000Z</time>
        <extensions>
          <ns3:TrackPointExtension>
            <ns3:hr>153</ns3:hr>
            <ns3:cad>99</ns3:cad>
          </ns3:TrackPointExtension>
        </extensions>
      </trkpt>
      <trkpt lat="53.96843698807060718536376953125" lon="-1.06197682209312915802001953125">
        <ele>15.3999996185302734375</ele>
        <time>2018-10-14T08:49:17.000Z</time>
        <extensions>
          <ns3:TrackPointExtension>
            <ns3:hr>154</ns3:hr>
            <ns3:cad>99</ns3:cad>
          </ns3:TrackPointExtension>
        </extensions>
      </trkpt>
      <trkpt lat="53.96858501248061656951904296875" lon="-1.06172855012118816375732421875">
        <ele>15</ele>
        <time>2018-10-14T08:49:23.000Z</time>
        <extensions>
          <ns3:TrackPointExtension>
            <ns3:hr>153</ns3:hr>
            <ns3:cad>99</ns3:cad>
          </ns3:TrackPointExtension>
        </extensions>
      </trkpt>
      <trkpt lat="53.9687173627316951751708984375" lon="-1.0615128837525844573974609375">
        <ele>15.19999980926513671875</ele>
        <time>2018-10-14T08:49:28.000Z</time>
        <extensions>
          <ns3:TrackPointExtension>
            <ns3:hr>152</ns3:hr>
            <ns3:cad>99</ns3:cad>
          </ns3:TrackPointExtension>
        </extensions>
      </trkpt>
      <trkpt lat="53.96886982955038547515869140625" lon="-1.06125564314424991607666015625">
        <ele>15.6000003814697265625</ele>
        <time>2018-10-14T08:49:34.000Z</time>
        <extensions>
          <ns3:TrackPointExtension>
            <ns3:hr>152</ns3:hr>
            <ns3:cad>98</ns3:cad>
          </ns3:TrackPointExtension>
        </extensions>
      </trkpt>
      <trkpt lat="53.9690244756639003753662109375" lon="-1.06100569479167461395263671875">
        <ele>16</ele>
        <time>2018-10-14T08:49:40.000Z</time>
        <extensions>
          <ns3:TrackPointExtension>
            <ns3:hr>151</ns3:hr>
            <ns3:cad>99</ns3:cad>
          </ns3:TrackPointExtension>
        </extensions>
      </trkpt>
      <trkpt lat="53.969126902520656585693359375" lon="-1.06083084829151630401611328125">
        <ele>16</ele>
        <time>2018-10-14T08:49:44.000Z</time>
        <extensions>
          <ns3:TrackPointExtension>
            <ns3:hr>154</ns3:hr>
            <ns3:cad>99</ns3:cad>
          </ns3:TrackPointExtension>
        </extensions>
      </trkpt>
      <trkpt lat="53.96927819587290287017822265625" lon="-1.06057704426348209381103515625">
        <ele>16</ele>
        <time>2018-10-14T08:49:50.000Z</time>
        <extensions>
          <ns3:TrackPointExtension>
            <ns3:hr>153</ns3:hr>
            <ns3:cad>99</ns3:cad>
          </ns3:TrackPointExtension>
        </extensions>
      </trkpt>
      <trkpt lat="53.9694133959710597991943359375" lon="-1.0603300295770168304443359375">
        <ele>16</ele>
        <time>2018-10-14T08:49:56.000Z</time>
        <extensions>
          <ns3:TrackPointExtension>
            <ns3:hr>152</ns3:hr>
            <ns3:cad>100</ns3:cad>
          </ns3:TrackPointExtension>
        </extensions>
      </trkpt>
      <trkpt lat="53.9695458300411701202392578125" lon="-1.0600628145039081573486328125">
        <ele>16.3999996185302734375</ele>
        <time>2018-10-14T08:50:02.000Z</time>
        <extensions>
          <ns3:TrackPointExtension>
            <ns3:hr>152</ns3:hr>
            <ns3:cad>100</ns3:cad>
          </ns3:TrackPointExtension>
        </extensions>
      </trkpt>
      <trkpt lat="53.96965923719108104705810546875" lon="-1.059808172285556793212890625">
        <ele>17</ele>
        <time>2018-10-14T08:50:07.000Z</time>
        <extensions>
          <ns3:TrackPointExtension>
            <ns3:hr>151</ns3:hr>
            <ns3:cad>99</ns3:cad>
          </ns3:TrackPointExtension>
        </extensions>
      </trkpt>
      <trkpt lat="53.96977440454065799713134765625" lon="-1.05956844985485076904296875">
        <ele>17.200000762939453125</ele>
        <time>2018-10-14T08:50:12.000Z</time>
        <extensions>
          <ns3:TrackPointExtension>
            <ns3:hr>152</ns3:hr>
            <ns3:cad>99</ns3:cad>
          </ns3:TrackPointExtension>
        </extensions>
      </trkpt>
      <trkpt lat="53.96984615363180637359619140625" lon="-1.0593402944505214691162109375">
        <ele>18</ele>
        <time>2018-10-14T08:50:16.000Z</time>
        <extensions>
          <ns3:TrackPointExtension>
            <ns3:hr>154</ns3:hr>
            <ns3:cad>99</ns3:cad>
          </ns3:TrackPointExtension>
        </extensions>
      </trkpt>
      <trkpt lat="53.96993349306285381317138671875" lon="-1.0590512864291667938232421875">
        <ele>17.799999237060546875</ele>
        <time>2018-10-14T08:50:21.000Z</time>
        <extensions>
          <ns3:TrackPointExtension>
            <ns3:hr>154</ns3:hr>
            <ns3:cad>100</ns3:cad>
          </ns3:TrackPointExtension>
        </extensions>
      </trkpt>
      <trkpt lat="53.970009349286556243896484375" lon="-1.05876378715038299560546875">
        <ele>17</ele>
        <time>2018-10-14T08:50:26.000Z</time>
        <extensions>
          <ns3:TrackPointExtension>
            <ns3:hr>157</ns3:hr>
            <ns3:cad>100</ns3:cad>
          </ns3:TrackPointExtension>
        </extensions>
      </trkpt>
      <trkpt lat="53.9700879715383052825927734375" lon="-1.05847301892936229705810546875">
        <ele>16</ele>
        <time>2018-10-14T08:50:31.000Z</time>
        <extensions>
          <ns3:TrackPointExtension>
            <ns3:hr>156</ns3:hr>
            <ns3:cad>100</ns3:cad>
          </ns3:TrackPointExtension>
        </extensions>
      </trkpt>
      <trkpt lat="53.9701499976217746734619140625" lon="-1.05814344249665737152099609375">
        <ele>15.80000019073486328125</ele>
        <time>2018-10-14T08:50:36.000Z</time>
        <extensions>
          <ns3:TrackPointExtension>
            <ns3:hr>155</ns3:hr>
            <ns3:cad>98</ns3:cad>
          </ns3:TrackPointExtension>
        </extensions>
      </trkpt>
      <trkpt lat="53.97023004479706287384033203125" lon="-1.05785191990435123443603515625">
        <ele>15</ele>
        <time>2018-10-14T08:50:41.000Z</time>
        <extensions>
          <ns3:TrackPointExtension>
            <ns3:hr>154</ns3:hr>
            <ns3:cad>100</ns3:cad>
          </ns3:TrackPointExtension>
        </extensions>
      </trkpt>
      <trkpt lat="53.97031612694263458251953125" lon="-1.057559810578823089599609375">
        <ele>15</ele>
        <time>2018-10-14T08:50:46.000Z</time>
        <extensions>
          <ns3:TrackPointExtension>
            <ns3:hr>154</ns3:hr>
            <ns3:cad>100</ns3:cad>
          </ns3:TrackPointExtension>
        </extensions>
      </trkpt>
      <trkpt lat="53.97038142196834087371826171875" lon="-1.05726351030170917510986328125">
        <ele>15</ele>
        <time>2018-10-14T08:50:51.000Z</time>
        <extensions>
          <ns3:TrackPointExtension>
            <ns3:hr>156</ns3:hr>
            <ns3:cad>99</ns3:cad>
          </ns3:TrackPointExtension>
        </extensions>
      </trkpt>
      <trkpt lat="53.97043707780539989471435546875" lon="-1.0569665394723415374755859375">
        <ele>15</ele>
        <time>2018-10-14T08:50:56.000Z</time>
        <extensions>
          <ns3:TrackPointExtension>
            <ns3:hr>156</ns3:hr>
            <ns3:cad>100</ns3:cad>
          </ns3:TrackPointExtension>
        </extensions>
      </trkpt>
      <trkpt lat="53.9704678393900394439697265625" lon="-1.0567942075431346893310546875">
        <ele>15</ele>
        <time>2018-10-14T08:50:59.000Z</time>
        <extensions>
          <ns3:TrackPointExtension>
            <ns3:hr>156</ns3:hr>
            <ns3:cad>100</ns3:cad>
          </ns3:TrackPointExtension>
        </extensions>
      </trkpt>
      <trkpt lat="53.97054017521440982818603515625" lon="-1.0564579255878925323486328125">
        <ele>16</ele>
        <time>2018-10-14T08:51:05.000Z</time>
        <extensions>
          <ns3:TrackPointExtension>
            <ns3:hr>155</ns3:hr>
            <ns3:cad>99</ns3:cad>
          </ns3:TrackPointExtension>
        </extensions>
      </trkpt>
      <trkpt lat="53.97060572169721126556396484375" lon="-1.056116782128810882568359375">
        <ele>16.6000003814697265625</ele>
        <time>2018-10-14T08:51:11.000Z</time>
        <extensions>
          <ns3:TrackPointExtension>
            <ns3:hr>157</ns3:hr>
            <ns3:cad>99</ns3:cad>
          </ns3:TrackPointExtension>
        </extensions>
      </trkpt>
      <trkpt lat="53.97067445330321788787841796875" lon="-1.05577320791780948638916015625">
        <ele>17</ele>
        <time>2018-10-14T08:51:17.000Z</time>
        <extensions>
          <ns3:TrackPointExtension>
            <ns3:hr>160</ns3:hr>
            <ns3:cad>99</ns3:cad>
          </ns3:TrackPointExtension>
        </extensions>
      </trkpt>
      <trkpt lat="53.970736227929592132568359375" lon="-1.05543005280196666717529296875">
        <ele>16</ele>
        <time>2018-10-14T08:51:23.000Z</time>
        <extensions>
          <ns3:TrackPointExtension>
            <ns3:hr>161</ns3:hr>
            <ns3:cad>99</ns3:cad>
          </ns3:TrackPointExtension>
        </extensions>
      </trkpt>
      <trkpt lat="53.97078090347349643707275390625" lon="-1.0551339201629161834716796875">
        <ele>15.19999980926513671875</ele>
        <time>2018-10-14T08:51:28.000Z</time>
        <extensions>
          <ns3:TrackPointExtension>
            <ns3:hr>160</ns3:hr>
            <ns3:cad>99</ns3:cad>
          </ns3:TrackPointExtension>
        </extensions>
      </trkpt>
      <trkpt lat="53.97084896452724933624267578125" lon="-1.0547855682671070098876953125">
        <ele>14.19999980926513671875</ele>
        <time>2018-10-14T08:51:34.000Z</time>
        <extensions>
          <ns3:TrackPointExtension>
            <ns3:hr>159</ns3:hr>
            <ns3:cad>99</ns3:cad>
          </ns3:TrackPointExtension>
        </extensions>
      </trkpt>
      <trkpt lat="53.97092758677899837493896484375" lon="-1.05444551445543766021728515625">
        <ele>14.6000003814697265625</ele>
        <time>2018-10-14T08:51:40.000Z</time>
        <extensions>
          <ns3:TrackPointExtension>
            <ns3:hr>157</ns3:hr>
            <ns3:cad>99</ns3:cad>
          </ns3:TrackPointExtension>
        </extensions>
      </trkpt>
      <trkpt lat="53.97100411355495452880859375" lon="-1.05411007069051265716552734375">
        <ele>15</ele>
        <time>2018-10-14T08:51:46.000Z</time>
        <extensions>
          <ns3:TrackPointExtension>
            <ns3:hr>156</ns3:hr>
            <ns3:cad>99</ns3:cad>
          </ns3:TrackPointExtension>
        </extensions>
      </trkpt>
      <trkpt lat="53.97109329700469970703125" lon="-1.05378451757133007049560546875">
        <ele>15.3999996185302734375</ele>
        <time>2018-10-14T08:51:52.000Z</time>
        <extensions>
          <ns3:TrackPointExtension>
            <ns3:hr>155</ns3:hr>
            <ns3:cad>98</ns3:cad>
          </ns3:TrackPointExtension>
        </extensions>
      </trkpt>
      <trkpt lat="53.9711746014654636383056640625" lon="-1.0534672625362873077392578125">
        <ele>16.799999237060546875</ele>
        <time>2018-10-14T08:51:58.000Z</time>
        <extensions>
          <ns3:TrackPointExtension>
            <ns3:hr>154</ns3:hr>
            <ns3:cad>99</ns3:cad>
          </ns3:TrackPointExtension>
        </extensions>
      </trkpt>
      <trkpt lat="53.97125632502138614654541015625" lon="-1.05315118096768856048583984375">
        <ele>17</ele>
        <time>2018-10-14T08:52:04.000Z</time>
        <extensions>
          <ns3:TrackPointExtension>
            <ns3:hr>155</ns3:hr>
            <ns3:cad>98</ns3:cad>
          </ns3:TrackPointExtension>
        </extensions>
      </trkpt>
      <trkpt lat="53.97134332917630672454833984375" lon="-1.05284339748322963714599609375">
        <ele>17.3999996185302734375</ele>
        <time>2018-10-14T08:52:10.000Z</time>
        <extensions>
          <ns3:TrackPointExtension>
            <ns3:hr>157</ns3:hr>
            <ns3:cad>98</ns3:cad>
          </ns3:TrackPointExtension>
        </extensions>
      </trkpt>
      <trkpt lat="53.9714193530380725860595703125" lon="-1.052515245974063873291015625">
        <ele>17.200000762939453125</ele>
        <time>2018-10-14T08:52:16.000Z</time>
        <extensions>
          <ns3:TrackPointExtension>
            <ns3:hr>157</ns3:hr>
            <ns3:cad>98</ns3:cad>
          </ns3:TrackPointExtension>
        </extensions>
      </trkpt>
      <trkpt lat="53.97148565389215946197509765625" lon="-1.05223185382783412933349609375">
        <ele>16.3999996185302734375</ele>
        <time>2018-10-14T08:52:21.000Z</time>
        <extensions>
          <ns3:TrackPointExtension>
            <ns3:hr>156</ns3:hr>
            <ns3:cad>99</ns3:cad>
          </ns3:TrackPointExtension>
        </extensions>
      </trkpt>
      <trkpt lat="53.97158472798764705657958984375" lon="-1.05191049166023731231689453125">
        <ele>16</ele>
        <time>2018-10-14T08:52:27.000Z</time>
        <extensions>
          <ns3:TrackPointExtension>
            <ns3:hr>158</ns3:hr>
            <ns3:cad>98</ns3:cad>
          </ns3:TrackPointExtension>
        </extensions>
      </trkpt>
      <trkpt lat="53.971658907830715179443359375" lon="-1.051628775894641876220703125">
        <ele>16</ele>
        <time>2018-10-14T08:52:32.000Z</time>
        <extensions>
          <ns3:TrackPointExtension>
            <ns3:hr>159</ns3:hr>
            <ns3:cad>99</ns3:cad>
          </ns3:TrackPointExtension>
        </extensions>
      </trkpt>
      <trkpt lat="53.971755802631378173828125" lon="-1.05130297131836414337158203125">
        <ele>16</ele>
        <time>2018-10-14T08:52:38.000Z</time>
        <extensions>
          <ns3:TrackPointExtension>
            <ns3:hr>159</ns3:hr>
            <ns3:cad>99</ns3:cad>
          </ns3:TrackPointExtension>
        </extensions>
      </trkpt>
      <trkpt lat="53.97184775210916996002197265625" lon="-1.05097155086696147918701171875">
        <ele>16</ele>
        <time>2018-10-14T08:52:44.000Z</time>
        <extensions>
          <ns3:TrackPointExtension>
            <ns3:hr>159</ns3:hr>
            <ns3:cad>98</ns3:cad>
          </ns3:TrackPointExtension>
        </extensions>
      </trkpt>
      <trkpt lat="53.97193618118762969970703125" lon="-1.0506526194512844085693359375">
        <ele>16</ele>
        <time>2018-10-14T08:52:50.000Z</time>
        <extensions>
          <ns3:TrackPointExtension>
            <ns3:hr>159</ns3:hr>
            <ns3:cad>98</ns3:cad>
          </ns3:TrackPointExtension>
        </extensions>
      </trkpt>
      <trkpt lat="53.9720074273645877838134765625" lon="-1.05032178573310375213623046875">
        <ele>16.3999996185302734375</ele>
        <time>2018-10-14T08:52:56.000Z</time>
        <extensions>
          <ns3:TrackPointExtension>
            <ns3:hr>158</ns3:hr>
            <ns3:cad>99</ns3:cad>
          </ns3:TrackPointExtension>
        </extensions>
      </trkpt>
      <trkpt lat="53.97209149785339832305908203125" lon="-1.04999673552811145782470703125">
        <ele>17.6000003814697265625</ele>
        <time>2018-10-14T08:53:02.000Z</time>
        <extensions>
          <ns3:TrackPointExtension>
            <ns3:hr>156</ns3:hr>
            <ns3:cad>99</ns3:cad>
          </ns3:TrackPointExtension>
        </extensions>
      </trkpt>
      <trkpt lat="53.9721673540771007537841796875" lon="-1.04966078884899616241455078125">
        <ele>18</ele>
        <time>2018-10-14T08:53:08.000Z</time>
        <extensions>
          <ns3:TrackPointExtension>
            <ns3:hr>156</ns3:hr>
            <ns3:cad>98</ns3:cad>
          </ns3:TrackPointExtension>
        </extensions>
      </trkpt>
      <trkpt lat="53.9722531847655773162841796875" lon="-1.0493255965411663055419921875">
        <ele>18</ele>
        <time>2018-10-14T08:53:14.000Z</time>
        <extensions>
          <ns3:TrackPointExtension>
            <ns3:hr>157</ns3:hr>
            <ns3:cad>98</ns3:cad>
          </ns3:TrackPointExtension>
        </extensions>
      </trkpt>
      <trkpt lat="53.9723349921405315399169921875" lon="-1.04899107478559017181396484375">
        <ele>18</ele>
        <time>2018-10-14T08:53:20.000Z</time>
        <extensions>
          <ns3:TrackPointExtension>
            <ns3:hr>156</ns3:hr>
            <ns3:cad>98</ns3:cad>
          </ns3:TrackPointExtension>
        </extensions>
      </trkpt>
      <trkpt lat="53.97237597964704036712646484375" lon="-1.048826538026332855224609375">
        <ele>18</ele>
        <time>2018-10-14T08:53:23.000Z</time>
        <extensions>
          <ns3:TrackPointExtension>
            <ns3:hr>153</ns3:hr>
            <ns3:cad>99</ns3:cad>
          </ns3:TrackPointExtension>
        </extensions>
      </trkpt>
      <trkpt lat="53.97245057858526706695556640625" lon="-1.0485474206507205963134765625">
        <ele>17.200000762939453125</ele>
        <time>2018-10-14T08:53:28.000Z</time>
        <extensions>
          <ns3:TrackPointExtension>
            <ns3:hr>153</ns3:hr>
            <ns3:cad>98</ns3:cad>
          </ns3:TrackPointExtension>
        </extensions>
      </trkpt>
      <trkpt lat="53.9724942483007907867431640625" lon="-1.04837383143603801727294921875">
        <ele>17</ele>
        <time>2018-10-14T08:53:31.000Z</time>
        <extensions>
          <ns3:TrackPointExtension>
            <ns3:hr>156</ns3:hr>
            <ns3:cad>99</ns3:cad>
          </ns3:TrackPointExtension>
        </extensions>
      </trkpt>
      <trkpt lat="53.97256742231547832489013671875" lon="-1.04809320531785488128662109375">
        <ele>16.6000003814697265625</ele>
        <time>2018-10-14T08:53:36.000Z</time>
        <extensions>
          <ns3:TrackPointExtension>
            <ns3:hr>155</ns3:hr>
            <ns3:cad>99</ns3:cad>
          </ns3:TrackPointExtension>
        </extensions>
      </trkpt>
      <trkpt lat="53.9726474694907665252685546875" lon="-1.047812663018703460693359375">
        <ele>16</ele>
        <time>2018-10-14T08:53:41.000Z</time>
        <extensions>
          <ns3:TrackPointExtension>
            <ns3:hr>155</ns3:hr>
            <ns3:cad>99</ns3:cad>
          </ns3:TrackPointExtension>
        </extensions>
      </trkpt>
      <trkpt lat="53.97274578921496868133544921875" lon="-1.0474852658808231353759765625">
        <ele>15.3999996185302734375</ele>
        <time>2018-10-14T08:53:47.000Z</time>
        <extensions>
          <ns3:TrackPointExtension>
            <ns3:hr>155</ns3:hr>
            <ns3:cad>99</ns3:cad>
          </ns3:TrackPointExtension>
        </extensions>
      </trkpt>
      <trkpt lat="53.97284679114818572998046875" lon="-1.047161556780338287353515625">
        <ele>15</ele>
        <time>2018-10-14T08:53:53.000Z</time>
        <extensions>
          <ns3:TrackPointExtension>
            <ns3:hr>156</ns3:hr>
            <ns3:cad>99</ns3:cad>
          </ns3:TrackPointExtension>
        </extensions>
      </trkpt>
      <trkpt lat="53.9729639701545238494873046875" lon="-1.04685503058135509490966796875">
        <ele>15</ele>
        <time>2018-10-14T08:53:59.000Z</time>
        <extensions>
          <ns3:TrackPointExtension>
            <ns3:hr>157</ns3:hr>
            <ns3:cad>99</ns3:cad>
          </ns3:TrackPointExtension>
        </extensions>
      </trkpt>
      <trkpt lat="53.9730866812169551849365234375" lon="-1.0465622507035732269287109375">
        <ele>13.80000019073486328125</ele>
        <time>2018-10-14T08:54:05.000Z</time>
        <extensions>
          <ns3:TrackPointExtension>
            <ns3:hr>156</ns3:hr>
            <ns3:cad>98</ns3:cad>
          </ns3:TrackPointExtension>
        </extensions>
      </trkpt>
      <trkpt lat="53.97321685217320919036865234375" lon="-1.0462843067944049835205078125">
        <ele>13</ele>
        <time>2018-10-14T08:54:11.000Z</time>
        <extensions>
          <ns3:TrackPointExtension>
            <ns3:hr>157</ns3:hr>
            <ns3:cad>99</ns3:cad>
          </ns3:TrackPointExtension>
        </extensions>
      </trkpt>
      <trkpt lat="53.97334744222462177276611328125" lon="-1.04601901955902576446533203125">
        <ele>13.80000019073486328125</ele>
        <time>2018-10-14T08:54:17.000Z</time>
        <extensions>
          <ns3:TrackPointExtension>
            <ns3:hr>157</ns3:hr>
            <ns3:cad>99</ns3:cad>
          </ns3:TrackPointExtension>
        </extensions>
      </trkpt>
      <trkpt lat="53.973476104438304901123046875" lon="-1.04575373232364654541015625">
        <ele>14.80000019073486328125</ele>
        <time>2018-10-14T08:54:23.000Z</time>
        <extensions>
          <ns3:TrackPointExtension>
            <ns3:hr>156</ns3:hr>
            <ns3:cad>98</ns3:cad>
          </ns3:TrackPointExtension>
        </extensions>
      </trkpt>
      <trkpt lat="53.97349664010107517242431640625" lon="-1.04570453055202960968017578125">
        <ele>15.19999980926513671875</ele>
        <time>2018-10-14T08:54:24.000Z</time>
        <extensions>
          <ns3:TrackPointExtension>
            <ns3:hr>156</ns3:hr>
            <ns3:cad>98</ns3:cad>
          </ns3:TrackPointExtension>
        </extensions>
      </trkpt>
      <trkpt lat="53.9735564030706882476806640625" lon="-1.04555390775203704833984375">
        <ele>15.3999996185302734375</ele>
        <time>2018-10-14T08:54:27.000Z</time>
        <extensions>
          <ns3:TrackPointExtension>
            <ns3:hr>159</ns3:hr>
            <ns3:cad>98</ns3:cad>
          </ns3:TrackPointExtension>
        </extensions>
      </trkpt>
      <trkpt lat="53.97364852018654346466064453125" lon="-1.0452892072498798370361328125">
        <ele>15.19999980926513671875</ele>
        <time>2018-10-14T08:54:32.000Z</time>
        <extensions>
          <ns3:TrackPointExtension>
            <ns3:hr>160</ns3:hr>
            <ns3:cad>99</ns3:cad>
          </ns3:TrackPointExtension>
        </extensions>
      </trkpt>
      <trkpt lat="53.9737381227314472198486328125" lon="-1.04502417147159576416015625">
        <ele>15</ele>
        <time>2018-10-14T08:54:37.000Z</time>
        <extensions>
          <ns3:TrackPointExtension>
            <ns3:hr>159</ns3:hr>
            <ns3:cad>99</ns3:cad>
          </ns3:TrackPointExtension>
        </extensions>
      </trkpt>
      <trkpt lat="53.97380174137651920318603515625" lon="-1.04480146430432796478271484375">
        <ele>15</ele>
        <time>2018-10-14T08:54:41.000Z</time>
        <extensions>
          <ns3:TrackPointExtension>
            <ns3:hr>156</ns3:hr>
            <ns3:cad>99</ns3:cad>
          </ns3:TrackPointExtension>
        </extensions>
      </trkpt>
      <trkpt lat="53.97388841025531291961669921875" lon="-1.0445324890315532684326171875">
        <ele>15.80000019073486328125</ele>
        <time>2018-10-14T08:54:46.000Z</time>
        <extensions>
          <ns3:TrackPointExtension>
            <ns3:hr>155</ns3:hr>
            <ns3:cad>99</ns3:cad>
          </ns3:TrackPointExtension>
        </extensions>
      </trkpt>
      <trkpt lat="53.97398429922759532928466796875" lon="-1.044264771044254302978515625">
        <ele>16.200000762939453125</ele>
        <time>2018-10-14T08:54:51.000Z</time>
        <extensions>
          <ns3:TrackPointExtension>
            <ns3:hr>155</ns3:hr>
            <ns3:cad>98</ns3:cad>
          </ns3:TrackPointExtension>
        </extensions>
      </trkpt>
      <trkpt lat="53.97408655844628810882568359375" lon="-1.04395220987498760223388671875">
        <ele>16.799999237060546875</ele>
        <time>2018-10-14T08:54:57.000Z</time>
        <extensions>
          <ns3:TrackPointExtension>
            <ns3:hr>155</ns3:hr>
            <ns3:cad>99</ns3:cad>
          </ns3:TrackPointExtension>
        </extensions>
      </trkpt>
      <trkpt lat="53.97420507855713367462158203125" lon="-1.0436527244746685028076171875">
        <ele>16.799999237060546875</ele>
        <time>2018-10-14T08:55:03.000Z</time>
        <extensions>
          <ns3:TrackPointExtension>
            <ns3:hr>156</ns3:hr>
            <ns3:cad>100</ns3:cad>
          </ns3:TrackPointExtension>
        </extensions>
      </trkpt>
      <trkpt lat="53.97429660893976688385009765625" lon="-1.04338592849671840667724609375">
        <ele>17</ele>
        <time>2018-10-14T08:55:08.000Z</time>
        <extensions>
          <ns3:TrackPointExtension>
            <ns3:hr>157</ns3:hr>
            <ns3:cad>100</ns3:cad>
          </ns3:TrackPointExtension>
        </extensions>
      </trkpt>
      <trkpt lat="53.97440356202423572540283203125" lon="-1.04307211004197597503662109375">
        <ele>17</ele>
        <time>2018-10-14T08:55:14.000Z</time>
        <extensions>
          <ns3:TrackPointExtension>
            <ns3:hr>157</ns3:hr>
            <ns3:cad>99</ns3:cad>
          </ns3:TrackPointExtension>
        </extensions>
      </trkpt>
      <trkpt lat="53.97451487369835376739501953125" lon="-1.0427649132907390594482421875">
        <ele>16.3999996185302734375</ele>
        <time>2018-10-14T08:55:20.000Z</time>
        <extensions>
          <ns3:TrackPointExtension>
            <ns3:hr>157</ns3:hr>
            <ns3:cad>99</ns3:cad>
          </ns3:TrackPointExtension>
        </extensions>
      </trkpt>
      <trkpt lat="53.97460673935711383819580078125" lon="-1.0425008833408355712890625">
        <ele>15.80000019073486328125</ele>
        <time>2018-10-14T08:55:25.000Z</time>
        <extensions>
          <ns3:TrackPointExtension>
            <ns3:hr>159</ns3:hr>
            <ns3:cad>98</ns3:cad>
          </ns3:TrackPointExtension>
        </extensions>
      </trkpt>
      <trkpt lat="53.97471486590802669525146484375" lon="-1.0421845503151416778564453125">
        <ele>14.80000019073486328125</ele>
        <time>2018-10-14T08:55:31.000Z</time>
        <extensions>
          <ns3:TrackPointExtension>
            <ns3:hr>160</ns3:hr>
            <ns3:cad>99</ns3:cad>
          </ns3:TrackPointExtension>
        </extensions>
      </trkpt>
      <trkpt lat="53.97482483647763729095458984375" lon="-1.04187333025038242340087890625">
        <ele>14.19999980926513671875</ele>
        <time>2018-10-14T08:55:37.000Z</time>
        <extensions>
          <ns3:TrackPointExtension>
            <ns3:hr>162</ns3:hr>
            <ns3:cad>99</ns3:cad>
          </ns3:TrackPointExtension>
        </extensions>
      </trkpt>
      <trkpt lat="53.97492944262921810150146484375" lon="-1.04157225228846073150634765625">
        <ele>14.80000019073486328125</ele>
        <time>2018-10-14T08:55:43.000Z</time>
        <extensions>
          <ns3:TrackPointExtension>
            <ns3:hr>161</ns3:hr>
            <ns3:cad>98</ns3:cad>
          </ns3:TrackPointExtension>
        </extensions>
      </trkpt>
      <trkpt lat="53.97501493804156780242919921875" lon="-1.0413195379078388214111328125">
        <ele>15</ele>
        <time>2018-10-14T08:55:48.000Z</time>
        <extensions>
          <ns3:TrackPointExtension>
            <ns3:hr>158</ns3:hr>
            <ns3:cad>98</ns3:cad>
          </ns3:TrackPointExtension>
        </extensions>
      </trkpt>
      <trkpt lat="53.97513479925692081451416015625" lon="-1.04102893732488155364990234375">
        <ele>15</ele>
        <time>2018-10-14T08:55:54.000Z</time>
        <extensions>
          <ns3:TrackPointExtension>
            <ns3:hr>157</ns3:hr>
            <ns3:cad>98</ns3:cad>
          </ns3:TrackPointExtension>
        </extensions>
      </trkpt>
      <trkpt lat="53.97525734268128871917724609375" lon="-1.0408008657395839691162109375">
        <ele>15</ele>
        <time>2018-10-14T08:55:59.000Z</time>
        <extensions>
          <ns3:TrackPointExtension>
            <ns3:hr>156</ns3:hr>
            <ns3:cad>99</ns3:cad>
          </ns3:TrackPointExtension>
        </extensions>
      </trkpt>
      <trkpt lat="53.9754178561270236968994140625" lon="-1.04056307114660739898681640625">
        <ele>15</ele>
        <time>2018-10-14T08:56:05.000Z</time>
        <extensions>
          <ns3:TrackPointExtension>
            <ns3:hr>155</ns3:hr>
            <ns3:cad>99</ns3:cad>
          </ns3:TrackPointExtension>
        </extensions>
      </trkpt>
      <trkpt lat="53.97556026466190814971923828125" lon="-1.040374226868152618408203125">
        <ele>14.80000019073486328125</ele>
        <time>2018-10-14T08:56:10.000Z</time>
        <extensions>
          <ns3:TrackPointExtension>
            <ns3:hr>155</ns3:hr>
            <ns3:cad>100</ns3:cad>
          </ns3:TrackPointExtension>
        </extensions>
      </trkpt>
      <trkpt lat="53.97570963017642498016357421875" lon="-1.04018680751323699951171875">
        <ele>14.19999980926513671875</ele>
        <time>2018-10-14T08:56:15.000Z</time>
        <extensions>
          <ns3:TrackPointExtension>
            <ns3:hr>157</ns3:hr>
            <ns3:cad>100</ns3:cad>
          </ns3:TrackPointExtension>
        </extensions>
      </trkpt>
      <trkpt lat="53.97585396654903888702392578125" lon="-1.04000198654830455780029296875">
        <ele>14</ele>
        <time>2018-10-14T08:56:20.000Z</time>
        <extensions>
          <ns3:TrackPointExtension>
            <ns3:hr>158</ns3:hr>
            <ns3:cad>98</ns3:cad>
          </ns3:TrackPointExtension>
        </extensions>
      </trkpt>
      <trkpt lat="53.97599528543651103973388671875" lon="-1.0398044250905513763427734375">
        <ele>14</ele>
        <time>2018-10-14T08:56:25.000Z</time>
        <extensions>
          <ns3:TrackPointExtension>
            <ns3:hr>158</ns3:hr>
            <ns3:cad>98</ns3:cad>
          </ns3:TrackPointExtension>
        </extensions>
      </trkpt>
      <trkpt lat="53.97613383829593658447265625" lon="-1.03959999047219753265380859375">
        <ele>14</ele>
        <time>2018-10-14T08:56:30.000Z</time>
        <extensions>
          <ns3:TrackPointExtension>
            <ns3:hr>160</ns3:hr>
            <ns3:cad>99</ns3:cad>
          </ns3:TrackPointExtension>
        </extensions>
      </trkpt>
      <trkpt lat="53.97628747858107089996337890625" lon="-1.03936026804149150848388671875">
        <ele>13.19999980926513671875</ele>
        <time>2018-10-14T08:56:36.000Z</time>
        <extensions>
          <ns3:TrackPointExtension>
            <ns3:hr>159</ns3:hr>
            <ns3:cad>98</ns3:cad>
          </ns3:TrackPointExtension>
        </extensions>
      </trkpt>
      <trkpt lat="53.97644187323749065399169921875" lon="-1.03912004269659519195556640625">
        <ele>13</ele>
        <time>2018-10-14T08:56:42.000Z</time>
        <extensions>
          <ns3:TrackPointExtension>
            <ns3:hr>159</ns3:hr>
            <ns3:cad>98</ns3:cad>
          </ns3:TrackPointExtension>
        </extensions>
      </trkpt>
      <trkpt lat="53.976576067507266998291015625" lon="-1.038913428783416748046875">
        <ele>13.19999980926513671875</ele>
        <time>2018-10-14T08:56:47.000Z</time>
        <extensions>
          <ns3:TrackPointExtension>
            <ns3:hr>159</ns3:hr>
            <ns3:cad>99</ns3:cad>
          </ns3:TrackPointExtension>
        </extensions>
      </trkpt>
      <trkpt lat="53.97670405916869640350341796875" lon="-1.03869491256773471832275390625">
        <ele>13.80000019073486328125</ele>
        <time>2018-10-14T08:56:52.000Z</time>
        <extensions>
          <ns3:TrackPointExtension>
            <ns3:hr>159</ns3:hr>
            <ns3:cad>99</ns3:cad>
          </ns3:TrackPointExtension>
        </extensions>
      </trkpt>
      <trkpt lat="53.97683666087687015533447265625" lon="-1.03842954151332378387451171875">
        <ele>15</ele>
        <time>2018-10-14T08:56:58.000Z</time>
        <extensions>
          <ns3:TrackPointExtension>
            <ns3:hr>157</ns3:hr>
            <ns3:cad>98</ns3:cad>
          </ns3:TrackPointExtension>
        </extensions>
      </trkpt>
      <trkpt lat="53.97695995867252349853515625" lon="-1.03819518350064754486083984375">
        <ele>15</ele>
        <time>2018-10-14T08:57:03.000Z</time>
        <extensions>
          <ns3:TrackPointExtension>
            <ns3:hr>156</ns3:hr>
            <ns3:cad>99</ns3:cad>
          </ns3:TrackPointExtension>
        </extensions>
      </trkpt>
      <trkpt lat="53.97709214128553867340087890625" lon="-1.037987060844898223876953125">
        <ele>15</ele>
        <time>2018-10-14T08:57:08.000Z</time>
        <extensions>
          <ns3:TrackPointExtension>
            <ns3:hr>156</ns3:hr>
            <ns3:cad>99</ns3:cad>
          </ns3:TrackPointExtension>
        </extensions>
      </trkpt>
      <trkpt lat="53.97725223563611507415771484375" lon="-1.03774121962487697601318359375">
        <ele>15</ele>
        <time>2018-10-14T08:57:14.000Z</time>
        <extensions>
          <ns3:TrackPointExtension>
            <ns3:hr>158</ns3:hr>
            <ns3:cad>98</ns3:cad>
          </ns3:TrackPointExtension>
        </extensions>
      </trkpt>
      <trkpt lat="53.977393470704555511474609375" lon="-1.03754927404224872589111328125">
        <ele>14.80000019073486328125</ele>
        <time>2018-10-14T08:57:19.000Z</time>
        <extensions>
          <ns3:TrackPointExtension>
            <ns3:hr>160</ns3:hr>
            <ns3:cad>99</ns3:cad>
          </ns3:TrackPointExtension>
        </extensions>
      </trkpt>
      <trkpt lat="53.97755566053092479705810546875" lon="-1.0373113118112087249755859375">
        <ele>14.19999980926513671875</ele>
        <time>2018-10-14T08:57:25.000Z</time>
        <extensions>
          <ns3:TrackPointExtension>
            <ns3:hr>159</ns3:hr>
            <ns3:cad>98</ns3:cad>
          </ns3:TrackPointExtension>
        </extensions>
      </trkpt>
      <trkpt lat="53.9777071215212345123291015625" lon="-1.03712816722691059112548828125">
        <ele>14.19999980926513671875</ele>
        <time>2018-10-14T08:57:30.000Z</time>
        <extensions>
          <ns3:TrackPointExtension>
            <ns3:hr>159</ns3:hr>
            <ns3:cad>99</ns3:cad>
          </ns3:TrackPointExtension>
        </extensions>
      </trkpt>
      <trkpt lat="53.9778590016067028045654296875" lon="-1.03695600293576717376708984375">
        <ele>14.80000019073486328125</ele>
        <time>2018-10-14T08:57:35.000Z</time>
        <extensions>
          <ns3:TrackPointExtension>
            <ns3:hr>159</ns3:hr>
            <ns3:cad>100</ns3:cad>
          </ns3:TrackPointExtension>
        </extensions>
      </trkpt>
      <trkpt lat="53.97800828330218791961669921875" lon="-1.03678115643560886383056640625">
        <ele>15.3999996185302734375</ele>
        <time>2018-10-14T08:57:40.000Z</time>
        <extensions>
          <ns3:TrackPointExtension>
            <ns3:hr>159</ns3:hr>
            <ns3:cad>98</ns3:cad>
          </ns3:TrackPointExtension>
        </extensions>
      </trkpt>
      <trkpt lat="53.97816334851086139678955078125" lon="-1.03662391193211078643798828125">
        <ele>16</ele>
        <time>2018-10-14T08:57:45.000Z</time>
        <extensions>
          <ns3:TrackPointExtension>
            <ns3:hr>160</ns3:hr>
            <ns3:cad>98</ns3:cad>
          </ns3:TrackPointExtension>
        </extensions>
      </trkpt>
      <trkpt lat="53.97831807844340801239013671875" lon="-1.03644688613712787628173828125">
        <ele>14.80000019073486328125</ele>
        <time>2018-10-14T08:57:50.000Z</time>
        <extensions>
          <ns3:TrackPointExtension>
            <ns3:hr>159</ns3:hr>
            <ns3:cad>98</ns3:cad>
          </ns3:TrackPointExtension>
        </extensions>
      </trkpt>
      <trkpt lat="53.97845855914056301116943359375" lon="-1.03621722199022769927978515625">
        <ele>13</ele>
        <time>2018-10-14T08:57:55.000Z</time>
        <extensions>
          <ns3:TrackPointExtension>
            <ns3:hr>160</ns3:hr>
            <ns3:cad>99</ns3:cad>
          </ns3:TrackPointExtension>
        </extensions>
      </trkpt>
      <trkpt lat="53.9785768277943134307861328125" lon="-1.0359661839902400970458984375">
        <ele>12.6000003814697265625</ele>
        <time>2018-10-14T08:58:00.000Z</time>
        <extensions>
          <ns3:TrackPointExtension>
            <ns3:hr>163</ns3:hr>
            <ns3:cad>99</ns3:cad>
          </ns3:TrackPointExtension>
        </extensions>
      </trkpt>
      <trkpt lat="53.9786343276500701904296875" lon="-1.0358052514493465423583984375">
        <ele>13</ele>
        <time>2018-10-14T08:58:03.000Z</time>
        <extensions>
          <ns3:TrackPointExtension>
            <ns3:hr>169</ns3:hr>
            <ns3:cad>99</ns3:cad>
          </ns3:TrackPointExtension>
        </extensions>
      </trkpt>
      <trkpt lat="53.97865285165607929229736328125" lon="-1.0357529483735561370849609375">
        <ele>13</ele>
        <time>2018-10-14T08:58:04.000Z</time>
        <extensions>
          <ns3:TrackPointExtension>
            <ns3:hr>172</ns3:hr>
            <ns3:cad>99</ns3:cad>
          </ns3:TrackPointExtension>
        </extensions>
      </trkpt>
      <trkpt lat="53.97866944782435894012451171875" lon="-1.035699136555194854736328125">
        <ele>13</ele>
        <time>2018-10-14T08:58:05.000Z</time>
        <extensions>
          <ns3:TrackPointExtension>
            <ns3:hr>172</ns3:hr>
            <ns3:cad>99</ns3:cad>
          </ns3:TrackPointExtension>
        </extensions>
      </trkpt>
      <trkpt lat="53.97875125519931316375732421875" lon="-1.035367548465728759765625">
        <ele>13</ele>
        <time>2018-10-14T08:58:11.000Z</time>
        <extensions>
          <ns3:TrackPointExtension>
            <ns3:hr>171</ns3:hr>
            <ns3:cad>98</ns3:cad>
          </ns3:TrackPointExtension>
        </extensions>
      </trkpt>
      <trkpt lat="53.97882216610014438629150390625" lon="-1.0350220464169979095458984375">
        <ele>12.80000019073486328125</ele>
        <time>2018-10-14T08:58:17.000Z</time>
        <extensions>
          <ns3:TrackPointExtension>
            <ns3:hr>169</ns3:hr>
            <ns3:cad>98</ns3:cad>
          </ns3:TrackPointExtension>
        </extensions>
      </trkpt>
      <trkpt lat="53.97888218052685260772705078125" lon="-1.03472448885440826416015625">
        <ele>13</ele>
        <time>2018-10-14T08:58:22.000Z</time>
        <extensions>
          <ns3:TrackPointExtension>
            <ns3:hr>167</ns3:hr>
            <ns3:cad>97</ns3:cad>
          </ns3:TrackPointExtension>
        </extensions>
      </trkpt>
      <trkpt lat="53.9789566956460475921630859375" lon="-1.03444193489849567413330078125">
        <ele>13</ele>
        <time>2018-10-14T08:58:27.000Z</time>
        <extensions>
          <ns3:TrackPointExtension>
            <ns3:hr>166</ns3:hr>
            <ns3:cad>99</ns3:cad>
          </ns3:TrackPointExtension>
        </extensions>
      </trkpt>
      <trkpt lat="53.9790586195886135101318359375" lon="-1.03412191383540630340576171875">
        <ele>13</ele>
        <time>2018-10-14T08:58:33.000Z</time>
        <extensions>
          <ns3:TrackPointExtension>
            <ns3:hr>168</ns3:hr>
            <ns3:cad>97</ns3:cad>
          </ns3:TrackPointExtension>
        </extensions>
      </trkpt>
      <trkpt lat="53.9791689254343509674072265625" lon="-1.0338210873305797576904296875">
        <ele>13.19999980926513671875</ele>
        <time>2018-10-14T08:58:39.000Z</time>
        <extensions>
          <ns3:TrackPointExtension>
            <ns3:hr>165</ns3:hr>
            <ns3:cad>98</ns3:cad>
          </ns3:TrackPointExtension>
        </extensions>
      </trkpt>
      <trkpt lat="53.9792809076607227325439453125" lon="-1.0335337556898593902587890625">
        <ele>13</ele>
        <time>2018-10-14T08:58:45.000Z</time>
        <extensions>
          <ns3:TrackPointExtension>
            <ns3:hr>163</ns3:hr>
            <ns3:cad>98</ns3:cad>
          </ns3:TrackPointExtension>
        </extensions>
      </trkpt>
      <trkpt lat="53.979413174092769622802734375" lon="-1.03324617259204387664794921875">
        <ele>13</ele>
        <time>2018-10-14T08:58:51.000Z</time>
        <extensions>
          <ns3:TrackPointExtension>
            <ns3:hr>160</ns3:hr>
            <ns3:cad>98</ns3:cad>
          </ns3:TrackPointExtension>
        </extensions>
      </trkpt>
      <trkpt lat="53.979525156319141387939453125" lon="-1.0330036841332912445068359375">
        <ele>13</ele>
        <time>2018-10-14T08:58:56.000Z</time>
        <extensions>
          <ns3:TrackPointExtension>
            <ns3:hr>161</ns3:hr>
            <ns3:cad>99</ns3:cad>
          </ns3:TrackPointExtension>
        </extensions>
      </trkpt>
      <trkpt lat="53.9796523936092853546142578125" lon="-1.032715179026126861572265625">
        <ele>13.80000019073486328125</ele>
        <time>2018-10-14T08:59:02.000Z</time>
        <extensions>
          <ns3:TrackPointExtension>
            <ns3:hr>162</ns3:hr>
            <ns3:cad>98</ns3:cad>
          </ns3:TrackPointExtension>
        </extensions>
      </trkpt>
      <trkpt lat="53.9797710813581943511962890625" lon="-1.032483838498592376708984375">
        <ele>14</ele>
        <time>2018-10-14T08:59:07.000Z</time>
        <extensions>
          <ns3:TrackPointExtension>
            <ns3:hr>161</ns3:hr>
            <ns3:cad>98</ns3:cad>
          </ns3:TrackPointExtension>
        </extensions>
      </trkpt>
      <trkpt lat="53.97990192286670207977294921875" lon="-1.03219575248658657073974609375">
        <ele>14.19999980926513671875</ele>
        <time>2018-10-14T08:59:13.000Z</time>
        <extensions>
          <ns3:TrackPointExtension>
            <ns3:hr>162</ns3:hr>
            <ns3:cad>97</ns3:cad>
          </ns3:TrackPointExtension>
        </extensions>
      </trkpt>
      <trkpt lat="53.98002480156719684600830078125" lon="-1.03190171532332897186279296875">
        <ele>14.6000003814697265625</ele>
        <time>2018-10-14T08:59:19.000Z</time>
        <extensions>
          <ns3:TrackPointExtension>
            <ns3:hr>160</ns3:hr>
            <ns3:cad>98</ns3:cad>
          </ns3:TrackPointExtension>
        </extensions>
      </trkpt>
      <trkpt lat="53.9801573194563388824462890625" lon="-1.0316137969493865966796875">
        <ele>15</ele>
        <time>2018-10-14T08:59:25.000Z</time>
        <extensions>
          <ns3:TrackPointExtension>
            <ns3:hr>160</ns3:hr>
            <ns3:cad>99</ns3:cad>
          </ns3:TrackPointExtension>
        </extensions>
      </trkpt>
      <trkpt lat="53.98026972077786922454833984375" lon="-1.0313705541193485260009765625">
        <ele>14.3999996185302734375</ele>
        <time>2018-10-14T08:59:30.000Z</time>
        <extensions>
          <ns3:TrackPointExtension>
            <ns3:hr>159</ns3:hr>
            <ns3:cad>99</ns3:cad>
          </ns3:TrackPointExtension>
        </extensions>
      </trkpt>
      <trkpt lat="53.98038002662360668182373046875" lon="-1.03112697601318359375">
        <ele>14</ele>
        <time>2018-10-14T08:59:35.000Z</time>
        <extensions>
          <ns3:TrackPointExtension>
            <ns3:hr>159</ns3:hr>
            <ns3:cad>99</ns3:cad>
          </ns3:TrackPointExtension>
        </extensions>
      </trkpt>
      <trkpt lat="53.98050106130540370941162109375" lon="-1.0308944620192050933837890625">
        <ele>14.3999996185302734375</ele>
        <time>2018-10-14T08:59:40.000Z</time>
        <extensions>
          <ns3:TrackPointExtension>
            <ns3:hr>158</ns3:hr>
            <ns3:cad>98</ns3:cad>
          </ns3:TrackPointExtension>
        </extensions>
      </trkpt>
      <trkpt lat="53.98062276653945446014404296875" lon="-1.030668653547763824462890625">
        <ele>14.80000019073486328125</ele>
        <time>2018-10-14T08:59:45.000Z</time>
        <extensions>
          <ns3:TrackPointExtension>
            <ns3:hr>158</ns3:hr>
            <ns3:cad>97</ns3:cad>
          </ns3:TrackPointExtension>
        </extensions>
      </trkpt>
      <trkpt lat="53.9807665161788463592529296875" lon="-1.030407808721065521240234375">
        <ele>14.6000003814697265625</ele>
        <time>2018-10-14T08:59:51.000Z</time>
        <extensions>
          <ns3:TrackPointExtension>
            <ns3:hr>158</ns3:hr>
            <ns3:cad>98</ns3:cad>
          </ns3:TrackPointExtension>
        </extensions>
      </trkpt>
      <trkpt lat="53.98088545538485050201416015625" lon="-1.03016766719520092010498046875">
        <ele>13.3999996185302734375</ele>
        <time>2018-10-14T08:59:56.000Z</time>
        <extensions>
          <ns3:TrackPointExtension>
            <ns3:hr>156</ns3:hr>
            <ns3:cad>97</ns3:cad>
          </ns3:TrackPointExtension>
        </extensions>
      </trkpt>
      <trkpt lat="53.98101638071238994598388671875" lon="-1.02989341132342815399169921875">
        <ele>12.80000019073486328125</ele>
        <time>2018-10-14T09:00:02.000Z</time>
        <extensions>
          <ns3:TrackPointExtension>
            <ns3:hr>158</ns3:hr>
            <ns3:cad>99</ns3:cad>
          </ns3:TrackPointExtension>
        </extensions>
      </trkpt>
      <trkpt lat="53.9811426959931850433349609375" lon="-1.02960683405399322509765625">
        <ele>12</ele>
        <time>2018-10-14T09:00:08.000Z</time>
        <extensions>
          <ns3:TrackPointExtension>
            <ns3:hr>159</ns3:hr>
            <ns3:cad>98</ns3:cad>
          </ns3:TrackPointExtension>
        </extensions>
      </trkpt>
      <trkpt lat="53.9812664128839969635009765625" lon="-1.0293790139257907867431640625">
        <ele>12</ele>
        <time>2018-10-14T09:00:13.000Z</time>
        <extensions>
          <ns3:TrackPointExtension>
            <ns3:hr>160</ns3:hr>
            <ns3:cad>99</ns3:cad>
          </ns3:TrackPointExtension>
        </extensions>
      </trkpt>
      <trkpt lat="53.98140479810535907745361328125" lon="-1.029102914035320281982421875">
        <ele>12</ele>
        <time>2018-10-14T09:00:19.000Z</time>
        <extensions>
          <ns3:TrackPointExtension>
            <ns3:hr>158</ns3:hr>
            <ns3:cad>99</ns3:cad>
          </ns3:TrackPointExtension>
        </extensions>
      </trkpt>
      <trkpt lat="53.98153086192905902862548828125" lon="-1.02887685410678386688232421875">
        <ele>12</ele>
        <time>2018-10-14T09:00:24.000Z</time>
        <extensions>
          <ns3:TrackPointExtension>
            <ns3:hr>160</ns3:hr>
            <ns3:cad>99</ns3:cad>
          </ns3:TrackPointExtension>
        </extensions>
      </trkpt>
      <trkpt lat="53.9816459454596042633056640625" lon="-1.02864123880863189697265625">
        <ele>12.3999996185302734375</ele>
        <time>2018-10-14T09:00:29.000Z</time>
        <extensions>
          <ns3:TrackPointExtension>
            <ns3:hr>161</ns3:hr>
            <ns3:cad>99</ns3:cad>
          </ns3:TrackPointExtension>
        </extensions>
      </trkpt>
      <trkpt lat="53.98177276365458965301513671875" lon="-1.0284150950610637664794921875">
        <ele>13</ele>
        <time>2018-10-14T09:00:34.000Z</time>
        <extensions>
          <ns3:TrackPointExtension>
            <ns3:hr>160</ns3:hr>
            <ns3:cad>98</ns3:cad>
          </ns3:TrackPointExtension>
        </extensions>
      </trkpt>
      <trkpt lat="53.9819000847637653350830078125" lon="-1.02818350307643413543701171875">
        <ele>13</ele>
        <time>2018-10-14T09:00:39.000Z</time>
        <extensions>
          <ns3:TrackPointExtension>
            <ns3:hr>159</ns3:hr>
            <ns3:cad>98</ns3:cad>
          </ns3:TrackPointExtension>
        </extensions>
      </trkpt>
      <trkpt lat="53.98204274475574493408203125" lon="-1.02791628800332546234130859375">
        <ele>12</ele>
        <time>2018-10-14T09:00:45.000Z</time>
        <extensions>
          <ns3:TrackPointExtension>
            <ns3:hr>158</ns3:hr>
            <ns3:cad>97</ns3:cad>
          </ns3:TrackPointExtension>
        </extensions>
      </trkpt>
      <trkpt lat="53.98216235451400279998779296875" lon="-1.02768863551318645477294921875">
        <ele>12.6000003814697265625</ele>
        <time>2018-10-14T09:00:50.000Z</time>
        <extensions>
          <ns3:TrackPointExtension>
            <ns3:hr>157</ns3:hr>
            <ns3:cad>98</ns3:cad>
          </ns3:TrackPointExtension>
        </extensions>
      </trkpt>
      <trkpt lat="53.98228523321449756622314453125" lon="-1.0274642519652843475341796875">
        <ele>13</ele>
        <time>2018-10-14T09:00:55.000Z</time>
        <extensions>
          <ns3:TrackPointExtension>
            <ns3:hr>158</ns3:hr>
            <ns3:cad>98</ns3:cad>
          </ns3:TrackPointExtension>
        </extensions>
      </trkpt>
      <trkpt lat="53.98240618407726287841796875" lon="-1.02723785676062107086181640625">
        <ele>13</ele>
        <time>2018-10-14T09:01:00.000Z</time>
        <extensions>
          <ns3:TrackPointExtension>
            <ns3:hr>157</ns3:hr>
            <ns3:cad>98</ns3:cad>
          </ns3:TrackPointExtension>
        </extensions>
      </trkpt>
      <trkpt lat="53.98253585211932659149169921875" lon="-1.027008779346942901611328125">
        <ele>13</ele>
        <time>2018-10-14T09:01:05.000Z</time>
        <extensions>
          <ns3:TrackPointExtension>
            <ns3:hr>158</ns3:hr>
            <ns3:cad>98</ns3:cad>
          </ns3:TrackPointExtension>
        </extensions>
      </trkpt>
      <trkpt lat="53.9825625903904438018798828125" lon="-1.02696443907916545867919921875">
        <ele>13</ele>
        <time>2018-10-14T09:01:06.000Z</time>
        <extensions>
          <ns3:TrackPointExtension>
            <ns3:hr>158</ns3:hr>
            <ns3:cad>98</ns3:cad>
          </ns3:TrackPointExtension>
        </extensions>
      </trkpt>
      <trkpt lat="53.982693850994110107421875" lon="-1.02674617432057857513427734375">
        <ele>13.19999980926513671875</ele>
        <time>2018-10-14T09:01:11.000Z</time>
        <extensions>
          <ns3:TrackPointExtension>
            <ns3:hr>159</ns3:hr>
            <ns3:cad>99</ns3:cad>
          </ns3:TrackPointExtension>
        </extensions>
      </trkpt>
      <trkpt lat="53.98284413851797580718994140625" lon="-1.0264926217496395111083984375">
        <ele>14</ele>
        <time>2018-10-14T09:01:17.000Z</time>
        <extensions>
          <ns3:TrackPointExtension>
            <ns3:hr>158</ns3:hr>
            <ns3:cad>99</ns3:cad>
          </ns3:TrackPointExtension>
        </extensions>
      </trkpt>
      <trkpt lat="53.9829904027283191680908203125" lon="-1.0262354649603366851806640625">
        <ele>13.80000019073486328125</ele>
        <time>2018-10-14T09:01:23.000Z</time>
        <extensions>
          <ns3:TrackPointExtension>
            <ns3:hr>159</ns3:hr>
            <ns3:cad>98</ns3:cad>
          </ns3:TrackPointExtension>
        </extensions>
      </trkpt>
      <trkpt lat="53.9831352420151233673095703125" lon="-1.025966741144657135009765625">
        <ele>13.19999980926513671875</ele>
        <time>2018-10-14T09:01:29.000Z</time>
        <extensions>
          <ns3:TrackPointExtension>
            <ns3:hr>161</ns3:hr>
            <ns3:cad>98</ns3:cad>
          </ns3:TrackPointExtension>
        </extensions>
      </trkpt>
      <trkpt lat="53.98328502662479877471923828125" lon="-1.0257110930979251861572265625">
        <ele>13</ele>
        <time>2018-10-14T09:01:35.000Z</time>
        <extensions>
          <ns3:TrackPointExtension>
            <ns3:hr>160</ns3:hr>
            <ns3:cad>97</ns3:cad>
          </ns3:TrackPointExtension>
        </extensions>
      </trkpt>
      <trkpt lat="53.98342768661677837371826171875" lon="-1.0254509188234806060791015625">
        <ele>13</ele>
        <time>2018-10-14T09:01:41.000Z</time>
        <extensions>
          <ns3:TrackPointExtension>
            <ns3:hr>161</ns3:hr>
            <ns3:cad>99</ns3:cad>
          </ns3:TrackPointExtension>
        </extensions>
      </trkpt>
      <trkpt lat="53.98354738019406795501708984375" lon="-1.025155372917652130126953125">
        <ele>13.19999980926513671875</ele>
        <time>2018-10-14T09:01:47.000Z</time>
        <extensions>
          <ns3:TrackPointExtension>
            <ns3:hr>160</ns3:hr>
            <ns3:cad>99</ns3:cad>
          </ns3:TrackPointExtension>
        </extensions>
      </trkpt>
      <trkpt lat="53.983649052679538726806640625" lon="-1.0248921811580657958984375">
        <ele>13</ele>
        <time>2018-10-14T09:01:52.000Z</time>
        <extensions>
          <ns3:TrackPointExtension>
            <ns3:hr>161</ns3:hr>
            <ns3:cad>99</ns3:cad>
          </ns3:TrackPointExtension>
        </extensions>
      </trkpt>
      <trkpt lat="53.9837481267750263214111328125" lon="-1.02463041432201862335205078125">
        <ele>13</ele>
        <time>2018-10-14T09:01:57.000Z</time>
        <extensions>
          <ns3:TrackPointExtension>
            <ns3:hr>160</ns3:hr>
            <ns3:cad>99</ns3:cad>
          </ns3:TrackPointExtension>
        </extensions>
      </trkpt>
      <trkpt lat="53.9838458597660064697265625" lon="-1.0243713296949863433837890625">
        <ele>13</ele>
        <time>2018-10-14T09:02:02.000Z</time>
        <extensions>
          <ns3:TrackPointExtension>
            <ns3:hr>159</ns3:hr>
            <ns3:cad>99</ns3:cad>
          </ns3:TrackPointExtension>
        </extensions>
      </trkpt>
      <trkpt lat="53.9839653857052326202392578125" lon="-1.0240729339420795440673828125">
        <ele>13.80000019073486328125</ele>
        <time>2018-10-14T09:02:08.000Z</time>
        <extensions>
          <ns3:TrackPointExtension>
            <ns3:hr>159</ns3:hr>
            <ns3:cad>98</ns3:cad>
          </ns3:TrackPointExtension>
        </extensions>
      </trkpt>
      <trkpt lat="53.98411919362843036651611328125" lon="-1.0238251648843288421630859375">
        <ele>14.3999996185302734375</ele>
        <time>2018-10-14T09:02:14.000Z</time>
        <extensions>
          <ns3:TrackPointExtension>
            <ns3:hr>159</ns3:hr>
            <ns3:cad>97</ns3:cad>
          </ns3:TrackPointExtension>
        </extensions>
      </trkpt>
      <trkpt lat="53.984272666275501251220703125" lon="-1.023618467152118682861328125">
        <ele>14.6000003814697265625</ele>
        <time>2018-10-14T09:02:20.000Z</time>
        <extensions>
          <ns3:TrackPointExtension>
            <ns3:hr>159</ns3:hr>
            <ns3:cad>97</ns3:cad>
          </ns3:TrackPointExtension>
        </extensions>
      </trkpt>
      <trkpt lat="53.98441825993359088897705078125" lon="-1.0234489850699901580810546875">
        <ele>14.6000003814697265625</ele>
        <time>2018-10-14T09:02:26.000Z</time>
        <extensions>
          <ns3:TrackPointExtension>
            <ns3:hr>162</ns3:hr>
            <ns3:cad>96</ns3:cad>
          </ns3:TrackPointExtension>
        </extensions>
      </trkpt>
      <trkpt lat="53.98458606563508510589599609375" lon="-1.02324203588068485260009765625">
        <ele>14.80000019073486328125</ele>
        <time>2018-10-14T09:02:33.000Z</time>
        <extensions>
          <ns3:TrackPointExtension>
            <ns3:hr>160</ns3:hr>
            <ns3:cad>96</ns3:cad>
          </ns3:TrackPointExtension>
        </extensions>
      </trkpt>
      <trkpt lat="53.98473157547414302825927734375" lon="-1.0230218432843685150146484375">
        <ele>16.200000762939453125</ele>
        <time>2018-10-14T09:02:39.000Z</time>
        <extensions>
          <ns3:TrackPointExtension>
            <ns3:hr>161</ns3:hr>
            <ns3:cad>95</ns3:cad>
          </ns3:TrackPointExtension>
        </extensions>
      </trkpt>
      <trkpt lat="53.98485613055527210235595703125" lon="-1.0227995552122592926025390625">
        <ele>17.3999996185302734375</ele>
        <time>2018-10-14T09:02:45.000Z</time>
        <extensions>
          <ns3:TrackPointExtension>
            <ns3:hr>161</ns3:hr>
            <ns3:cad>97</ns3:cad>
          </ns3:TrackPointExtension>
        </extensions>
      </trkpt>
      <trkpt lat="53.9849876426160335540771484375" lon="-1.02255186997354030609130859375">
        <ele>18</ele>
        <time>2018-10-14T09:02:51.000Z</time>
        <extensions>
          <ns3:TrackPointExtension>
            <ns3:hr>161</ns3:hr>
            <ns3:cad>96</ns3:cad>
          </ns3:TrackPointExtension>
        </extensions>
      </trkpt>
      <trkpt lat="53.98511898703873157501220703125" lon="-1.0222664661705493927001953125">
        <ele>18</ele>
        <time>2018-10-14T09:02:57.000Z</time>
        <extensions>
          <ns3:TrackPointExtension>
            <ns3:hr>160</ns3:hr>
            <ns3:cad>96</ns3:cad>
          </ns3:TrackPointExtension>
        </extensions>
      </trkpt>
      <trkpt lat="53.98523465730249881744384765625" lon="-1.0219730995595455169677734375">
        <ele>17.6000003814697265625</ele>
        <time>2018-10-14T09:03:03.000Z</time>
        <extensions>
          <ns3:TrackPointExtension>
            <ns3:hr>160</ns3:hr>
            <ns3:cad>96</ns3:cad>
          </ns3:TrackPointExtension>
        </extensions>
      </trkpt>
      <trkpt lat="53.9853514172136783599853515625" lon="-1.02167277596890926361083984375">
        <ele>17</ele>
        <time>2018-10-14T09:03:09.000Z</time>
        <extensions>
          <ns3:TrackPointExtension>
            <ns3:hr>159</ns3:hr>
            <ns3:cad>97</ns3:cad>
          </ns3:TrackPointExtension>
        </extensions>
      </trkpt>
      <trkpt lat="53.98542257957160472869873046875" lon="-1.0214618034660816192626953125">
        <ele>17</ele>
        <time>2018-10-14T09:03:13.000Z</time>
        <extensions>
          <ns3:TrackPointExtension>
            <ns3:hr>162</ns3:hr>
            <ns3:cad>97</ns3:cad>
          </ns3:TrackPointExtension>
        </extensions>
      </trkpt>
      <trkpt lat="53.985533304512500762939453125" lon="-1.02117304690182209014892578125">
        <ele>16.6000003814697265625</ele>
        <time>2018-10-14T09:03:18.000Z</time>
        <extensions>
          <ns3:TrackPointExtension>
            <ns3:hr>162</ns3:hr>
            <ns3:cad>98</ns3:cad>
          </ns3:TrackPointExtension>
        </extensions>
      </trkpt>
      <trkpt lat="53.9856367371976375579833984375" lon="-1.0208876430988311767578125">
        <ele>16</ele>
        <time>2018-10-14T09:03:23.000Z</time>
        <extensions>
          <ns3:TrackPointExtension>
            <ns3:hr>161</ns3:hr>
            <ns3:cad>99</ns3:cad>
          </ns3:TrackPointExtension>
        </extensions>
      </trkpt>
      <trkpt lat="53.98574913851916790008544921875" lon="-1.02060257457196712493896484375">
        <ele>15.80000019073486328125</ele>
        <time>2018-10-14T09:03:28.000Z</time>
        <extensions>
          <ns3:TrackPointExtension>
            <ns3:hr>161</ns3:hr>
            <ns3:cad>99</ns3:cad>
          </ns3:TrackPointExtension>
        </extensions>
      </trkpt>
      <trkpt lat="53.9858442731201648712158203125" lon="-1.02031105197966098785400390625">
        <ele>15.3999996185302734375</ele>
        <time>2018-10-14T09:03:33.000Z</time>
        <extensions>
          <ns3:TrackPointExtension>
            <ns3:hr>160</ns3:hr>
            <ns3:cad>100</ns3:cad>
          </ns3:TrackPointExtension>
        </extensions>
      </trkpt>
      <trkpt lat="53.9859594404697418212890625" lon="-1.02000762708485126495361328125">
        <ele>15</ele>
        <time>2018-10-14T09:03:38.000Z</time>
        <extensions>
          <ns3:TrackPointExtension>
            <ns3:hr>160</ns3:hr>
            <ns3:cad>100</ns3:cad>
          </ns3:TrackPointExtension>
        </extensions>
      </trkpt>
      <trkpt lat="53.9860853366553783416748046875" lon="-1.01972264237701892852783203125">
        <ele>14.3999996185302734375</ele>
        <time>2018-10-14T09:03:43.000Z</time>
        <extensions>
          <ns3:TrackPointExtension>
            <ns3:hr>160</ns3:hr>
            <ns3:cad>100</ns3:cad>
          </ns3:TrackPointExtension>
        </extensions>
      </trkpt>
      <trkpt lat="53.986199162900447845458984375" lon="-1.01945123635232448577880859375">
        <ele>14</ele>
        <time>2018-10-14T09:03:48.000Z</time>
        <extensions>
          <ns3:TrackPointExtension>
            <ns3:hr>160</ns3:hr>
            <ns3:cad>101</ns3:cad>
          </ns3:TrackPointExtension>
        </extensions>
      </trkpt>
      <trkpt lat="53.986314497888088226318359375" lon="-1.01921067573130130767822265625">
        <ele>14</ele>
        <time>2018-10-14T09:03:53.000Z</time>
        <extensions>
          <ns3:TrackPointExtension>
            <ns3:hr>159</ns3:hr>
            <ns3:cad>100</ns3:cad>
          </ns3:TrackPointExtension>
        </extensions>
      </trkpt>
      <trkpt lat="53.98643662221729755401611328125" lon="-1.0189650021493434906005859375">
        <ele>14</ele>
        <time>2018-10-14T09:03:58.000Z</time>
        <extensions>
          <ns3:TrackPointExtension>
            <ns3:hr>158</ns3:hr>
            <ns3:cad>99</ns3:cad>
          </ns3:TrackPointExtension>
        </extensions>
      </trkpt>
      <trkpt lat="53.98657006211578845977783203125" lon="-1.0186997987329959869384765625">
        <ele>14</ele>
        <time>2018-10-14T09:04:04.000Z</time>
        <extensions>
          <ns3:TrackPointExtension>
            <ns3:hr>156</ns3:hr>
            <ns3:cad>99</ns3:cad>
          </ns3:TrackPointExtension>
        </extensions>
      </trkpt>
      <trkpt lat="53.9866606704890727996826171875" lon="-1.01852771826088428497314453125">
        <ele>14</ele>
        <time>2018-10-14T09:04:08.000Z</time>
        <extensions>
          <ns3:TrackPointExtension>
            <ns3:hr>159</ns3:hr>
            <ns3:cad>98</ns3:cad>
          </ns3:TrackPointExtension>
        </extensions>
      </trkpt>
      <trkpt lat="53.98680626414716243743896484375" lon="-1.0182706452906131744384765625">
        <ele>14</ele>
        <time>2018-10-14T09:04:14.000Z</time>
        <extensions>
          <ns3:TrackPointExtension>
            <ns3:hr>158</ns3:hr>
            <ns3:cad>98</ns3:cad>
          </ns3:TrackPointExtension>
        </extensions>
      </trkpt>
      <trkpt lat="53.986956216394901275634765625" lon="-1.01801424287259578704833984375">
        <ele>12.80000019073486328125</ele>
        <time>2018-10-14T09:04:20.000Z</time>
        <extensions>
          <ns3:TrackPointExtension>
            <ns3:hr>160</ns3:hr>
            <ns3:cad>98</ns3:cad>
          </ns3:TrackPointExtension>
        </extensions>
      </trkpt>
      <trkpt lat="53.98707926273345947265625" lon="-1.017787344753742218017578125">
        <ele>12.3999996185302734375</ele>
        <time>2018-10-14T09:04:25.000Z</time>
        <extensions>
          <ns3:TrackPointExtension>
            <ns3:hr>159</ns3:hr>
            <ns3:cad>98</ns3:cad>
          </ns3:TrackPointExtension>
        </extensions>
      </trkpt>
      <trkpt lat="53.9871706254780292510986328125" lon="-1.01761291734874248504638671875">
        <ele>13</ele>
        <time>2018-10-14T09:04:29.000Z</time>
        <extensions>
          <ns3:TrackPointExtension>
            <ns3:hr>159</ns3:hr>
            <ns3:cad>99</ns3:cad>
          </ns3:TrackPointExtension>
        </extensions>
      </trkpt>
      <trkpt lat="53.98729828186333179473876953125" lon="-1.0173925571143627166748046875">
        <ele>13</ele>
        <time>2018-10-14T09:04:34.000Z</time>
        <extensions>
          <ns3:TrackPointExtension>
            <ns3:hr>158</ns3:hr>
            <ns3:cad>98</ns3:cad>
          </ns3:TrackPointExtension>
        </extensions>
      </trkpt>
      <trkpt lat="53.9874307997524738311767578125" lon="-1.01711737923324108123779296875">
        <ele>14.19999980926513671875</ele>
        <time>2018-10-14T09:04:40.000Z</time>
        <extensions>
          <ns3:TrackPointExtension>
            <ns3:hr>158</ns3:hr>
            <ns3:cad>98</ns3:cad>
          </ns3:TrackPointExtension>
        </extensions>
      </trkpt>
      <trkpt lat="53.987567089498043060302734375" lon="-1.01684949360787868499755859375">
        <ele>14.80000019073486328125</ele>
        <time>2018-10-14T09:04:46.000Z</time>
        <extensions>
          <ns3:TrackPointExtension>
            <ns3:hr>158</ns3:hr>
            <ns3:cad>98</ns3:cad>
          </ns3:TrackPointExtension>
        </extensions>
      </trkpt>
      <trkpt lat="53.98770757019519805908203125" lon="-1.01658529601991176605224609375">
        <ele>15.80000019073486328125</ele>
        <time>2018-10-14T09:04:52.000Z</time>
        <extensions>
          <ns3:TrackPointExtension>
            <ns3:hr>159</ns3:hr>
            <ns3:cad>98</ns3:cad>
          </ns3:TrackPointExtension>
        </extensions>
      </trkpt>
      <trkpt lat="53.9878304488956928253173828125" lon="-1.0163575597107410430908203125">
        <ele>15.3999996185302734375</ele>
        <time>2018-10-14T09:04:57.000Z</time>
        <extensions>
          <ns3:TrackPointExtension>
            <ns3:hr>160</ns3:hr>
            <ns3:cad>98</ns3:cad>
          </ns3:TrackPointExtension>
        </extensions>
      </trkpt>
      <trkpt lat="53.98795173503458499908447265625" lon="-1.01611775346100330352783203125">
        <ele>14.80000019073486328125</ele>
        <time>2018-10-14T09:05:02.000Z</time>
        <extensions>
          <ns3:TrackPointExtension>
            <ns3:hr>159</ns3:hr>
            <ns3:cad>99</ns3:cad>
          </ns3:TrackPointExtension>
        </extensions>
      </trkpt>
      <trkpt lat="53.98807327263057231903076171875" lon="-1.0158848203718662261962890625">
        <ele>14.80000019073486328125</ele>
        <time>2018-10-14T09:05:07.000Z</time>
        <extensions>
          <ns3:TrackPointExtension>
            <ns3:hr>159</ns3:hr>
            <ns3:cad>98</ns3:cad>
          </ns3:TrackPointExtension>
        </extensions>
      </trkpt>
      <trkpt lat="53.9882066287100315093994140625" lon="-1.0156031884253025054931640625">
        <ele>15</ele>
        <time>2018-10-14T09:05:13.000Z</time>
        <extensions>
          <ns3:TrackPointExtension>
            <ns3:hr>161</ns3:hr>
            <ns3:cad>98</ns3:cad>
          </ns3:TrackPointExtension>
        </extensions>
      </trkpt>
      <trkpt lat="53.98831433616578578948974609375" lon="-1.01535550318658351898193359375">
        <ele>14.80000019073486328125</ele>
        <time>2018-10-14T09:05:18.000Z</time>
        <extensions>
          <ns3:TrackPointExtension>
            <ns3:hr>163</ns3:hr>
            <ns3:cad>98</ns3:cad>
          </ns3:TrackPointExtension>
        </extensions>
      </trkpt>
      <trkpt lat="53.98843855597078800201416015625" lon="-1.01506054401397705078125">
        <ele>14.19999980926513671875</ele>
        <time>2018-10-14T09:05:24.000Z</time>
        <extensions>
          <ns3:TrackPointExtension>
            <ns3:hr>162</ns3:hr>
            <ns3:cad>98</ns3:cad>
          </ns3:TrackPointExtension>
        </extensions>
      </trkpt>
      <trkpt lat="53.98855908773839473724365234375" lon="-1.01477296091616153717041015625">
        <ele>14.3999996185302734375</ele>
        <time>2018-10-14T09:05:30.000Z</time>
        <extensions>
          <ns3:TrackPointExtension>
            <ns3:hr>160</ns3:hr>
            <ns3:cad>98</ns3:cad>
          </ns3:TrackPointExtension>
        </extensions>
      </trkpt>
      <trkpt lat="53.988703675568103790283203125" lon="-1.0145172290503978729248046875">
        <ele>14.80000019073486328125</ele>
        <time>2018-10-14T09:05:36.000Z</time>
        <extensions>
          <ns3:TrackPointExtension>
            <ns3:hr>159</ns3:hr>
            <ns3:cad>97</ns3:cad>
          </ns3:TrackPointExtension>
        </extensions>
      </trkpt>
      <trkpt lat="53.98886603303253650665283203125" lon="-1.0142939351499080657958984375">
        <ele>15.3999996185302734375</ele>
        <time>2018-10-14T09:05:42.000Z</time>
        <extensions>
          <ns3:TrackPointExtension>
            <ns3:hr>160</ns3:hr>
            <ns3:cad>98</ns3:cad>
          </ns3:TrackPointExtension>
        </extensions>
      </trkpt>
      <trkpt lat="53.988997042179107666015625" lon="-1.014114730060100555419921875">
        <ele>15.19999980926513671875</ele>
        <time>2018-10-14T09:05:47.000Z</time>
        <extensions>
          <ns3:TrackPointExtension>
            <ns3:hr>163</ns3:hr>
            <ns3:cad>97</ns3:cad>
          </ns3:TrackPointExtension>
        </extensions>
      </trkpt>
      <trkpt lat="53.9891467429697513580322265625" lon="-1.0138916037976741790771484375">
        <ele>15.3999996185302734375</ele>
        <time>2018-10-14T09:05:53.000Z</time>
        <extensions>
          <ns3:TrackPointExtension>
            <ns3:hr>161</ns3:hr>
            <ns3:cad>97</ns3:cad>
          </ns3:TrackPointExtension>
        </extensions>
      </trkpt>
      <trkpt lat="53.98928948678076267242431640625" lon="-1.01365816779434680938720703125">
        <ele>16</ele>
        <time>2018-10-14T09:05:59.000Z</time>
        <extensions>
          <ns3:TrackPointExtension>
            <ns3:hr>160</ns3:hr>
            <ns3:cad>98</ns3:cad>
          </ns3:TrackPointExtension>
        </extensions>
      </trkpt>
      <trkpt lat="53.98944966495037078857421875" lon="-1.01342263631522655487060546875">
        <ele>16.200000762939453125</ele>
        <time>2018-10-14T09:06:05.000Z</time>
        <extensions>
          <ns3:TrackPointExtension>
            <ns3:hr>159</ns3:hr>
            <ns3:cad>97</ns3:cad>
          </ns3:TrackPointExtension>
        </extensions>
      </trkpt>
      <trkpt lat="53.989593498408794403076171875" lon="-1.0132176987826824188232421875">
        <ele>17</ele>
        <time>2018-10-14T09:06:10.000Z</time>
        <extensions>
          <ns3:TrackPointExtension>
            <ns3:hr>159</ns3:hr>
            <ns3:cad>98</ns3:cad>
          </ns3:TrackPointExtension>
        </extensions>
      </trkpt>
      <trkpt lat="53.9897425286471843719482421875" lon="-1.0129939019680023193359375">
        <ele>17.6000003814697265625</ele>
        <time>2018-10-14T09:06:15.000Z</time>
        <extensions>
          <ns3:TrackPointExtension>
            <ns3:hr>161</ns3:hr>
            <ns3:cad>99</ns3:cad>
          </ns3:TrackPointExtension>
        </extensions>
      </trkpt>
      <trkpt lat="53.9898808300495147705078125" lon="-1.01277622394263744354248046875">
        <ele>18</ele>
        <time>2018-10-14T09:06:20.000Z</time>
        <extensions>
          <ns3:TrackPointExtension>
            <ns3:hr>162</ns3:hr>
            <ns3:cad>99</ns3:cad>
          </ns3:TrackPointExtension>
        </extensions>
      </trkpt>
      <trkpt lat="53.9900325424969196319580078125" lon="-1.0125169716775417327880859375">
        <ele>18</ele>
        <time>2018-10-14T09:06:26.000Z</time>
        <extensions>
          <ns3:TrackPointExtension>
            <ns3:hr>160</ns3:hr>
            <ns3:cad>98</ns3:cad>
          </ns3:TrackPointExtension>
        </extensions>
      </trkpt>
      <trkpt lat="53.990173526108264923095703125" lon="-1.0122509300708770751953125">
        <ele>17.799999237060546875</ele>
        <time>2018-10-14T09:06:32.000Z</time>
        <extensions>
          <ns3:TrackPointExtension>
            <ns3:hr>158</ns3:hr>
            <ns3:cad>99</ns3:cad>
          </ns3:TrackPointExtension>
        </extensions>
      </trkpt>
      <trkpt lat="53.99032029323279857635498046875" lon="-1.0119899176061153411865234375">
        <ele>17.6000003814697265625</ele>
        <time>2018-10-14T09:06:38.000Z</time>
        <extensions>
          <ns3:TrackPointExtension>
            <ns3:hr>158</ns3:hr>
            <ns3:cad>99</ns3:cad>
          </ns3:TrackPointExtension>
        </extensions>
      </trkpt>
      <trkpt lat="53.99045088328421115875244140625" lon="-1.01175648160278797149658203125">
        <ele>17.799999237060546875</ele>
        <time>2018-10-14T09:06:43.000Z</time>
        <extensions>
          <ns3:TrackPointExtension>
            <ns3:hr>158</ns3:hr>
            <ns3:cad>99</ns3:cad>
          </ns3:TrackPointExtension>
        </extensions>
      </trkpt>
      <trkpt lat="53.99058289825916290283203125" lon="-1.0115282423794269561767578125">
        <ele>17</ele>
        <time>2018-10-14T09:06:48.000Z</time>
        <extensions>
          <ns3:TrackPointExtension>
            <ns3:hr>160</ns3:hr>
            <ns3:cad>99</ns3:cad>
          </ns3:TrackPointExtension>
        </extensions>
      </trkpt>
      <trkpt lat="53.990713655948638916015625" lon="-1.01129262708127498626708984375">
        <ele>17</ele>
        <time>2018-10-14T09:06:53.000Z</time>
        <extensions>
          <ns3:TrackPointExtension>
            <ns3:hr>160</ns3:hr>
            <ns3:cad>99</ns3:cad>
          </ns3:TrackPointExtension>
        </extensions>
      </trkpt>
      <trkpt lat="53.990839384496212005615234375" lon="-1.0110412538051605224609375">
        <ele>17</ele>
        <time>2018-10-14T09:06:58.000Z</time>
        <extensions>
          <ns3:TrackPointExtension>
            <ns3:hr>159</ns3:hr>
            <ns3:cad>98</ns3:cad>
          </ns3:TrackPointExtension>
        </extensions>
      </trkpt>
      <trkpt lat="53.99096603505313396453857421875" lon="-1.010747887194156646728515625">
        <ele>17</ele>
        <time>2018-10-14T09:07:04.000Z</time>
        <extensions>
          <ns3:TrackPointExtension>
            <ns3:hr>159</ns3:hr>
            <ns3:cad>99</ns3:cad>
          </ns3:TrackPointExtension>
        </extensions>
      </trkpt>
      <trkpt lat="53.99106896482408046722412109375" lon="-1.010494418442249298095703125">
        <ele>17.3999996185302734375</ele>
        <time>2018-10-14T09:07:09.000Z</time>
        <extensions>
          <ns3:TrackPointExtension>
            <ns3:hr>160</ns3:hr>
            <ns3:cad>98</ns3:cad>
          </ns3:TrackPointExtension>
        </extensions>
      </trkpt>
      <trkpt lat="53.9911791868507862091064453125" lon="-1.01019225083291530609130859375">
        <ele>17.200000762939453125</ele>
        <time>2018-10-14T09:07:15.000Z</time>
        <extensions>
          <ns3:TrackPointExtension>
            <ns3:hr>158</ns3:hr>
            <ns3:cad>99</ns3:cad>
          </ns3:TrackPointExtension>
        </extensions>
      </trkpt>
      <trkpt lat="53.99127633310854434967041015625" lon="-1.00994783453643321990966796875">
        <ele>16.799999237060546875</ele>
        <time>2018-10-14T09:07:20.000Z</time>
        <extensions>
          <ns3:TrackPointExtension>
            <ns3:hr>161</ns3:hr>
            <ns3:cad>99</ns3:cad>
          </ns3:TrackPointExtension>
        </extensions>
      </trkpt>
      <trkpt lat="53.9913976192474365234375" lon="-1.00965547375380992889404296875">
        <ele>16.3999996185302734375</ele>
        <time>2018-10-14T09:07:26.000Z</time>
        <extensions>
          <ns3:TrackPointExtension>
            <ns3:hr>160</ns3:hr>
            <ns3:cad>99</ns3:cad>
          </ns3:TrackPointExtension>
        </extensions>
      </trkpt>
      <trkpt lat="53.991515636444091796875" lon="-1.00936445407569408416748046875">
        <ele>16</ele>
        <time>2018-10-14T09:07:32.000Z</time>
        <extensions>
          <ns3:TrackPointExtension>
            <ns3:hr>159</ns3:hr>
            <ns3:cad>99</ns3:cad>
          </ns3:TrackPointExtension>
        </extensions>
      </trkpt>
      <trkpt lat="53.99164329282939434051513671875" lon="-1.00908298976719379425048828125">
        <ele>16</ele>
        <time>2018-10-14T09:07:38.000Z</time>
        <extensions>
          <ns3:TrackPointExtension>
            <ns3:hr>160</ns3:hr>
            <ns3:cad>98</ns3:cad>
          </ns3:TrackPointExtension>
        </extensions>
      </trkpt>
      <trkpt lat="53.99176843464374542236328125" lon="-1.0087997652590274810791015625">
        <ele>16.799999237060546875</ele>
        <time>2018-10-14T09:07:44.000Z</time>
        <extensions>
          <ns3:TrackPointExtension>
            <ns3:hr>158</ns3:hr>
            <ns3:cad>97</ns3:cad>
          </ns3:TrackPointExtension>
        </extensions>
      </trkpt>
      <trkpt lat="53.9918953366577625274658203125" lon="-1.0085131041705608367919921875">
        <ele>17</ele>
        <time>2018-10-14T09:07:50.000Z</time>
        <extensions>
          <ns3:TrackPointExtension>
            <ns3:hr>157</ns3:hr>
            <ns3:cad>99</ns3:cad>
          </ns3:TrackPointExtension>
        </extensions>
      </trkpt>
      <trkpt lat="53.9919184707105159759521484375" lon="-1.0084661655128002166748046875">
        <ele>17</ele>
        <time>2018-10-14T09:07:51.000Z</time>
        <extensions>
          <ns3:TrackPointExtension>
            <ns3:hr>158</ns3:hr>
            <ns3:cad>99</ns3:cad>
          </ns3:TrackPointExtension>
        </extensions>
      </trkpt>
      <trkpt lat="53.992048390209674835205078125" lon="-1.0081972740590572357177734375">
        <ele>17</ele>
        <time>2018-10-14T09:07:57.000Z</time>
        <extensions>
          <ns3:TrackPointExtension>
            <ns3:hr>158</ns3:hr>
            <ns3:cad>98</ns3:cad>
          </ns3:TrackPointExtension>
        </extensions>
      </trkpt>
      <trkpt lat="53.99212424643337726593017578125" lon="-1.00800960324704647064208984375">
        <ele>16.799999237060546875</ele>
        <time>2018-10-14T09:08:01.000Z</time>
        <extensions>
          <ns3:TrackPointExtension>
            <ns3:hr>161</ns3:hr>
            <ns3:cad>98</ns3:cad>
          </ns3:TrackPointExtension>
        </extensions>
      </trkpt>
      <trkpt lat="53.99226472713053226470947265625" lon="-1.00772981531918048858642578125">
        <ele>17</ele>
        <time>2018-10-14T09:08:07.000Z</time>
        <extensions>
          <ns3:TrackPointExtension>
            <ns3:hr>161</ns3:hr>
            <ns3:cad>99</ns3:cad>
          </ns3:TrackPointExtension>
        </extensions>
      </trkpt>
      <trkpt lat="53.99238324724137783050537109375" lon="-1.0074834711849689483642578125">
        <ele>17</ele>
        <time>2018-10-14T09:08:12.000Z</time>
        <extensions>
          <ns3:TrackPointExtension>
            <ns3:hr>160</ns3:hr>
            <ns3:cad>100</ns3:cad>
          </ns3:TrackPointExtension>
        </extensions>
      </trkpt>
      <trkpt lat="53.99251953698694705963134765625" lon="-1.0072068683803081512451171875">
        <ele>17.6000003814697265625</ele>
        <time>2018-10-14T09:08:18.000Z</time>
        <extensions>
          <ns3:TrackPointExtension>
            <ns3:hr>159</ns3:hr>
            <ns3:cad>99</ns3:cad>
          </ns3:TrackPointExtension>
        </extensions>
      </trkpt>
      <trkpt lat="53.99263679981231689453125" lon="-1.00696563720703125">
        <ele>18</ele>
        <time>2018-10-14T09:08:23.000Z</time>
        <extensions>
          <ns3:TrackPointExtension>
            <ns3:hr>161</ns3:hr>
            <ns3:cad>99</ns3:cad>
          </ns3:TrackPointExtension>
        </extensions>
      </trkpt>
      <trkpt lat="53.9927603490650653839111328125" lon="-1.00672985427081584930419921875">
        <ele>18.3999996185302734375</ele>
        <time>2018-10-14T09:08:28.000Z</time>
        <extensions>
          <ns3:TrackPointExtension>
            <ns3:hr>162</ns3:hr>
            <ns3:cad>99</ns3:cad>
          </ns3:TrackPointExtension>
        </extensions>
      </trkpt>
      <trkpt lat="53.99290435016155242919921875" lon="-1.0064546763896942138671875">
        <ele>18.6000003814697265625</ele>
        <time>2018-10-14T09:08:34.000Z</time>
        <extensions>
          <ns3:TrackPointExtension>
            <ns3:hr>161</ns3:hr>
            <ns3:cad>99</ns3:cad>
          </ns3:TrackPointExtension>
        </extensions>
      </trkpt>
      <trkpt lat="53.99302178062498569488525390625" lon="-1.0062104277312755584716796875">
        <ele>17.799999237060546875</ele>
        <time>2018-10-14T09:08:39.000Z</time>
        <extensions>
          <ns3:TrackPointExtension>
            <ns3:hr>160</ns3:hr>
            <ns3:cad>99</ns3:cad>
          </ns3:TrackPointExtension>
        </extensions>
      </trkpt>
      <trkpt lat="53.9931375347077846527099609375" lon="-1.00597447715699672698974609375">
        <ele>17</ele>
        <time>2018-10-14T09:08:44.000Z</time>
        <extensions>
          <ns3:TrackPointExtension>
            <ns3:hr>160</ns3:hr>
            <ns3:cad>99</ns3:cad>
          </ns3:TrackPointExtension>
        </extensions>
      </trkpt>
      <trkpt lat="53.9932612515985965728759765625" lon="-1.00574498064815998077392578125">
        <ele>16.200000762939453125</ele>
        <time>2018-10-14T09:08:49.000Z</time>
        <extensions>
          <ns3:TrackPointExtension>
            <ns3:hr>161</ns3:hr>
            <ns3:cad>99</ns3:cad>
          </ns3:TrackPointExtension>
        </extensions>
      </trkpt>
      <trkpt lat="53.9933785982429981231689453125" lon="-1.00550425238907337188720703125">
        <ele>16</ele>
        <time>2018-10-14T09:08:54.000Z</time>
        <extensions>
          <ns3:TrackPointExtension>
            <ns3:hr>161</ns3:hr>
            <ns3:cad>98</ns3:cad>
          </ns3:TrackPointExtension>
        </extensions>
      </trkpt>
      <trkpt lat="53.99350650608539581298828125" lon="-1.00520971231162548065185546875">
        <ele>16.200000762939453125</ele>
        <time>2018-10-14T09:09:00.000Z</time>
        <extensions>
          <ns3:TrackPointExtension>
            <ns3:hr>160</ns3:hr>
            <ns3:cad>98</ns3:cad>
          </ns3:TrackPointExtension>
        </extensions>
      </trkpt>
      <trkpt lat="53.99364103563129901885986328125" lon="-1.00492975674569606781005859375">
        <ele>17.3999996185302734375</ele>
        <time>2018-10-14T09:09:06.000Z</time>
        <extensions>
          <ns3:TrackPointExtension>
            <ns3:hr>159</ns3:hr>
            <ns3:cad>99</ns3:cad>
          </ns3:TrackPointExtension>
        </extensions>
      </trkpt>
      <trkpt lat="53.99378034286201000213623046875" lon="-1.0046668164432048797607421875">
        <ele>18.200000762939453125</ele>
        <time>2018-10-14T09:09:12.000Z</time>
        <extensions>
          <ns3:TrackPointExtension>
            <ns3:hr>160</ns3:hr>
            <ns3:cad>98</ns3:cad>
          </ns3:TrackPointExtension>
        </extensions>
      </trkpt>
      <trkpt lat="53.99391822516918182373046875" lon="-1.00439532659947872161865234375">
        <ele>18</ele>
        <time>2018-10-14T09:09:18.000Z</time>
        <extensions>
          <ns3:TrackPointExtension>
            <ns3:hr>161</ns3:hr>
            <ns3:cad>98</ns3:cad>
          </ns3:TrackPointExtension>
        </extensions>
      </trkpt>
      <trkpt lat="53.9940597116947174072265625" lon="-1.00415459834039211273193359375">
        <ele>18.200000762939453125</ele>
        <time>2018-10-14T09:09:24.000Z</time>
        <extensions>
          <ns3:TrackPointExtension>
            <ns3:hr>162</ns3:hr>
            <ns3:cad>99</ns3:cad>
          </ns3:TrackPointExtension>
        </extensions>
      </trkpt>
      <trkpt lat="53.99420253932476043701171875" lon="-1.00390012376010417938232421875">
        <ele>19.200000762939453125</ele>
        <time>2018-10-14T09:09:30.000Z</time>
        <extensions>
          <ns3:TrackPointExtension>
            <ns3:hr>161</ns3:hr>
            <ns3:cad>98</ns3:cad>
          </ns3:TrackPointExtension>
        </extensions>
      </trkpt>
      <trkpt lat="53.9943408407270908355712890625" lon="-1.00365822203457355499267578125">
        <ele>20.200000762939453125</ele>
        <time>2018-10-14T09:09:36.000Z</time>
        <extensions>
          <ns3:TrackPointExtension>
            <ns3:hr>160</ns3:hr>
            <ns3:cad>98</ns3:cad>
          </ns3:TrackPointExtension>
        </extensions>
      </trkpt>
      <trkpt lat="53.9944937266409397125244140625" lon="-1.00342042744159698486328125">
        <ele>21</ele>
        <time>2018-10-14T09:09:42.000Z</time>
        <extensions>
          <ns3:TrackPointExtension>
            <ns3:hr>159</ns3:hr>
            <ns3:cad>98</ns3:cad>
          </ns3:TrackPointExtension>
        </extensions>
      </trkpt>
      <trkpt lat="53.994633369147777557373046875" lon="-1.003164947032928466796875">
        <ele>20</ele>
        <time>2018-10-14T09:09:48.000Z</time>
        <extensions>
          <ns3:TrackPointExtension>
            <ns3:hr>159</ns3:hr>
            <ns3:cad>99</ns3:cad>
          </ns3:TrackPointExtension>
        </extensions>
      </trkpt>
      <trkpt lat="53.99468122981488704681396484375" lon="-1.00306998006999492645263671875">
        <ele>19.6000003814697265625</ele>
        <time>2018-10-14T09:09:50.000Z</time>
        <extensions>
          <ns3:TrackPointExtension>
            <ns3:hr>163</ns3:hr>
            <ns3:cad>99</ns3:cad>
          </ns3:TrackPointExtension>
        </extensions>
      </trkpt>
      <trkpt lat="53.99483059532940387725830078125" lon="-1.0028217919170856475830078125">
        <ele>19</ele>
        <time>2018-10-14T09:09:56.000Z</time>
        <extensions>
          <ns3:TrackPointExtension>
            <ns3:hr>167</ns3:hr>
            <ns3:cad>99</ns3:cad>
          </ns3:TrackPointExtension>
        </extensions>
      </trkpt>
      <trkpt lat="53.994935788214206695556640625" lon="-1.00267837755382061004638671875">
        <ele>19</ele>
        <time>2018-10-14T09:10:00.000Z</time>
        <extensions>
          <ns3:TrackPointExtension>
            <ns3:hr>170</ns3:hr>
            <ns3:cad>99</ns3:cad>
          </ns3:TrackPointExtension>
        </extensions>
      </trkpt>
      <trkpt lat="53.99502539075911045074462890625" lon="-1.00258014164865016937255859375">
        <ele>19.200000762939453125</ele>
        <time>2018-10-14T09:10:03.000Z</time>
        <extensions>
          <ns3:TrackPointExtension>
            <ns3:hr>174</ns3:hr>
            <ns3:cad>98</ns3:cad>
          </ns3:TrackPointExtension>
        </extensions>
      </trkpt>
      <trkpt lat="53.99508506990969181060791015625" lon="-1.00251425988972187042236328125">
        <ele>19.3999996185302734375</ele>
        <time>2018-10-14T09:10:05.000Z</time>
        <extensions>
          <ns3:TrackPointExtension>
            <ns3:hr>177</ns3:hr>
            <ns3:cad>98</ns3:cad>
          </ns3:TrackPointExtension>
        </extensions>
      </trkpt>
      <trkpt lat="53.99524985812604427337646484375" lon="-1.0023520700633525848388671875">
        <ele>20</ele>
        <time>2018-10-14T09:10:10.000Z</time>
        <extensions>
          <ns3:TrackPointExtension>
            <ns3:hr>178</ns3:hr>
            <ns3:cad>97</ns3:cad>
          </ns3:TrackPointExtension>
        </extensions>
      </trkpt>
      <trkpt lat="53.99540542624890804290771484375" lon="-1.002188622951507568359375">
        <ele>20</ele>
        <time>2018-10-14T09:10:15.000Z</time>
        <extensions>
          <ns3:TrackPointExtension>
            <ns3:hr>175</ns3:hr>
            <ns3:cad>97</ns3:cad>
          </ns3:TrackPointExtension>
        </extensions>
      </trkpt>
      <trkpt lat="53.9955015666782855987548828125" lon="-1.0020922310650348663330078125">
        <ele>20</ele>
        <time>2018-10-14T09:10:18.000Z</time>
        <extensions>
          <ns3:TrackPointExtension>
            <ns3:hr>172</ns3:hr>
            <ns3:cad>99</ns3:cad>
          </ns3:TrackPointExtension>
        </extensions>
      </trkpt>
      <trkpt lat="53.995660655200481414794921875" lon="-1.00186382420361042022705078125">
        <ele>20</ele>
        <time>2018-10-14T09:10:24.000Z</time>
        <extensions>
          <ns3:TrackPointExtension>
            <ns3:hr>170</ns3:hr>
            <ns3:cad>98</ns3:cad>
          </ns3:TrackPointExtension>
        </extensions>
      </trkpt>
      <trkpt lat="53.995772302150726318359375" lon="-1.00162242539227008819580078125">
        <ele>19.799999237060546875</ele>
        <time>2018-10-14T09:10:29.000Z</time>
        <extensions>
          <ns3:TrackPointExtension>
            <ns3:hr>170</ns3:hr>
            <ns3:cad>98</ns3:cad>
          </ns3:TrackPointExtension>
        </extensions>
      </trkpt>
      <trkpt lat="53.995879255235195159912109375" lon="-1.0013710521161556243896484375">
        <ele>19.799999237060546875</ele>
        <time>2018-10-14T09:10:34.000Z</time>
        <extensions>
          <ns3:TrackPointExtension>
            <ns3:hr>171</ns3:hr>
            <ns3:cad>98</ns3:cad>
          </ns3:TrackPointExtension>
        </extensions>
      </trkpt>
      <trkpt lat="53.99598914198577404022216796875" lon="-1.001128144562244415283203125">
        <ele>20</ele>
        <time>2018-10-14T09:10:39.000Z</time>
        <extensions>
          <ns3:TrackPointExtension>
            <ns3:hr>167</ns3:hr>
            <ns3:cad>99</ns3:cad>
          </ns3:TrackPointExtension>
        </extensions>
      </trkpt>
      <trkpt lat="53.99608947336673736572265625" lon="-1.0008919425308704376220703125">
        <ele>20</ele>
        <time>2018-10-14T09:10:44.000Z</time>
        <extensions>
          <ns3:TrackPointExtension>
            <ns3:hr>164</ns3:hr>
            <ns3:cad>98</ns3:cad>
          </ns3:TrackPointExtension>
        </extensions>
      </trkpt>
      <trkpt lat="53.996220566332340240478515625" lon="-1.00060201250016689300537109375">
        <ele>20.3999996185302734375</ele>
        <time>2018-10-14T09:10:50.000Z</time>
        <extensions>
          <ns3:TrackPointExtension>
            <ns3:hr>165</ns3:hr>
            <ns3:cad>98</ns3:cad>
          </ns3:TrackPointExtension>
        </extensions>
      </trkpt>
      <trkpt lat="53.99634168483316898345947265625" lon="-1.0003685764968395233154296875">
        <ele>21</ele>
        <time>2018-10-14T09:10:55.000Z</time>
        <extensions>
          <ns3:TrackPointExtension>
            <ns3:hr>165</ns3:hr>
            <ns3:cad>99</ns3:cad>
          </ns3:TrackPointExtension>
        </extensions>
      </trkpt>
      <trkpt lat="53.996460624039173126220703125" lon="-1.0001147724688053131103515625">
        <ele>21.200000762939453125</ele>
        <time>2018-10-14T09:11:00.000Z</time>
        <extensions>
          <ns3:TrackPointExtension>
            <ns3:hr>165</ns3:hr>
            <ns3:cad>98</ns3:cad>
          </ns3:TrackPointExtension>
        </extensions>
      </trkpt>
      <trkpt lat="53.99659263901412487030029296875" lon="-0.99987513385713100433349609375">
        <ele>21</ele>
        <time>2018-10-14T09:11:05.000Z</time>
        <extensions>
          <ns3:TrackPointExtension>
            <ns3:hr>168</ns3:hr>
            <ns3:cad>99</ns3:cad>
          </ns3:TrackPointExtension>
        </extensions>
      </trkpt>
      <trkpt lat="53.99671786464750766754150390625" lon="-0.9996450506150722503662109375">
        <ele>21</ele>
        <time>2018-10-14T09:11:10.000Z</time>
        <extensions>
          <ns3:TrackPointExtension>
            <ns3:hr>166</ns3:hr>
            <ns3:cad>99</ns3:cad>
          </ns3:TrackPointExtension>
        </extensions>
      </trkpt>
      <trkpt lat="53.99679531343281269073486328125" lon="-0.999517478048801422119140625">
        <ele>21</ele>
        <time>2018-10-14T09:11:13.000Z</time>
        <extensions>
          <ns3:TrackPointExtension>
            <ns3:hr>164</ns3:hr>
            <ns3:cad>99</ns3:cad>
          </ns3:TrackPointExtension>
        </extensions>
      </trkpt>
      <trkpt lat="53.9969296753406524658203125" lon="-0.99924179725348949432373046875">
        <ele>20.6000003814697265625</ele>
        <time>2018-10-14T09:11:19.000Z</time>
        <extensions>
          <ns3:TrackPointExtension>
            <ns3:hr>163</ns3:hr>
            <ns3:cad>99</ns3:cad>
          </ns3:TrackPointExtension>
        </extensions>
      </trkpt>
      <trkpt lat="53.9970485307276248931884765625" lon="-0.99900945089757442474365234375">
        <ele>20.200000762939453125</ele>
        <time>2018-10-14T09:11:24.000Z</time>
        <extensions>
          <ns3:TrackPointExtension>
            <ns3:hr>164</ns3:hr>
            <ns3:cad>99</ns3:cad>
          </ns3:TrackPointExtension>
        </extensions>
      </trkpt>
      <trkpt lat="53.9971756003797054290771484375" lon="-0.998787917196750640869140625">
        <ele>20</ele>
        <time>2018-10-14T09:11:29.000Z</time>
        <extensions>
          <ns3:TrackPointExtension>
            <ns3:hr>163</ns3:hr>
            <ns3:cad>99</ns3:cad>
          </ns3:TrackPointExtension>
        </extensions>
      </trkpt>
      <trkpt lat="53.99733058176934719085693359375" lon="-0.9985372982919216156005859375">
        <ele>20</ele>
        <time>2018-10-14T09:11:35.000Z</time>
        <extensions>
          <ns3:TrackPointExtension>
            <ns3:hr>165</ns3:hr>
            <ns3:cad>99</ns3:cad>
          </ns3:TrackPointExtension>
        </extensions>
      </trkpt>
      <trkpt lat="53.997417502105236053466796875" lon="-0.9984179399907588958740234375">
        <ele>20</ele>
        <time>2018-10-14T09:11:38.000Z</time>
        <extensions>
          <ns3:TrackPointExtension>
            <ns3:hr>168</ns3:hr>
            <ns3:cad>99</ns3:cad>
          </ns3:TrackPointExtension>
        </extensions>
      </trkpt>
      <trkpt lat="53.9975547976791858673095703125" lon="-0.9982036985456943511962890625">
        <ele>20</ele>
        <time>2018-10-14T09:11:43.000Z</time>
        <extensions>
          <ns3:TrackPointExtension>
            <ns3:hr>167</ns3:hr>
            <ns3:cad>99</ns3:cad>
          </ns3:TrackPointExtension>
        </extensions>
      </trkpt>
      <trkpt lat="53.99762797169387340545654296875" lon="-0.9980712644755840301513671875">
        <ele>20</ele>
        <time>2018-10-14T09:11:46.000Z</time>
        <extensions>
          <ns3:TrackPointExtension>
            <ns3:hr>164</ns3:hr>
            <ns3:cad>98</ns3:cad>
          </ns3:TrackPointExtension>
        </extensions>
      </trkpt>
      <trkpt lat="53.9977611601352691650390625" lon="-0.99785149097442626953125">
        <ele>20</ele>
        <time>2018-10-14T09:11:51.000Z</time>
        <extensions>
          <ns3:TrackPointExtension>
            <ns3:hr>162</ns3:hr>
            <ns3:cad>97</ns3:cad>
          </ns3:TrackPointExtension>
        </extensions>
      </trkpt>
      <trkpt lat="53.997901976108551025390625" lon="-0.9975824318826198577880859375">
        <ele>19.799999237060546875</ele>
        <time>2018-10-14T09:11:57.000Z</time>
        <extensions>
          <ns3:TrackPointExtension>
            <ns3:hr>160</ns3:hr>
            <ns3:cad>97</ns3:cad>
          </ns3:TrackPointExtension>
        </extensions>
      </trkpt>
      <trkpt lat="53.998031727969646453857421875" lon="-0.9973655082285404205322265625">
        <ele>19.3999996185302734375</ele>
        <time>2018-10-14T09:12:02.000Z</time>
        <extensions>
          <ns3:TrackPointExtension>
            <ns3:hr>159</ns3:hr>
            <ns3:cad>98</ns3:cad>
          </ns3:TrackPointExtension>
        </extensions>
      </trkpt>
      <trkpt lat="53.9981760643422603607177734375" lon="-0.99717498756945133209228515625">
        <ele>20</ele>
        <time>2018-10-14T09:12:07.000Z</time>
        <extensions>
          <ns3:TrackPointExtension>
            <ns3:hr>162</ns3:hr>
            <ns3:cad>97</ns3:cad>
          </ns3:TrackPointExtension>
        </extensions>
      </trkpt>
      <trkpt lat="53.998264409601688385009765625" lon="-0.99705881439149379730224609375">
        <ele>19.799999237060546875</ele>
        <time>2018-10-14T09:12:10.000Z</time>
        <extensions>
          <ns3:TrackPointExtension>
            <ns3:hr>165</ns3:hr>
            <ns3:cad>98</ns3:cad>
          </ns3:TrackPointExtension>
        </extensions>
      </trkpt>
      <trkpt lat="53.99843649007380008697509765625" lon="-0.9968585707247257232666015625">
        <ele>19.200000762939453125</ele>
        <time>2018-10-14T09:12:16.000Z</time>
        <extensions>
          <ns3:TrackPointExtension>
            <ns3:hr>166</ns3:hr>
            <ns3:cad>98</ns3:cad>
          </ns3:TrackPointExtension>
        </extensions>
      </trkpt>
      <trkpt lat="53.99861033074557781219482421875" lon="-0.99666385911405086517333984375">
        <ele>19</ele>
        <time>2018-10-14T09:12:22.000Z</time>
        <extensions>
          <ns3:TrackPointExtension>
            <ns3:hr>164</ns3:hr>
            <ns3:cad>98</ns3:cad>
          </ns3:TrackPointExtension>
        </extensions>
      </trkpt>
      <trkpt lat="53.99879389442503452301025390625" lon="-0.99648281000554561614990234375">
        <ele>19</ele>
        <time>2018-10-14T09:12:28.000Z</time>
        <extensions>
          <ns3:TrackPointExtension>
            <ns3:hr>163</ns3:hr>
            <ns3:cad>97</ns3:cad>
          </ns3:TrackPointExtension>
        </extensions>
      </trkpt>
      <trkpt lat="53.99896572344005107879638671875" lon="-0.99629916250705718994140625">
        <ele>19</ele>
        <time>2018-10-14T09:12:34.000Z</time>
        <extensions>
          <ns3:TrackPointExtension>
            <ns3:hr>165</ns3:hr>
            <ns3:cad>97</ns3:cad>
          </ns3:TrackPointExtension>
        </extensions>
      </trkpt>
      <trkpt lat="53.999118693172931671142578125" lon="-0.9961316920816898345947265625">
        <ele>19.3999996185302734375</ele>
        <time>2018-10-14T09:12:39.000Z</time>
        <extensions>
          <ns3:TrackPointExtension>
            <ns3:hr>166</ns3:hr>
            <ns3:cad>98</ns3:cad>
          </ns3:TrackPointExtension>
        </extensions>
      </trkpt>
      <trkpt lat="53.99928255937993526458740234375" lon="-0.995901525020599365234375">
        <ele>20</ele>
        <time>2018-10-14T09:12:45.000Z</time>
        <extensions>
          <ns3:TrackPointExtension>
            <ns3:hr>165</ns3:hr>
            <ns3:cad>98</ns3:cad>
          </ns3:TrackPointExtension>
        </extensions>
      </trkpt>
      <trkpt lat="53.9994393847882747650146484375" lon="-0.9956566058099269866943359375">
        <ele>20.200000762939453125</ele>
        <time>2018-10-14T09:12:51.000Z</time>
        <extensions>
          <ns3:TrackPointExtension>
            <ns3:hr>163</ns3:hr>
            <ns3:cad>97</ns3:cad>
          </ns3:TrackPointExtension>
        </extensions>
      </trkpt>
      <trkpt lat="53.9995775185525417327880859375" lon="-0.995453260838985443115234375">
        <ele>20.799999237060546875</ele>
        <time>2018-10-14T09:12:56.000Z</time>
        <extensions>
          <ns3:TrackPointExtension>
            <ns3:hr>164</ns3:hr>
            <ns3:cad>97</ns3:cad>
          </ns3:TrackPointExtension>
        </extensions>
      </trkpt>
      <trkpt lat="53.99971003644168376922607421875" lon="-0.99523172713816165924072265625">
        <ele>20.3999996185302734375</ele>
        <time>2018-10-14T09:13:01.000Z</time>
        <extensions>
          <ns3:TrackPointExtension>
            <ns3:hr>163</ns3:hr>
            <ns3:cad>98</ns3:cad>
          </ns3:TrackPointExtension>
        </extensions>
      </trkpt>
      <trkpt lat="53.99986602365970611572265625" lon="-0.99498546682298183441162109375">
        <ele>20</ele>
        <time>2018-10-14T09:13:07.000Z</time>
        <extensions>
          <ns3:TrackPointExtension>
            <ns3:hr>162</ns3:hr>
            <ns3:cad>98</ns3:cad>
          </ns3:TrackPointExtension>
        </extensions>
      </trkpt>
      <trkpt lat="54.00000759400427341461181640625" lon="-0.99479704163968563079833984375">
        <ele>20</ele>
        <time>2018-10-14T09:13:12.000Z</time>
        <extensions>
          <ns3:TrackPointExtension>
            <ns3:hr>164</ns3:hr>
            <ns3:cad>98</ns3:cad>
          </ns3:TrackPointExtension>
        </extensions>
      </trkpt>
      <trkpt lat="54.00012762285768985748291015625" lon="-0.9946434013545513153076171875">
        <ele>20</ele>
        <time>2018-10-14T09:13:16.000Z</time>
        <extensions>
          <ns3:TrackPointExtension>
            <ns3:hr>167</ns3:hr>
            <ns3:cad>99</ns3:cad>
          </ns3:TrackPointExtension>
        </extensions>
      </trkpt>
      <trkpt lat="54.00027497671544551849365234375" lon="-0.9944586642086505889892578125">
        <ele>20</ele>
        <time>2018-10-14T09:13:21.000Z</time>
        <extensions>
          <ns3:TrackPointExtension>
            <ns3:hr>165</ns3:hr>
            <ns3:cad>99</ns3:cad>
          </ns3:TrackPointExtension>
        </extensions>
      </trkpt>
      <trkpt lat="54.00041126646101474761962890625" lon="-0.99425640888512134552001953125">
        <ele>20</ele>
        <time>2018-10-14T09:13:26.000Z</time>
        <extensions>
          <ns3:TrackPointExtension>
            <ns3:hr>163</ns3:hr>
            <ns3:cad>99</ns3:cad>
          </ns3:TrackPointExtension>
        </extensions>
      </trkpt>
      <trkpt lat="54.000554345548152923583984375" lon="-0.994066558778285980224609375">
        <ele>20</ele>
        <time>2018-10-14T09:13:31.000Z</time>
        <extensions>
          <ns3:TrackPointExtension>
            <ns3:hr>164</ns3:hr>
            <ns3:cad>100</ns3:cad>
          </ns3:TrackPointExtension>
        </extensions>
      </trkpt>
      <trkpt lat="54.00069558061659336090087890625" lon="-0.99387519992887973785400390625">
        <ele>20</ele>
        <time>2018-10-14T09:13:36.000Z</time>
        <extensions>
          <ns3:TrackPointExtension>
            <ns3:hr>163</ns3:hr>
            <ns3:cad>100</ns3:cad>
          </ns3:TrackPointExtension>
        </extensions>
      </trkpt>
      <trkpt lat="54.0008374862372875213623046875" lon="-0.99368778057396411895751953125">
        <ele>19.3999996185302734375</ele>
        <time>2018-10-14T09:13:41.000Z</time>
        <extensions>
          <ns3:TrackPointExtension>
            <ns3:hr>163</ns3:hr>
            <ns3:cad>99</ns3:cad>
          </ns3:TrackPointExtension>
        </extensions>
      </trkpt>
      <trkpt lat="54.001013673841953277587890625" lon="-0.99347940646111965179443359375">
        <ele>18.799999237060546875</ele>
        <time>2018-10-14T09:13:47.000Z</time>
        <extensions>
          <ns3:TrackPointExtension>
            <ns3:hr>162</ns3:hr>
            <ns3:cad>100</ns3:cad>
          </ns3:TrackPointExtension>
        </extensions>
      </trkpt>
      <trkpt lat="54.00118877179920673370361328125" lon="-0.9932674281299114227294921875">
        <ele>18.200000762939453125</ele>
        <time>2018-10-14T09:13:53.000Z</time>
        <extensions>
          <ns3:TrackPointExtension>
            <ns3:hr>161</ns3:hr>
            <ns3:cad>99</ns3:cad>
          </ns3:TrackPointExtension>
        </extensions>
      </trkpt>
      <trkpt lat="54.001334197819232940673828125" lon="-0.993079505860805511474609375">
        <ele>18.200000762939453125</ele>
        <time>2018-10-14T09:13:58.000Z</time>
        <extensions>
          <ns3:TrackPointExtension>
            <ns3:hr>161</ns3:hr>
            <ns3:cad>100</ns3:cad>
          </ns3:TrackPointExtension>
        </extensions>
      </trkpt>
      <trkpt lat="54.00147945620119571685791015625" lon="-0.99288278259336948394775390625">
        <ele>18.200000762939453125</ele>
        <time>2018-10-14T09:14:03.000Z</time>
        <extensions>
          <ns3:TrackPointExtension>
            <ns3:hr>161</ns3:hr>
            <ns3:cad>100</ns3:cad>
          </ns3:TrackPointExtension>
        </extensions>
      </trkpt>
      <trkpt lat="54.00160920806229114532470703125" lon="-0.992669127881526947021484375">
        <ele>18.799999237060546875</ele>
        <time>2018-10-14T09:14:08.000Z</time>
        <extensions>
          <ns3:TrackPointExtension>
            <ns3:hr>162</ns3:hr>
            <ns3:cad>99</ns3:cad>
          </ns3:TrackPointExtension>
        </extensions>
      </trkpt>
      <trkpt lat="54.00174382142722606658935546875" lon="-0.992446839809417724609375">
        <ele>19.6000003814697265625</ele>
        <time>2018-10-14T09:14:13.000Z</time>
        <extensions>
          <ns3:TrackPointExtension>
            <ns3:hr>162</ns3:hr>
            <ns3:cad>98</ns3:cad>
          </ns3:TrackPointExtension>
        </extensions>
      </trkpt>
      <trkpt lat="54.00188329629600048065185546875" lon="-0.992227233946323394775390625">
        <ele>20.200000762939453125</ele>
        <time>2018-10-14T09:14:18.000Z</time>
        <extensions>
          <ns3:TrackPointExtension>
            <ns3:hr>160</ns3:hr>
            <ns3:cad>98</ns3:cad>
          </ns3:TrackPointExtension>
        </extensions>
      </trkpt>
      <trkpt lat="54.002022184431552886962890625" lon="-0.99195390008389949798583984375">
        <ele>20.3999996185302734375</ele>
        <time>2018-10-14T09:14:24.000Z</time>
        <extensions>
          <ns3:TrackPointExtension>
            <ns3:hr>159</ns3:hr>
            <ns3:cad>99</ns3:cad>
          </ns3:TrackPointExtension>
        </extensions>
      </trkpt>
      <trkpt lat="54.00215587578713893890380859375" lon="-0.991670675575733184814453125">
        <ele>20.200000762939453125</ele>
        <time>2018-10-14T09:14:30.000Z</time>
        <extensions>
          <ns3:TrackPointExtension>
            <ns3:hr>159</ns3:hr>
            <ns3:cad>98</ns3:cad>
          </ns3:TrackPointExtension>
        </extensions>
      </trkpt>
      <trkpt lat="54.00224220938980579376220703125" lon="-0.99148015491664409637451171875">
        <ele>20.6000003814697265625</ele>
        <time>2018-10-14T09:14:34.000Z</time>
        <extensions>
          <ns3:TrackPointExtension>
            <ns3:hr>159</ns3:hr>
            <ns3:cad>99</ns3:cad>
          </ns3:TrackPointExtension>
        </extensions>
      </trkpt>
      <trkpt lat="54.00238201953470706939697265625" lon="-0.9912054799497127532958984375">
        <ele>21</ele>
        <time>2018-10-14T09:14:40.000Z</time>
        <extensions>
          <ns3:TrackPointExtension>
            <ns3:hr>158</ns3:hr>
            <ns3:cad>99</ns3:cad>
          </ns3:TrackPointExtension>
        </extensions>
      </trkpt>
      <trkpt lat="54.00249701924622058868408203125" lon="-0.990966260433197021484375">
        <ele>21.3999996185302734375</ele>
        <time>2018-10-14T09:14:45.000Z</time>
        <extensions>
          <ns3:TrackPointExtension>
            <ns3:hr>160</ns3:hr>
            <ns3:cad>99</ns3:cad>
          </ns3:TrackPointExtension>
        </extensions>
      </trkpt>
      <trkpt lat="54.00263582356274127960205078125" lon="-0.99069829098880290985107421875">
        <ele>22</ele>
        <time>2018-10-14T09:14:51.000Z</time>
        <extensions>
          <ns3:TrackPointExtension>
            <ns3:hr>161</ns3:hr>
            <ns3:cad>98</ns3:cad>
          </ns3:TrackPointExtension>
        </extensions>
      </trkpt>
      <trkpt lat="54.00276339612901210784912109375" lon="-0.99048220552504062652587890625">
        <ele>21.6000003814697265625</ele>
        <time>2018-10-14T09:14:56.000Z</time>
        <extensions>
          <ns3:TrackPointExtension>
            <ns3:hr>160</ns3:hr>
            <ns3:cad>97</ns3:cad>
          </ns3:TrackPointExtension>
        </extensions>
      </trkpt>
      <trkpt lat="54.00289080105721950531005859375" lon="-0.99026410840451717376708984375">
        <ele>21</ele>
        <time>2018-10-14T09:15:01.000Z</time>
        <extensions>
          <ns3:TrackPointExtension>
            <ns3:hr>158</ns3:hr>
            <ns3:cad>98</ns3:cad>
          </ns3:TrackPointExtension>
        </extensions>
      </trkpt>
      <trkpt lat="54.0030110813677310943603515625" lon="-0.98999890498816967010498046875">
        <ele>20.6000003814697265625</ele>
        <time>2018-10-14T09:15:07.000Z</time>
        <extensions>
          <ns3:TrackPointExtension>
            <ns3:hr>158</ns3:hr>
            <ns3:cad>97</ns3:cad>
          </ns3:TrackPointExtension>
        </extensions>
      </trkpt>
      <trkpt lat="54.0031309425830841064453125" lon="-0.98973588086664676666259765625">
        <ele>20</ele>
        <time>2018-10-14T09:15:13.000Z</time>
        <extensions>
          <ns3:TrackPointExtension>
            <ns3:hr>158</ns3:hr>
            <ns3:cad>97</ns3:cad>
          </ns3:TrackPointExtension>
        </extensions>
      </trkpt>
      <trkpt lat="54.00326530449092388153076171875" lon="-0.98946866579353809356689453125">
        <ele>20</ele>
        <time>2018-10-14T09:15:19.000Z</time>
        <extensions>
          <ns3:TrackPointExtension>
            <ns3:hr>159</ns3:hr>
            <ns3:cad>97</ns3:cad>
          </ns3:TrackPointExtension>
        </extensions>
      </trkpt>
      <trkpt lat="54.00341383181512355804443359375" lon="-0.989206396043300628662109375">
        <ele>20</ele>
        <time>2018-10-14T09:15:25.000Z</time>
        <extensions>
          <ns3:TrackPointExtension>
            <ns3:hr>161</ns3:hr>
            <ns3:cad>98</ns3:cad>
          </ns3:TrackPointExtension>
        </extensions>
      </trkpt>
      <trkpt lat="54.0035458467900753021240234375" lon="-0.98897312767803668975830078125">
        <ele>20</ele>
        <time>2018-10-14T09:15:30.000Z</time>
        <extensions>
          <ns3:TrackPointExtension>
            <ns3:hr>161</ns3:hr>
            <ns3:cad>97</ns3:cad>
          </ns3:TrackPointExtension>
        </extensions>
      </trkpt>
      <trkpt lat="54.003663361072540283203125" lon="-0.9887415356934070587158203125">
        <ele>20</ele>
        <time>2018-10-14T09:15:35.000Z</time>
        <extensions>
          <ns3:TrackPointExtension>
            <ns3:hr>161</ns3:hr>
            <ns3:cad>98</ns3:cad>
          </ns3:TrackPointExtension>
        </extensions>
      </trkpt>
      <trkpt lat="54.003803841769695281982421875" lon="-0.98846635781228542327880859375">
        <ele>21.3999996185302734375</ele>
        <time>2018-10-14T09:15:41.000Z</time>
        <extensions>
          <ns3:TrackPointExtension>
            <ns3:hr>161</ns3:hr>
            <ns3:cad>98</ns3:cad>
          </ns3:TrackPointExtension>
        </extensions>
      </trkpt>
      <trkpt lat="54.00393962860107421875" lon="-0.9881903417408466339111328125">
        <ele>22.3999996185302734375</ele>
        <time>2018-10-14T09:15:47.000Z</time>
        <extensions>
          <ns3:TrackPointExtension>
            <ns3:hr>161</ns3:hr>
            <ns3:cad>97</ns3:cad>
          </ns3:TrackPointExtension>
        </extensions>
      </trkpt>
      <trkpt lat="54.00409209541976451873779296875" lon="-0.9879340231418609619140625">
        <ele>22.3999996185302734375</ele>
        <time>2018-10-14T09:15:53.000Z</time>
        <extensions>
          <ns3:TrackPointExtension>
            <ns3:hr>161</ns3:hr>
            <ns3:cad>98</ns3:cad>
          </ns3:TrackPointExtension>
        </extensions>
      </trkpt>
      <trkpt lat="54.0042174048721790313720703125" lon="-0.9877095557749271392822265625">
        <ele>22</ele>
        <time>2018-10-14T09:15:58.000Z</time>
        <extensions>
          <ns3:TrackPointExtension>
            <ns3:hr>161</ns3:hr>
            <ns3:cad>99</ns3:cad>
          </ns3:TrackPointExtension>
        </extensions>
      </trkpt>
      <trkpt lat="54.00436148978769779205322265625" lon="-0.987455584108829498291015625">
        <ele>21.799999237060546875</ele>
        <time>2018-10-14T09:16:04.000Z</time>
        <extensions>
          <ns3:TrackPointExtension>
            <ns3:hr>160</ns3:hr>
            <ns3:cad>99</ns3:cad>
          </ns3:TrackPointExtension>
        </extensions>
      </trkpt>
      <trkpt lat="54.00449283421039581298828125" lon="-0.98718191497027873992919921875">
        <ele>21.3999996185302734375</ele>
        <time>2018-10-14T09:16:10.000Z</time>
        <extensions>
          <ns3:TrackPointExtension>
            <ns3:hr>160</ns3:hr>
            <ns3:cad>99</ns3:cad>
          </ns3:TrackPointExtension>
        </extensions>
      </trkpt>
      <trkpt lat="54.00463473983108997344970703125" lon="-0.98691570572555065155029296875">
        <ele>21.200000762939453125</ele>
        <time>2018-10-14T09:16:16.000Z</time>
        <extensions>
          <ns3:TrackPointExtension>
            <ns3:hr>161</ns3:hr>
            <ns3:cad>99</ns3:cad>
          </ns3:TrackPointExtension>
        </extensions>
      </trkpt>
      <trkpt lat="54.0047769807279109954833984375" lon="-0.9866527654230594635009765625">
        <ele>21.200000762939453125</ele>
        <time>2018-10-14T09:16:22.000Z</time>
        <extensions>
          <ns3:TrackPointExtension>
            <ns3:hr>161</ns3:hr>
            <ns3:cad>99</ns3:cad>
          </ns3:TrackPointExtension>
        </extensions>
      </trkpt>
      <trkpt lat="54.0049208141863346099853515625" lon="-0.9863939322531223297119140625">
        <ele>21</ele>
        <time>2018-10-14T09:16:28.000Z</time>
        <extensions>
          <ns3:TrackPointExtension>
            <ns3:hr>162</ns3:hr>
            <ns3:cad>99</ns3:cad>
          </ns3:TrackPointExtension>
        </extensions>
      </trkpt>
      <trkpt lat="54.00506422854959964752197265625" lon="-0.98612361587584018707275390625">
        <ele>21</ele>
        <time>2018-10-14T09:16:34.000Z</time>
        <extensions>
          <ns3:TrackPointExtension>
            <ns3:hr>160</ns3:hr>
            <ns3:cad>98</ns3:cad>
          </ns3:TrackPointExtension>
        </extensions>
      </trkpt>
      <trkpt lat="54.0051830001175403594970703125" lon="-0.98589085042476654052734375">
        <ele>21</ele>
        <time>2018-10-14T09:16:39.000Z</time>
        <extensions>
          <ns3:TrackPointExtension>
            <ns3:hr>158</ns3:hr>
            <ns3:cad>98</ns3:cad>
          </ns3:TrackPointExtension>
        </extensions>
      </trkpt>
      <trkpt lat="54.0052284300327301025390625" lon="-0.985797308385372161865234375">
        <ele>21</ele>
        <time>2018-10-14T09:16:41.000Z</time>
        <extensions>
          <ns3:TrackPointExtension>
            <ns3:hr>162</ns3:hr>
            <ns3:cad>99</ns3:cad>
          </ns3:TrackPointExtension>
        </extensions>
      </trkpt>
      <trkpt lat="54.00525189936161041259765625" lon="-0.98575011827051639556884765625">
        <ele>21</ele>
        <time>2018-10-14T09:16:42.000Z</time>
        <extensions>
          <ns3:TrackPointExtension>
            <ns3:hr>165</ns3:hr>
            <ns3:cad>99</ns3:cad>
          </ns3:TrackPointExtension>
        </extensions>
      </trkpt>
      <trkpt lat="54.00527528487145900726318359375" lon="-0.98570150323212146759033203125">
        <ele>21</ele>
        <time>2018-10-14T09:16:43.000Z</time>
        <extensions>
          <ns3:TrackPointExtension>
            <ns3:hr>168</ns3:hr>
            <ns3:cad>98</ns3:cad>
          </ns3:TrackPointExtension>
        </extensions>
      </trkpt>
      <trkpt lat="54.0052981674671173095703125" lon="-0.98565540276467800140380859375">
        <ele>21</ele>
        <time>2018-10-14T09:16:44.000Z</time>
        <extensions>
          <ns3:TrackPointExtension>
            <ns3:hr>168</ns3:hr>
            <ns3:cad>98</ns3:cad>
          </ns3:TrackPointExtension>
        </extensions>
      </trkpt>
      <trkpt lat="54.0053737722337245941162109375" lon="-0.9855245612561702728271484375">
        <ele>21</ele>
        <time>2018-10-14T09:16:47.000Z</time>
        <extensions>
          <ns3:TrackPointExtension>
            <ns3:hr>165</ns3:hr>
            <ns3:cad>99</ns3:cad>
          </ns3:TrackPointExtension>
        </extensions>
      </trkpt>
      <trkpt lat="54.0054716728627681732177734375" lon="-0.98535248078405857086181640625">
        <ele>20.799999237060546875</ele>
        <time>2018-10-14T09:16:51.000Z</time>
        <extensions>
          <ns3:TrackPointExtension>
            <ns3:hr>162</ns3:hr>
            <ns3:cad>99</ns3:cad>
          </ns3:TrackPointExtension>
        </extensions>
      </trkpt>
      <trkpt lat="54.00558591820299625396728515625" lon="-0.98513522185385227203369140625">
        <ele>20.3999996185302734375</ele>
        <time>2018-10-14T09:16:56.000Z</time>
        <extensions>
          <ns3:TrackPointExtension>
            <ns3:hr>159</ns3:hr>
            <ns3:cad>98</ns3:cad>
          </ns3:TrackPointExtension>
        </extensions>
      </trkpt>
      <trkpt lat="54.00572237558662891387939453125" lon="-0.984849818050861358642578125">
        <ele>20</ele>
        <time>2018-10-14T09:17:02.000Z</time>
        <extensions>
          <ns3:TrackPointExtension>
            <ns3:hr>161</ns3:hr>
            <ns3:cad>98</ns3:cad>
          </ns3:TrackPointExtension>
        </extensions>
      </trkpt>
      <trkpt lat="54.00585732422769069671630859375" lon="-0.98457983694970607757568359375">
        <ele>19.3999996185302734375</ele>
        <time>2018-10-14T09:17:08.000Z</time>
        <extensions>
          <ns3:TrackPointExtension>
            <ns3:hr>160</ns3:hr>
            <ns3:cad>99</ns3:cad>
          </ns3:TrackPointExtension>
        </extensions>
      </trkpt>
      <trkpt lat="54.0060000680387020111083984375" lon="-0.98430968821048736572265625">
        <ele>19.799999237060546875</ele>
        <time>2018-10-14T09:17:14.000Z</time>
        <extensions>
          <ns3:TrackPointExtension>
            <ns3:hr>159</ns3:hr>
            <ns3:cad>100</ns3:cad>
          </ns3:TrackPointExtension>
        </extensions>
      </trkpt>
      <trkpt lat="54.00611867196857929229736328125" lon="-0.98407826386392116546630859375">
        <ele>19.3999996185302734375</ele>
        <time>2018-10-14T09:17:19.000Z</time>
        <extensions>
          <ns3:TrackPointExtension>
            <ns3:hr>158</ns3:hr>
            <ns3:cad>99</ns3:cad>
          </ns3:TrackPointExtension>
        </extensions>
      </trkpt>
      <trkpt lat="54.00625781156122684478759765625" lon="-0.98380853421986103057861328125">
        <ele>19</ele>
        <time>2018-10-14T09:17:25.000Z</time>
        <extensions>
          <ns3:TrackPointExtension>
            <ns3:hr>160</ns3:hr>
            <ns3:cad>99</ns3:cad>
          </ns3:TrackPointExtension>
        </extensions>
      </trkpt>
      <trkpt lat="54.00637767277657985687255859375" lon="-0.98356881178915500640869140625">
        <ele>20</ele>
        <time>2018-10-14T09:17:30.000Z</time>
        <extensions>
          <ns3:TrackPointExtension>
            <ns3:hr>160</ns3:hr>
            <ns3:cad>100</ns3:cad>
          </ns3:TrackPointExtension>
        </extensions>
      </trkpt>
      <trkpt lat="54.0064942650496959686279296875" lon="-0.98332053981721401214599609375">
        <ele>21.200000762939453125</ele>
        <time>2018-10-14T09:17:35.000Z</time>
        <extensions>
          <ns3:TrackPointExtension>
            <ns3:hr>159</ns3:hr>
            <ns3:cad>100</ns3:cad>
          </ns3:TrackPointExtension>
        </extensions>
      </trkpt>
      <trkpt lat="54.0066179819405078887939453125" lon="-0.98302952013909816741943359375">
        <ele>23.200000762939453125</ele>
        <time>2018-10-14T09:17:41.000Z</time>
        <extensions>
          <ns3:TrackPointExtension>
            <ns3:hr>158</ns3:hr>
            <ns3:cad>99</ns3:cad>
          </ns3:TrackPointExtension>
        </extensions>
      </trkpt>
      <trkpt lat="54.00670188479125499725341796875" lon="-0.98274973221123218536376953125">
        <ele>24.799999237060546875</ele>
        <time>2018-10-14T09:17:46.000Z</time>
        <extensions>
          <ns3:TrackPointExtension>
            <ns3:hr>158</ns3:hr>
            <ns3:cad>99</ns3:cad>
          </ns3:TrackPointExtension>
        </extensions>
      </trkpt>
      <trkpt lat="54.0066957660019397735595703125" lon="-0.982442200183868408203125">
        <ele>25.200000762939453125</ele>
        <time>2018-10-14T09:17:51.000Z</time>
        <extensions>
          <ns3:TrackPointExtension>
            <ns3:hr>158</ns3:hr>
            <ns3:cad>100</ns3:cad>
          </ns3:TrackPointExtension>
        </extensions>
      </trkpt>
      <trkpt lat="54.0066431276500225067138671875" lon="-0.98210818134248256683349609375">
        <ele>26.799999237060546875</ele>
        <time>2018-10-14T09:17:57.000Z</time>
        <extensions>
          <ns3:TrackPointExtension>
            <ns3:hr>159</ns3:hr>
            <ns3:cad>99</ns3:cad>
          </ns3:TrackPointExtension>
        </extensions>
      </trkpt>
      <trkpt lat="54.00662762112915515899658203125" lon="-0.98205453716218471527099609375">
        <ele>27</ele>
        <time>2018-10-14T09:17:58.000Z</time>
        <extensions>
          <ns3:TrackPointExtension>
            <ns3:hr>159</ns3:hr>
            <ns3:cad>99</ns3:cad>
          </ns3:TrackPointExtension>
        </extensions>
      </trkpt>
      <trkpt lat="54.00654246099293231964111328125" lon="-0.98175211809575557708740234375">
        <ele>27.200000762939453125</ele>
        <time>2018-10-14T09:18:04.000Z</time>
        <extensions>
          <ns3:TrackPointExtension>
            <ns3:hr>162</ns3:hr>
            <ns3:cad>99</ns3:cad>
          </ns3:TrackPointExtension>
        </extensions>
      </trkpt>
      <trkpt lat="54.0064885653555393218994140625" lon="-0.9814965538680553436279296875">
        <ele>28</ele>
        <time>2018-10-14T09:18:09.000Z</time>
        <extensions>
          <ns3:TrackPointExtension>
            <ns3:hr>159</ns3:hr>
            <ns3:cad>99</ns3:cad>
          </ns3:TrackPointExtension>
        </extensions>
      </trkpt>
      <trkpt lat="54.00642796419560909271240234375" lon="-0.98119740374386310577392578125">
        <ele>28</ele>
        <time>2018-10-14T09:18:15.000Z</time>
        <extensions>
          <ns3:TrackPointExtension>
            <ns3:hr>160</ns3:hr>
            <ns3:cad>98</ns3:cad>
          </ns3:TrackPointExtension>
        </extensions>
      </trkpt>
      <trkpt lat="54.00636359117925167083740234375" lon="-0.98088853061199188232421875">
        <ele>28</ele>
        <time>2018-10-14T09:18:21.000Z</time>
        <extensions>
          <ns3:TrackPointExtension>
            <ns3:hr>160</ns3:hr>
            <ns3:cad>99</ns3:cad>
          </ns3:TrackPointExtension>
        </extensions>
      </trkpt>
      <trkpt lat="54.00628429837524890899658203125" lon="-0.9805789031088352203369140625">
        <ele>27.200000762939453125</ele>
        <time>2018-10-14T09:18:27.000Z</time>
        <extensions>
          <ns3:TrackPointExtension>
            <ns3:hr>158</ns3:hr>
            <ns3:cad>99</ns3:cad>
          </ns3:TrackPointExtension>
        </extensions>
      </trkpt>
      <trkpt lat="54.00620835833251476287841796875" lon="-0.9802409447729587554931640625">
        <ele>27.200000762939453125</ele>
        <time>2018-10-14T09:18:33.000Z</time>
        <extensions>
          <ns3:TrackPointExtension>
            <ns3:hr>158</ns3:hr>
            <ns3:cad>99</ns3:cad>
          </ns3:TrackPointExtension>
        </extensions>
      </trkpt>
      <trkpt lat="54.006144739687442779541015625" lon="-0.979915559291839599609375">
        <ele>26.6000003814697265625</ele>
        <time>2018-10-14T09:18:39.000Z</time>
        <extensions>
          <ns3:TrackPointExtension>
            <ns3:hr>160</ns3:hr>
            <ns3:cad>98</ns3:cad>
          </ns3:TrackPointExtension>
        </extensions>
      </trkpt>
      <trkpt lat="54.0060795284807682037353515625" lon="-0.97961305640637874603271484375">
        <ele>25.799999237060546875</ele>
        <time>2018-10-14T09:18:44.000Z</time>
        <extensions>
          <ns3:TrackPointExtension>
            <ns3:hr>161</ns3:hr>
            <ns3:cad>98</ns3:cad>
          </ns3:TrackPointExtension>
        </extensions>
      </trkpt>
      <trkpt lat="54.00601498782634735107421875" lon="-0.97929119132459163665771484375">
        <ele>23.799999237060546875</ele>
        <time>2018-10-14T09:18:49.000Z</time>
        <extensions>
          <ns3:TrackPointExtension>
            <ns3:hr>160</ns3:hr>
            <ns3:cad>99</ns3:cad>
          </ns3:TrackPointExtension>
        </extensions>
      </trkpt>
      <trkpt lat="54.00594164617359638214111328125" lon="-0.9789662249386310577392578125">
        <ele>21.6000003814697265625</ele>
        <time>2018-10-14T09:18:54.000Z</time>
        <extensions>
          <ns3:TrackPointExtension>
            <ns3:hr>160</ns3:hr>
            <ns3:cad>98</ns3:cad>
          </ns3:TrackPointExtension>
        </extensions>
      </trkpt>
      <trkpt lat="54.00586570613086223602294921875" lon="-0.9786624647676944732666015625">
        <ele>20.3999996185302734375</ele>
        <time>2018-10-14T09:18:59.000Z</time>
        <extensions>
          <ns3:TrackPointExtension>
            <ns3:hr>162</ns3:hr>
            <ns3:cad>98</ns3:cad>
          </ns3:TrackPointExtension>
        </extensions>
      </trkpt>
      <trkpt lat="54.00580233894288539886474609375" lon="-0.9783550165593624114990234375">
        <ele>20</ele>
        <time>2018-10-14T09:19:04.000Z</time>
        <extensions>
          <ns3:TrackPointExtension>
            <ns3:hr>163</ns3:hr>
            <ns3:cad>99</ns3:cad>
          </ns3:TrackPointExtension>
        </extensions>
      </trkpt>
      <trkpt lat="54.00576679967343807220458984375" lon="-0.97816667519509792327880859375">
        <ele>20</ele>
        <time>2018-10-14T09:19:07.000Z</time>
        <extensions>
          <ns3:TrackPointExtension>
            <ns3:hr>160</ns3:hr>
            <ns3:cad>99</ns3:cad>
          </ns3:TrackPointExtension>
        </extensions>
      </trkpt>
      <trkpt lat="54.00570276193320751190185546875" lon="-0.9778598137199878692626953125">
        <ele>20</ele>
        <time>2018-10-14T09:19:12.000Z</time>
        <extensions>
          <ns3:TrackPointExtension>
            <ns3:hr>158</ns3:hr>
            <ns3:cad>100</ns3:cad>
          </ns3:TrackPointExtension>
        </extensions>
      </trkpt>
      <trkpt lat="54.0056423284113407135009765625" lon="-0.9775503538548946380615234375">
        <ele>20.200000762939453125</ele>
        <time>2018-10-14T09:19:17.000Z</time>
        <extensions>
          <ns3:TrackPointExtension>
            <ns3:hr>159</ns3:hr>
            <ns3:cad>100</ns3:cad>
          </ns3:TrackPointExtension>
        </extensions>
      </trkpt>
      <trkpt lat="54.005582816898822784423828125" lon="-0.97725355066359043121337890625">
        <ele>20.3999996185302734375</ele>
        <time>2018-10-14T09:19:22.000Z</time>
        <extensions>
          <ns3:TrackPointExtension>
            <ns3:hr>160</ns3:hr>
            <ns3:cad>99</ns3:cad>
          </ns3:TrackPointExtension>
        </extensions>
      </trkpt>
      <trkpt lat="54.00550939142704010009765625" lon="-0.97690821625292301177978515625">
        <ele>20.6000003814697265625</ele>
        <time>2018-10-14T09:19:28.000Z</time>
        <extensions>
          <ns3:TrackPointExtension>
            <ns3:hr>159</ns3:hr>
            <ns3:cad>100</ns3:cad>
          </ns3:TrackPointExtension>
        </extensions>
      </trkpt>
      <trkpt lat="54.00542397983372211456298828125" lon="-0.9765713475644588470458984375">
        <ele>21</ele>
        <time>2018-10-14T09:19:34.000Z</time>
        <extensions>
          <ns3:TrackPointExtension>
            <ns3:hr>158</ns3:hr>
            <ns3:cad>100</ns3:cad>
          </ns3:TrackPointExtension>
        </extensions>
      </trkpt>
      <trkpt lat="54.00536111555993556976318359375" lon="-0.9762813337147235870361328125">
        <ele>21.3999996185302734375</ele>
        <time>2018-10-14T09:19:39.000Z</time>
        <extensions>
          <ns3:TrackPointExtension>
            <ns3:hr>158</ns3:hr>
            <ns3:cad>98</ns3:cad>
          </ns3:TrackPointExtension>
        </extensions>
      </trkpt>
      <trkpt lat="54.005276374518871307373046875" lon="-0.975949577987194061279296875">
        <ele>21.3999996185302734375</ele>
        <time>2018-10-14T09:19:45.000Z</time>
        <extensions>
          <ns3:TrackPointExtension>
            <ns3:hr>159</ns3:hr>
            <ns3:cad>98</ns3:cad>
          </ns3:TrackPointExtension>
        </extensions>
      </trkpt>
      <trkpt lat="54.00520051829516887664794921875" lon="-0.97561254166066646575927734375">
        <ele>20.799999237060546875</ele>
        <time>2018-10-14T09:19:51.000Z</time>
        <extensions>
          <ns3:TrackPointExtension>
            <ns3:hr>159</ns3:hr>
            <ns3:cad>99</ns3:cad>
          </ns3:TrackPointExtension>
        </extensions>
      </trkpt>
      <trkpt lat="54.00513119995594024658203125" lon="-0.97528279758989810943603515625">
        <ele>21</ele>
        <time>2018-10-14T09:19:57.000Z</time>
        <extensions>
          <ns3:TrackPointExtension>
            <ns3:hr>161</ns3:hr>
            <ns3:cad>99</ns3:cad>
          </ns3:TrackPointExtension>
        </extensions>
      </trkpt>
      <trkpt lat="54.005061797797679901123046875" lon="-0.97495280206203460693359375">
        <ele>22.200000762939453125</ele>
        <time>2018-10-14T09:20:03.000Z</time>
        <extensions>
          <ns3:TrackPointExtension>
            <ns3:hr>159</ns3:hr>
            <ns3:cad>98</ns3:cad>
          </ns3:TrackPointExtension>
        </extensions>
      </trkpt>
      <trkpt lat="54.0049861930310726165771484375" lon="-0.9746223874390125274658203125">
        <ele>22.6000003814697265625</ele>
        <time>2018-10-14T09:20:09.000Z</time>
        <extensions>
          <ns3:TrackPointExtension>
            <ns3:hr>159</ns3:hr>
            <ns3:cad>98</ns3:cad>
          </ns3:TrackPointExtension>
        </extensions>
      </trkpt>
      <trkpt lat="54.00491419248282909393310546875" lon="-0.97429876215755939483642578125">
        <ele>23</ele>
        <time>2018-10-14T09:20:15.000Z</time>
        <extensions>
          <ns3:TrackPointExtension>
            <ns3:hr>158</ns3:hr>
            <ns3:cad>99</ns3:cad>
          </ns3:TrackPointExtension>
        </extensions>
      </trkpt>
      <trkpt lat="54.004838168621063232421875" lon="-0.9740148670971393585205078125">
        <ele>23</ele>
        <time>2018-10-14T09:20:20.000Z</time>
        <extensions>
          <ns3:TrackPointExtension>
            <ns3:hr>158</ns3:hr>
            <ns3:cad>99</ns3:cad>
          </ns3:TrackPointExtension>
        </extensions>
      </trkpt>
      <trkpt lat="54.0047283656895160675048828125" lon="-0.97377036698162555694580078125">
        <ele>23.6000003814697265625</ele>
        <time>2018-10-14T09:20:25.000Z</time>
        <extensions>
          <ns3:TrackPointExtension>
            <ns3:hr>159</ns3:hr>
            <ns3:cad>100</ns3:cad>
          </ns3:TrackPointExtension>
        </extensions>
      </trkpt>
      <trkpt lat="54.00458260439336299896240234375" lon="-0.97352444194257259368896484375">
        <ele>23</ele>
        <time>2018-10-14T09:20:31.000Z</time>
        <extensions>
          <ns3:TrackPointExtension>
            <ns3:hr>160</ns3:hr>
            <ns3:cad>97</ns3:cad>
          </ns3:TrackPointExtension>
        </extensions>
      </trkpt>
      <trkpt lat="54.0044008009135723114013671875" lon="-0.97334439866244792938232421875">
        <ele>23</ele>
        <time>2018-10-14T09:20:37.000Z</time>
        <extensions>
          <ns3:TrackPointExtension>
            <ns3:hr>161</ns3:hr>
            <ns3:cad>98</ns3:cad>
          </ns3:TrackPointExtension>
        </extensions>
      </trkpt>
      <trkpt lat="54.00420407764613628387451171875" lon="-0.97320425324141979217529296875">
        <ele>22.6000003814697265625</ele>
        <time>2018-10-14T09:20:43.000Z</time>
        <extensions>
          <ns3:TrackPointExtension>
            <ns3:hr>162</ns3:hr>
            <ns3:cad>99</ns3:cad>
          </ns3:TrackPointExtension>
        </extensions>
      </trkpt>
      <trkpt lat="54.004017747938632965087890625" lon="-0.97304047085344791412353515625">
        <ele>22</ele>
        <time>2018-10-14T09:20:49.000Z</time>
        <extensions>
          <ns3:TrackPointExtension>
            <ns3:hr>161</ns3:hr>
            <ns3:cad>99</ns3:cad>
          </ns3:TrackPointExtension>
        </extensions>
      </trkpt>
      <trkpt lat="54.00383728556334972381591796875" lon="-0.97290485166013240814208984375">
        <ele>22.799999237060546875</ele>
        <time>2018-10-14T09:20:55.000Z</time>
        <extensions>
          <ns3:TrackPointExtension>
            <ns3:hr>161</ns3:hr>
            <ns3:cad>99</ns3:cad>
          </ns3:TrackPointExtension>
        </extensions>
      </trkpt>
      <trkpt lat="54.003654979169368743896484375" lon="-0.97274123691022396087646484375">
        <ele>23</ele>
        <time>2018-10-14T09:21:01.000Z</time>
        <extensions>
          <ns3:TrackPointExtension>
            <ns3:hr>161</ns3:hr>
            <ns3:cad>99</ns3:cad>
          </ns3:TrackPointExtension>
        </extensions>
      </trkpt>
      <trkpt lat="54.003479965031147003173828125" lon="-0.97257644869387149810791015625">
        <ele>23</ele>
        <time>2018-10-14T09:21:07.000Z</time>
        <extensions>
          <ns3:TrackPointExtension>
            <ns3:hr>161</ns3:hr>
            <ns3:cad>99</ns3:cad>
          </ns3:TrackPointExtension>
        </extensions>
      </trkpt>
      <trkpt lat="54.00329112075269222259521484375" lon="-0.9724259935319423675537109375">
        <ele>23</ele>
        <time>2018-10-14T09:21:13.000Z</time>
        <extensions>
          <ns3:TrackPointExtension>
            <ns3:hr>159</ns3:hr>
            <ns3:cad>99</ns3:cad>
          </ns3:TrackPointExtension>
        </extensions>
      </trkpt>
      <trkpt lat="54.0031066350638866424560546875" lon="-0.97226883284747600555419921875">
        <ele>23</ele>
        <time>2018-10-14T09:21:19.000Z</time>
        <extensions>
          <ns3:TrackPointExtension>
            <ns3:hr>158</ns3:hr>
            <ns3:cad>99</ns3:cad>
          </ns3:TrackPointExtension>
        </extensions>
      </trkpt>
      <trkpt lat="54.00300479494035243988037109375" lon="-0.9722003526985645294189453125">
        <ele>23</ele>
        <time>2018-10-14T09:21:22.000Z</time>
        <extensions>
          <ns3:TrackPointExtension>
            <ns3:hr>159</ns3:hr>
            <ns3:cad>100</ns3:cad>
          </ns3:TrackPointExtension>
        </extensions>
      </trkpt>
      <trkpt lat="54.0028350614011287689208984375" lon="-0.9720860235393047332763671875">
        <ele>23</ele>
        <time>2018-10-14T09:21:27.000Z</time>
        <extensions>
          <ns3:TrackPointExtension>
            <ns3:hr>158</ns3:hr>
            <ns3:cad>99</ns3:cad>
          </ns3:TrackPointExtension>
        </extensions>
      </trkpt>
      <trkpt lat="54.0026660822331905364990234375" lon="-0.97197764553129673004150390625">
        <ele>23</ele>
        <time>2018-10-14T09:21:32.000Z</time>
        <extensions>
          <ns3:TrackPointExtension>
            <ns3:hr>159</ns3:hr>
            <ns3:cad>99</ns3:cad>
          </ns3:TrackPointExtension>
        </extensions>
      </trkpt>
      <trkpt lat="54.00247354991734027862548828125" lon="-0.9718271903693675994873046875">
        <ele>23.6000003814697265625</ele>
        <time>2018-10-14T09:21:38.000Z</time>
        <extensions>
          <ns3:TrackPointExtension>
            <ns3:hr>160</ns3:hr>
            <ns3:cad>99</ns3:cad>
          </ns3:TrackPointExtension>
        </extensions>
      </trkpt>
      <trkpt lat="54.00230188854038715362548828125" lon="-0.9717098437249660491943359375">
        <ele>24.200000762939453125</ele>
        <time>2018-10-14T09:21:43.000Z</time>
        <extensions>
          <ns3:TrackPointExtension>
            <ns3:hr>160</ns3:hr>
            <ns3:cad>99</ns3:cad>
          </ns3:TrackPointExtension>
        </extensions>
      </trkpt>
      <trkpt lat="54.00213827379047870635986328125" lon="-0.97157984040677547454833984375">
        <ele>24.799999237060546875</ele>
        <time>2018-10-14T09:21:48.000Z</time>
        <extensions>
          <ns3:TrackPointExtension>
            <ns3:hr>162</ns3:hr>
            <ns3:cad>98</ns3:cad>
          </ns3:TrackPointExtension>
        </extensions>
      </trkpt>
      <trkpt lat="54.00196862407028675079345703125" lon="-0.97140717320144176483154296875">
        <ele>25.799999237060546875</ele>
        <time>2018-10-14T09:21:54.000Z</time>
        <extensions>
          <ns3:TrackPointExtension>
            <ns3:hr>160</ns3:hr>
            <ns3:cad>99</ns3:cad>
          </ns3:TrackPointExtension>
        </extensions>
      </trkpt>
      <trkpt lat="54.001939035952091217041015625" lon="-0.97137817181646823883056640625">
        <ele>26</ele>
        <time>2018-10-14T09:21:55.000Z</time>
        <extensions>
          <ns3:TrackPointExtension>
            <ns3:hr>157</ns3:hr>
            <ns3:cad>99</ns3:cad>
          </ns3:TrackPointExtension>
        </extensions>
      </trkpt>
      <trkpt lat="54.00190944783389568328857421875" lon="-0.9713514335453510284423828125">
        <ele>26</ele>
        <time>2018-10-14T09:21:56.000Z</time>
        <extensions>
          <ns3:TrackPointExtension>
            <ns3:hr>154</ns3:hr>
            <ns3:cad>98</ns3:cad>
          </ns3:TrackPointExtension>
        </extensions>
      </trkpt>
      <trkpt lat="54.00180752389132976531982421875" lon="-0.97127306275069713592529296875">
        <ele>26</ele>
        <time>2018-10-14T09:21:59.000Z</time>
        <extensions>
          <ns3:TrackPointExtension>
            <ns3:hr>151</ns3:hr>
            <ns3:cad>100</ns3:cad>
          </ns3:TrackPointExtension>
        </extensions>
      </trkpt>
      <trkpt lat="54.0016394667327404022216796875" lon="-0.971141718327999114990234375">
        <ele>26</ele>
        <time>2018-10-14T09:22:04.000Z</time>
        <extensions>
          <ns3:TrackPointExtension>
            <ns3:hr>149</ns3:hr>
            <ns3:cad>99</ns3:cad>
          </ns3:TrackPointExtension>
        </extensions>
      </trkpt>
      <trkpt lat="54.00144760496914386749267578125" lon="-0.97097642719745635986328125">
        <ele>26</ele>
        <time>2018-10-14T09:22:10.000Z</time>
        <extensions>
          <ns3:TrackPointExtension>
            <ns3:hr>151</ns3:hr>
            <ns3:cad>99</ns3:cad>
          </ns3:TrackPointExtension>
        </extensions>
      </trkpt>
      <trkpt lat="54.00128223001956939697265625" lon="-0.97085027955472469329833984375">
        <ele>26.200000762939453125</ele>
        <time>2018-10-14T09:22:15.000Z</time>
        <extensions>
          <ns3:TrackPointExtension>
            <ns3:hr>151</ns3:hr>
            <ns3:cad>98</ns3:cad>
          </ns3:TrackPointExtension>
        </extensions>
      </trkpt>
      <trkpt lat="54.0011167712509632110595703125" lon="-0.9707204438745975494384765625">
        <ele>26.6000003814697265625</ele>
        <time>2018-10-14T09:22:20.000Z</time>
        <extensions>
          <ns3:TrackPointExtension>
            <ns3:hr>151</ns3:hr>
            <ns3:cad>99</ns3:cad>
          </ns3:TrackPointExtension>
        </extensions>
      </trkpt>
      <trkpt lat="54.00092222727835178375244140625" lon="-0.9705662168562412261962890625">
        <ele>25.799999237060546875</ele>
        <time>2018-10-14T09:22:26.000Z</time>
        <extensions>
          <ns3:TrackPointExtension>
            <ns3:hr>150</ns3:hr>
            <ns3:cad>100</ns3:cad>
          </ns3:TrackPointExtension>
        </extensions>
      </trkpt>
      <trkpt lat="54.00080035440623760223388671875" lon="-0.970463454723358154296875">
        <ele>25</ele>
        <time>2018-10-14T09:22:30.000Z</time>
        <extensions>
          <ns3:TrackPointExtension>
            <ns3:hr>153</ns3:hr>
            <ns3:cad>98</ns3:cad>
          </ns3:TrackPointExtension>
        </extensions>
      </trkpt>
      <trkpt lat="54.0006121806800365447998046875" lon="-0.9703030250966548919677734375">
        <ele>24</ele>
        <time>2018-10-14T09:22:36.000Z</time>
        <extensions>
          <ns3:TrackPointExtension>
            <ns3:hr>154</ns3:hr>
            <ns3:cad>98</ns3:cad>
          </ns3:TrackPointExtension>
        </extensions>
      </trkpt>
      <trkpt lat="54.00043037720024585723876953125" lon="-0.97016715444624423980712890625">
        <ele>24</ele>
        <time>2018-10-14T09:22:42.000Z</time>
        <extensions>
          <ns3:TrackPointExtension>
            <ns3:hr>153</ns3:hr>
            <ns3:cad>97</ns3:cad>
          </ns3:TrackPointExtension>
        </extensions>
      </trkpt>
      <trkpt lat="54.0002443827688694000244140625" lon="-0.970033295452594757080078125">
        <ele>24.6000003814697265625</ele>
        <time>2018-10-14T09:22:48.000Z</time>
        <extensions>
          <ns3:TrackPointExtension>
            <ns3:hr>151</ns3:hr>
            <ns3:cad>97</ns3:cad>
          </ns3:TrackPointExtension>
        </extensions>
      </trkpt>
      <trkpt lat="54.00005168281495571136474609375" lon="-0.9699122607707977294921875">
        <ele>25</ele>
        <time>2018-10-14T09:22:54.000Z</time>
        <extensions>
          <ns3:TrackPointExtension>
            <ns3:hr>150</ns3:hr>
            <ns3:cad>97</ns3:cad>
          </ns3:TrackPointExtension>
        </extensions>
      </trkpt>
      <trkpt lat="53.99984749965369701385498046875" lon="-0.96984813921153545379638671875">
        <ele>26</ele>
        <time>2018-10-14T09:23:00.000Z</time>
        <extensions>
          <ns3:TrackPointExtension>
            <ns3:hr>151</ns3:hr>
            <ns3:cad>97</ns3:cad>
          </ns3:TrackPointExtension>
        </extensions>
      </trkpt>
      <trkpt lat="53.99963677860796451568603515625" lon="-0.9698299504816532135009765625">
        <ele>26</ele>
        <time>2018-10-14T09:23:06.000Z</time>
        <extensions>
          <ns3:TrackPointExtension>
            <ns3:hr>152</ns3:hr>
            <ns3:cad>99</ns3:cad>
          </ns3:TrackPointExtension>
        </extensions>
      </trkpt>
      <trkpt lat="53.9994504489004611968994140625" lon="-0.9698312915861606597900390625">
        <ele>25.3999996185302734375</ele>
        <time>2018-10-14T09:23:11.000Z</time>
        <extensions>
          <ns3:TrackPointExtension>
            <ns3:hr>153</ns3:hr>
            <ns3:cad>99</ns3:cad>
          </ns3:TrackPointExtension>
        </extensions>
      </trkpt>
      <trkpt lat="53.99926654994487762451171875" lon="-0.9698463790118694305419921875">
        <ele>25</ele>
        <time>2018-10-14T09:23:16.000Z</time>
        <extensions>
          <ns3:TrackPointExtension>
            <ns3:hr>155</ns3:hr>
            <ns3:cad>99</ns3:cad>
          </ns3:TrackPointExtension>
        </extensions>
      </trkpt>
      <trkpt lat="53.99905289523303508758544921875" lon="-0.9698483906686305999755859375">
        <ele>25</ele>
        <time>2018-10-14T09:23:22.000Z</time>
        <extensions>
          <ns3:TrackPointExtension>
            <ns3:hr>156</ns3:hr>
            <ns3:cad>99</ns3:cad>
          </ns3:TrackPointExtension>
        </extensions>
      </trkpt>
      <trkpt lat="53.99886555969715118408203125" lon="-0.96985165961086750030517578125">
        <ele>25</ele>
        <time>2018-10-14T09:23:27.000Z</time>
        <extensions>
          <ns3:TrackPointExtension>
            <ns3:hr>156</ns3:hr>
            <ns3:cad>99</ns3:cad>
          </ns3:TrackPointExtension>
        </extensions>
      </trkpt>
      <trkpt lat="53.99867705069482326507568359375" lon="-0.96987403929233551025390625">
        <ele>25</ele>
        <time>2018-10-14T09:23:32.000Z</time>
        <extensions>
          <ns3:TrackPointExtension>
            <ns3:hr>155</ns3:hr>
            <ns3:cad>99</ns3:cad>
          </ns3:TrackPointExtension>
        </extensions>
      </trkpt>
      <trkpt lat="53.9984721131622791290283203125" lon="-0.969832129776477813720703125">
        <ele>25</ele>
        <time>2018-10-14T09:23:38.000Z</time>
        <extensions>
          <ns3:TrackPointExtension>
            <ns3:hr>155</ns3:hr>
            <ns3:cad>98</ns3:cad>
          </ns3:TrackPointExtension>
        </extensions>
      </trkpt>
      <trkpt lat="53.99833942763507366180419921875" lon="-0.96960556693375110626220703125">
        <ele>25.799999237060546875</ele>
        <time>2018-10-14T09:23:43.000Z</time>
        <extensions>
          <ns3:TrackPointExtension>
            <ns3:hr>154</ns3:hr>
            <ns3:cad>98</ns3:cad>
          </ns3:TrackPointExtension>
        </extensions>
      </trkpt>
      <trkpt lat="53.998329453170299530029296875" lon="-0.9692955203354358673095703125">
        <ele>26</ele>
        <time>2018-10-14T09:23:48.000Z</time>
        <extensions>
          <ns3:TrackPointExtension>
            <ns3:hr>153</ns3:hr>
            <ns3:cad>98</ns3:cad>
          </ns3:TrackPointExtension>
        </extensions>
      </trkpt>
      <trkpt lat="53.99836373515427112579345703125" lon="-0.96898480318486690521240234375">
        <ele>26</ele>
        <time>2018-10-14T09:23:53.000Z</time>
        <extensions>
          <ns3:TrackPointExtension>
            <ns3:hr>152</ns3:hr>
            <ns3:cad>99</ns3:cad>
          </ns3:TrackPointExtension>
        </extensions>
      </trkpt>
      <trkpt lat="53.9983990229666233062744140625" lon="-0.96866947598755359649658203125">
        <ele>26</ele>
        <time>2018-10-14T09:23:58.000Z</time>
        <extensions>
          <ns3:TrackPointExtension>
            <ns3:hr>154</ns3:hr>
            <ns3:cad>99</ns3:cad>
          </ns3:TrackPointExtension>
        </extensions>
      </trkpt>
      <trkpt lat="53.99843104183673858642578125" lon="-0.96836286596953868865966796875">
        <ele>26</ele>
        <time>2018-10-14T09:24:03.000Z</time>
        <extensions>
          <ns3:TrackPointExtension>
            <ns3:hr>155</ns3:hr>
            <ns3:cad>98</ns3:cad>
          </ns3:TrackPointExtension>
        </extensions>
      </trkpt>
      <trkpt lat="53.9984717778861522674560546875" lon="-0.96800646744668483734130859375">
        <ele>26</ele>
        <time>2018-10-14T09:24:09.000Z</time>
        <extensions>
          <ns3:TrackPointExtension>
            <ns3:hr>154</ns3:hr>
            <ns3:cad>97</ns3:cad>
          </ns3:TrackPointExtension>
        </extensions>
      </trkpt>
      <trkpt lat="53.99849566631019115447998046875" lon="-0.9676929004490375518798828125">
        <ele>25.3999996185302734375</ele>
        <time>2018-10-14T09:24:14.000Z</time>
        <extensions>
          <ns3:TrackPointExtension>
            <ns3:hr>155</ns3:hr>
            <ns3:cad>97</ns3:cad>
          </ns3:TrackPointExtension>
        </extensions>
      </trkpt>
      <trkpt lat="53.99851821362972259521484375" lon="-0.9673398546874523162841796875">
        <ele>26.200000762939453125</ele>
        <time>2018-10-14T09:24:20.000Z</time>
        <extensions>
          <ns3:TrackPointExtension>
            <ns3:hr>156</ns3:hr>
            <ns3:cad>97</ns3:cad>
          </ns3:TrackPointExtension>
        </extensions>
      </trkpt>
      <trkpt lat="53.99854830466210842132568359375" lon="-0.9669804386794567108154296875">
        <ele>26</ele>
        <time>2018-10-14T09:24:26.000Z</time>
        <extensions>
          <ns3:TrackPointExtension>
            <ns3:hr>154</ns3:hr>
            <ns3:cad>98</ns3:cad>
          </ns3:TrackPointExtension>
        </extensions>
      </trkpt>
      <trkpt lat="53.99857915006577968597412109375" lon="-0.966636277735233306884765625">
        <ele>26</ele>
        <time>2018-10-14T09:24:32.000Z</time>
        <extensions>
          <ns3:TrackPointExtension>
            <ns3:hr>156</ns3:hr>
            <ns3:cad>99</ns3:cad>
          </ns3:TrackPointExtension>
        </extensions>
      </trkpt>
      <trkpt lat="53.99859474040567874908447265625" lon="-0.96630326472222805023193359375">
        <ele>26</ele>
        <time>2018-10-14T09:24:38.000Z</time>
        <extensions>
          <ns3:TrackPointExtension>
            <ns3:hr>154</ns3:hr>
            <ns3:cad>99</ns3:cad>
          </ns3:TrackPointExtension>
        </extensions>
      </trkpt>
      <trkpt lat="53.99862105958163738250732421875" lon="-0.96600185148417949676513671875">
        <ele>26.6000003814697265625</ele>
        <time>2018-10-14T09:24:43.000Z</time>
        <extensions>
          <ns3:TrackPointExtension>
            <ns3:hr>157</ns3:hr>
            <ns3:cad>98</ns3:cad>
          </ns3:TrackPointExtension>
        </extensions>
      </trkpt>
      <trkpt lat="53.9986323751509189605712890625" lon="-0.9658817388117313385009765625">
        <ele>26.6000003814697265625</ele>
        <time>2018-10-14T09:24:45.000Z</time>
        <extensions>
          <ns3:TrackPointExtension>
            <ns3:hr>156</ns3:hr>
            <ns3:cad>98</ns3:cad>
          </ns3:TrackPointExtension>
        </extensions>
      </trkpt>
      <trkpt lat="53.9986581914126873016357421875" lon="-0.96570529974997043609619140625">
        <ele>26.6000003814697265625</ele>
        <time>2018-10-14T09:24:48.000Z</time>
        <extensions>
          <ns3:TrackPointExtension>
            <ns3:hr>153</ns3:hr>
            <ns3:cad>98</ns3:cad>
          </ns3:TrackPointExtension>
        </extensions>
      </trkpt>
      <trkpt lat="53.9986695908010005950927734375" lon="-0.96558745019137859344482421875">
        <ele>27</ele>
        <time>2018-10-14T09:24:49.000Z</time>
        <extensions>
          <ns3:TrackPointExtension>
            <ns3:hr>150</ns3:hr>
            <ns3:cad>98</ns3:cad>
          </ns3:TrackPointExtension>
        </extensions>
      </trkpt>
      <trkpt lat="53.99868191219866275787353515625" lon="-0.9653452970087528228759765625">
        <ele>27.6000003814697265625</ele>
        <time>2018-10-14T09:24:54.000Z</time>
        <extensions>
          <ns3:TrackPointExtension>
            <ns3:hr>147</ns3:hr>
            <ns3:cad>99</ns3:cad>
          </ns3:TrackPointExtension>
        </extensions>
      </trkpt>
      <trkpt lat="53.99870336987078189849853515625" lon="-0.96498412080109119415283203125">
        <ele>27.6000003814697265625</ele>
        <time>2018-10-14T09:25:00.000Z</time>
        <extensions>
          <ns3:TrackPointExtension>
            <ns3:hr>148</ns3:hr>
            <ns3:cad>100</ns3:cad>
          </ns3:TrackPointExtension>
        </extensions>
      </trkpt>
      <trkpt lat="53.998728096485137939453125" lon="-0.96462973393499851226806640625">
        <ele>28.6000003814697265625</ele>
        <time>2018-10-14T09:25:06.000Z</time>
        <extensions>
          <ns3:TrackPointExtension>
            <ns3:hr>150</ns3:hr>
            <ns3:cad>99</ns3:cad>
          </ns3:TrackPointExtension>
        </extensions>
      </trkpt>
      <trkpt lat="53.9987467043101787567138671875" lon="-0.9642898477613925933837890625">
        <ele>29</ele>
        <time>2018-10-14T09:25:12.000Z</time>
        <extensions>
          <ns3:TrackPointExtension>
            <ns3:hr>149</ns3:hr>
            <ns3:cad>99</ns3:cad>
          </ns3:TrackPointExtension>
        </extensions>
      </trkpt>
      <trkpt lat="53.99877428077161312103271484375" lon="-0.9639636240899562835693359375">
        <ele>29.200000762939453125</ele>
        <time>2018-10-14T09:25:18.000Z</time>
        <extensions>
          <ns3:TrackPointExtension>
            <ns3:hr>150</ns3:hr>
            <ns3:cad>98</ns3:cad>
          </ns3:TrackPointExtension>
        </extensions>
      </trkpt>
      <trkpt lat="53.99880026467144489288330078125" lon="-0.96365869045257568359375">
        <ele>29</ele>
        <time>2018-10-14T09:25:23.000Z</time>
        <extensions>
          <ns3:TrackPointExtension>
            <ns3:hr>152</ns3:hr>
            <ns3:cad>99</ns3:cad>
          </ns3:TrackPointExtension>
        </extensions>
      </trkpt>
      <trkpt lat="53.998827673494815826416015625" lon="-0.96329801715910434722900390625">
        <ele>28</ele>
        <time>2018-10-14T09:25:29.000Z</time>
        <extensions>
          <ns3:TrackPointExtension>
            <ns3:hr>151</ns3:hr>
            <ns3:cad>100</ns3:cad>
          </ns3:TrackPointExtension>
        </extensions>
      </trkpt>
      <trkpt lat="53.9988449402153491973876953125" lon="-0.96295452676713466644287109375">
        <ele>27.3999996185302734375</ele>
        <time>2018-10-14T09:25:35.000Z</time>
        <extensions>
          <ns3:TrackPointExtension>
            <ns3:hr>151</ns3:hr>
            <ns3:cad>98</ns3:cad>
          </ns3:TrackPointExtension>
        </extensions>
      </trkpt>
      <trkpt lat="53.9988576807081699371337890625" lon="-0.96265076659619808197021484375">
        <ele>27.3999996185302734375</ele>
        <time>2018-10-14T09:25:40.000Z</time>
        <extensions>
          <ns3:TrackPointExtension>
            <ns3:hr>152</ns3:hr>
            <ns3:cad>98</ns3:cad>
          </ns3:TrackPointExtension>
        </extensions>
      </trkpt>
      <trkpt lat="53.9988367259502410888671875" lon="-0.9623392112553119659423828125">
        <ele>27.3999996185302734375</ele>
        <time>2018-10-14T09:25:45.000Z</time>
        <extensions>
          <ns3:TrackPointExtension>
            <ns3:hr>153</ns3:hr>
            <ns3:cad>98</ns3:cad>
          </ns3:TrackPointExtension>
        </extensions>
      </trkpt>
      <trkpt lat="53.99878148920834064483642578125" lon="-0.962045006453990936279296875">
        <ele>28.200000762939453125</ele>
        <time>2018-10-14T09:25:50.000Z</time>
        <extensions>
          <ns3:TrackPointExtension>
            <ns3:hr>154</ns3:hr>
            <ns3:cad>99</ns3:cad>
          </ns3:TrackPointExtension>
        </extensions>
      </trkpt>
      <trkpt lat="53.9987138472497463226318359375" lon="-0.961719118058681488037109375">
        <ele>29.200000762939453125</ele>
        <time>2018-10-14T09:25:56.000Z</time>
        <extensions>
          <ns3:TrackPointExtension>
            <ns3:hr>152</ns3:hr>
            <ns3:cad>99</ns3:cad>
          </ns3:TrackPointExtension>
        </extensions>
      </trkpt>
      <trkpt lat="53.99863354861736297607421875" lon="-0.96139197237789630889892578125">
        <ele>30</ele>
        <time>2018-10-14T09:26:02.000Z</time>
        <extensions>
          <ns3:TrackPointExtension>
            <ns3:hr>152</ns3:hr>
            <ns3:cad>99</ns3:cad>
          </ns3:TrackPointExtension>
        </extensions>
      </trkpt>
      <trkpt lat="53.998561799526214599609375" lon="-0.96107102930545806884765625">
        <ele>31</ele>
        <time>2018-10-14T09:26:08.000Z</time>
        <extensions>
          <ns3:TrackPointExtension>
            <ns3:hr>153</ns3:hr>
            <ns3:cad>99</ns3:cad>
          </ns3:TrackPointExtension>
        </extensions>
      </trkpt>
      <trkpt lat="53.9985032938420772552490234375" lon="-0.960743464529514312744140625">
        <ele>31.200000762939453125</ele>
        <time>2018-10-14T09:26:14.000Z</time>
        <extensions>
          <ns3:TrackPointExtension>
            <ns3:hr>153</ns3:hr>
            <ns3:cad>98</ns3:cad>
          </ns3:TrackPointExtension>
        </extensions>
      </trkpt>
      <trkpt lat="53.998431377112865447998046875" lon="-0.9604224376380443572998046875">
        <ele>29.6000003814697265625</ele>
        <time>2018-10-14T09:26:20.000Z</time>
        <extensions>
          <ns3:TrackPointExtension>
            <ns3:hr>154</ns3:hr>
            <ns3:cad>99</ns3:cad>
          </ns3:TrackPointExtension>
        </extensions>
      </trkpt>
      <trkpt lat="53.99836373515427112579345703125" lon="-0.96009478904306888580322265625">
        <ele>28.799999237060546875</ele>
        <time>2018-10-14T09:26:26.000Z</time>
        <extensions>
          <ns3:TrackPointExtension>
            <ns3:hr>152</ns3:hr>
            <ns3:cad>100</ns3:cad>
          </ns3:TrackPointExtension>
        </extensions>
      </trkpt>
      <trkpt lat="53.9982944168150424957275390625" lon="-0.95980326645076274871826171875">
        <ele>29.3999996185302734375</ele>
        <time>2018-10-14T09:26:31.000Z</time>
        <extensions>
          <ns3:TrackPointExtension>
            <ns3:hr>151</ns3:hr>
            <ns3:cad>101</ns3:cad>
          </ns3:TrackPointExtension>
        </extensions>
      </trkpt>
      <trkpt lat="53.99822308681905269622802734375" lon="-0.95952046103775501251220703125">
        <ele>29.200000762939453125</ele>
        <time>2018-10-14T09:26:36.000Z</time>
        <extensions>
          <ns3:TrackPointExtension>
            <ns3:hr>152</ns3:hr>
            <ns3:cad>100</ns3:cad>
          </ns3:TrackPointExtension>
        </extensions>
      </trkpt>
      <trkpt lat="53.9981418661773204803466796875" lon="-0.95921301282942295074462890625">
        <ele>29.6000003814697265625</ele>
        <time>2018-10-14T09:26:42.000Z</time>
        <extensions>
          <ns3:TrackPointExtension>
            <ns3:hr>153</ns3:hr>
            <ns3:cad>99</ns3:cad>
          </ns3:TrackPointExtension>
        </extensions>
      </trkpt>
      <trkpt lat="53.9980647526681423187255859375" lon="-0.95886616967618465423583984375">
        <ele>29</ele>
        <time>2018-10-14T09:26:48.000Z</time>
        <extensions>
          <ns3:TrackPointExtension>
            <ns3:hr>154</ns3:hr>
            <ns3:cad>100</ns3:cad>
          </ns3:TrackPointExtension>
        </extensions>
      </trkpt>
      <trkpt lat="53.9980127848684787750244140625" lon="-0.95856039784848690032958984375">
        <ele>29</ele>
        <time>2018-10-14T09:26:53.000Z</time>
        <extensions>
          <ns3:TrackPointExtension>
            <ns3:hr>154</ns3:hr>
            <ns3:cad>99</ns3:cad>
          </ns3:TrackPointExtension>
        </extensions>
      </trkpt>
      <trkpt lat="53.99794958531856536865234375" lon="-0.95822059549391269683837890625">
        <ele>29.200000762939453125</ele>
        <time>2018-10-14T09:26:59.000Z</time>
        <extensions>
          <ns3:TrackPointExtension>
            <ns3:hr>152</ns3:hr>
            <ns3:cad>98</ns3:cad>
          </ns3:TrackPointExtension>
        </extensions>
      </trkpt>
      <trkpt lat="53.99787180125713348388671875" lon="-0.9579093754291534423828125">
        <ele>29.799999237060546875</ele>
        <time>2018-10-14T09:27:04.000Z</time>
        <extensions>
          <ns3:TrackPointExtension>
            <ns3:hr>154</ns3:hr>
            <ns3:cad>98</ns3:cad>
          </ns3:TrackPointExtension>
        </extensions>
      </trkpt>
      <trkpt lat="53.9977884851396083831787109375" lon="-0.9576269052922725677490234375">
        <ele>30.6000003814697265625</ele>
        <time>2018-10-14T09:27:09.000Z</time>
        <extensions>
          <ns3:TrackPointExtension>
            <ns3:hr>154</ns3:hr>
            <ns3:cad>99</ns3:cad>
          </ns3:TrackPointExtension>
        </extensions>
      </trkpt>
      <trkpt lat="53.99771145544946193695068359375" lon="-0.95729992724955081939697265625">
        <ele>30.6000003814697265625</ele>
        <time>2018-10-14T09:27:15.000Z</time>
        <extensions>
          <ns3:TrackPointExtension>
            <ns3:hr>157</ns3:hr>
            <ns3:cad>98</ns3:cad>
          </ns3:TrackPointExtension>
        </extensions>
      </trkpt>
      <trkpt lat="53.99766015820205211639404296875" lon="-0.95699273049831390380859375">
        <ele>31</ele>
        <time>2018-10-14T09:27:21.000Z</time>
        <extensions>
          <ns3:TrackPointExtension>
            <ns3:hr>157</ns3:hr>
            <ns3:cad>98</ns3:cad>
          </ns3:TrackPointExtension>
        </extensions>
      </trkpt>
      <trkpt lat="53.997599892318248748779296875" lon="-0.95666927285492420196533203125">
        <ele>30.3999996185302734375</ele>
        <time>2018-10-14T09:27:27.000Z</time>
        <extensions>
          <ns3:TrackPointExtension>
            <ns3:hr>156</ns3:hr>
            <ns3:cad>99</ns3:cad>
          </ns3:TrackPointExtension>
        </extensions>
      </trkpt>
      <trkpt lat="53.99753518402576446533203125" lon="-0.95634740777313709259033203125">
        <ele>30.200000762939453125</ele>
        <time>2018-10-14T09:27:33.000Z</time>
        <extensions>
          <ns3:TrackPointExtension>
            <ns3:hr>155</ns3:hr>
            <ns3:cad>97</ns3:cad>
          </ns3:TrackPointExtension>
        </extensions>
      </trkpt>
      <trkpt lat="53.9975048415362834930419921875" lon="-0.956024788320064544677734375">
        <ele>30.200000762939453125</ele>
        <time>2018-10-14T09:27:39.000Z</time>
        <extensions>
          <ns3:TrackPointExtension>
            <ns3:hr>154</ns3:hr>
            <ns3:cad>98</ns3:cad>
          </ns3:TrackPointExtension>
        </extensions>
      </trkpt>
      <trkpt lat="53.99749453179538249969482421875" lon="-0.95566478557884693145751953125">
        <ele>31</ele>
        <time>2018-10-14T09:27:45.000Z</time>
        <extensions>
          <ns3:TrackPointExtension>
            <ns3:hr>153</ns3:hr>
            <ns3:cad>99</ns3:cad>
          </ns3:TrackPointExtension>
        </extensions>
      </trkpt>
      <trkpt lat="53.99748916737735271453857421875" lon="-0.9553476981818675994873046875">
        <ele>31</ele>
        <time>2018-10-14T09:27:50.000Z</time>
        <extensions>
          <ns3:TrackPointExtension>
            <ns3:hr>152</ns3:hr>
            <ns3:cad>99</ns3:cad>
          </ns3:TrackPointExtension>
        </extensions>
      </trkpt>
      <trkpt lat="53.99746787734329700469970703125" lon="-0.95500144176185131072998046875">
        <ele>30.3999996185302734375</ele>
        <time>2018-10-14T09:27:55.000Z</time>
        <extensions>
          <ns3:TrackPointExtension>
            <ns3:hr>152</ns3:hr>
            <ns3:cad>99</ns3:cad>
          </ns3:TrackPointExtension>
        </extensions>
      </trkpt>
      <trkpt lat="53.99745614267885684967041015625" lon="-0.95466314814984798431396484375">
        <ele>30</ele>
        <time>2018-10-14T09:28:00.000Z</time>
        <extensions>
          <ns3:TrackPointExtension>
            <ns3:hr>151</ns3:hr>
            <ns3:cad>98</ns3:cad>
          </ns3:TrackPointExtension>
        </extensions>
      </trkpt>
      <trkpt lat="53.9974458329379558563232421875" lon="-0.9542935900390148162841796875">
        <ele>29</ele>
        <time>2018-10-14T09:28:05.000Z</time>
        <extensions>
          <ns3:TrackPointExtension>
            <ns3:hr>152</ns3:hr>
            <ns3:cad>98</ns3:cad>
          </ns3:TrackPointExtension>
        </extensions>
      </trkpt>
      <trkpt lat="53.99744256399571895599365234375" lon="-0.9540920890867710113525390625">
        <ele>29</ele>
        <time>2018-10-14T09:28:08.000Z</time>
        <extensions>
          <ns3:TrackPointExtension>
            <ns3:hr>154</ns3:hr>
            <ns3:cad>98</ns3:cad>
          </ns3:TrackPointExtension>
        </extensions>
      </trkpt>
      <trkpt lat="53.997428901493549346923828125" lon="-0.95377919264137744903564453125">
        <ele>29</ele>
        <time>2018-10-14T09:28:13.000Z</time>
        <extensions>
          <ns3:TrackPointExtension>
            <ns3:hr>154</ns3:hr>
            <ns3:cad>100</ns3:cad>
          </ns3:TrackPointExtension>
        </extensions>
      </trkpt>
      <trkpt lat="53.99740367196500301361083984375" lon="-0.9534315951168537139892578125">
        <ele>30</ele>
        <time>2018-10-14T09:28:19.000Z</time>
        <extensions>
          <ns3:TrackPointExtension>
            <ns3:hr>152</ns3:hr>
            <ns3:cad>97</ns3:cad>
          </ns3:TrackPointExtension>
        </extensions>
      </trkpt>
      <trkpt lat="53.9973615109920501708984375" lon="-0.953099839389324188232421875">
        <ele>30.200000762939453125</ele>
        <time>2018-10-14T09:28:25.000Z</time>
        <extensions>
          <ns3:TrackPointExtension>
            <ns3:hr>152</ns3:hr>
            <ns3:cad>97</ns3:cad>
          </ns3:TrackPointExtension>
        </extensions>
      </trkpt>
      <trkpt lat="53.99733091704547405242919921875" lon="-0.95276347361505031585693359375">
        <ele>31.6000003814697265625</ele>
        <time>2018-10-14T09:28:31.000Z</time>
        <extensions>
          <ns3:TrackPointExtension>
            <ns3:hr>153</ns3:hr>
            <ns3:cad>97</ns3:cad>
          </ns3:TrackPointExtension>
        </extensions>
      </trkpt>
      <trkpt lat="53.99728062562644481658935546875" lon="-0.95242367126047611236572265625">
        <ele>32.799999237060546875</ele>
        <time>2018-10-14T09:28:37.000Z</time>
        <extensions>
          <ns3:TrackPointExtension>
            <ns3:hr>153</ns3:hr>
            <ns3:cad>96</ns3:cad>
          </ns3:TrackPointExtension>
        </extensions>
      </trkpt>
      <trkpt lat="53.99721642024815082550048828125" lon="-0.95210197381675243377685546875">
        <ele>34.200000762939453125</ele>
        <time>2018-10-14T09:28:44.000Z</time>
        <extensions>
          <ns3:TrackPointExtension>
            <ns3:hr>153</ns3:hr>
            <ns3:cad>97</ns3:cad>
          </ns3:TrackPointExtension>
        </extensions>
      </trkpt>
      <trkpt lat="53.997163362801074981689453125" lon="-0.95176971517503261566162109375">
        <ele>36</ele>
        <time>2018-10-14T09:28:51.000Z</time>
        <extensions>
          <ns3:TrackPointExtension>
            <ns3:hr>153</ns3:hr>
            <ns3:cad>95</ns3:cad>
          </ns3:TrackPointExtension>
        </extensions>
      </trkpt>
      <trkpt lat="53.9971041865646839141845703125" lon="-0.951433517038822174072265625">
        <ele>37.200000762939453125</ele>
        <time>2018-10-14T09:28:58.000Z</time>
        <extensions>
          <ns3:TrackPointExtension>
            <ns3:hr>154</ns3:hr>
            <ns3:cad>95</ns3:cad>
          </ns3:TrackPointExtension>
        </extensions>
      </trkpt>
      <trkpt lat="53.9970512129366397857666015625" lon="-0.9511332772672176361083984375">
        <ele>38</ele>
        <time>2018-10-14T09:29:04.000Z</time>
        <extensions>
          <ns3:TrackPointExtension>
            <ns3:hr>157</ns3:hr>
            <ns3:cad>96</ns3:cad>
          </ns3:TrackPointExtension>
        </extensions>
      </trkpt>
      <trkpt lat="53.99701575748622417449951171875" lon="-0.95088844187557697296142578125">
        <ele>38.40000152587890625</ele>
        <time>2018-10-14T09:29:09.000Z</time>
        <extensions>
          <ns3:TrackPointExtension>
            <ns3:hr>154</ns3:hr>
            <ns3:cad>96</ns3:cad>
          </ns3:TrackPointExtension>
        </extensions>
      </trkpt>
      <trkpt lat="53.99697351269423961639404296875" lon="-0.95054746605455875396728515625">
        <ele>39.799999237060546875</ele>
        <time>2018-10-14T09:29:16.000Z</time>
        <extensions>
          <ns3:TrackPointExtension>
            <ns3:hr>153</ns3:hr>
            <ns3:cad>96</ns3:cad>
          </ns3:TrackPointExtension>
        </extensions>
      </trkpt>
      <trkpt lat="53.99694266729056835174560546875" lon="-0.95020866952836513519287109375">
        <ele>41.40000152587890625</ele>
        <time>2018-10-14T09:29:23.000Z</time>
        <extensions>
          <ns3:TrackPointExtension>
            <ns3:hr>155</ns3:hr>
            <ns3:cad>96</ns3:cad>
          </ns3:TrackPointExtension>
        </extensions>
      </trkpt>
      <trkpt lat="53.9969010092318058013916015625" lon="-0.94990675337612628936767578125">
        <ele>42.59999847412109375</ele>
        <time>2018-10-14T09:29:30.000Z</time>
        <extensions>
          <ns3:TrackPointExtension>
            <ns3:hr>154</ns3:hr>
            <ns3:cad>95</ns3:cad>
          </ns3:TrackPointExtension>
        </extensions>
      </trkpt>
      <trkpt lat="53.9968554116785526275634765625" lon="-0.9495739080011844635009765625">
        <ele>43.59999847412109375</ele>
        <time>2018-10-14T09:29:37.000Z</time>
        <extensions>
          <ns3:TrackPointExtension>
            <ns3:hr>153</ns3:hr>
            <ns3:cad>96</ns3:cad>
          </ns3:TrackPointExtension>
        </extensions>
      </trkpt>
      <trkpt lat="53.996837139129638671875" lon="-0.94931549392640590667724609375">
        <ele>43</ele>
        <time>2018-10-14T09:29:42.000Z</time>
        <extensions>
          <ns3:TrackPointExtension>
            <ns3:hr>150</ns3:hr>
            <ns3:cad>96</ns3:cad>
          </ns3:TrackPointExtension>
        </extensions>
      </trkpt>
      <trkpt lat="53.99682515300810337066650390625" lon="-0.94897317700088024139404296875">
        <ele>43</ele>
        <time>2018-10-14T09:29:48.000Z</time>
        <extensions>
          <ns3:TrackPointExtension>
            <ns3:hr>150</ns3:hr>
            <ns3:cad>95</ns3:cad>
          </ns3:TrackPointExtension>
        </extensions>
      </trkpt>
      <trkpt lat="53.99680721573531627655029296875" lon="-0.94860236160457134246826171875">
        <ele>42.59999847412109375</ele>
        <time>2018-10-14T09:29:54.000Z</time>
        <extensions>
          <ns3:TrackPointExtension>
            <ns3:hr>151</ns3:hr>
            <ns3:cad>97</ns3:cad>
          </ns3:TrackPointExtension>
        </extensions>
      </trkpt>
      <trkpt lat="53.99680067785084247589111328125" lon="-0.9482797421514987945556640625">
        <ele>42</ele>
        <time>2018-10-14T09:29:59.000Z</time>
        <extensions>
          <ns3:TrackPointExtension>
            <ns3:hr>152</ns3:hr>
            <ns3:cad>98</ns3:cad>
          </ns3:TrackPointExtension>
        </extensions>
      </trkpt>
      <trkpt lat="53.99678693152964115142822265625" lon="-0.947944633662700653076171875">
        <ele>41</ele>
        <time>2018-10-14T09:30:04.000Z</time>
        <extensions>
          <ns3:TrackPointExtension>
            <ns3:hr>151</ns3:hr>
            <ns3:cad>99</ns3:cad>
          </ns3:TrackPointExtension>
        </extensions>
      </trkpt>
      <trkpt lat="53.99676941335201263427734375" lon="-0.947606004774570465087890625">
        <ele>40</ele>
        <time>2018-10-14T09:30:09.000Z</time>
        <extensions>
          <ns3:TrackPointExtension>
            <ns3:hr>151</ns3:hr>
            <ns3:cad>100</ns3:cad>
          </ns3:TrackPointExtension>
        </extensions>
      </trkpt>
      <trkpt lat="53.996754996478557586669921875" lon="-0.94726209528744220733642578125">
        <ele>40</ele>
        <time>2018-10-14T09:30:14.000Z</time>
        <extensions>
          <ns3:TrackPointExtension>
            <ns3:hr>153</ns3:hr>
            <ns3:cad>100</ns3:cad>
          </ns3:TrackPointExtension>
        </extensions>
      </trkpt>
      <trkpt lat="53.99674284271895885467529296875" lon="-0.9469158388674259185791015625">
        <ele>40</ele>
        <time>2018-10-14T09:30:19.000Z</time>
        <extensions>
          <ns3:TrackPointExtension>
            <ns3:hr>153</ns3:hr>
            <ns3:cad>100</ns3:cad>
          </ns3:TrackPointExtension>
        </extensions>
      </trkpt>
      <trkpt lat="53.996725492179393768310546875" lon="-0.94657838344573974609375">
        <ele>39</ele>
        <time>2018-10-14T09:30:24.000Z</time>
        <extensions>
          <ns3:TrackPointExtension>
            <ns3:hr>153</ns3:hr>
            <ns3:cad>100</ns3:cad>
          </ns3:TrackPointExtension>
        </extensions>
      </trkpt>
      <trkpt lat="53.99669523350894451141357421875" lon="-0.94625358469784259796142578125">
        <ele>38.59999847412109375</ele>
        <time>2018-10-14T09:30:29.000Z</time>
        <extensions>
          <ns3:TrackPointExtension>
            <ns3:hr>155</ns3:hr>
            <ns3:cad>100</ns3:cad>
          </ns3:TrackPointExtension>
        </extensions>
      </trkpt>
      <trkpt lat="53.99665583856403827667236328125" lon="-0.94592266716063022613525390625">
        <ele>38</ele>
        <time>2018-10-14T09:30:34.000Z</time>
        <extensions>
          <ns3:TrackPointExtension>
            <ns3:hr>154</ns3:hr>
            <ns3:cad>99</ns3:cad>
          </ns3:TrackPointExtension>
        </extensions>
      </trkpt>
      <trkpt lat="53.996598757803440093994140625" lon="-0.94557196833193302154541015625">
        <ele>37</ele>
        <time>2018-10-14T09:30:39.000Z</time>
        <extensions>
          <ns3:TrackPointExtension>
            <ns3:hr>153</ns3:hr>
            <ns3:cad>103</ns3:cad>
          </ns3:TrackPointExtension>
        </extensions>
      </trkpt>
      <trkpt lat="53.99652675725519657135009765625" lon="-0.9452263824641704559326171875">
        <ele>36.40000152587890625</ele>
        <time>2018-10-14T09:30:44.000Z</time>
        <extensions>
          <ns3:TrackPointExtension>
            <ns3:hr>154</ns3:hr>
            <ns3:cad>103</ns3:cad>
          </ns3:TrackPointExtension>
        </extensions>
      </trkpt>
      <trkpt lat="53.99645693600177764892578125" lon="-0.9448890946805477142333984375">
        <ele>35</ele>
        <time>2018-10-14T09:30:49.000Z</time>
        <extensions>
          <ns3:TrackPointExtension>
            <ns3:hr>152</ns3:hr>
            <ns3:cad>102</ns3:cad>
          </ns3:TrackPointExtension>
        </extensions>
      </trkpt>
      <trkpt lat="53.99638376198709011077880859375" lon="-0.94455088488757610321044921875">
        <ele>33.40000152587890625</ele>
        <time>2018-10-14T09:30:54.000Z</time>
        <extensions>
          <ns3:TrackPointExtension>
            <ns3:hr>152</ns3:hr>
            <ns3:cad>103</ns3:cad>
          </ns3:TrackPointExtension>
        </extensions>
      </trkpt>
      <trkpt lat="53.9963035471737384796142578125" lon="-0.944226086139678955078125">
        <ele>31.799999237060546875</ele>
        <time>2018-10-14T09:30:59.000Z</time>
        <extensions>
          <ns3:TrackPointExtension>
            <ns3:hr>153</ns3:hr>
            <ns3:cad>103</ns3:cad>
          </ns3:TrackPointExtension>
        </extensions>
      </trkpt>
      <trkpt lat="53.9962703548371791839599609375" lon="-0.94403070397675037384033203125">
        <ele>31</ele>
        <time>2018-10-14T09:31:02.000Z</time>
        <extensions>
          <ns3:TrackPointExtension>
            <ns3:hr>153</ns3:hr>
            <ns3:cad>101</ns3:cad>
          </ns3:TrackPointExtension>
        </extensions>
      </trkpt>
      <trkpt lat="53.99629558436572551727294921875" lon="-0.94392777420580387115478515625">
        <ele>30.6000003814697265625</ele>
        <time>2018-10-14T09:31:04.000Z</time>
        <extensions>
          <ns3:TrackPointExtension>
            <ns3:hr>152</ns3:hr>
            <ns3:cad>101</ns3:cad>
          </ns3:TrackPointExtension>
        </extensions>
      </trkpt>
      <trkpt lat="53.9963635616004467010498046875" lon="-0.94388200901448726654052734375">
        <ele>30.6000003814697265625</ele>
        <time>2018-10-14T09:31:06.000Z</time>
        <extensions>
          <ns3:TrackPointExtension>
            <ns3:hr>152</ns3:hr>
            <ns3:cad>100</ns3:cad>
          </ns3:TrackPointExtension>
        </extensions>
      </trkpt>
      <trkpt lat="53.99655894376337528228759765625" lon="-0.94385434873402118682861328125">
        <ele>30.3999996185302734375</ele>
        <time>2018-10-14T09:31:11.000Z</time>
        <extensions>
          <ns3:TrackPointExtension>
            <ns3:hr>153</ns3:hr>
            <ns3:cad>99</ns3:cad>
          </ns3:TrackPointExtension>
        </extensions>
      </trkpt>
      <trkpt lat="53.9967514760792255401611328125" lon="-0.9438519179821014404296875">
        <ele>30.6000003814697265625</ele>
        <time>2018-10-14T09:31:16.000Z</time>
        <extensions>
          <ns3:TrackPointExtension>
            <ns3:hr>152</ns3:hr>
            <ns3:cad>100</ns3:cad>
          </ns3:TrackPointExtension>
        </extensions>
      </trkpt>
      <trkpt lat="53.996962867677211761474609375" lon="-0.94383490271866321563720703125">
        <ele>31.200000762939453125</ele>
        <time>2018-10-14T09:31:22.000Z</time>
        <extensions>
          <ns3:TrackPointExtension>
            <ns3:hr>153</ns3:hr>
            <ns3:cad>100</ns3:cad>
          </ns3:TrackPointExtension>
        </extensions>
      </trkpt>
      <trkpt lat="53.9971631951630115509033203125" lon="-0.9438152052462100982666015625">
        <ele>31.200000762939453125</ele>
        <time>2018-10-14T09:31:28.000Z</time>
        <extensions>
          <ns3:TrackPointExtension>
            <ns3:hr>153</ns3:hr>
            <ns3:cad>100</ns3:cad>
          </ns3:TrackPointExtension>
        </extensions>
      </trkpt>
      <trkpt lat="53.99723075330257415771484375" lon="-0.943803302943706512451171875">
        <ele>31.200000762939453125</ele>
        <time>2018-10-14T09:31:30.000Z</time>
        <extensions>
          <ns3:TrackPointExtension>
            <ns3:hr>156</ns3:hr>
            <ns3:cad>100</ns3:cad>
          </ns3:TrackPointExtension>
        </extensions>
      </trkpt>
      <trkpt lat="53.997267298400402069091796875" lon="-0.94380171038210391998291015625">
        <ele>31.200000762939453125</ele>
        <time>2018-10-14T09:31:31.000Z</time>
        <extensions>
          <ns3:TrackPointExtension>
            <ns3:hr>152</ns3:hr>
            <ns3:cad>100</ns3:cad>
          </ns3:TrackPointExtension>
        </extensions>
      </trkpt>
      <trkpt lat="53.99740015156567096710205078125" lon="-0.9437982738018035888671875">
        <ele>31.3999996185302734375</ele>
        <time>2018-10-14T09:31:35.000Z</time>
        <extensions>
          <ns3:TrackPointExtension>
            <ns3:hr>151</ns3:hr>
            <ns3:cad>101</ns3:cad>
          </ns3:TrackPointExtension>
        </extensions>
      </trkpt>
      <trkpt lat="53.99750643409788608551025390625" lon="-0.94381093047559261322021484375">
        <ele>31.799999237060546875</ele>
        <time>2018-10-14T09:31:38.000Z</time>
        <extensions>
          <ns3:TrackPointExtension>
            <ns3:hr>148</ns3:hr>
            <ns3:cad>99</ns3:cad>
          </ns3:TrackPointExtension>
        </extensions>
      </trkpt>
      <trkpt lat="53.997642807662487030029296875" lon="-0.94380422495305538177490234375">
        <ele>32.200000762939453125</ele>
        <time>2018-10-14T09:31:42.000Z</time>
        <extensions>
          <ns3:TrackPointExtension>
            <ns3:hr>145</ns3:hr>
            <ns3:cad>99</ns3:cad>
          </ns3:TrackPointExtension>
        </extensions>
      </trkpt>
      <trkpt lat="53.99782528169453144073486328125" lon="-0.943764410912990570068359375">
        <ele>31.3999996185302734375</ele>
        <time>2018-10-14T09:31:47.000Z</time>
        <extensions>
          <ns3:TrackPointExtension>
            <ns3:hr>141</ns3:hr>
            <ns3:cad>98</ns3:cad>
          </ns3:TrackPointExtension>
        </extensions>
      </trkpt>
      <trkpt lat="53.99803818203508853912353515625" lon="-0.94375410117208957672119140625">
        <ele>31</ele>
        <time>2018-10-14T09:31:53.000Z</time>
        <extensions>
          <ns3:TrackPointExtension>
            <ns3:hr>142</ns3:hr>
            <ns3:cad>97</ns3:cad>
          </ns3:TrackPointExtension>
        </extensions>
      </trkpt>
      <trkpt lat="53.99814647622406482696533203125" lon="-0.9437437914311885833740234375">
        <ele>31</ele>
        <time>2018-10-14T09:31:56.000Z</time>
        <extensions>
          <ns3:TrackPointExtension>
            <ns3:hr>147</ns3:hr>
            <ns3:cad>97</ns3:cad>
          </ns3:TrackPointExtension>
        </extensions>
      </trkpt>
      <trkpt lat="53.9983618073165416717529296875" lon="-0.94371889717876911163330078125">
        <ele>31.6000003814697265625</ele>
        <time>2018-10-14T09:32:02.000Z</time>
        <extensions>
          <ns3:TrackPointExtension>
            <ns3:hr>148</ns3:hr>
            <ns3:cad>98</ns3:cad>
          </ns3:TrackPointExtension>
        </extensions>
      </trkpt>
      <trkpt lat="53.99846700020134449005126953125" lon="-0.94370246864855289459228515625">
        <ele>31.799999237060546875</ele>
        <time>2018-10-14T09:32:05.000Z</time>
        <extensions>
          <ns3:TrackPointExtension>
            <ns3:hr>151</ns3:hr>
            <ns3:cad>98</ns3:cad>
          </ns3:TrackPointExtension>
        </extensions>
      </trkpt>
      <trkpt lat="53.9986705966293811798095703125" lon="-0.94365653581917285919189453125">
        <ele>33.200000762939453125</ele>
        <time>2018-10-14T09:32:11.000Z</time>
        <extensions>
          <ns3:TrackPointExtension>
            <ns3:hr>153</ns3:hr>
            <ns3:cad>99</ns3:cad>
          </ns3:TrackPointExtension>
        </extensions>
      </trkpt>
      <trkpt lat="53.9988841675221920013427734375" lon="-0.943619571626186370849609375">
        <ele>34</ele>
        <time>2018-10-14T09:32:17.000Z</time>
        <extensions>
          <ns3:TrackPointExtension>
            <ns3:hr>152</ns3:hr>
            <ns3:cad>98</ns3:cad>
          </ns3:TrackPointExtension>
        </extensions>
      </trkpt>
      <trkpt lat="53.9990890212357044219970703125" lon="-0.9435836970806121826171875">
        <ele>34.40000152587890625</ele>
        <time>2018-10-14T09:32:23.000Z</time>
        <extensions>
          <ns3:TrackPointExtension>
            <ns3:hr>153</ns3:hr>
            <ns3:cad>98</ns3:cad>
          </ns3:TrackPointExtension>
        </extensions>
      </trkpt>
      <trkpt lat="53.99929831735789775848388671875" lon="-0.94356290996074676513671875">
        <ele>36</ele>
        <time>2018-10-14T09:32:29.000Z</time>
        <extensions>
          <ns3:TrackPointExtension>
            <ns3:hr>151</ns3:hr>
            <ns3:cad>98</ns3:cad>
          </ns3:TrackPointExtension>
        </extensions>
      </trkpt>
      <trkpt lat="53.9995047636330127716064453125" lon="-0.9435369260609149932861328125">
        <ele>36.799999237060546875</ele>
        <time>2018-10-14T09:32:35.000Z</time>
        <extensions>
          <ns3:TrackPointExtension>
            <ns3:hr>151</ns3:hr>
            <ns3:cad>97</ns3:cad>
          </ns3:TrackPointExtension>
        </extensions>
      </trkpt>
      <trkpt lat="53.9997096173465251922607421875" lon="-0.9435164742171764373779296875">
        <ele>36.59999847412109375</ele>
        <time>2018-10-14T09:32:41.000Z</time>
        <extensions>
          <ns3:TrackPointExtension>
            <ns3:hr>152</ns3:hr>
            <ns3:cad>97</ns3:cad>
          </ns3:TrackPointExtension>
        </extensions>
      </trkpt>
      <trkpt lat="53.999917991459369659423828125" lon="-0.9434876404702663421630859375">
        <ele>36.200000762939453125</ele>
        <time>2018-10-14T09:32:47.000Z</time>
        <extensions>
          <ns3:TrackPointExtension>
            <ns3:hr>152</ns3:hr>
            <ns3:cad>97</ns3:cad>
          </ns3:TrackPointExtension>
        </extensions>
      </trkpt>
      <trkpt lat="54.00011471472680568695068359375" lon="-0.94345738179981708526611328125">
        <ele>37</ele>
        <time>2018-10-14T09:32:53.000Z</time>
        <extensions>
          <ns3:TrackPointExtension>
            <ns3:hr>152</ns3:hr>
            <ns3:cad>97</ns3:cad>
          </ns3:TrackPointExtension>
        </extensions>
      </trkpt>
      <trkpt lat="54.000300206243991851806640625" lon="-0.94341899268329143524169921875">
        <ele>36.40000152587890625</ele>
        <time>2018-10-14T09:32:58.000Z</time>
        <extensions>
          <ns3:TrackPointExtension>
            <ns3:hr>153</ns3:hr>
            <ns3:cad>98</ns3:cad>
          </ns3:TrackPointExtension>
        </extensions>
      </trkpt>
      <trkpt lat="54.00048402138054370880126953125" lon="-0.94335897825658321380615234375">
        <ele>36.200000762939453125</ele>
        <time>2018-10-14T09:33:03.000Z</time>
        <extensions>
          <ns3:TrackPointExtension>
            <ns3:hr>155</ns3:hr>
            <ns3:cad>99</ns3:cad>
          </ns3:TrackPointExtension>
        </extensions>
      </trkpt>
      <trkpt lat="54.000669009983539581298828125" lon="-0.943257808685302734375">
        <ele>36.799999237060546875</ele>
        <time>2018-10-14T09:33:08.000Z</time>
        <extensions>
          <ns3:TrackPointExtension>
            <ns3:hr>156</ns3:hr>
            <ns3:cad>100</ns3:cad>
          </ns3:TrackPointExtension>
        </extensions>
      </trkpt>
      <trkpt lat="54.0008394978940486907958984375" lon="-0.9431282244622707366943359375">
        <ele>37</ele>
        <time>2018-10-14T09:33:13.000Z</time>
        <extensions>
          <ns3:TrackPointExtension>
            <ns3:hr>154</ns3:hr>
            <ns3:cad>99</ns3:cad>
          </ns3:TrackPointExtension>
        </extensions>
      </trkpt>
      <trkpt lat="54.00100939907133579254150390625" lon="-0.9430115483701229095458984375">
        <ele>36.799999237060546875</ele>
        <time>2018-10-14T09:33:18.000Z</time>
        <extensions>
          <ns3:TrackPointExtension>
            <ns3:hr>153</ns3:hr>
            <ns3:cad>100</ns3:cad>
          </ns3:TrackPointExtension>
        </extensions>
      </trkpt>
      <trkpt lat="54.00117049925029277801513671875" lon="-0.9428697265684604644775390625">
        <ele>36.200000762939453125</ele>
        <time>2018-10-14T09:33:23.000Z</time>
        <extensions>
          <ns3:TrackPointExtension>
            <ns3:hr>153</ns3:hr>
            <ns3:cad>100</ns3:cad>
          </ns3:TrackPointExtension>
        </extensions>
      </trkpt>
      <trkpt lat="54.00132757611572742462158203125" lon="-0.94270057976245880126953125">
        <ele>36</ele>
        <time>2018-10-14T09:33:28.000Z</time>
        <extensions>
          <ns3:TrackPointExtension>
            <ns3:hr>154</ns3:hr>
            <ns3:cad>100</ns3:cad>
          </ns3:TrackPointExtension>
        </extensions>
      </trkpt>
      <trkpt lat="54.0014862455427646636962890625" lon="-0.94254442490637302398681640625">
        <ele>35.799999237060546875</ele>
        <time>2018-10-14T09:33:33.000Z</time>
        <extensions>
          <ns3:TrackPointExtension>
            <ns3:hr>154</ns3:hr>
            <ns3:cad>100</ns3:cad>
          </ns3:TrackPointExtension>
        </extensions>
      </trkpt>
      <trkpt lat="54.00164558552205562591552734375" lon="-0.942362286150455474853515625">
        <ele>35.40000152587890625</ele>
        <time>2018-10-14T09:33:38.000Z</time>
        <extensions>
          <ns3:TrackPointExtension>
            <ns3:hr>153</ns3:hr>
            <ns3:cad>99</ns3:cad>
          </ns3:TrackPointExtension>
        </extensions>
      </trkpt>
      <trkpt lat="54.00180081836879253387451171875" lon="-0.94218869693577289581298828125">
        <ele>36</ele>
        <time>2018-10-14T09:33:43.000Z</time>
        <extensions>
          <ns3:TrackPointExtension>
            <ns3:hr>151</ns3:hr>
            <ns3:cad>100</ns3:cad>
          </ns3:TrackPointExtension>
        </extensions>
      </trkpt>
      <trkpt lat="54.001971893012523651123046875" lon="-0.94201250933110713958740234375">
        <ele>37.200000762939453125</ele>
        <time>2018-10-14T09:33:49.000Z</time>
        <extensions>
          <ns3:TrackPointExtension>
            <ns3:hr>152</ns3:hr>
            <ns3:cad>100</ns3:cad>
          </ns3:TrackPointExtension>
        </extensions>
      </trkpt>
      <trkpt lat="54.002162329852581024169921875" lon="-0.94187043607234954833984375">
        <ele>38.59999847412109375</ele>
        <time>2018-10-14T09:33:55.000Z</time>
        <extensions>
          <ns3:TrackPointExtension>
            <ns3:hr>152</ns3:hr>
            <ns3:cad>98</ns3:cad>
          </ns3:TrackPointExtension>
        </extensions>
      </trkpt>
      <trkpt lat="54.00236156769096851348876953125" lon="-0.9417418576776981353759765625">
        <ele>40</ele>
        <time>2018-10-14T09:34:01.000Z</time>
        <extensions>
          <ns3:TrackPointExtension>
            <ns3:hr>154</ns3:hr>
            <ns3:cad>97</ns3:cad>
          </ns3:TrackPointExtension>
        </extensions>
      </trkpt>
      <trkpt lat="54.00254228152334690093994140625" lon="-0.9416337311267852783203125">
        <ele>40.59999847412109375</ele>
        <time>2018-10-14T09:34:07.000Z</time>
        <extensions>
          <ns3:TrackPointExtension>
            <ns3:hr>154</ns3:hr>
            <ns3:cad>97</ns3:cad>
          </ns3:TrackPointExtension>
        </extensions>
      </trkpt>
      <trkpt lat="54.00273196399211883544921875" lon="-0.94150875695049762725830078125">
        <ele>41.40000152587890625</ele>
        <time>2018-10-14T09:34:14.000Z</time>
        <extensions>
          <ns3:TrackPointExtension>
            <ns3:hr>154</ns3:hr>
            <ns3:cad>97</ns3:cad>
          </ns3:TrackPointExtension>
        </extensions>
      </trkpt>
      <trkpt lat="54.00292164646089076995849609375" lon="-0.941372215747833251953125">
        <ele>42</ele>
        <time>2018-10-14T09:34:21.000Z</time>
        <extensions>
          <ns3:TrackPointExtension>
            <ns3:hr>154</ns3:hr>
            <ns3:cad>96</ns3:cad>
          </ns3:TrackPointExtension>
        </extensions>
      </trkpt>
      <trkpt lat="54.00308559648692607879638671875" lon="-0.9412339143455028533935546875">
        <ele>41.40000152587890625</ele>
        <time>2018-10-14T09:34:27.000Z</time>
        <extensions>
          <ns3:TrackPointExtension>
            <ns3:hr>153</ns3:hr>
            <ns3:cad>96</ns3:cad>
          </ns3:TrackPointExtension>
        </extensions>
      </trkpt>
      <trkpt lat="54.0032491274178028106689453125" lon="-0.94103886745870113372802734375">
        <ele>41.59999847412109375</ele>
        <time>2018-10-14T09:34:33.000Z</time>
        <extensions>
          <ns3:TrackPointExtension>
            <ns3:hr>153</ns3:hr>
            <ns3:cad>96</ns3:cad>
          </ns3:TrackPointExtension>
        </extensions>
      </trkpt>
      <trkpt lat="54.0034020133316516876220703125" lon="-0.94081364572048187255859375">
        <ele>41.799999237060546875</ele>
        <time>2018-10-14T09:34:39.000Z</time>
        <extensions>
          <ns3:TrackPointExtension>
            <ns3:hr>154</ns3:hr>
            <ns3:cad>96</ns3:cad>
          </ns3:TrackPointExtension>
        </extensions>
      </trkpt>
      <trkpt lat="54.00356839410960674285888671875" lon="-0.9406049363315105438232421875">
        <ele>42</ele>
        <time>2018-10-14T09:34:45.000Z</time>
        <extensions>
          <ns3:TrackPointExtension>
            <ns3:hr>151</ns3:hr>
            <ns3:cad>96</ns3:cad>
          </ns3:TrackPointExtension>
        </extensions>
      </trkpt>
      <trkpt lat="54.00374558754265308380126953125" lon="-0.94059630297124385833740234375">
        <ele>42</ele>
        <time>2018-10-14T09:34:50.000Z</time>
        <extensions>
          <ns3:TrackPointExtension>
            <ns3:hr>151</ns3:hr>
            <ns3:cad>95</ns3:cad>
          </ns3:TrackPointExtension>
        </extensions>
      </trkpt>
      <trkpt lat="54.00390534661710262298583984375" lon="-0.94076000154018402099609375">
        <ele>41.799999237060546875</ele>
        <time>2018-10-14T09:34:55.000Z</time>
        <extensions>
          <ns3:TrackPointExtension>
            <ns3:hr>151</ns3:hr>
            <ns3:cad>98</ns3:cad>
          </ns3:TrackPointExtension>
        </extensions>
      </trkpt>
      <trkpt lat="54.0040648542344570159912109375" lon="-0.94091900624334812164306640625">
        <ele>41</ele>
        <time>2018-10-14T09:35:00.000Z</time>
        <extensions>
          <ns3:TrackPointExtension>
            <ns3:hr>153</ns3:hr>
            <ns3:cad>98</ns3:cad>
          </ns3:TrackPointExtension>
        </extensions>
      </trkpt>
      <trkpt lat="54.00409662164747714996337890625" lon="-0.94094901345670223236083984375">
        <ele>41</ele>
        <time>2018-10-14T09:35:01.000Z</time>
        <extensions>
          <ns3:TrackPointExtension>
            <ns3:hr>153</ns3:hr>
            <ns3:cad>98</ns3:cad>
          </ns3:TrackPointExtension>
        </extensions>
      </trkpt>
      <trkpt lat="54.0042666904628276824951171875" lon="-0.94110089354217052459716796875">
        <ele>41</ele>
        <time>2018-10-14T09:35:06.000Z</time>
        <extensions>
          <ns3:TrackPointExtension>
            <ns3:hr>154</ns3:hr>
            <ns3:cad>98</ns3:cad>
          </ns3:TrackPointExtension>
        </extensions>
      </trkpt>
      <trkpt lat="54.00446123443543910980224609375" lon="-0.9412206709384918212890625">
        <ele>40.40000152587890625</ele>
        <time>2018-10-14T09:35:12.000Z</time>
        <extensions>
          <ns3:TrackPointExtension>
            <ns3:hr>155</ns3:hr>
            <ns3:cad>97</ns3:cad>
          </ns3:TrackPointExtension>
        </extensions>
      </trkpt>
      <trkpt lat="54.00463926605880260467529296875" lon="-0.94133533537387847900390625">
        <ele>39.799999237060546875</ele>
        <time>2018-10-14T09:35:18.000Z</time>
        <extensions>
          <ns3:TrackPointExtension>
            <ns3:hr>152</ns3:hr>
            <ns3:cad>97</ns3:cad>
          </ns3:TrackPointExtension>
        </extensions>
      </trkpt>
      <trkpt lat="54.0048209019005298614501953125" lon="-0.9415222518146038055419921875">
        <ele>39.200000762939453125</ele>
        <time>2018-10-14T09:35:24.000Z</time>
        <extensions>
          <ns3:TrackPointExtension>
            <ns3:hr>151</ns3:hr>
            <ns3:cad>98</ns3:cad>
          </ns3:TrackPointExtension>
        </extensions>
      </trkpt>
      <trkpt lat="54.0049838460981845855712890625" lon="-0.941661559045314788818359375">
        <ele>39</ele>
        <time>2018-10-14T09:35:29.000Z</time>
        <extensions>
          <ns3:TrackPointExtension>
            <ns3:hr>151</ns3:hr>
            <ns3:cad>98</ns3:cad>
          </ns3:TrackPointExtension>
        </extensions>
      </trkpt>
      <trkpt lat="54.00514301843941211700439453125" lon="-0.94183162786066532135009765625">
        <ele>39</ele>
        <time>2018-10-14T09:35:34.000Z</time>
        <extensions>
          <ns3:TrackPointExtension>
            <ns3:hr>152</ns3:hr>
            <ns3:cad>99</ns3:cad>
          </ns3:TrackPointExtension>
        </extensions>
      </trkpt>
      <trkpt lat="54.00525726377964019775390625" lon="-0.94213320873677730560302734375">
        <ele>38.799999237060546875</ele>
        <time>2018-10-14T09:35:40.000Z</time>
        <extensions>
          <ns3:TrackPointExtension>
            <ns3:hr>151</ns3:hr>
            <ns3:cad>99</ns3:cad>
          </ns3:TrackPointExtension>
        </extensions>
      </trkpt>
      <trkpt lat="54.00528316386044025421142578125" lon="-0.94245909713208675384521484375">
        <ele>38</ele>
        <time>2018-10-14T09:35:45.000Z</time>
        <extensions>
          <ns3:TrackPointExtension>
            <ns3:hr>151</ns3:hr>
            <ns3:cad>99</ns3:cad>
          </ns3:TrackPointExtension>
        </extensions>
      </trkpt>
      <trkpt lat="54.00529213249683380126953125" lon="-0.94276989810168743133544921875">
        <ele>37</ele>
        <time>2018-10-14T09:35:50.000Z</time>
        <extensions>
          <ns3:TrackPointExtension>
            <ns3:hr>153</ns3:hr>
            <ns3:cad>100</ns3:cad>
          </ns3:TrackPointExtension>
        </extensions>
      </trkpt>
      <trkpt lat="54.00529079139232635498046875" lon="-0.9430848062038421630859375">
        <ele>37</ele>
        <time>2018-10-14T09:35:55.000Z</time>
        <extensions>
          <ns3:TrackPointExtension>
            <ns3:hr>153</ns3:hr>
            <ns3:cad>100</ns3:cad>
          </ns3:TrackPointExtension>
        </extensions>
      </trkpt>
      <trkpt lat="54.00529053993523120880126953125" lon="-0.94341530464589595794677734375">
        <ele>37</ele>
        <time>2018-10-14T09:36:00.000Z</time>
        <extensions>
          <ns3:TrackPointExtension>
            <ns3:hr>153</ns3:hr>
            <ns3:cad>99</ns3:cad>
          </ns3:TrackPointExtension>
        </extensions>
      </trkpt>
      <trkpt lat="54.00530143640935420989990234375" lon="-0.9437444619834423065185546875">
        <ele>37</ele>
        <time>2018-10-14T09:36:05.000Z</time>
        <extensions>
          <ns3:TrackPointExtension>
            <ns3:hr>153</ns3:hr>
            <ns3:cad>100</ns3:cad>
          </ns3:TrackPointExtension>
        </extensions>
      </trkpt>
      <trkpt lat="54.00535960681736469268798828125" lon="-0.94406959600746631622314453125">
        <ele>36</ele>
        <time>2018-10-14T09:36:10.000Z</time>
        <extensions>
          <ns3:TrackPointExtension>
            <ns3:hr>153</ns3:hr>
            <ns3:cad>100</ns3:cad>
          </ns3:TrackPointExtension>
        </extensions>
      </trkpt>
      <trkpt lat="54.00554518215358257293701171875" lon="-0.9441846795380115509033203125">
        <ele>35.40000152587890625</ele>
        <time>2018-10-14T09:36:15.000Z</time>
        <extensions>
          <ns3:TrackPointExtension>
            <ns3:hr>153</ns3:hr>
            <ns3:cad>100</ns3:cad>
          </ns3:TrackPointExtension>
        </extensions>
      </trkpt>
      <trkpt lat="54.00575481355190277099609375" lon="-0.94414788298308849334716796875">
        <ele>35.59999847412109375</ele>
        <time>2018-10-14T09:36:20.000Z</time>
        <extensions>
          <ns3:TrackPointExtension>
            <ns3:hr>154</ns3:hr>
            <ns3:cad>99</ns3:cad>
          </ns3:TrackPointExtension>
        </extensions>
      </trkpt>
      <trkpt lat="54.0059434063732624053955078125" lon="-0.94411133788526058197021484375">
        <ele>35.59999847412109375</ele>
        <time>2018-10-14T09:36:25.000Z</time>
        <extensions>
          <ns3:TrackPointExtension>
            <ns3:hr>153</ns3:hr>
            <ns3:cad>99</ns3:cad>
          </ns3:TrackPointExtension>
        </extensions>
      </trkpt>
      <trkpt lat="54.00615580379962921142578125" lon="-0.94407512806355953216552734375">
        <ele>35.200000762939453125</ele>
        <time>2018-10-14T09:36:31.000Z</time>
        <extensions>
          <ns3:TrackPointExtension>
            <ns3:hr>155</ns3:hr>
            <ns3:cad>100</ns3:cad>
          </ns3:TrackPointExtension>
        </extensions>
      </trkpt>
      <trkpt lat="54.00634062476456165313720703125" lon="-0.94404730014503002166748046875">
        <ele>34.59999847412109375</ele>
        <time>2018-10-14T09:36:36.000Z</time>
        <extensions>
          <ns3:TrackPointExtension>
            <ns3:hr>158</ns3:hr>
            <ns3:cad>100</ns3:cad>
          </ns3:TrackPointExtension>
        </extensions>
      </trkpt>
      <trkpt lat="54.006535671651363372802734375" lon="-0.94402550719678401947021484375">
        <ele>34</ele>
        <time>2018-10-14T09:36:41.000Z</time>
        <extensions>
          <ns3:TrackPointExtension>
            <ns3:hr>158</ns3:hr>
            <ns3:cad>99</ns3:cad>
          </ns3:TrackPointExtension>
        </extensions>
      </trkpt>
      <trkpt lat="54.00672736577689647674560546875" lon="-0.94402768649160861968994140625">
        <ele>33.200000762939453125</ele>
        <time>2018-10-14T09:36:46.000Z</time>
        <extensions>
          <ns3:TrackPointExtension>
            <ns3:hr>156</ns3:hr>
            <ns3:cad>100</ns3:cad>
          </ns3:TrackPointExtension>
        </extensions>
      </trkpt>
      <trkpt lat="54.0069264359772205352783203125" lon="-0.9440462104976177215576171875">
        <ele>32.40000152587890625</ele>
        <time>2018-10-14T09:36:51.000Z</time>
        <extensions>
          <ns3:TrackPointExtension>
            <ns3:hr>157</ns3:hr>
            <ns3:cad>99</ns3:cad>
          </ns3:TrackPointExtension>
        </extensions>
      </trkpt>
      <trkpt lat="54.00712315924465656280517578125" lon="-0.94407118856906890869140625">
        <ele>32</ele>
        <time>2018-10-14T09:36:56.000Z</time>
        <extensions>
          <ns3:TrackPointExtension>
            <ns3:hr>156</ns3:hr>
            <ns3:cad>101</ns3:cad>
          </ns3:TrackPointExtension>
        </extensions>
      </trkpt>
      <trkpt lat="54.00731711648404598236083984375" lon="-0.94407856464385986328125">
        <ele>33.40000152587890625</ele>
        <time>2018-10-14T09:37:01.000Z</time>
        <extensions>
          <ns3:TrackPointExtension>
            <ns3:hr>154</ns3:hr>
            <ns3:cad>100</ns3:cad>
          </ns3:TrackPointExtension>
        </extensions>
      </trkpt>
      <trkpt lat="54.00749732740223407745361328125" lon="-0.9440995194017887115478515625">
        <ele>34.59999847412109375</ele>
        <time>2018-10-14T09:37:06.000Z</time>
        <extensions>
          <ns3:TrackPointExtension>
            <ns3:hr>152</ns3:hr>
            <ns3:cad>100</ns3:cad>
          </ns3:TrackPointExtension>
        </extensions>
      </trkpt>
      <trkpt lat="54.0076834894716739654541015625" lon="-0.94412080943584442138671875">
        <ele>36</ele>
        <time>2018-10-14T09:37:11.000Z</time>
        <extensions>
          <ns3:TrackPointExtension>
            <ns3:hr>151</ns3:hr>
            <ns3:cad>100</ns3:cad>
          </ns3:TrackPointExtension>
        </extensions>
      </trkpt>
      <trkpt lat="54.00787669233977794647216796875" lon="-0.9441375732421875">
        <ele>37</ele>
        <time>2018-10-14T09:37:16.000Z</time>
        <extensions>
          <ns3:TrackPointExtension>
            <ns3:hr>150</ns3:hr>
            <ns3:cad>100</ns3:cad>
          </ns3:TrackPointExtension>
        </extensions>
      </trkpt>
      <trkpt lat="54.0080737508833408355712890625" lon="-0.94415408559143543243408203125">
        <ele>37</ele>
        <time>2018-10-14T09:37:21.000Z</time>
        <extensions>
          <ns3:TrackPointExtension>
            <ns3:hr>151</ns3:hr>
            <ns3:cad>100</ns3:cad>
          </ns3:TrackPointExtension>
        </extensions>
      </trkpt>
      <trkpt lat="54.0082633495330810546875" lon="-0.9441729448735713958740234375">
        <ele>36.59999847412109375</ele>
        <time>2018-10-14T09:37:26.000Z</time>
        <extensions>
          <ns3:TrackPointExtension>
            <ns3:hr>151</ns3:hr>
            <ns3:cad>100</ns3:cad>
          </ns3:TrackPointExtension>
        </extensions>
      </trkpt>
      <trkpt lat="54.008460156619548797607421875" lon="-0.9441930614411830902099609375">
        <ele>37.59999847412109375</ele>
        <time>2018-10-14T09:37:31.000Z</time>
        <extensions>
          <ns3:TrackPointExtension>
            <ns3:hr>151</ns3:hr>
            <ns3:cad>100</ns3:cad>
          </ns3:TrackPointExtension>
        </extensions>
      </trkpt>
      <trkpt lat="54.00864514522254467010498046875" lon="-0.94421560876071453094482421875">
        <ele>38.200000762939453125</ele>
        <time>2018-10-14T09:37:36.000Z</time>
        <extensions>
          <ns3:TrackPointExtension>
            <ns3:hr>151</ns3:hr>
            <ns3:cad>100</ns3:cad>
          </ns3:TrackPointExtension>
        </extensions>
      </trkpt>
      <trkpt lat="54.00885452516376972198486328125" lon="-0.94425751827657222747802734375">
        <ele>39</ele>
        <time>2018-10-14T09:37:42.000Z</time>
        <extensions>
          <ns3:TrackPointExtension>
            <ns3:hr>152</ns3:hr>
            <ns3:cad>100</ns3:cad>
          </ns3:TrackPointExtension>
        </extensions>
      </trkpt>
      <trkpt lat="54.0090358257293701171875" lon="-0.944286771118640899658203125">
        <ele>40</ele>
        <time>2018-10-14T09:37:47.000Z</time>
        <extensions>
          <ns3:TrackPointExtension>
            <ns3:hr>154</ns3:hr>
            <ns3:cad>98</ns3:cad>
          </ns3:TrackPointExtension>
        </extensions>
      </trkpt>
      <trkpt lat="54.00922768749296665191650390625" lon="-0.94433295540511608123779296875">
        <ele>40.59999847412109375</ele>
        <time>2018-10-14T09:37:53.000Z</time>
        <extensions>
          <ns3:TrackPointExtension>
            <ns3:hr>154</ns3:hr>
            <ns3:cad>99</ns3:cad>
          </ns3:TrackPointExtension>
        </extensions>
      </trkpt>
      <trkpt lat="54.00942835025489330291748046875" lon="-0.94439967535436153411865234375">
        <ele>39.40000152587890625</ele>
        <time>2018-10-14T09:38:00.000Z</time>
        <extensions>
          <ns3:TrackPointExtension>
            <ns3:hr>151</ns3:hr>
            <ns3:cad>99</ns3:cad>
          </ns3:TrackPointExtension>
        </extensions>
      </trkpt>
      <trkpt lat="54.00961744599044322967529296875" lon="-0.94439581967890262603759765625">
        <ele>38.200000762939453125</ele>
        <time>2018-10-14T09:38:06.000Z</time>
        <extensions>
          <ns3:TrackPointExtension>
            <ns3:hr>150</ns3:hr>
            <ns3:cad>99</ns3:cad>
          </ns3:TrackPointExtension>
        </extensions>
      </trkpt>
      <trkpt lat="54.0097833238542079925537109375" lon="-0.9443727694451808929443359375">
        <ele>36.59999847412109375</ele>
        <time>2018-10-14T09:38:11.000Z</time>
        <extensions>
          <ns3:TrackPointExtension>
            <ns3:hr>153</ns3:hr>
            <ns3:cad>99</ns3:cad>
          </ns3:TrackPointExtension>
        </extensions>
      </trkpt>
      <trkpt lat="54.00998708792030811309814453125" lon="-0.94438928179442882537841796875">
        <ele>35.200000762939453125</ele>
        <time>2018-10-14T09:38:18.000Z</time>
        <extensions>
          <ns3:TrackPointExtension>
            <ns3:hr>154</ns3:hr>
            <ns3:cad>99</ns3:cad>
          </ns3:TrackPointExtension>
        </extensions>
      </trkpt>
      <trkpt lat="54.0100502036511898040771484375" lon="-0.944367237389087677001953125">
        <ele>34.59999847412109375</ele>
        <time>2018-10-14T09:38:20.000Z</time>
        <extensions>
          <ns3:TrackPointExtension>
            <ns3:hr>155</ns3:hr>
            <ns3:cad>99</ns3:cad>
          </ns3:TrackPointExtension>
        </extensions>
      </trkpt>
      <trkpt lat="54.010233767330646514892578125" lon="-0.94428366981446743011474609375">
        <ele>33.59999847412109375</ele>
        <time>2018-10-14T09:38:25.000Z</time>
        <extensions>
          <ns3:TrackPointExtension>
            <ns3:hr>156</ns3:hr>
            <ns3:cad>99</ns3:cad>
          </ns3:TrackPointExtension>
        </extensions>
      </trkpt>
      <trkpt lat="54.01043736375868320465087890625" lon="-0.944162718951702117919921875">
        <ele>32.59999847412109375</ele>
        <time>2018-10-14T09:38:31.000Z</time>
        <extensions>
          <ns3:TrackPointExtension>
            <ns3:hr>155</ns3:hr>
            <ns3:cad>99</ns3:cad>
          </ns3:TrackPointExtension>
        </extensions>
      </trkpt>
      <trkpt lat="54.010609947144985198974609375" lon="-0.9440696798264980316162109375">
        <ele>32.200000762939453125</ele>
        <time>2018-10-14T09:38:36.000Z</time>
        <extensions>
          <ns3:TrackPointExtension>
            <ns3:hr>154</ns3:hr>
            <ns3:cad>98</ns3:cad>
          </ns3:TrackPointExtension>
        </extensions>
      </trkpt>
      <trkpt lat="54.0108127892017364501953125" lon="-0.94396264292299747467041015625">
        <ele>32.200000762939453125</ele>
        <time>2018-10-14T09:38:42.000Z</time>
        <extensions>
          <ns3:TrackPointExtension>
            <ns3:hr>154</ns3:hr>
            <ns3:cad>99</ns3:cad>
          </ns3:TrackPointExtension>
        </extensions>
      </trkpt>
      <trkpt lat="54.01101596653461456298828125" lon="-0.94386708922684192657470703125">
        <ele>32.40000152587890625</ele>
        <time>2018-10-14T09:38:48.000Z</time>
        <extensions>
          <ns3:TrackPointExtension>
            <ns3:hr>152</ns3:hr>
            <ns3:cad>99</ns3:cad>
          </ns3:TrackPointExtension>
        </extensions>
      </trkpt>
      <trkpt lat="54.0112245082855224609375" lon="-0.9437793307006359100341796875">
        <ele>32.200000762939453125</ele>
        <time>2018-10-14T09:38:54.000Z</time>
        <extensions>
          <ns3:TrackPointExtension>
            <ns3:hr>151</ns3:hr>
            <ns3:cad>99</ns3:cad>
          </ns3:TrackPointExtension>
        </extensions>
      </trkpt>
      <trkpt lat="54.01141293346881866455078125" lon="-0.94367665238678455352783203125">
        <ele>31.200000762939453125</ele>
        <time>2018-10-14T09:38:59.000Z</time>
        <extensions>
          <ns3:TrackPointExtension>
            <ns3:hr>151</ns3:hr>
            <ns3:cad>99</ns3:cad>
          </ns3:TrackPointExtension>
        </extensions>
      </trkpt>
      <trkpt lat="54.0115907974541187286376953125" lon="-0.94358160160481929779052734375">
        <ele>30.200000762939453125</ele>
        <time>2018-10-14T09:39:04.000Z</time>
        <extensions>
          <ns3:TrackPointExtension>
            <ns3:hr>152</ns3:hr>
            <ns3:cad>100</ns3:cad>
          </ns3:TrackPointExtension>
        </extensions>
      </trkpt>
      <trkpt lat="54.0117644704878330230712890625" lon="-0.94347733072936534881591796875">
        <ele>29.200000762939453125</ele>
        <time>2018-10-14T09:39:09.000Z</time>
        <extensions>
          <ns3:TrackPointExtension>
            <ns3:hr>151</ns3:hr>
            <ns3:cad>98</ns3:cad>
          </ns3:TrackPointExtension>
        </extensions>
      </trkpt>
      <trkpt lat="54.01193789206445217132568359375" lon="-0.9433830343186855316162109375">
        <ele>29.200000762939453125</ele>
        <time>2018-10-14T09:39:14.000Z</time>
        <extensions>
          <ns3:TrackPointExtension>
            <ns3:hr>152</ns3:hr>
            <ns3:cad>98</ns3:cad>
          </ns3:TrackPointExtension>
        </extensions>
      </trkpt>
      <trkpt lat="54.0121163427829742431640625" lon="-0.9432774223387241363525390625">
        <ele>29.6000003814697265625</ele>
        <time>2018-10-14T09:39:19.000Z</time>
        <extensions>
          <ns3:TrackPointExtension>
            <ns3:hr>154</ns3:hr>
            <ns3:cad>99</ns3:cad>
          </ns3:TrackPointExtension>
        </extensions>
      </trkpt>
      <trkpt lat="54.0123052708804607391357421875" lon="-0.94316351227462291717529296875">
        <ele>29.200000762939453125</ele>
        <time>2018-10-14T09:39:24.000Z</time>
        <extensions>
          <ns3:TrackPointExtension>
            <ns3:hr>153</ns3:hr>
            <ns3:cad>99</ns3:cad>
          </ns3:TrackPointExtension>
        </extensions>
      </trkpt>
      <trkpt lat="54.01249109767377376556396484375" lon="-0.943030156195163726806640625">
        <ele>29.6000003814697265625</ele>
        <time>2018-10-14T09:39:29.000Z</time>
        <extensions>
          <ns3:TrackPointExtension>
            <ns3:hr>152</ns3:hr>
            <ns3:cad>98</ns3:cad>
          </ns3:TrackPointExtension>
        </extensions>
      </trkpt>
      <trkpt lat="54.01266661472618579864501953125" lon="-0.942893363535404205322265625">
        <ele>30</ele>
        <time>2018-10-14T09:39:34.000Z</time>
        <extensions>
          <ns3:TrackPointExtension>
            <ns3:hr>152</ns3:hr>
            <ns3:cad>100</ns3:cad>
          </ns3:TrackPointExtension>
        </extensions>
      </trkpt>
      <trkpt lat="54.01284665800631046295166015625" lon="-0.9427580796182155609130859375">
        <ele>29.799999237060546875</ele>
        <time>2018-10-14T09:39:39.000Z</time>
        <extensions>
          <ns3:TrackPointExtension>
            <ns3:hr>151</ns3:hr>
            <ns3:cad>99</ns3:cad>
          </ns3:TrackPointExtension>
        </extensions>
      </trkpt>
      <trkpt lat="54.01288370601832866668701171875" lon="-0.94273142516613006591796875">
        <ele>29.799999237060546875</ele>
        <time>2018-10-14T09:39:40.000Z</time>
        <extensions>
          <ns3:TrackPointExtension>
            <ns3:hr>147</ns3:hr>
            <ns3:cad>99</ns3:cad>
          </ns3:TrackPointExtension>
        </extensions>
      </trkpt>
      <trkpt lat="54.01306576095521450042724609375" lon="-0.94259505160152912139892578125">
        <ele>29.3999996185302734375</ele>
        <time>2018-10-14T09:39:45.000Z</time>
        <extensions>
          <ns3:TrackPointExtension>
            <ns3:hr>150</ns3:hr>
            <ns3:cad>99</ns3:cad>
          </ns3:TrackPointExtension>
        </extensions>
      </trkpt>
      <trkpt lat="54.013140611350536346435546875" lon="-0.9425492025911808013916015625">
        <ele>29.200000762939453125</ele>
        <time>2018-10-14T09:39:47.000Z</time>
        <extensions>
          <ns3:TrackPointExtension>
            <ns3:hr>153</ns3:hr>
            <ns3:cad>99</ns3:cad>
          </ns3:TrackPointExtension>
        </extensions>
      </trkpt>
      <trkpt lat="54.01325016282498836517333984375" lon="-0.94250075519084930419921875">
        <ele>29.200000762939453125</ele>
        <time>2018-10-14T09:39:50.000Z</time>
        <extensions>
          <ns3:TrackPointExtension>
            <ns3:hr>156</ns3:hr>
            <ns3:cad>98</ns3:cad>
          </ns3:TrackPointExtension>
        </extensions>
      </trkpt>
      <trkpt lat="54.01334923692047595977783203125" lon="-0.94241517595946788787841796875">
        <ele>29.6000003814697265625</ele>
        <time>2018-10-14T09:39:53.000Z</time>
        <extensions>
          <ns3:TrackPointExtension>
            <ns3:hr>159</ns3:hr>
            <ns3:cad>98</ns3:cad>
          </ns3:TrackPointExtension>
        </extensions>
      </trkpt>
      <trkpt lat="54.01347286999225616455078125" lon="-0.9422695823013782501220703125">
        <ele>30</ele>
        <time>2018-10-14T09:39:57.000Z</time>
        <extensions>
          <ns3:TrackPointExtension>
            <ns3:hr>162</ns3:hr>
            <ns3:cad>98</ns3:cad>
          </ns3:TrackPointExtension>
        </extensions>
      </trkpt>
      <trkpt lat="54.013634808361530303955078125" lon="-0.94210186041891574859619140625">
        <ele>30.6000003814697265625</ele>
        <time>2018-10-14T09:40:02.000Z</time>
        <extensions>
          <ns3:TrackPointExtension>
            <ns3:hr>160</ns3:hr>
            <ns3:cad>99</ns3:cad>
          </ns3:TrackPointExtension>
        </extensions>
      </trkpt>
      <trkpt lat="54.0138026140630245208740234375" lon="-0.94194662757217884063720703125">
        <ele>31</ele>
        <time>2018-10-14T09:40:07.000Z</time>
        <extensions>
          <ns3:TrackPointExtension>
            <ns3:hr>158</ns3:hr>
            <ns3:cad>99</ns3:cad>
          </ns3:TrackPointExtension>
        </extensions>
      </trkpt>
      <trkpt lat="54.013964720070362091064453125" lon="-0.94180547632277011871337890625">
        <ele>31</ele>
        <time>2018-10-14T09:40:12.000Z</time>
        <extensions>
          <ns3:TrackPointExtension>
            <ns3:hr>156</ns3:hr>
            <ns3:cad>99</ns3:cad>
          </ns3:TrackPointExtension>
        </extensions>
      </trkpt>
      <trkpt lat="54.01413939893245697021484375" lon="-0.94168762676417827606201171875">
        <ele>31</ele>
        <time>2018-10-14T09:40:17.000Z</time>
        <extensions>
          <ns3:TrackPointExtension>
            <ns3:hr>158</ns3:hr>
            <ns3:cad>99</ns3:cad>
          </ns3:TrackPointExtension>
        </extensions>
      </trkpt>
      <trkpt lat="54.01431064121425151824951171875" lon="-0.941589139401912689208984375">
        <ele>31</ele>
        <time>2018-10-14T09:40:22.000Z</time>
        <extensions>
          <ns3:TrackPointExtension>
            <ns3:hr>159</ns3:hr>
            <ns3:cad>98</ns3:cad>
          </ns3:TrackPointExtension>
        </extensions>
      </trkpt>
      <trkpt lat="54.01448515243828296661376953125" lon="-0.941500961780548095703125">
        <ele>30.3999996185302734375</ele>
        <time>2018-10-14T09:40:27.000Z</time>
        <extensions>
          <ns3:TrackPointExtension>
            <ns3:hr>156</ns3:hr>
            <ns3:cad>98</ns3:cad>
          </ns3:TrackPointExtension>
        </extensions>
      </trkpt>
      <trkpt lat="54.0145559795200824737548828125" lon="-0.94146567396819591522216796875">
        <ele>30.200000762939453125</ele>
        <time>2018-10-14T09:40:29.000Z</time>
        <extensions>
          <ns3:TrackPointExtension>
            <ns3:hr>150</ns3:hr>
            <ns3:cad>98</ns3:cad>
          </ns3:TrackPointExtension>
        </extensions>
      </trkpt>
      <trkpt lat="54.01459059678018093109130859375" lon="-0.9414484910666942596435546875">
        <ele>30</ele>
        <time>2018-10-14T09:40:30.000Z</time>
        <extensions>
          <ns3:TrackPointExtension>
            <ns3:hr>147</ns3:hr>
            <ns3:cad>98</ns3:cad>
          </ns3:TrackPointExtension>
        </extensions>
      </trkpt>
      <trkpt lat="54.01478539220988750457763671875" lon="-0.9413472376763820648193359375">
        <ele>29.200000762939453125</ele>
        <time>2018-10-14T09:40:36.000Z</time>
        <extensions>
          <ns3:TrackPointExtension>
            <ns3:hr>144</ns3:hr>
            <ns3:cad>100</ns3:cad>
          </ns3:TrackPointExtension>
        </extensions>
      </trkpt>
      <trkpt lat="54.0149847976863384246826171875" lon="-0.94128060154616832733154296875">
        <ele>29.3999996185302734375</ele>
        <time>2018-10-14T09:40:42.000Z</time>
        <extensions>
          <ns3:TrackPointExtension>
            <ns3:hr>142</ns3:hr>
            <ns3:cad>99</ns3:cad>
          </ns3:TrackPointExtension>
        </extensions>
      </trkpt>
      <trkpt lat="54.01516861282289028167724609375" lon="-0.94121555797755718231201171875">
        <ele>30</ele>
        <time>2018-10-14T09:40:48.000Z</time>
        <extensions>
          <ns3:TrackPointExtension>
            <ns3:hr>142</ns3:hr>
            <ns3:cad>98</ns3:cad>
          </ns3:TrackPointExtension>
        </extensions>
      </trkpt>
      <trkpt lat="54.015346728265285491943359375" lon="-0.9411598183214664459228515625">
        <ele>30.799999237060546875</ele>
        <time>2018-10-14T09:40:53.000Z</time>
        <extensions>
          <ns3:TrackPointExtension>
            <ns3:hr>144</ns3:hr>
            <ns3:cad>99</ns3:cad>
          </ns3:TrackPointExtension>
        </extensions>
      </trkpt>
      <trkpt lat="54.01553926058113574981689453125" lon="-0.94105546362698078155517578125">
        <ele>31.3999996185302734375</ele>
        <time>2018-10-14T09:40:59.000Z</time>
        <extensions>
          <ns3:TrackPointExtension>
            <ns3:hr>146</ns3:hr>
            <ns3:cad>99</ns3:cad>
          </ns3:TrackPointExtension>
        </extensions>
      </trkpt>
      <trkpt lat="54.01572466827929019927978515625" lon="-0.9409720636904239654541015625">
        <ele>32</ele>
        <time>2018-10-14T09:41:05.000Z</time>
        <extensions>
          <ns3:TrackPointExtension>
            <ns3:hr>147</ns3:hr>
            <ns3:cad>98</ns3:cad>
          </ns3:TrackPointExtension>
        </extensions>
      </trkpt>
      <trkpt lat="54.0159151889383792877197265625" lon="-0.9408986382186412811279296875">
        <ele>32.200000762939453125</ele>
        <time>2018-10-14T09:41:11.000Z</time>
        <extensions>
          <ns3:TrackPointExtension>
            <ns3:hr>148</ns3:hr>
            <ns3:cad>97</ns3:cad>
          </ns3:TrackPointExtension>
        </extensions>
      </trkpt>
      <trkpt lat="54.016124568879604339599609375" lon="-0.94082730822265148162841796875">
        <ele>33</ele>
        <time>2018-10-14T09:41:17.000Z</time>
        <extensions>
          <ns3:TrackPointExtension>
            <ns3:hr>148</ns3:hr>
            <ns3:cad>97</ns3:cad>
          </ns3:TrackPointExtension>
        </extensions>
      </trkpt>
      <trkpt lat="54.0163235552608966827392578125" lon="-0.94078808091580867767333984375">
        <ele>33.40000152587890625</ele>
        <time>2018-10-14T09:41:23.000Z</time>
        <extensions>
          <ns3:TrackPointExtension>
            <ns3:hr>145</ns3:hr>
            <ns3:cad>97</ns3:cad>
          </ns3:TrackPointExtension>
        </extensions>
      </trkpt>
      <trkpt lat="54.01639035902917385101318359375" lon="-0.9407833032310009002685546875">
        <ele>33.200000762939453125</ele>
        <time>2018-10-14T09:41:25.000Z</time>
        <extensions>
          <ns3:TrackPointExtension>
            <ns3:hr>142</ns3:hr>
            <ns3:cad>97</ns3:cad>
          </ns3:TrackPointExtension>
        </extensions>
      </trkpt>
      <trkpt lat="54.01642371900379657745361328125" lon="-0.9407834708690643310546875">
        <ele>33</ele>
        <time>2018-10-14T09:41:26.000Z</time>
        <extensions>
          <ns3:TrackPointExtension>
            <ns3:hr>139</ns3:hr>
            <ns3:cad>97</ns3:cad>
          </ns3:TrackPointExtension>
        </extensions>
      </trkpt>
      <trkpt lat="54.016527235507965087890625" lon="-0.94077081419527530670166015625">
        <ele>33</ele>
        <time>2018-10-14T09:41:29.000Z</time>
        <extensions>
          <ns3:TrackPointExtension>
            <ns3:hr>136</ns3:hr>
            <ns3:cad>97</ns3:cad>
          </ns3:TrackPointExtension>
        </extensions>
      </trkpt>
      <trkpt lat="54.01670769788324832916259765625" lon="-0.94076360575854778289794921875">
        <ele>31.799999237060546875</ele>
        <time>2018-10-14T09:41:35.000Z</time>
        <extensions>
          <ns3:TrackPointExtension>
            <ns3:hr>135</ns3:hr>
            <ns3:cad>99</ns3:cad>
          </ns3:TrackPointExtension>
        </extensions>
      </trkpt>
      <trkpt lat="54.01690148748457431793212890625" lon="-0.94075438566505908966064453125">
        <ele>31</ele>
        <time>2018-10-14T09:41:41.000Z</time>
        <extensions>
          <ns3:TrackPointExtension>
            <ns3:hr>137</ns3:hr>
            <ns3:cad>97</ns3:cad>
          </ns3:TrackPointExtension>
        </extensions>
      </trkpt>
      <trkpt lat="54.01703417301177978515625" lon="-0.94075052998960018157958984375">
        <ele>31</ele>
        <time>2018-10-14T09:41:45.000Z</time>
        <extensions>
          <ns3:TrackPointExtension>
            <ns3:hr>141</ns3:hr>
            <ns3:cad>98</ns3:cad>
          </ns3:TrackPointExtension>
        </extensions>
      </trkpt>
      <trkpt lat="54.017214886844158172607421875" lon="-0.940737538039684295654296875">
        <ele>31</ele>
        <time>2018-10-14T09:41:50.000Z</time>
        <extensions>
          <ns3:TrackPointExtension>
            <ns3:hr>141</ns3:hr>
            <ns3:cad>98</ns3:cad>
          </ns3:TrackPointExtension>
        </extensions>
      </trkpt>
      <trkpt lat="54.017414711415767669677734375" lon="-0.9407165832817554473876953125">
        <ele>31</ele>
        <time>2018-10-14T09:41:56.000Z</time>
        <extensions>
          <ns3:TrackPointExtension>
            <ns3:hr>141</ns3:hr>
            <ns3:cad>99</ns3:cad>
          </ns3:TrackPointExtension>
        </extensions>
      </trkpt>
      <trkpt lat="54.01748956181108951568603515625" lon="-0.94069755636155605316162109375">
        <ele>31</ele>
        <time>2018-10-14T09:41:58.000Z</time>
        <extensions>
          <ns3:TrackPointExtension>
            <ns3:hr>138</ns3:hr>
            <ns3:cad>99</ns3:cad>
          </ns3:TrackPointExtension>
        </extensions>
      </trkpt>
      <trkpt lat="54.01752191595733165740966796875" lon="-0.9406870789825916290283203125">
        <ele>31</ele>
        <time>2018-10-14T09:41:59.000Z</time>
        <extensions>
          <ns3:TrackPointExtension>
            <ns3:hr>134</ns3:hr>
            <ns3:cad>99</ns3:cad>
          </ns3:TrackPointExtension>
        </extensions>
      </trkpt>
      <trkpt lat="54.0175545215606689453125" lon="-0.94067282974720001220703125">
        <ele>31</ele>
        <time>2018-10-14T09:42:00.000Z</time>
        <extensions>
          <ns3:TrackPointExtension>
            <ns3:hr>134</ns3:hr>
            <ns3:cad>99</ns3:cad>
          </ns3:TrackPointExtension>
        </extensions>
      </trkpt>
      <trkpt lat="54.01771503500640392303466796875" lon="-0.940524302423000335693359375">
        <ele>31.6000003814697265625</ele>
        <time>2018-10-14T09:42:05.000Z</time>
        <extensions>
          <ns3:TrackPointExtension>
            <ns3:hr>136</ns3:hr>
            <ns3:cad>99</ns3:cad>
          </ns3:TrackPointExtension>
        </extensions>
      </trkpt>
      <trkpt lat="54.01785300113260746002197265625" lon="-0.94026739709079265594482421875">
        <ele>32.59999847412109375</ele>
        <time>2018-10-14T09:42:10.000Z</time>
        <extensions>
          <ns3:TrackPointExtension>
            <ns3:hr>136</ns3:hr>
            <ns3:cad>100</ns3:cad>
          </ns3:TrackPointExtension>
        </extensions>
      </trkpt>
      <trkpt lat="54.01794503442943096160888671875" lon="-0.93999649398028850555419921875">
        <ele>32.40000152587890625</ele>
        <time>2018-10-14T09:42:15.000Z</time>
        <extensions>
          <ns3:TrackPointExtension>
            <ns3:hr>135</ns3:hr>
            <ns3:cad>99</ns3:cad>
          </ns3:TrackPointExtension>
        </extensions>
      </trkpt>
      <trkpt lat="54.01802189648151397705078125" lon="-0.93972022645175457000732421875">
        <ele>31.6000003814697265625</ele>
        <time>2018-10-14T09:42:20.000Z</time>
        <extensions>
          <ns3:TrackPointExtension>
            <ns3:hr>138</ns3:hr>
            <ns3:cad>99</ns3:cad>
          </ns3:TrackPointExtension>
        </extensions>
      </trkpt>
      <trkpt lat="54.0181078948080539703369140625" lon="-0.93942183069884777069091796875">
        <ele>30.799999237060546875</ele>
        <time>2018-10-14T09:42:25.000Z</time>
        <extensions>
          <ns3:TrackPointExtension>
            <ns3:hr>138</ns3:hr>
            <ns3:cad>99</ns3:cad>
          </ns3:TrackPointExtension>
        </extensions>
      </trkpt>
      <trkpt lat="54.01819246821105480194091796875" lon="-0.9391354210674762725830078125">
        <ele>30</ele>
        <time>2018-10-14T09:42:30.000Z</time>
        <extensions>
          <ns3:TrackPointExtension>
            <ns3:hr>138</ns3:hr>
            <ns3:cad>99</ns3:cad>
          </ns3:TrackPointExtension>
        </extensions>
      </trkpt>
      <trkpt lat="54.0182842500507831573486328125" lon="-0.93886208720505237579345703125">
        <ele>29.799999237060546875</ele>
        <time>2018-10-14T09:42:35.000Z</time>
        <extensions>
          <ns3:TrackPointExtension>
            <ns3:hr>140</ns3:hr>
            <ns3:cad>99</ns3:cad>
          </ns3:TrackPointExtension>
        </extensions>
      </trkpt>
      <trkpt lat="54.01838935911655426025390625" lon="-0.93859654851257801055908203125">
        <ele>29.6000003814697265625</ele>
        <time>2018-10-14T09:42:40.000Z</time>
        <extensions>
          <ns3:TrackPointExtension>
            <ns3:hr>140</ns3:hr>
            <ns3:cad>99</ns3:cad>
          </ns3:TrackPointExtension>
        </extensions>
      </trkpt>
      <trkpt lat="54.018492959439754486083984375" lon="-0.9383451752364635467529296875">
        <ele>30</ele>
        <time>2018-10-14T09:42:45.000Z</time>
        <extensions>
          <ns3:TrackPointExtension>
            <ns3:hr>142</ns3:hr>
            <ns3:cad>100</ns3:cad>
          </ns3:TrackPointExtension>
        </extensions>
      </trkpt>
      <trkpt lat="54.018619358539581298828125" lon="-0.938052646815776824951171875">
        <ele>30</ele>
        <time>2018-10-14T09:42:51.000Z</time>
        <extensions>
          <ns3:TrackPointExtension>
            <ns3:hr>143</ns3:hr>
            <ns3:cad>99</ns3:cad>
          </ns3:TrackPointExtension>
        </extensions>
      </trkpt>
      <trkpt lat="54.01874885894358158111572265625" lon="-0.9378097392618656158447265625">
        <ele>30</ele>
        <time>2018-10-14T09:42:56.000Z</time>
        <extensions>
          <ns3:TrackPointExtension>
            <ns3:hr>142</ns3:hr>
            <ns3:cad>99</ns3:cad>
          </ns3:TrackPointExtension>
        </extensions>
      </trkpt>
      <trkpt lat="54.0188894234597682952880859375" lon="-0.9375395067036151885986328125">
        <ele>30</ele>
        <time>2018-10-14T09:43:02.000Z</time>
        <extensions>
          <ns3:TrackPointExtension>
            <ns3:hr>141</ns3:hr>
            <ns3:cad>100</ns3:cad>
          </ns3:TrackPointExtension>
        </extensions>
      </trkpt>
      <trkpt lat="54.0190205164253711700439453125" lon="-0.93727924861013889312744140625">
        <ele>30</ele>
        <time>2018-10-14T09:43:08.000Z</time>
        <extensions>
          <ns3:TrackPointExtension>
            <ns3:hr>139</ns3:hr>
            <ns3:cad>98</ns3:cad>
          </ns3:TrackPointExtension>
        </extensions>
      </trkpt>
      <trkpt lat="54.01915739290416240692138671875" lon="-0.9370037354528903961181640625">
        <ele>29.799999237060546875</ele>
        <time>2018-10-14T09:43:14.000Z</time>
        <extensions>
          <ns3:TrackPointExtension>
            <ns3:hr>141</ns3:hr>
            <ns3:cad>98</ns3:cad>
          </ns3:TrackPointExtension>
        </extensions>
      </trkpt>
      <trkpt lat="54.0192877314984798431396484375" lon="-0.93673291616141796112060546875">
        <ele>30.200000762939453125</ele>
        <time>2018-10-14T09:43:20.000Z</time>
        <extensions>
          <ns3:TrackPointExtension>
            <ns3:hr>142</ns3:hr>
            <ns3:cad>98</ns3:cad>
          </ns3:TrackPointExtension>
        </extensions>
      </trkpt>
      <trkpt lat="54.01942829601466655731201171875" lon="-0.93646234832704067230224609375">
        <ele>31.200000762939453125</ele>
        <time>2018-10-14T09:43:26.000Z</time>
        <extensions>
          <ns3:TrackPointExtension>
            <ns3:hr>143</ns3:hr>
            <ns3:cad>98</ns3:cad>
          </ns3:TrackPointExtension>
        </extensions>
      </trkpt>
      <trkpt lat="54.01954949833452701568603515625" lon="-0.93620695173740386962890625">
        <ele>31.799999237060546875</ele>
        <time>2018-10-14T09:43:32.000Z</time>
        <extensions>
          <ns3:TrackPointExtension>
            <ns3:hr>143</ns3:hr>
            <ns3:cad>98</ns3:cad>
          </ns3:TrackPointExtension>
        </extensions>
      </trkpt>
      <trkpt lat="54.01967925019562244415283203125" lon="-0.93593831174075603485107421875">
        <ele>32</ele>
        <time>2018-10-14T09:43:38.000Z</time>
        <extensions>
          <ns3:TrackPointExtension>
            <ns3:hr>145</ns3:hr>
            <ns3:cad>97</ns3:cad>
          </ns3:TrackPointExtension>
        </extensions>
      </trkpt>
      <trkpt lat="54.019827358424663543701171875" lon="-0.9356964938342571258544921875">
        <ele>32</ele>
        <time>2018-10-14T09:43:44.000Z</time>
        <extensions>
          <ns3:TrackPointExtension>
            <ns3:hr>146</ns3:hr>
            <ns3:cad>98</ns3:cad>
          </ns3:TrackPointExtension>
        </extensions>
      </trkpt>
      <trkpt lat="54.01998988352715969085693359375" lon="-0.9354748763144016265869140625">
        <ele>32.799999237060546875</ele>
        <time>2018-10-14T09:43:50.000Z</time>
        <extensions>
          <ns3:TrackPointExtension>
            <ns3:hr>145</ns3:hr>
            <ns3:cad>98</ns3:cad>
          </ns3:TrackPointExtension>
        </extensions>
      </trkpt>
      <trkpt lat="54.02013304643332958221435546875" lon="-0.9352903068065643310546875">
        <ele>33</ele>
        <time>2018-10-14T09:43:55.000Z</time>
        <extensions>
          <ns3:TrackPointExtension>
            <ns3:hr>145</ns3:hr>
            <ns3:cad>97</ns3:cad>
          </ns3:TrackPointExtension>
        </extensions>
      </trkpt>
      <trkpt lat="54.02025558985769748687744140625" lon="-0.93506835401058197021484375">
        <ele>32.799999237060546875</ele>
        <time>2018-10-14T09:44:00.000Z</time>
        <extensions>
          <ns3:TrackPointExtension>
            <ns3:hr>146</ns3:hr>
            <ns3:cad>98</ns3:cad>
          </ns3:TrackPointExtension>
        </extensions>
      </trkpt>
      <trkpt lat="54.02019339613616466522216796875" lon="-0.9347741492092609405517578125">
        <ele>33.59999847412109375</ele>
        <time>2018-10-14T09:44:06.000Z</time>
        <extensions>
          <ns3:TrackPointExtension>
            <ns3:hr>145</ns3:hr>
            <ns3:cad>97</ns3:cad>
          </ns3:TrackPointExtension>
        </extensions>
      </trkpt>
      <trkpt lat="54.0200199745595455169677734375" lon="-0.93458564020693302154541015625">
        <ele>34.40000152587890625</ele>
        <time>2018-10-14T09:44:12.000Z</time>
        <extensions>
          <ns3:TrackPointExtension>
            <ns3:hr>144</ns3:hr>
            <ns3:cad>99</ns3:cad>
          </ns3:TrackPointExtension>
        </extensions>
      </trkpt>
      <trkpt lat="54.01984068565070629119873046875" lon="-0.93441062606871128082275390625">
        <ele>35</ele>
        <time>2018-10-14T09:44:18.000Z</time>
        <extensions>
          <ns3:TrackPointExtension>
            <ns3:hr>142</ns3:hr>
            <ns3:cad>99</ns3:cad>
          </ns3:TrackPointExtension>
        </extensions>
      </trkpt>
      <trkpt lat="54.019669778645038604736328125" lon="-0.9342531301081180572509765625">
        <ele>34.799999237060546875</ele>
        <time>2018-10-14T09:44:24.000Z</time>
        <extensions>
          <ns3:TrackPointExtension>
            <ns3:hr>142</ns3:hr>
            <ns3:cad>99</ns3:cad>
          </ns3:TrackPointExtension>
        </extensions>
      </trkpt>
      <trkpt lat="54.0195180661976337432861328125" lon="-0.9340878389775753021240234375">
        <ele>34.799999237060546875</ele>
        <time>2018-10-14T09:44:30.000Z</time>
        <extensions>
          <ns3:TrackPointExtension>
            <ns3:hr>144</ns3:hr>
            <ns3:cad>99</ns3:cad>
          </ns3:TrackPointExtension>
        </extensions>
      </trkpt>
      <trkpt lat="54.019340537488460540771484375" lon="-0.9339572489261627197265625">
        <ele>35</ele>
        <time>2018-10-14T09:44:36.000Z</time>
        <extensions>
          <ns3:TrackPointExtension>
            <ns3:hr>145</ns3:hr>
            <ns3:cad>99</ns3:cad>
          </ns3:TrackPointExtension>
        </extensions>
      </trkpt>
      <trkpt lat="54.01918421499431133270263671875" lon="-0.9338739328086376190185546875">
        <ele>34</ele>
        <time>2018-10-14T09:44:41.000Z</time>
        <extensions>
          <ns3:TrackPointExtension>
            <ns3:hr>148</ns3:hr>
            <ns3:cad>98</ns3:cad>
          </ns3:TrackPointExtension>
        </extensions>
      </trkpt>
      <trkpt lat="54.01899059303104877471923828125" lon="-0.9337445162236690521240234375">
        <ele>33.200000762939453125</ele>
        <time>2018-10-14T09:44:47.000Z</time>
        <extensions>
          <ns3:TrackPointExtension>
            <ns3:hr>147</ns3:hr>
            <ns3:cad>98</ns3:cad>
          </ns3:TrackPointExtension>
        </extensions>
      </trkpt>
      <trkpt lat="54.01889436878263950347900390625" lon="-0.933692716062068939208984375">
        <ele>33.40000152587890625</ele>
        <time>2018-10-14T09:44:50.000Z</time>
        <extensions>
          <ns3:TrackPointExtension>
            <ns3:hr>144</ns3:hr>
            <ns3:cad>97</ns3:cad>
          </ns3:TrackPointExtension>
        </extensions>
      </trkpt>
      <trkpt lat="54.01872354559600353240966796875" lon="-0.93355382792651653289794921875">
        <ele>32.799999237060546875</ele>
        <time>2018-10-14T09:44:55.000Z</time>
        <extensions>
          <ns3:TrackPointExtension>
            <ns3:hr>143</ns3:hr>
            <ns3:cad>98</ns3:cad>
          </ns3:TrackPointExtension>
        </extensions>
      </trkpt>
      <trkpt lat="54.018551297485828399658203125" lon="-0.93345844186842441558837890625">
        <ele>32.799999237060546875</ele>
        <time>2018-10-14T09:45:00.000Z</time>
        <extensions>
          <ns3:TrackPointExtension>
            <ns3:hr>144</ns3:hr>
            <ns3:cad>97</ns3:cad>
          </ns3:TrackPointExtension>
        </extensions>
      </trkpt>
      <trkpt lat="54.01836295612156391143798828125" lon="-0.93337747268378734588623046875">
        <ele>32.799999237060546875</ele>
        <time>2018-10-14T09:45:06.000Z</time>
        <extensions>
          <ns3:TrackPointExtension>
            <ns3:hr>144</ns3:hr>
            <ns3:cad>97</ns3:cad>
          </ns3:TrackPointExtension>
        </extensions>
      </trkpt>
      <trkpt lat="54.01832775212824344635009765625" lon="-0.93336774967610836029052734375">
        <ele>32.59999847412109375</ele>
        <time>2018-10-14T09:45:07.000Z</time>
        <extensions>
          <ns3:TrackPointExtension>
            <ns3:hr>144</ns3:hr>
            <ns3:cad>96</ns3:cad>
          </ns3:TrackPointExtension>
        </extensions>
      </trkpt>
      <trkpt lat="54.01812658645212650299072265625" lon="-0.93331645242869853973388671875">
        <ele>33</ele>
        <time>2018-10-14T09:45:13.000Z</time>
        <extensions>
          <ns3:TrackPointExtension>
            <ns3:hr>143</ns3:hr>
            <ns3:cad>95</ns3:cad>
          </ns3:TrackPointExtension>
        </extensions>
      </trkpt>
      <trkpt lat="54.01793749071657657623291015625" lon="-0.93324604444205760955810546875">
        <ele>33</ele>
        <time>2018-10-14T09:45:19.000Z</time>
        <extensions>
          <ns3:TrackPointExtension>
            <ns3:hr>143</ns3:hr>
            <ns3:cad>97</ns3:cad>
          </ns3:TrackPointExtension>
        </extensions>
      </trkpt>
      <trkpt lat="54.01776046492159366607666015625" lon="-0.93315535224974155426025390625">
        <ele>33</ele>
        <time>2018-10-14T09:45:24.000Z</time>
        <extensions>
          <ns3:TrackPointExtension>
            <ns3:hr>143</ns3:hr>
            <ns3:cad>97</ns3:cad>
          </ns3:TrackPointExtension>
        </extensions>
      </trkpt>
      <trkpt lat="54.0175667591392993927001953125" lon="-0.93301369808614253997802734375">
        <ele>33.40000152587890625</ele>
        <time>2018-10-14T09:45:29.000Z</time>
        <extensions>
          <ns3:TrackPointExtension>
            <ns3:hr>144</ns3:hr>
            <ns3:cad>99</ns3:cad>
          </ns3:TrackPointExtension>
        </extensions>
      </trkpt>
      <trkpt lat="54.0173857100307941436767578125" lon="-0.9328540228307247161865234375">
        <ele>32.200000762939453125</ele>
        <time>2018-10-14T09:45:34.000Z</time>
        <extensions>
          <ns3:TrackPointExtension>
            <ns3:hr>143</ns3:hr>
            <ns3:cad>99</ns3:cad>
          </ns3:TrackPointExtension>
        </extensions>
      </trkpt>
      <trkpt lat="54.01728169061243534088134765625" lon="-0.93274748884141445159912109375">
        <ele>31.6000003814697265625</ele>
        <time>2018-10-14T09:45:37.000Z</time>
        <extensions>
          <ns3:TrackPointExtension>
            <ns3:hr>147</ns3:hr>
            <ns3:cad>99</ns3:cad>
          </ns3:TrackPointExtension>
        </extensions>
      </trkpt>
      <trkpt lat="54.0171107836067676544189453125" lon="-0.932560153305530548095703125">
        <ele>31</ele>
        <time>2018-10-14T09:45:42.000Z</time>
        <extensions>
          <ns3:TrackPointExtension>
            <ns3:hr>148</ns3:hr>
            <ns3:cad>99</ns3:cad>
          </ns3:TrackPointExtension>
        </extensions>
      </trkpt>
      <trkpt lat="54.01704582385718822479248046875" lon="-0.93248580582439899444580078125">
        <ele>30.6000003814697265625</ele>
        <time>2018-10-14T09:45:44.000Z</time>
        <extensions>
          <ns3:TrackPointExtension>
            <ns3:hr>151</ns3:hr>
            <ns3:cad>99</ns3:cad>
          </ns3:TrackPointExtension>
        </extensions>
      </trkpt>
      <trkpt lat="54.0169813670217990875244140625" lon="-0.932415984570980072021484375">
        <ele>30.200000762939453125</ele>
        <time>2018-10-14T09:45:46.000Z</time>
        <extensions>
          <ns3:TrackPointExtension>
            <ns3:hr>154</ns3:hr>
            <ns3:cad>99</ns3:cad>
          </ns3:TrackPointExtension>
        </extensions>
      </trkpt>
      <trkpt lat="54.01688070036470890045166015625" lon="-0.9323159046471118927001953125">
        <ele>30</ele>
        <time>2018-10-14T09:45:49.000Z</time>
        <extensions>
          <ns3:TrackPointExtension>
            <ns3:hr>158</ns3:hr>
            <ns3:cad>99</ns3:cad>
          </ns3:TrackPointExtension>
        </extensions>
      </trkpt>
      <trkpt lat="54.0167144872248172760009765625" lon="-0.93215002678334712982177734375">
        <ele>29.6000003814697265625</ele>
        <time>2018-10-14T09:45:54.000Z</time>
        <extensions>
          <ns3:TrackPointExtension>
            <ns3:hr>157</ns3:hr>
            <ns3:cad>99</ns3:cad>
          </ns3:TrackPointExtension>
        </extensions>
      </trkpt>
      <trkpt lat="54.01658046059310436248779296875" lon="-0.93203737400472164154052734375">
        <ele>29.799999237060546875</ele>
        <time>2018-10-14T09:45:58.000Z</time>
        <extensions>
          <ns3:TrackPointExtension>
            <ns3:hr>154</ns3:hr>
            <ns3:cad>99</ns3:cad>
          </ns3:TrackPointExtension>
        </extensions>
      </trkpt>
      <trkpt lat="54.01640913449227809906005859375" lon="-0.9319051913917064666748046875">
        <ele>30.200000762939453125</ele>
        <time>2018-10-14T09:46:03.000Z</time>
        <extensions>
          <ns3:TrackPointExtension>
            <ns3:hr>152</ns3:hr>
            <ns3:cad>99</ns3:cad>
          </ns3:TrackPointExtension>
        </extensions>
      </trkpt>
      <trkpt lat="54.01621450670063495635986328125" lon="-0.9318059496581554412841796875">
        <ele>30.3999996185302734375</ele>
        <time>2018-10-14T09:46:09.000Z</time>
        <extensions>
          <ns3:TrackPointExtension>
            <ns3:hr>151</ns3:hr>
            <ns3:cad>99</ns3:cad>
          </ns3:TrackPointExtension>
        </extensions>
      </trkpt>
      <trkpt lat="54.01602038182318210601806640625" lon="-0.93171768821775913238525390625">
        <ele>31.3999996185302734375</ele>
        <time>2018-10-14T09:46:15.000Z</time>
        <extensions>
          <ns3:TrackPointExtension>
            <ns3:hr>150</ns3:hr>
            <ns3:cad>98</ns3:cad>
          </ns3:TrackPointExtension>
        </extensions>
      </trkpt>
      <trkpt lat="54.0158164501190185546875" lon="-0.93163001351058483123779296875">
        <ele>32</ele>
        <time>2018-10-14T09:46:21.000Z</time>
        <extensions>
          <ns3:TrackPointExtension>
            <ns3:hr>150</ns3:hr>
            <ns3:cad>98</ns3:cad>
          </ns3:TrackPointExtension>
        </extensions>
      </trkpt>
      <trkpt lat="54.01562492363154888153076171875" lon="-0.93152943067252635955810546875">
        <ele>32</ele>
        <time>2018-10-14T09:46:27.000Z</time>
        <extensions>
          <ns3:TrackPointExtension>
            <ns3:hr>150</ns3:hr>
            <ns3:cad>99</ns3:cad>
          </ns3:TrackPointExtension>
        </extensions>
      </trkpt>
      <trkpt lat="54.01545426808297634124755859375" lon="-0.93140185810625553131103515625">
        <ele>31.799999237060546875</ele>
        <time>2018-10-14T09:46:33.000Z</time>
        <extensions>
          <ns3:TrackPointExtension>
            <ns3:hr>150</ns3:hr>
            <ns3:cad>99</ns3:cad>
          </ns3:TrackPointExtension>
        </extensions>
      </trkpt>
      <trkpt lat="54.015279673039913177490234375" lon="-0.9313003532588481903076171875">
        <ele>31.3999996185302734375</ele>
        <time>2018-10-14T09:46:38.000Z</time>
        <extensions>
          <ns3:TrackPointExtension>
            <ns3:hr>148</ns3:hr>
            <ns3:cad>99</ns3:cad>
          </ns3:TrackPointExtension>
        </extensions>
      </trkpt>
      <trkpt lat="54.01509820483624935150146484375" lon="-0.93123539350926876068115234375">
        <ele>30.6000003814697265625</ele>
        <time>2018-10-14T09:46:43.000Z</time>
        <extensions>
          <ns3:TrackPointExtension>
            <ns3:hr>149</ns3:hr>
            <ns3:cad>98</ns3:cad>
          </ns3:TrackPointExtension>
        </extensions>
      </trkpt>
      <trkpt lat="54.0149237774312496185302734375" lon="-0.93115635216236114501953125">
        <ele>29.3999996185302734375</ele>
        <time>2018-10-14T09:46:48.000Z</time>
        <extensions>
          <ns3:TrackPointExtension>
            <ns3:hr>149</ns3:hr>
            <ns3:cad>98</ns3:cad>
          </ns3:TrackPointExtension>
        </extensions>
      </trkpt>
      <trkpt lat="54.014723114669322967529296875" lon="-0.9310666657984256744384765625">
        <ele>29</ele>
        <time>2018-10-14T09:46:54.000Z</time>
        <extensions>
          <ns3:TrackPointExtension>
            <ns3:hr>149</ns3:hr>
            <ns3:cad>98</ns3:cad>
          </ns3:TrackPointExtension>
        </extensions>
      </trkpt>
      <trkpt lat="54.01451532728970050811767578125" lon="-0.9309768117964267730712890625">
        <ele>29</ele>
        <time>2018-10-14T09:47:00.000Z</time>
        <extensions>
          <ns3:TrackPointExtension>
            <ns3:hr>148</ns3:hr>
            <ns3:cad>99</ns3:cad>
          </ns3:TrackPointExtension>
        </extensions>
      </trkpt>
      <trkpt lat="54.014306701719760894775390625" lon="-0.93089994974434375762939453125">
        <ele>28.799999237060546875</ele>
        <time>2018-10-14T09:47:06.000Z</time>
        <extensions>
          <ns3:TrackPointExtension>
            <ns3:hr>150</ns3:hr>
            <ns3:cad>99</ns3:cad>
          </ns3:TrackPointExtension>
        </extensions>
      </trkpt>
      <trkpt lat="54.01409941725432872772216796875" lon="-0.93080691061913967132568359375">
        <ele>28</ele>
        <time>2018-10-14T09:47:12.000Z</time>
        <extensions>
          <ns3:TrackPointExtension>
            <ns3:hr>152</ns3:hr>
            <ns3:cad>99</ns3:cad>
          </ns3:TrackPointExtension>
        </extensions>
      </trkpt>
      <trkpt lat="54.01389934122562408447265625" lon="-0.9307380951941013336181640625">
        <ele>28</ele>
        <time>2018-10-14T09:47:18.000Z</time>
        <extensions>
          <ns3:TrackPointExtension>
            <ns3:hr>150</ns3:hr>
            <ns3:cad>99</ns3:cad>
          </ns3:TrackPointExtension>
        </extensions>
      </trkpt>
      <trkpt lat="54.01371418498456478118896484375" lon="-0.9306566230952739715576171875">
        <ele>28.3999996185302734375</ele>
        <time>2018-10-14T09:47:24.000Z</time>
        <extensions>
          <ns3:TrackPointExtension>
            <ns3:hr>152</ns3:hr>
            <ns3:cad>99</ns3:cad>
          </ns3:TrackPointExtension>
        </extensions>
      </trkpt>
      <trkpt lat="54.01352877728641033172607421875" lon="-0.93055360950529575347900390625">
        <ele>30</ele>
        <time>2018-10-14T09:47:30.000Z</time>
        <extensions>
          <ns3:TrackPointExtension>
            <ns3:hr>153</ns3:hr>
            <ns3:cad>99</ns3:cad>
          </ns3:TrackPointExtension>
        </extensions>
      </trkpt>
      <trkpt lat="54.0133332274854183197021484375" lon="-0.930443890392780303955078125">
        <ele>31.3999996185302734375</ele>
        <time>2018-10-14T09:47:37.000Z</time>
        <extensions>
          <ns3:TrackPointExtension>
            <ns3:hr>153</ns3:hr>
            <ns3:cad>99</ns3:cad>
          </ns3:TrackPointExtension>
        </extensions>
      </trkpt>
      <trkpt lat="54.01312150061130523681640625" lon="-0.9303914196789264678955078125">
        <ele>32</ele>
        <time>2018-10-14T09:47:43.000Z</time>
        <extensions>
          <ns3:TrackPointExtension>
            <ns3:hr>152</ns3:hr>
            <ns3:cad>99</ns3:cad>
          </ns3:TrackPointExtension>
        </extensions>
      </trkpt>
      <trkpt lat="54.012916646897792816162109375" lon="-0.930306427180767059326171875">
        <ele>31.6000003814697265625</ele>
        <time>2018-10-14T09:47:49.000Z</time>
        <extensions>
          <ns3:TrackPointExtension>
            <ns3:hr>153</ns3:hr>
            <ns3:cad>99</ns3:cad>
          </ns3:TrackPointExtension>
        </extensions>
      </trkpt>
      <trkpt lat="54.0127320773899555206298828125" lon="-0.93021682463586330413818359375">
        <ele>31.799999237060546875</ele>
        <time>2018-10-14T09:47:54.000Z</time>
        <extensions>
          <ns3:TrackPointExtension>
            <ns3:hr>153</ns3:hr>
            <ns3:cad>99</ns3:cad>
          </ns3:TrackPointExtension>
        </extensions>
      </trkpt>
      <trkpt lat="54.0125322528183460235595703125" lon="-0.93013040721416473388671875">
        <ele>31.3999996185302734375</ele>
        <time>2018-10-14T09:47:59.000Z</time>
        <extensions>
          <ns3:TrackPointExtension>
            <ns3:hr>152</ns3:hr>
            <ns3:cad>99</ns3:cad>
          </ns3:TrackPointExtension>
        </extensions>
      </trkpt>
      <trkpt lat="54.0124558098614215850830078125" lon="-0.9300796128809452056884765625">
        <ele>31.6000003814697265625</ele>
        <time>2018-10-14T09:48:01.000Z</time>
        <extensions>
          <ns3:TrackPointExtension>
            <ns3:hr>156</ns3:hr>
            <ns3:cad>99</ns3:cad>
          </ns3:TrackPointExtension>
        </extensions>
      </trkpt>
      <trkpt lat="54.01242035441100597381591796875" lon="-0.9300491027534008026123046875">
        <ele>31.6000003814697265625</ele>
        <time>2018-10-14T09:48:02.000Z</time>
        <extensions>
          <ns3:TrackPointExtension>
            <ns3:hr>161</ns3:hr>
            <ns3:cad>98</ns3:cad>
          </ns3:TrackPointExtension>
        </extensions>
      </trkpt>
      <trkpt lat="54.01234307326376438140869140625" lon="-0.93000040389597415924072265625">
        <ele>31.6000003814697265625</ele>
        <time>2018-10-14T09:48:04.000Z</time>
        <extensions>
          <ns3:TrackPointExtension>
            <ns3:hr>164</ns3:hr>
            <ns3:cad>98</ns3:cad>
          </ns3:TrackPointExtension>
        </extensions>
      </trkpt>
      <trkpt lat="54.01215598918497562408447265625" lon="-0.92980812303721904754638671875">
        <ele>30.6000003814697265625</ele>
        <time>2018-10-14T09:48:10.000Z</time>
        <extensions>
          <ns3:TrackPointExtension>
            <ns3:hr>161</ns3:hr>
            <ns3:cad>98</ns3:cad>
          </ns3:TrackPointExtension>
        </extensions>
      </trkpt>
      <trkpt lat="54.01201316155493259429931640625" lon="-0.9296152554452419281005859375">
        <ele>29</ele>
        <time>2018-10-14T09:48:15.000Z</time>
        <extensions>
          <ns3:TrackPointExtension>
            <ns3:hr>158</ns3:hr>
            <ns3:cad>98</ns3:cad>
          </ns3:TrackPointExtension>
        </extensions>
      </trkpt>
      <trkpt lat="54.01186765171587467193603515625" lon="-0.92938282527029514312744140625">
        <ele>27.799999237060546875</ele>
        <time>2018-10-14T09:48:20.000Z</time>
        <extensions>
          <ns3:TrackPointExtension>
            <ns3:hr>158</ns3:hr>
            <ns3:cad>98</ns3:cad>
          </ns3:TrackPointExtension>
        </extensions>
      </trkpt>
      <trkpt lat="54.01172616519033908843994140625" lon="-0.92914327047765254974365234375">
        <ele>27.6000003814697265625</ele>
        <time>2018-10-14T09:48:25.000Z</time>
        <extensions>
          <ns3:TrackPointExtension>
            <ns3:hr>157</ns3:hr>
            <ns3:cad>97</ns3:cad>
          </ns3:TrackPointExtension>
        </extensions>
      </trkpt>
      <trkpt lat="54.01167017407715320587158203125" lon="-0.929050482809543609619140625">
        <ele>27.3999996185302734375</ele>
        <time>2018-10-14T09:48:27.000Z</time>
        <extensions>
          <ns3:TrackPointExtension>
            <ns3:hr>156</ns3:hr>
            <ns3:cad>99</ns3:cad>
          </ns3:TrackPointExtension>
        </extensions>
      </trkpt>
      <trkpt lat="54.0115237422287464141845703125" lon="-0.92884504236280918121337890625">
        <ele>27</ele>
        <time>2018-10-14T09:48:32.000Z</time>
        <extensions>
          <ns3:TrackPointExtension>
            <ns3:hr>154</ns3:hr>
            <ns3:cad>98</ns3:cad>
          </ns3:TrackPointExtension>
        </extensions>
      </trkpt>
      <trkpt lat="54.0113728679716587066650390625" lon="-0.928658209741115570068359375">
        <ele>27.799999237060546875</ele>
        <time>2018-10-14T09:48:37.000Z</time>
        <extensions>
          <ns3:TrackPointExtension>
            <ns3:hr>155</ns3:hr>
            <ns3:cad>98</ns3:cad>
          </ns3:TrackPointExtension>
        </extensions>
      </trkpt>
      <trkpt lat="54.011211432516574859619140625" lon="-0.92842276208102703094482421875">
        <ele>27.200000762939453125</ele>
        <time>2018-10-14T09:48:43.000Z</time>
        <extensions>
          <ns3:TrackPointExtension>
            <ns3:hr>154</ns3:hr>
            <ns3:cad>98</ns3:cad>
          </ns3:TrackPointExtension>
        </extensions>
      </trkpt>
      <trkpt lat="54.011067934334278106689453125" lon="-0.92821908183395862579345703125">
        <ele>27</ele>
        <time>2018-10-14T09:48:48.000Z</time>
        <extensions>
          <ns3:TrackPointExtension>
            <ns3:hr>157</ns3:hr>
            <ns3:cad>99</ns3:cad>
          </ns3:TrackPointExtension>
        </extensions>
      </trkpt>
      <trkpt lat="54.01092720218002796173095703125" lon="-0.92802084982395172119140625">
        <ele>27</ele>
        <time>2018-10-14T09:48:53.000Z</time>
        <extensions>
          <ns3:TrackPointExtension>
            <ns3:hr>157</ns3:hr>
            <ns3:cad>99</ns3:cad>
          </ns3:TrackPointExtension>
        </extensions>
      </trkpt>
      <trkpt lat="54.0108074247837066650390625" lon="-0.92788875102996826171875">
        <ele>27.200000762939453125</ele>
        <time>2018-10-14T09:48:57.000Z</time>
        <extensions>
          <ns3:TrackPointExtension>
            <ns3:hr>154</ns3:hr>
            <ns3:cad>99</ns3:cad>
          </ns3:TrackPointExtension>
        </extensions>
      </trkpt>
      <trkpt lat="54.01062830351293087005615234375" lon="-0.927711389958858489990234375">
        <ele>27.200000762939453125</ele>
        <time>2018-10-14T09:49:03.000Z</time>
        <extensions>
          <ns3:TrackPointExtension>
            <ns3:hr>152</ns3:hr>
            <ns3:cad>98</ns3:cad>
          </ns3:TrackPointExtension>
        </extensions>
      </trkpt>
      <trkpt lat="54.01046167127788066864013671875" lon="-0.92757149599492549896240234375">
        <ele>26.6000003814697265625</ele>
        <time>2018-10-14T09:49:08.000Z</time>
        <extensions>
          <ns3:TrackPointExtension>
            <ns3:hr>151</ns3:hr>
            <ns3:cad>99</ns3:cad>
          </ns3:TrackPointExtension>
        </extensions>
      </trkpt>
      <trkpt lat="54.01029000990092754364013671875" lon="-0.92746018432080745697021484375">
        <ele>26.799999237060546875</ele>
        <time>2018-10-14T09:49:13.000Z</time>
        <extensions>
          <ns3:TrackPointExtension>
            <ns3:hr>150</ns3:hr>
            <ns3:cad>98</ns3:cad>
          </ns3:TrackPointExtension>
        </extensions>
      </trkpt>
      <trkpt lat="54.01016863994300365447998046875" lon="-0.927394889295101165771484375">
        <ele>27</ele>
        <time>2018-10-14T09:49:17.000Z</time>
        <extensions>
          <ns3:TrackPointExtension>
            <ns3:hr>153</ns3:hr>
            <ns3:cad>98</ns3:cad>
          </ns3:TrackPointExtension>
        </extensions>
      </trkpt>
      <trkpt lat="54.00999312289059162139892578125" lon="-0.92730193398892879486083984375">
        <ele>27.3999996185302734375</ele>
        <time>2018-10-14T09:49:23.000Z</time>
        <extensions>
          <ns3:TrackPointExtension>
            <ns3:hr>153</ns3:hr>
            <ns3:cad>97</ns3:cad>
          </ns3:TrackPointExtension>
        </extensions>
      </trkpt>
      <trkpt lat="54.00980821810662746429443359375" lon="-0.92720436863601207733154296875">
        <ele>27.6000003814697265625</ele>
        <time>2018-10-14T09:49:30.000Z</time>
        <extensions>
          <ns3:TrackPointExtension>
            <ns3:hr>152</ns3:hr>
            <ns3:cad>99</ns3:cad>
          </ns3:TrackPointExtension>
        </extensions>
      </trkpt>
      <trkpt lat="54.00963119231164455413818359375" lon="-0.92715449631214141845703125">
        <ele>27.3999996185302734375</ele>
        <time>2018-10-14T09:49:36.000Z</time>
        <extensions>
          <ns3:TrackPointExtension>
            <ns3:hr>152</ns3:hr>
            <ns3:cad>98</ns3:cad>
          </ns3:TrackPointExtension>
        </extensions>
      </trkpt>
      <trkpt lat="54.00945215485990047454833984375" lon="-0.92706372030079364776611328125">
        <ele>27</ele>
        <time>2018-10-14T09:49:41.000Z</time>
        <extensions>
          <ns3:TrackPointExtension>
            <ns3:hr>151</ns3:hr>
            <ns3:cad>99</ns3:cad>
          </ns3:TrackPointExtension>
        </extensions>
      </trkpt>
      <trkpt lat="54.00929935276508331298828125" lon="-0.92681293375790119171142578125">
        <ele>27</ele>
        <time>2018-10-14T09:49:46.000Z</time>
        <extensions>
          <ns3:TrackPointExtension>
            <ns3:hr>152</ns3:hr>
            <ns3:cad>99</ns3:cad>
          </ns3:TrackPointExtension>
        </extensions>
      </trkpt>
      <trkpt lat="54.009205810725688934326171875" lon="-0.92649308033287525177001953125">
        <ele>25.6000003814697265625</ele>
        <time>2018-10-14T09:49:51.000Z</time>
        <extensions>
          <ns3:TrackPointExtension>
            <ns3:hr>152</ns3:hr>
            <ns3:cad>99</ns3:cad>
          </ns3:TrackPointExtension>
        </extensions>
      </trkpt>
      <trkpt lat="54.00913129560649394989013671875" lon="-0.92614321969449520111083984375">
        <ele>25.799999237060546875</ele>
        <time>2018-10-14T09:49:56.000Z</time>
        <extensions>
          <ns3:TrackPointExtension>
            <ns3:hr>150</ns3:hr>
            <ns3:cad>99</ns3:cad>
          </ns3:TrackPointExtension>
        </extensions>
      </trkpt>
      <trkpt lat="54.00904445908963680267333984375" lon="-0.92585220001637935638427734375">
        <ele>25.200000762939453125</ele>
        <time>2018-10-14T09:50:01.000Z</time>
        <extensions>
          <ns3:TrackPointExtension>
            <ns3:hr>152</ns3:hr>
            <ns3:cad>99</ns3:cad>
          </ns3:TrackPointExtension>
        </extensions>
      </trkpt>
      <trkpt lat="54.00898310355842113494873046875" lon="-0.9255574084818363189697265625">
        <ele>24.6000003814697265625</ele>
        <time>2018-10-14T09:50:06.000Z</time>
        <extensions>
          <ns3:TrackPointExtension>
            <ns3:hr>150</ns3:hr>
            <ns3:cad>99</ns3:cad>
          </ns3:TrackPointExtension>
        </extensions>
      </trkpt>
      <trkpt lat="54.008896015584468841552734375" lon="-0.925257839262485504150390625">
        <ele>24</ele>
        <time>2018-10-14T09:50:12.000Z</time>
        <extensions>
          <ns3:TrackPointExtension>
            <ns3:hr>150</ns3:hr>
            <ns3:cad>100</ns3:cad>
          </ns3:TrackPointExtension>
        </extensions>
      </trkpt>
      <trkpt lat="54.0087845362722873687744140625" lon="-0.92496707104146480560302734375">
        <ele>22.799999237060546875</ele>
        <time>2018-10-14T09:50:19.000Z</time>
        <extensions>
          <ns3:TrackPointExtension>
            <ns3:hr>149</ns3:hr>
            <ns3:cad>99</ns3:cad>
          </ns3:TrackPointExtension>
        </extensions>
      </trkpt>
      <trkpt lat="54.008657969534397125244140625" lon="-0.9247463755309581756591796875">
        <ele>23.3999996185302734375</ele>
        <time>2018-10-14T09:50:25.000Z</time>
        <extensions>
          <ns3:TrackPointExtension>
            <ns3:hr>149</ns3:hr>
            <ns3:cad>99</ns3:cad>
          </ns3:TrackPointExtension>
        </extensions>
      </trkpt>
      <trkpt lat="54.00847029872238636016845703125" lon="-0.9246313758194446563720703125">
        <ele>22.799999237060546875</ele>
        <time>2018-10-14T09:50:30.000Z</time>
        <extensions>
          <ns3:TrackPointExtension>
            <ns3:hr>149</ns3:hr>
            <ns3:cad>100</ns3:cad>
          </ns3:TrackPointExtension>
        </extensions>
      </trkpt>
      <trkpt lat="54.00829218327999114990234375" lon="-0.9245002828538417816162109375">
        <ele>22.799999237060546875</ele>
        <time>2018-10-14T09:50:35.000Z</time>
        <extensions>
          <ns3:TrackPointExtension>
            <ns3:hr>149</ns3:hr>
            <ns3:cad>100</ns3:cad>
          </ns3:TrackPointExtension>
        </extensions>
      </trkpt>
      <trkpt lat="54.00812228210270404815673828125" lon="-0.92435971833765506744384765625">
        <ele>23.3999996185302734375</ele>
        <time>2018-10-14T09:50:40.000Z</time>
        <extensions>
          <ns3:TrackPointExtension>
            <ns3:hr>150</ns3:hr>
            <ns3:cad>98</ns3:cad>
          </ns3:TrackPointExtension>
        </extensions>
      </trkpt>
      <trkpt lat="54.00794215500354766845703125" lon="-0.9242206625640392303466796875">
        <ele>23.3999996185302734375</ele>
        <time>2018-10-14T09:50:46.000Z</time>
        <extensions>
          <ns3:TrackPointExtension>
            <ns3:hr>150</ns3:hr>
            <ns3:cad>98</ns3:cad>
          </ns3:TrackPointExtension>
        </extensions>
      </trkpt>
      <trkpt lat="54.0077743493020534515380859375" lon="-0.9240104444324970245361328125">
        <ele>23.3999996185302734375</ele>
        <time>2018-10-14T09:50:52.000Z</time>
        <extensions>
          <ns3:TrackPointExtension>
            <ns3:hr>148</ns3:hr>
            <ns3:cad>97</ns3:cad>
          </ns3:TrackPointExtension>
        </extensions>
      </trkpt>
      <trkpt lat="54.0076388977468013763427734375" lon="-0.92374004423618316650390625">
        <ele>24</ele>
        <time>2018-10-14T09:50:58.000Z</time>
        <extensions>
          <ns3:TrackPointExtension>
            <ns3:hr>149</ns3:hr>
            <ns3:cad>99</ns3:cad>
          </ns3:TrackPointExtension>
        </extensions>
      </trkpt>
      <trkpt lat="54.00751031935214996337890625" lon="-0.9234733320772647857666015625">
        <ele>23.6000003814697265625</ele>
        <time>2018-10-14T09:51:03.000Z</time>
        <extensions>
          <ns3:TrackPointExtension>
            <ns3:hr>147</ns3:hr>
            <ns3:cad>99</ns3:cad>
          </ns3:TrackPointExtension>
        </extensions>
      </trkpt>
      <trkpt lat="54.0074068866670131683349609375" lon="-0.923217348754405975341796875">
        <ele>22.3999996185302734375</ele>
        <time>2018-10-14T09:51:07.000Z</time>
        <extensions>
          <ns3:TrackPointExtension>
            <ns3:hr>147</ns3:hr>
            <ns3:cad>98</ns3:cad>
          </ns3:TrackPointExtension>
        </extensions>
      </trkpt>
      <trkpt lat="54.00730571709573268890380859375" lon="-0.92290855944156646728515625">
        <ele>21.6000003814697265625</ele>
        <time>2018-10-14T09:51:12.000Z</time>
        <extensions>
          <ns3:TrackPointExtension>
            <ns3:hr>150</ns3:hr>
            <ns3:cad>99</ns3:cad>
          </ns3:TrackPointExtension>
        </extensions>
      </trkpt>
      <trkpt lat="54.007207565009593963623046875" lon="-0.9226153604686260223388671875">
        <ele>20.3999996185302734375</ele>
        <time>2018-10-14T09:51:17.000Z</time>
        <extensions>
          <ns3:TrackPointExtension>
            <ns3:hr>150</ns3:hr>
            <ns3:cad>98</ns3:cad>
          </ns3:TrackPointExtension>
        </extensions>
      </trkpt>
      <trkpt lat="54.00710253976285457611083984375" lon="-0.9223390929400920867919921875">
        <ele>20</ele>
        <time>2018-10-14T09:51:23.000Z</time>
        <extensions>
          <ns3:TrackPointExtension>
            <ns3:hr>149</ns3:hr>
            <ns3:cad>97</ns3:cad>
          </ns3:TrackPointExtension>
        </extensions>
      </trkpt>
      <trkpt lat="54.00691486895084381103515625" lon="-0.9221815131604671478271484375">
        <ele>21.3999996185302734375</ele>
        <time>2018-10-14T09:51:29.000Z</time>
        <extensions>
          <ns3:TrackPointExtension>
            <ns3:hr>150</ns3:hr>
            <ns3:cad>99</ns3:cad>
          </ns3:TrackPointExtension>
        </extensions>
      </trkpt>
      <trkpt lat="54.006730131804943084716796875" lon="-0.9221635758876800537109375">
        <ele>22.6000003814697265625</ele>
        <time>2018-10-14T09:51:34.000Z</time>
        <extensions>
          <ns3:TrackPointExtension>
            <ns3:hr>149</ns3:hr>
            <ns3:cad>98</ns3:cad>
          </ns3:TrackPointExtension>
        </extensions>
      </trkpt>
      <trkpt lat="54.0065408684313297271728515625" lon="-0.9221325628459453582763671875">
        <ele>24.200000762939453125</ele>
        <time>2018-10-14T09:51:40.000Z</time>
        <extensions>
          <ns3:TrackPointExtension>
            <ns3:hr>148</ns3:hr>
            <ns3:cad>98</ns3:cad>
          </ns3:TrackPointExtension>
        </extensions>
      </trkpt>
      <trkpt lat="54.00632905773818492889404296875" lon="-0.9220681898295879364013671875">
        <ele>24.200000762939453125</ele>
        <time>2018-10-14T09:51:47.000Z</time>
        <extensions>
          <ns3:TrackPointExtension>
            <ns3:hr>148</ns3:hr>
            <ns3:cad>99</ns3:cad>
          </ns3:TrackPointExtension>
        </extensions>
      </trkpt>
      <trkpt lat="54.00622713379561901092529296875" lon="-0.92205829918384552001953125">
        <ele>24</ele>
        <time>2018-10-14T09:51:50.000Z</time>
        <extensions>
          <ns3:TrackPointExtension>
            <ns3:hr>149</ns3:hr>
            <ns3:cad>98</ns3:cad>
          </ns3:TrackPointExtension>
        </extensions>
      </trkpt>
      <trkpt lat="54.006038792431354522705078125" lon="-0.92201278544962406158447265625">
        <ele>23.6000003814697265625</ele>
        <time>2018-10-14T09:51:56.000Z</time>
        <extensions>
          <ns3:TrackPointExtension>
            <ns3:hr>149</ns3:hr>
            <ns3:cad>98</ns3:cad>
          </ns3:TrackPointExtension>
        </extensions>
      </trkpt>
      <trkpt lat="54.00584072805941104888916015625" lon="-0.92191480100154876708984375">
        <ele>24.6000003814697265625</ele>
        <time>2018-10-14T09:52:02.000Z</time>
        <extensions>
          <ns3:TrackPointExtension>
            <ns3:hr>149</ns3:hr>
            <ns3:cad>99</ns3:cad>
          </ns3:TrackPointExtension>
        </extensions>
      </trkpt>
      <trkpt lat="54.0056669712066650390625" lon="-0.9217791818082332611083984375">
        <ele>25</ele>
        <time>2018-10-14T09:52:07.000Z</time>
        <extensions>
          <ns3:TrackPointExtension>
            <ns3:hr>148</ns3:hr>
            <ns3:cad>99</ns3:cad>
          </ns3:TrackPointExtension>
        </extensions>
      </trkpt>
      <trkpt lat="54.00553981773555278778076171875" lon="-0.921540968120098114013671875">
        <ele>25.3999996185302734375</ele>
        <time>2018-10-14T09:52:12.000Z</time>
        <extensions>
          <ns3:TrackPointExtension>
            <ns3:hr>148</ns3:hr>
            <ns3:cad>98</ns3:cad>
          </ns3:TrackPointExtension>
        </extensions>
      </trkpt>
      <trkpt lat="54.00539011694490909576416015625" lon="-0.9212744235992431640625">
        <ele>25.799999237060546875</ele>
        <time>2018-10-14T09:52:17.000Z</time>
        <extensions>
          <ns3:TrackPointExtension>
            <ns3:hr>148</ns3:hr>
            <ns3:cad>99</ns3:cad>
          </ns3:TrackPointExtension>
        </extensions>
      </trkpt>
      <trkpt lat="54.0052135102450847625732421875" lon="-0.921064876019954681396484375">
        <ele>25.200000762939453125</ele>
        <time>2018-10-14T09:52:22.000Z</time>
        <extensions>
          <ns3:TrackPointExtension>
            <ns3:hr>148</ns3:hr>
            <ns3:cad>98</ns3:cad>
          </ns3:TrackPointExtension>
        </extensions>
      </trkpt>
      <trkpt lat="54.00504310615360736846923828125" lon="-0.92095331288874149322509765625">
        <ele>24.6000003814697265625</ele>
        <time>2018-10-14T09:52:27.000Z</time>
        <extensions>
          <ns3:TrackPointExtension>
            <ns3:hr>148</ns3:hr>
            <ns3:cad>98</ns3:cad>
          </ns3:TrackPointExtension>
        </extensions>
      </trkpt>
      <trkpt lat="54.00486138649284839630126953125" lon="-0.920838899910449981689453125">
        <ele>24.3999996185302734375</ele>
        <time>2018-10-14T09:52:33.000Z</time>
        <extensions>
          <ns3:TrackPointExtension>
            <ns3:hr>149</ns3:hr>
            <ns3:cad>98</ns3:cad>
          </ns3:TrackPointExtension>
        </extensions>
      </trkpt>
      <trkpt lat="54.004693664610385894775390625" lon="-0.92072331346571445465087890625">
        <ele>24.799999237060546875</ele>
        <time>2018-10-14T09:52:38.000Z</time>
        <extensions>
          <ns3:TrackPointExtension>
            <ns3:hr>150</ns3:hr>
            <ns3:cad>99</ns3:cad>
          </ns3:TrackPointExtension>
        </extensions>
      </trkpt>
      <trkpt lat="54.00449811480939388275146484375" lon="-0.92057495377957820892333984375">
        <ele>25</ele>
        <time>2018-10-14T09:52:44.000Z</time>
        <extensions>
          <ns3:TrackPointExtension>
            <ns3:hr>150</ns3:hr>
            <ns3:cad>99</ns3:cad>
          </ns3:TrackPointExtension>
        </extensions>
      </trkpt>
      <trkpt lat="54.00433114729821681976318359375" lon="-0.92044939287006855010986328125">
        <ele>24.799999237060546875</ele>
        <time>2018-10-14T09:52:49.000Z</time>
        <extensions>
          <ns3:TrackPointExtension>
            <ns3:hr>151</ns3:hr>
            <ns3:cad>99</ns3:cad>
          </ns3:TrackPointExtension>
        </extensions>
      </trkpt>
      <trkpt lat="54.0041716396808624267578125" lon="-0.92030555941164493560791015625">
        <ele>24.6000003814697265625</ele>
        <time>2018-10-14T09:52:54.000Z</time>
        <extensions>
          <ns3:TrackPointExtension>
            <ns3:hr>151</ns3:hr>
            <ns3:cad>98</ns3:cad>
          </ns3:TrackPointExtension>
        </extensions>
      </trkpt>
      <trkpt lat="54.00400525890290737152099609375" lon="-0.92017413116991519927978515625">
        <ele>24.3999996185302734375</ele>
        <time>2018-10-14T09:52:59.000Z</time>
        <extensions>
          <ns3:TrackPointExtension>
            <ns3:hr>153</ns3:hr>
            <ns3:cad>97</ns3:cad>
          </ns3:TrackPointExtension>
        </extensions>
      </trkpt>
      <trkpt lat="54.0038130618631839752197265625" lon="-0.92001772485673427581787109375">
        <ele>23.200000762939453125</ele>
        <time>2018-10-14T09:53:05.000Z</time>
        <extensions>
          <ns3:TrackPointExtension>
            <ns3:hr>151</ns3:hr>
            <ns3:cad>99</ns3:cad>
          </ns3:TrackPointExtension>
        </extensions>
      </trkpt>
      <trkpt lat="54.00363796390593051910400390625" lon="-0.91984572820365428924560546875">
        <ele>23.6000003814697265625</ele>
        <time>2018-10-14T09:53:11.000Z</time>
        <extensions>
          <ns3:TrackPointExtension>
            <ns3:hr>149</ns3:hr>
            <ns3:cad>97</ns3:cad>
          </ns3:TrackPointExtension>
        </extensions>
      </trkpt>
      <trkpt lat="54.00347032584249973297119140625" lon="-0.9196568839251995086669921875">
        <ele>25</ele>
        <time>2018-10-14T09:53:18.000Z</time>
        <extensions>
          <ns3:TrackPointExtension>
            <ns3:hr>151</ns3:hr>
            <ns3:cad>98</ns3:cad>
          </ns3:TrackPointExtension>
        </extensions>
      </trkpt>
      <trkpt lat="54.00335490703582763671875" lon="-0.91941305436193943023681640625">
        <ele>26.200000762939453125</ele>
        <time>2018-10-14T09:53:24.000Z</time>
        <extensions>
          <ns3:TrackPointExtension>
            <ns3:hr>150</ns3:hr>
            <ns3:cad>98</ns3:cad>
          </ns3:TrackPointExtension>
        </extensions>
      </trkpt>
      <trkpt lat="54.0031981654465198516845703125" lon="-0.919232256710529327392578125">
        <ele>26.200000762939453125</ele>
        <time>2018-10-14T09:53:30.000Z</time>
        <extensions>
          <ns3:TrackPointExtension>
            <ns3:hr>151</ns3:hr>
            <ns3:cad>98</ns3:cad>
          </ns3:TrackPointExtension>
        </extensions>
      </trkpt>
      <trkpt lat="54.00305123068392276763916015625" lon="-0.91905095614492893218994140625">
        <ele>26.3999996185302734375</ele>
        <time>2018-10-14T09:53:36.000Z</time>
        <extensions>
          <ns3:TrackPointExtension>
            <ns3:hr>150</ns3:hr>
            <ns3:cad>98</ns3:cad>
          </ns3:TrackPointExtension>
        </extensions>
      </trkpt>
      <trkpt lat="54.00302843190729618072509765625" lon="-0.91901265084743499755859375">
        <ele>26.3999996185302734375</ele>
        <time>2018-10-14T09:53:37.000Z</time>
        <extensions>
          <ns3:TrackPointExtension>
            <ns3:hr>147</ns3:hr>
            <ns3:cad>98</ns3:cad>
          </ns3:TrackPointExtension>
        </extensions>
      </trkpt>
      <trkpt lat="54.0029440261423587799072265625" lon="-0.91891399584710597991943359375">
        <ele>26.3999996185302734375</ele>
        <time>2018-10-14T09:53:40.000Z</time>
        <extensions>
          <ns3:TrackPointExtension>
            <ns3:hr>144</ns3:hr>
            <ns3:cad>98</ns3:cad>
          </ns3:TrackPointExtension>
        </extensions>
      </trkpt>
      <trkpt lat="54.00283732451498508453369140625" lon="-0.91877602972090244293212890625">
        <ele>26.799999237060546875</ele>
        <time>2018-10-14T09:53:44.000Z</time>
        <extensions>
          <ns3:TrackPointExtension>
            <ns3:hr>141</ns3:hr>
            <ns3:cad>99</ns3:cad>
          </ns3:TrackPointExtension>
        </extensions>
      </trkpt>
      <trkpt lat="54.00269717909395694732666015625" lon="-0.9185399115085601806640625">
        <ele>26.200000762939453125</ele>
        <time>2018-10-14T09:53:50.000Z</time>
        <extensions>
          <ns3:TrackPointExtension>
            <ns3:hr>140</ns3:hr>
            <ns3:cad>98</ns3:cad>
          </ns3:TrackPointExtension>
        </extensions>
      </trkpt>
      <trkpt lat="54.00253348052501678466796875" lon="-0.91832575388252735137939453125">
        <ele>26.3999996185302734375</ele>
        <time>2018-10-14T09:53:56.000Z</time>
        <extensions>
          <ns3:TrackPointExtension>
            <ns3:hr>142</ns3:hr>
            <ns3:cad>99</ns3:cad>
          </ns3:TrackPointExtension>
        </extensions>
      </trkpt>
      <trkpt lat="54.002390317618846893310546875" lon="-0.9181243367493152618408203125">
        <ele>25.200000762939453125</ele>
        <time>2018-10-14T09:54:01.000Z</time>
        <extensions>
          <ns3:TrackPointExtension>
            <ns3:hr>145</ns3:hr>
            <ns3:cad>98</ns3:cad>
          </ns3:TrackPointExtension>
        </extensions>
      </trkpt>
      <trkpt lat="54.00223013944923877716064453125" lon="-0.9179295413196086883544921875">
        <ele>25</ele>
        <time>2018-10-14T09:54:06.000Z</time>
        <extensions>
          <ns3:TrackPointExtension>
            <ns3:hr>146</ns3:hr>
            <ns3:cad>99</ns3:cad>
          </ns3:TrackPointExtension>
        </extensions>
      </trkpt>
      <trkpt lat="54.0020810253918170928955078125" lon="-0.91773801483213901519775390625">
        <ele>25</ele>
        <time>2018-10-14T09:54:11.000Z</time>
        <extensions>
          <ns3:TrackPointExtension>
            <ns3:hr>147</ns3:hr>
            <ns3:cad>99</ns3:cad>
          </ns3:TrackPointExtension>
        </extensions>
      </trkpt>
      <trkpt lat="54.0019355155527591705322265625" lon="-0.91747733764350414276123046875">
        <ele>25.3999996185302734375</ele>
        <time>2018-10-14T09:54:16.000Z</time>
        <extensions>
          <ns3:TrackPointExtension>
            <ns3:hr>147</ns3:hr>
            <ns3:cad>99</ns3:cad>
          </ns3:TrackPointExtension>
        </extensions>
      </trkpt>
      <trkpt lat="54.00179998017847537994384765625" lon="-0.917196460068225860595703125">
        <ele>26</ele>
        <time>2018-10-14T09:54:21.000Z</time>
        <extensions>
          <ns3:TrackPointExtension>
            <ns3:hr>147</ns3:hr>
            <ns3:cad>99</ns3:cad>
          </ns3:TrackPointExtension>
        </extensions>
      </trkpt>
      <trkpt lat="54.0016458369791507720947265625" lon="-0.91694743372499942779541015625">
        <ele>26</ele>
        <time>2018-10-14T09:54:27.000Z</time>
        <extensions>
          <ns3:TrackPointExtension>
            <ns3:hr>146</ns3:hr>
            <ns3:cad>98</ns3:cad>
          </ns3:TrackPointExtension>
        </extensions>
      </trkpt>
      <trkpt lat="54.001486413180828094482421875" lon="-0.916776023805141448974609375">
        <ele>26</ele>
        <time>2018-10-14T09:54:32.000Z</time>
        <extensions>
          <ns3:TrackPointExtension>
            <ns3:hr>145</ns3:hr>
            <ns3:cad>99</ns3:cad>
          </ns3:TrackPointExtension>
        </extensions>
      </trkpt>
      <trkpt lat="54.001287259161472320556640625" lon="-0.9166863374412059783935546875">
        <ele>25.6000003814697265625</ele>
        <time>2018-10-14T09:54:38.000Z</time>
        <extensions>
          <ns3:TrackPointExtension>
            <ns3:hr>144</ns3:hr>
            <ns3:cad>99</ns3:cad>
          </ns3:TrackPointExtension>
        </extensions>
      </trkpt>
      <trkpt lat="54.0010929666459560394287109375" lon="-0.9168415702879428863525390625">
        <ele>25</ele>
        <time>2018-10-14T09:54:43.000Z</time>
        <extensions>
          <ns3:TrackPointExtension>
            <ns3:hr>145</ns3:hr>
            <ns3:cad>100</ns3:cad>
          </ns3:TrackPointExtension>
        </extensions>
      </trkpt>
      <trkpt lat="54.00091367773711681365966796875" lon="-0.9170440770685672760009765625">
        <ele>24.6000003814697265625</ele>
        <time>2018-10-14T09:54:49.000Z</time>
        <extensions>
          <ns3:TrackPointExtension>
            <ns3:hr>146</ns3:hr>
            <ns3:cad>98</ns3:cad>
          </ns3:TrackPointExtension>
        </extensions>
      </trkpt>
      <trkpt lat="54.00076129473745822906494140625" lon="-0.91725907288491725921630859375">
        <ele>24.200000762939453125</ele>
        <time>2018-10-14T09:54:56.000Z</time>
        <extensions>
          <ns3:TrackPointExtension>
            <ns3:hr>146</ns3:hr>
            <ns3:cad>98</ns3:cad>
          </ns3:TrackPointExtension>
        </extensions>
      </trkpt>
      <trkpt lat="54.0006286092102527618408203125" lon="-0.9174802713096141815185546875">
        <ele>23.799999237060546875</ele>
        <time>2018-10-14T09:55:02.000Z</time>
        <extensions>
          <ns3:TrackPointExtension>
            <ns3:hr>145</ns3:hr>
            <ns3:cad>99</ns3:cad>
          </ns3:TrackPointExtension>
        </extensions>
      </trkpt>
      <trkpt lat="54.0004965104162693023681640625" lon="-0.91772259213030338287353515625">
        <ele>23.6000003814697265625</ele>
        <time>2018-10-14T09:55:09.000Z</time>
        <extensions>
          <ns3:TrackPointExtension>
            <ns3:hr>146</ns3:hr>
            <ns3:cad>98</ns3:cad>
          </ns3:TrackPointExtension>
        </extensions>
      </trkpt>
      <trkpt lat="54.00036357343196868896484375" lon="-0.91797086410224437713623046875">
        <ele>23.6000003814697265625</ele>
        <time>2018-10-14T09:55:16.000Z</time>
        <extensions>
          <ns3:TrackPointExtension>
            <ns3:hr>146</ns3:hr>
            <ns3:cad>97</ns3:cad>
          </ns3:TrackPointExtension>
        </extensions>
      </trkpt>
      <trkpt lat="54.00031437166035175323486328125" lon="-0.918041355907917022705078125">
        <ele>23.200000762939453125</ele>
        <time>2018-10-14T09:55:18.000Z</time>
        <extensions>
          <ns3:TrackPointExtension>
            <ns3:hr>147</ns3:hr>
            <ns3:cad>97</ns3:cad>
          </ns3:TrackPointExtension>
        </extensions>
      </trkpt>
      <trkpt lat="54.00016844272613525390625" lon="-0.91825987212359905242919921875">
        <ele>22.6000003814697265625</ele>
        <time>2018-10-14T09:55:24.000Z</time>
        <extensions>
          <ns3:TrackPointExtension>
            <ns3:hr>147</ns3:hr>
            <ns3:cad>98</ns3:cad>
          </ns3:TrackPointExtension>
        </extensions>
      </trkpt>
      <trkpt lat="54.00006056763231754302978515625" lon="-0.9185088984668254852294921875">
        <ele>23</ele>
        <time>2018-10-14T09:55:30.000Z</time>
        <extensions>
          <ns3:TrackPointExtension>
            <ns3:hr>147</ns3:hr>
            <ns3:cad>98</ns3:cad>
          </ns3:TrackPointExtension>
        </extensions>
      </trkpt>
      <trkpt lat="53.99992913939058780670166015625" lon="-0.9187784604728221893310546875">
        <ele>23</ele>
        <time>2018-10-14T09:55:36.000Z</time>
        <extensions>
          <ns3:TrackPointExtension>
            <ns3:hr>147</ns3:hr>
            <ns3:cad>99</ns3:cad>
          </ns3:TrackPointExtension>
        </extensions>
      </trkpt>
      <trkpt lat="53.99979469366371631622314453125" lon="-0.9190441668033599853515625">
        <ele>22.200000762939453125</ele>
        <time>2018-10-14T09:55:42.000Z</time>
        <extensions>
          <ns3:TrackPointExtension>
            <ns3:hr>147</ns3:hr>
            <ns3:cad>98</ns3:cad>
          </ns3:TrackPointExtension>
        </extensions>
      </trkpt>
      <trkpt lat="53.99967064149677753448486328125" lon="-0.91927693225443363189697265625">
        <ele>23</ele>
        <time>2018-10-14T09:55:47.000Z</time>
        <extensions>
          <ns3:TrackPointExtension>
            <ns3:hr>147</ns3:hr>
            <ns3:cad>98</ns3:cad>
          </ns3:TrackPointExtension>
        </extensions>
      </trkpt>
      <trkpt lat="53.99954508058726787567138671875" lon="-0.91953836381435394287109375">
        <ele>23</ele>
        <time>2018-10-14T09:55:53.000Z</time>
        <extensions>
          <ns3:TrackPointExtension>
            <ns3:hr>148</ns3:hr>
            <ns3:cad>99</ns3:cad>
          </ns3:TrackPointExtension>
        </extensions>
      </trkpt>
      <trkpt lat="53.9994340203702449798583984375" lon="-0.91978068463504314422607421875">
        <ele>22.3999996185302734375</ele>
        <time>2018-10-14T09:55:58.000Z</time>
        <extensions>
          <ns3:TrackPointExtension>
            <ns3:hr>146</ns3:hr>
            <ns3:cad>98</ns3:cad>
          </ns3:TrackPointExtension>
        </extensions>
      </trkpt>
      <trkpt lat="53.9993431605398654937744140625" lon="-0.9200786612927913665771484375">
        <ele>21.200000762939453125</ele>
        <time>2018-10-14T09:56:03.000Z</time>
        <extensions>
          <ns3:TrackPointExtension>
            <ns3:hr>145</ns3:hr>
            <ns3:cad>99</ns3:cad>
          </ns3:TrackPointExtension>
        </extensions>
      </trkpt>
      <trkpt lat="53.99924400262534618377685546875" lon="-0.92035316862165927886962890625">
        <ele>21</ele>
        <time>2018-10-14T09:56:08.000Z</time>
        <extensions>
          <ns3:TrackPointExtension>
            <ns3:hr>146</ns3:hr>
            <ns3:cad>100</ns3:cad>
          </ns3:TrackPointExtension>
        </extensions>
      </trkpt>
      <trkpt lat="53.999150879681110382080078125" lon="-0.92061736620962619781494140625">
        <ele>21</ele>
        <time>2018-10-14T09:56:13.000Z</time>
        <extensions>
          <ns3:TrackPointExtension>
            <ns3:hr>145</ns3:hr>
            <ns3:cad>99</ns3:cad>
          </ns3:TrackPointExtension>
        </extensions>
      </trkpt>
      <trkpt lat="53.99906915612518787384033203125" lon="-0.920897237956523895263671875">
        <ele>20.200000762939453125</ele>
        <time>2018-10-14T09:56:18.000Z</time>
        <extensions>
          <ns3:TrackPointExtension>
            <ns3:hr>145</ns3:hr>
            <ns3:cad>99</ns3:cad>
          </ns3:TrackPointExtension>
        </extensions>
      </trkpt>
      <trkpt lat="53.99897695519030094146728515625" lon="-0.92116068117320537567138671875">
        <ele>20</ele>
        <time>2018-10-14T09:56:23.000Z</time>
        <extensions>
          <ns3:TrackPointExtension>
            <ns3:hr>146</ns3:hr>
            <ns3:cad>98</ns3:cad>
          </ns3:TrackPointExtension>
        </extensions>
      </trkpt>
      <trkpt lat="53.998862542212009429931640625" lon="-0.92139604501426219940185546875">
        <ele>20</ele>
        <time>2018-10-14T09:56:28.000Z</time>
        <extensions>
          <ns3:TrackPointExtension>
            <ns3:hr>144</ns3:hr>
            <ns3:cad>98</ns3:cad>
          </ns3:TrackPointExtension>
        </extensions>
      </trkpt>
      <trkpt lat="53.99873656220734119415283203125" lon="-0.92162788845598697662353515625">
        <ele>20</ele>
        <time>2018-10-14T09:56:33.000Z</time>
        <extensions>
          <ns3:TrackPointExtension>
            <ns3:hr>144</ns3:hr>
            <ns3:cad>98</ns3:cad>
          </ns3:TrackPointExtension>
        </extensions>
      </trkpt>
      <trkpt lat="53.99860647507011890411376953125" lon="-0.9219159744679927825927734375">
        <ele>19.3999996185302734375</ele>
        <time>2018-10-14T09:56:39.000Z</time>
        <extensions>
          <ns3:TrackPointExtension>
            <ns3:hr>144</ns3:hr>
            <ns3:cad>99</ns3:cad>
          </ns3:TrackPointExtension>
        </extensions>
      </trkpt>
      <trkpt lat="53.99853774346411228179931640625" lon="-0.92204882763326168060302734375">
        <ele>19</ele>
        <time>2018-10-14T09:56:42.000Z</time>
        <extensions>
          <ns3:TrackPointExtension>
            <ns3:hr>141</ns3:hr>
            <ns3:cad>99</ns3:cad>
          </ns3:TrackPointExtension>
        </extensions>
      </trkpt>
      <trkpt lat="53.99839960969984531402587890625" lon="-0.92230774462223052978515625">
        <ele>19</ele>
        <time>2018-10-14T09:56:48.000Z</time>
        <extensions>
          <ns3:TrackPointExtension>
            <ns3:hr>143</ns3:hr>
            <ns3:cad>99</ns3:cad>
          </ns3:TrackPointExtension>
        </extensions>
      </trkpt>
      <trkpt lat="53.99826432578265666961669921875" lon="-0.92257328331470489501953125">
        <ele>19.799999237060546875</ele>
        <time>2018-10-14T09:56:54.000Z</time>
        <extensions>
          <ns3:TrackPointExtension>
            <ns3:hr>142</ns3:hr>
            <ns3:cad>99</ns3:cad>
          </ns3:TrackPointExtension>
        </extensions>
      </trkpt>
      <trkpt lat="53.9981308020651340484619140625" lon="-0.9228410013020038604736328125">
        <ele>20.799999237060546875</ele>
        <time>2018-10-14T09:57:00.000Z</time>
        <extensions>
          <ns3:TrackPointExtension>
            <ns3:hr>144</ns3:hr>
            <ns3:cad>98</ns3:cad>
          </ns3:TrackPointExtension>
        </extensions>
      </trkpt>
      <trkpt lat="53.998010270297527313232421875" lon="-0.9230780415236949920654296875">
        <ele>21</ele>
        <time>2018-10-14T09:57:05.000Z</time>
        <extensions>
          <ns3:TrackPointExtension>
            <ns3:hr>145</ns3:hr>
            <ns3:cad>98</ns3:cad>
          </ns3:TrackPointExtension>
        </extensions>
      </trkpt>
      <trkpt lat="53.9978669397532939910888671875" lon="-0.92334366403520107269287109375">
        <ele>21</ele>
        <time>2018-10-14T09:57:11.000Z</time>
        <extensions>
          <ns3:TrackPointExtension>
            <ns3:hr>144</ns3:hr>
            <ns3:cad>98</ns3:cad>
          </ns3:TrackPointExtension>
        </extensions>
      </trkpt>
      <trkpt lat="53.99772134609520435333251953125" lon="-0.92359378002583980560302734375">
        <ele>20.3999996185302734375</ele>
        <time>2018-10-14T09:57:17.000Z</time>
        <extensions>
          <ns3:TrackPointExtension>
            <ns3:hr>145</ns3:hr>
            <ns3:cad>99</ns3:cad>
          </ns3:TrackPointExtension>
        </extensions>
      </trkpt>
      <trkpt lat="53.997589163482189178466796875" lon="-0.92384909279644489288330078125">
        <ele>19.3999996185302734375</ele>
        <time>2018-10-14T09:57:23.000Z</time>
        <extensions>
          <ns3:TrackPointExtension>
            <ns3:hr>145</ns3:hr>
            <ns3:cad>99</ns3:cad>
          </ns3:TrackPointExtension>
        </extensions>
      </trkpt>
      <trkpt lat="53.99744407273828983306884765625" lon="-0.92412133701145648956298828125">
        <ele>18.3999996185302734375</ele>
        <time>2018-10-14T09:57:29.000Z</time>
        <extensions>
          <ns3:TrackPointExtension>
            <ns3:hr>143</ns3:hr>
            <ns3:cad>99</ns3:cad>
          </ns3:TrackPointExtension>
        </extensions>
      </trkpt>
      <trkpt lat="53.9973159134387969970703125" lon="-0.9243598021566867828369140625">
        <ele>17.799999237060546875</ele>
        <time>2018-10-14T09:57:34.000Z</time>
        <extensions>
          <ns3:TrackPointExtension>
            <ns3:hr>144</ns3:hr>
            <ns3:cad>99</ns3:cad>
          </ns3:TrackPointExtension>
        </extensions>
      </trkpt>
      <trkpt lat="53.997190855443477630615234375" lon="-0.9245938248932361602783203125">
        <ele>17.3999996185302734375</ele>
        <time>2018-10-14T09:57:39.000Z</time>
        <extensions>
          <ns3:TrackPointExtension>
            <ns3:hr>143</ns3:hr>
            <ns3:cad>100</ns3:cad>
          </ns3:TrackPointExtension>
        </extensions>
      </trkpt>
      <trkpt lat="53.9970626123249530792236328125" lon="-0.924844443798065185546875">
        <ele>17</ele>
        <time>2018-10-14T09:57:45.000Z</time>
        <extensions>
          <ns3:TrackPointExtension>
            <ns3:hr>142</ns3:hr>
            <ns3:cad>99</ns3:cad>
          </ns3:TrackPointExtension>
        </extensions>
      </trkpt>
      <trkpt lat="53.9969442598521709442138671875" lon="-0.9250645525753498077392578125">
        <ele>17</ele>
        <time>2018-10-14T09:57:50.000Z</time>
        <extensions>
          <ns3:TrackPointExtension>
            <ns3:hr>145</ns3:hr>
            <ns3:cad>100</ns3:cad>
          </ns3:TrackPointExtension>
        </extensions>
      </trkpt>
      <trkpt lat="53.99681408889591693878173828125" lon="-0.92530511319637298583984375">
        <ele>17</ele>
        <time>2018-10-14T09:57:55.000Z</time>
        <extensions>
          <ns3:TrackPointExtension>
            <ns3:hr>143</ns3:hr>
            <ns3:cad>99</ns3:cad>
          </ns3:TrackPointExtension>
        </extensions>
      </trkpt>
      <trkpt lat="53.99668768979609012603759765625" lon="-0.9255262278020381927490234375">
        <ele>16.6000003814697265625</ele>
        <time>2018-10-14T09:58:00.000Z</time>
        <extensions>
          <ns3:TrackPointExtension>
            <ns3:hr>142</ns3:hr>
            <ns3:cad>99</ns3:cad>
          </ns3:TrackPointExtension>
        </extensions>
      </trkpt>
      <trkpt lat="53.996559195220470428466796875" lon="-0.92578263022005558013916015625">
        <ele>16.200000762939453125</ele>
        <time>2018-10-14T09:58:06.000Z</time>
        <extensions>
          <ns3:TrackPointExtension>
            <ns3:hr>142</ns3:hr>
            <ns3:cad>99</ns3:cad>
          </ns3:TrackPointExtension>
        </extensions>
      </trkpt>
      <trkpt lat="53.99640999734401702880859375" lon="-0.92603869736194610595703125">
        <ele>16</ele>
        <time>2018-10-14T09:58:12.000Z</time>
        <extensions>
          <ns3:TrackPointExtension>
            <ns3:hr>143</ns3:hr>
            <ns3:cad>99</ns3:cad>
          </ns3:TrackPointExtension>
        </extensions>
      </trkpt>
      <trkpt lat="53.9962716959416866302490234375" lon="-0.92631370760500431060791015625">
        <ele>16</ele>
        <time>2018-10-14T09:58:18.000Z</time>
        <extensions>
          <ns3:TrackPointExtension>
            <ns3:hr>142</ns3:hr>
            <ns3:cad>99</ns3:cad>
          </ns3:TrackPointExtension>
        </extensions>
      </trkpt>
      <trkpt lat="53.99613549001514911651611328125" lon="-0.92654689215123653411865234375">
        <ele>16.200000762939453125</ele>
        <time>2018-10-14T09:58:23.000Z</time>
        <extensions>
          <ns3:TrackPointExtension>
            <ns3:hr>144</ns3:hr>
            <ns3:cad>98</ns3:cad>
          </ns3:TrackPointExtension>
        </extensions>
      </trkpt>
      <trkpt lat="53.9960031397640705108642578125" lon="-0.9267630614340305328369140625">
        <ele>17</ele>
        <time>2018-10-14T09:58:28.000Z</time>
        <extensions>
          <ns3:TrackPointExtension>
            <ns3:hr>144</ns3:hr>
            <ns3:cad>98</ns3:cad>
          </ns3:TrackPointExtension>
        </extensions>
      </trkpt>
      <trkpt lat="53.99586793966591358184814453125" lon="-0.92698224820196628570556640625">
        <ele>17</ele>
        <time>2018-10-14T09:58:33.000Z</time>
        <extensions>
          <ns3:TrackPointExtension>
            <ns3:hr>144</ns3:hr>
            <ns3:cad>99</ns3:cad>
          </ns3:TrackPointExtension>
        </extensions>
      </trkpt>
      <trkpt lat="53.99573349393904209136962890625" lon="-0.92721308581531047821044921875">
        <ele>17.799999237060546875</ele>
        <time>2018-10-14T09:58:38.000Z</time>
        <extensions>
          <ns3:TrackPointExtension>
            <ns3:hr>145</ns3:hr>
            <ns3:cad>99</ns3:cad>
          </ns3:TrackPointExtension>
        </extensions>
      </trkpt>
      <trkpt lat="53.99564045481383800506591796875" lon="-0.92738608829677104949951171875">
        <ele>18.3999996185302734375</ele>
        <time>2018-10-14T09:58:42.000Z</time>
        <extensions>
          <ns3:TrackPointExtension>
            <ns3:hr>145</ns3:hr>
            <ns3:cad>99</ns3:cad>
          </ns3:TrackPointExtension>
        </extensions>
      </trkpt>
      <trkpt lat="53.995484970510005950927734375" lon="-0.92761290259659290313720703125">
        <ele>19.799999237060546875</ele>
        <time>2018-10-14T09:58:48.000Z</time>
        <extensions>
          <ns3:TrackPointExtension>
            <ns3:hr>145</ns3:hr>
            <ns3:cad>98</ns3:cad>
          </ns3:TrackPointExtension>
        </extensions>
      </trkpt>
      <trkpt lat="53.99531607516109943389892578125" lon="-0.9278221987187862396240234375">
        <ele>20</ele>
        <time>2018-10-14T09:58:54.000Z</time>
        <extensions>
          <ns3:TrackPointExtension>
            <ns3:hr>143</ns3:hr>
            <ns3:cad>98</ns3:cad>
          </ns3:TrackPointExtension>
        </extensions>
      </trkpt>
      <trkpt lat="53.9951133169233798980712890625" lon="-0.9279325045645236968994140625">
        <ele>20</ele>
        <time>2018-10-14T09:59:00.000Z</time>
        <extensions>
          <ns3:TrackPointExtension>
            <ns3:hr>143</ns3:hr>
            <ns3:cad>98</ns3:cad>
          </ns3:TrackPointExtension>
        </extensions>
      </trkpt>
      <trkpt lat="53.994932435452938079833984375" lon="-0.92798338271677494049072265625">
        <ele>19.6000003814697265625</ele>
        <time>2018-10-14T09:59:05.000Z</time>
        <extensions>
          <ns3:TrackPointExtension>
            <ns3:hr>145</ns3:hr>
            <ns3:cad>98</ns3:cad>
          </ns3:TrackPointExtension>
        </extensions>
      </trkpt>
      <trkpt lat="53.9947495423257350921630859375" lon="-0.92805027030408382415771484375">
        <ele>18.799999237060546875</ele>
        <time>2018-10-14T09:59:10.000Z</time>
        <extensions>
          <ns3:TrackPointExtension>
            <ns3:hr>145</ns3:hr>
            <ns3:cad>99</ns3:cad>
          </ns3:TrackPointExtension>
        </extensions>
      </trkpt>
      <trkpt lat="53.99455659091472625732421875" lon="-0.92818605713546276092529296875">
        <ele>18</ele>
        <time>2018-10-14T09:59:16.000Z</time>
        <extensions>
          <ns3:TrackPointExtension>
            <ns3:hr>145</ns3:hr>
            <ns3:cad>98</ns3:cad>
          </ns3:TrackPointExtension>
        </extensions>
      </trkpt>
      <trkpt lat="53.99439272470772266387939453125" lon="-0.928374566137790679931640625">
        <ele>18</ele>
        <time>2018-10-14T09:59:22.000Z</time>
        <extensions>
          <ns3:TrackPointExtension>
            <ns3:hr>143</ns3:hr>
            <ns3:cad>98</ns3:cad>
          </ns3:TrackPointExtension>
        </extensions>
      </trkpt>
      <trkpt lat="53.99425190873444080352783203125" lon="-0.92858922667801380157470703125">
        <ele>18.799999237060546875</ele>
        <time>2018-10-14T09:59:27.000Z</time>
        <extensions>
          <ns3:TrackPointExtension>
            <ns3:hr>142</ns3:hr>
            <ns3:cad>98</ns3:cad>
          </ns3:TrackPointExtension>
        </extensions>
      </trkpt>
      <trkpt lat="53.9941403456032276153564453125" lon="-0.92882819473743438720703125">
        <ele>19.799999237060546875</ele>
        <time>2018-10-14T09:59:32.000Z</time>
        <extensions>
          <ns3:TrackPointExtension>
            <ns3:hr>143</ns3:hr>
            <ns3:cad>98</ns3:cad>
          </ns3:TrackPointExtension>
        </extensions>
      </trkpt>
      <trkpt lat="53.99404370225965976715087890625" lon="-0.92912432737648487091064453125">
        <ele>20</ele>
        <time>2018-10-14T09:59:38.000Z</time>
        <extensions>
          <ns3:TrackPointExtension>
            <ns3:hr>143</ns3:hr>
            <ns3:cad>99</ns3:cad>
          </ns3:TrackPointExtension>
        </extensions>
      </trkpt>
      <trkpt lat="53.993968181312084197998046875" lon="-0.929406546056270599365234375">
        <ele>19.6000003814697265625</ele>
        <time>2018-10-14T09:59:43.000Z</time>
        <extensions>
          <ns3:TrackPointExtension>
            <ns3:hr>143</ns3:hr>
            <ns3:cad>99</ns3:cad>
          </ns3:TrackPointExtension>
        </extensions>
      </trkpt>
      <trkpt lat="53.99391428567469120025634765625" lon="-0.9297007508575916290283203125">
        <ele>19.200000762939453125</ele>
        <time>2018-10-14T09:59:48.000Z</time>
        <extensions>
          <ns3:TrackPointExtension>
            <ns3:hr>144</ns3:hr>
            <ns3:cad>99</ns3:cad>
          </ns3:TrackPointExtension>
        </extensions>
      </trkpt>
      <trkpt lat="53.9939066581428050994873046875" lon="-0.93000945635139942169189453125">
        <ele>18.6000003814697265625</ele>
        <time>2018-10-14T09:59:53.000Z</time>
        <extensions>
          <ns3:TrackPointExtension>
            <ns3:hr>145</ns3:hr>
            <ns3:cad>99</ns3:cad>
          </ns3:TrackPointExtension>
        </extensions>
      </trkpt>
      <trkpt lat="53.99392317049205303192138671875" lon="-0.930321179330348968505859375">
        <ele>18</ele>
        <time>2018-10-14T09:59:58.000Z</time>
        <extensions>
          <ns3:TrackPointExtension>
            <ns3:hr>145</ns3:hr>
            <ns3:cad>98</ns3:cad>
          </ns3:TrackPointExtension>
        </extensions>
      </trkpt>
      <trkpt lat="53.993924595415592193603515625" lon="-0.93062871135771274566650390625">
        <ele>17.6000003814697265625</ele>
        <time>2018-10-14T10:00:03.000Z</time>
        <extensions>
          <ns3:TrackPointExtension>
            <ns3:hr>144</ns3:hr>
            <ns3:cad>98</ns3:cad>
          </ns3:TrackPointExtension>
        </extensions>
      </trkpt>
      <trkpt lat="53.99382577277719974517822265625" lon="-0.9308460541069507598876953125">
        <ele>17.799999237060546875</ele>
        <time>2018-10-14T10:00:08.000Z</time>
        <extensions>
          <ns3:TrackPointExtension>
            <ns3:hr>144</ns3:hr>
            <ns3:cad>97</ns3:cad>
          </ns3:TrackPointExtension>
        </extensions>
      </trkpt>
      <trkpt lat="53.9936468191444873809814453125" lon="-0.93083306215703487396240234375">
        <ele>17.6000003814697265625</ele>
        <time>2018-10-14T10:00:13.000Z</time>
        <extensions>
          <ns3:TrackPointExtension>
            <ns3:hr>145</ns3:hr>
            <ns3:cad>97</ns3:cad>
          </ns3:TrackPointExtension>
        </extensions>
      </trkpt>
      <trkpt lat="53.99346468038856983184814453125" lon="-0.93078109435737133026123046875">
        <ele>17.3999996185302734375</ele>
        <time>2018-10-14T10:00:18.000Z</time>
        <extensions>
          <ns3:TrackPointExtension>
            <ns3:hr>145</ns3:hr>
            <ns3:cad>99</ns3:cad>
          </ns3:TrackPointExtension>
        </extensions>
      </trkpt>
      <trkpt lat="53.99328128434717655181884765625" lon="-0.930720828473567962646484375">
        <ele>17.6000003814697265625</ele>
        <time>2018-10-14T10:00:23.000Z</time>
        <extensions>
          <ns3:TrackPointExtension>
            <ns3:hr>146</ns3:hr>
            <ns3:cad>99</ns3:cad>
          </ns3:TrackPointExtension>
        </extensions>
      </trkpt>
      <trkpt lat="53.99309587664902210235595703125" lon="-0.93067028559744358062744140625">
        <ele>17.6000003814697265625</ele>
        <time>2018-10-14T10:00:28.000Z</time>
        <extensions>
          <ns3:TrackPointExtension>
            <ns3:hr>147</ns3:hr>
            <ns3:cad>99</ns3:cad>
          </ns3:TrackPointExtension>
        </extensions>
      </trkpt>
      <trkpt lat="53.9928964711725711822509765625" lon="-0.9306070022284984588623046875">
        <ele>17.200000762939453125</ele>
        <time>2018-10-14T10:00:34.000Z</time>
        <extensions>
          <ns3:TrackPointExtension>
            <ns3:hr>147</ns3:hr>
            <ns3:cad>100</ns3:cad>
          </ns3:TrackPointExtension>
        </extensions>
      </trkpt>
      <trkpt lat="53.99269069544970989227294921875" lon="-0.93053148128092288970947265625">
        <ele>16.799999237060546875</ele>
        <time>2018-10-14T10:00:40.000Z</time>
        <extensions>
          <ns3:TrackPointExtension>
            <ns3:hr>145</ns3:hr>
            <ns3:cad>99</ns3:cad>
          </ns3:TrackPointExtension>
        </extensions>
      </trkpt>
      <trkpt lat="53.99250335991382598876953125" lon="-0.9304708801209926605224609375">
        <ele>16.799999237060546875</ele>
        <time>2018-10-14T10:00:45.000Z</time>
        <extensions>
          <ns3:TrackPointExtension>
            <ns3:hr>146</ns3:hr>
            <ns3:cad>99</ns3:cad>
          </ns3:TrackPointExtension>
        </extensions>
      </trkpt>
      <trkpt lat="53.99232490919530391693115234375" lon="-0.930401645600795745849609375">
        <ele>16.799999237060546875</ele>
        <time>2018-10-14T10:00:50.000Z</time>
        <extensions>
          <ns3:TrackPointExtension>
            <ns3:hr>145</ns3:hr>
            <ns3:cad>99</ns3:cad>
          </ns3:TrackPointExtension>
        </extensions>
      </trkpt>
      <trkpt lat="53.99211804382503032684326171875" lon="-0.93033031560480594635009765625">
        <ele>16.200000762939453125</ele>
        <time>2018-10-14T10:00:56.000Z</time>
        <extensions>
          <ns3:TrackPointExtension>
            <ns3:hr>143</ns3:hr>
            <ns3:cad>99</ns3:cad>
          </ns3:TrackPointExtension>
        </extensions>
      </trkpt>
      <trkpt lat="53.991942442953586578369140625" lon="-0.9302717261016368865966796875">
        <ele>16</ele>
        <time>2018-10-14T10:01:01.000Z</time>
        <extensions>
          <ns3:TrackPointExtension>
            <ns3:hr>140</ns3:hr>
            <ns3:cad>99</ns3:cad>
          </ns3:TrackPointExtension>
        </extensions>
      </trkpt>
      <trkpt lat="53.9917380921542644500732421875" lon="-0.93021715991199016571044921875">
        <ele>16.799999237060546875</ele>
        <time>2018-10-14T10:01:07.000Z</time>
        <extensions>
          <ns3:TrackPointExtension>
            <ns3:hr>141</ns3:hr>
            <ns3:cad>99</ns3:cad>
          </ns3:TrackPointExtension>
        </extensions>
      </trkpt>
      <trkpt lat="53.99153449572622776031494140625" lon="-0.93015077523887157440185546875">
        <ele>17.799999237060546875</ele>
        <time>2018-10-14T10:01:13.000Z</time>
        <extensions>
          <ns3:TrackPointExtension>
            <ns3:hr>142</ns3:hr>
            <ns3:cad>99</ns3:cad>
          </ns3:TrackPointExtension>
        </extensions>
      </trkpt>
      <trkpt lat="53.99132025428116321563720703125" lon="-0.93009461648762226104736328125">
        <ele>18</ele>
        <time>2018-10-14T10:01:19.000Z</time>
        <extensions>
          <ns3:TrackPointExtension>
            <ns3:hr>141</ns3:hr>
            <ns3:cad>98</ns3:cad>
          </ns3:TrackPointExtension>
        </extensions>
      </trkpt>
      <trkpt lat="53.99116099812090396881103515625" lon="-0.929908454418182373046875">
        <ele>17.200000762939453125</ele>
        <time>2018-10-14T10:01:25.000Z</time>
        <extensions>
          <ns3:TrackPointExtension>
            <ns3:hr>142</ns3:hr>
            <ns3:cad>98</ns3:cad>
          </ns3:TrackPointExtension>
        </extensions>
      </trkpt>
      <trkpt lat="53.99119653739035129547119140625" lon="-0.92954694293439388275146484375">
        <ele>16.799999237060546875</ele>
        <time>2018-10-14T10:01:31.000Z</time>
        <extensions>
          <ns3:TrackPointExtension>
            <ns3:hr>142</ns3:hr>
            <ns3:cad>98</ns3:cad>
          </ns3:TrackPointExtension>
        </extensions>
      </trkpt>
      <trkpt lat="53.99123325012624263763427734375" lon="-0.9292437694966793060302734375">
        <ele>16</ele>
        <time>2018-10-14T10:01:36.000Z</time>
        <extensions>
          <ns3:TrackPointExtension>
            <ns3:hr>142</ns3:hr>
            <ns3:cad>99</ns3:cad>
          </ns3:TrackPointExtension>
        </extensions>
      </trkpt>
      <trkpt lat="53.99127482436597347259521484375" lon="-0.9289440326392650604248046875">
        <ele>16</ele>
        <time>2018-10-14T10:01:41.000Z</time>
        <extensions>
          <ns3:TrackPointExtension>
            <ns3:hr>144</ns3:hr>
            <ns3:cad>99</ns3:cad>
          </ns3:TrackPointExtension>
        </extensions>
      </trkpt>
      <trkpt lat="53.99131824262440204620361328125" lon="-0.9286411106586456298828125">
        <ele>15.80000019073486328125</ele>
        <time>2018-10-14T10:01:46.000Z</time>
        <extensions>
          <ns3:TrackPointExtension>
            <ns3:hr>145</ns3:hr>
            <ns3:cad>99</ns3:cad>
          </ns3:TrackPointExtension>
        </extensions>
      </trkpt>
      <trkpt lat="53.99136819876730442047119140625" lon="-0.92828613705933094024658203125">
        <ele>15.6000003814697265625</ele>
        <time>2018-10-14T10:01:52.000Z</time>
        <extensions>
          <ns3:TrackPointExtension>
            <ns3:hr>145</ns3:hr>
            <ns3:cad>100</ns3:cad>
          </ns3:TrackPointExtension>
        </extensions>
      </trkpt>
      <trkpt lat="53.99140792898833751678466796875" lon="-0.9279251284897327423095703125">
        <ele>16</ele>
        <time>2018-10-14T10:01:58.000Z</time>
        <extensions>
          <ns3:TrackPointExtension>
            <ns3:hr>146</ns3:hr>
            <ns3:cad>99</ns3:cad>
          </ns3:TrackPointExtension>
        </extensions>
      </trkpt>
      <trkpt lat="53.9914405345916748046875" lon="-0.9276191890239715576171875">
        <ele>16</ele>
        <time>2018-10-14T10:02:03.000Z</time>
        <extensions>
          <ns3:TrackPointExtension>
            <ns3:hr>148</ns3:hr>
            <ns3:cad>99</ns3:cad>
          </ns3:TrackPointExtension>
        </extensions>
      </trkpt>
      <trkpt lat="53.99144791066646575927734375" lon="-0.92755523510277271270751953125">
        <ele>16</ele>
        <time>2018-10-14T10:02:04.000Z</time>
        <extensions>
          <ns3:TrackPointExtension>
            <ns3:hr>148</ns3:hr>
            <ns3:cad>99</ns3:cad>
          </ns3:TrackPointExtension>
        </extensions>
      </trkpt>
      <trkpt lat="53.99148269556462764739990234375" lon="-0.92724476940929889678955078125">
        <ele>15.80000019073486328125</ele>
        <time>2018-10-14T10:02:09.000Z</time>
        <extensions>
          <ns3:TrackPointExtension>
            <ns3:hr>147</ns3:hr>
            <ns3:cad>99</ns3:cad>
          </ns3:TrackPointExtension>
        </extensions>
      </trkpt>
      <trkpt lat="53.9915164746344089508056640625" lon="-0.92693321406841278076171875">
        <ele>16.3999996185302734375</ele>
        <time>2018-10-14T10:02:14.000Z</time>
        <extensions>
          <ns3:TrackPointExtension>
            <ns3:hr>145</ns3:hr>
            <ns3:cad>100</ns3:cad>
          </ns3:TrackPointExtension>
        </extensions>
      </trkpt>
      <trkpt lat="53.9915563724935054779052734375" lon="-0.9266198985278606414794921875">
        <ele>17.200000762939453125</ele>
        <time>2018-10-14T10:02:19.000Z</time>
        <extensions>
          <ns3:TrackPointExtension>
            <ns3:hr>144</ns3:hr>
            <ns3:cad>100</ns3:cad>
          </ns3:TrackPointExtension>
        </extensions>
      </trkpt>
      <trkpt lat="53.99161043576896190643310546875" lon="-0.9262997098267078399658203125">
        <ele>17</ele>
        <time>2018-10-14T10:02:24.000Z</time>
        <extensions>
          <ns3:TrackPointExtension>
            <ns3:hr>143</ns3:hr>
            <ns3:cad>99</ns3:cad>
          </ns3:TrackPointExtension>
        </extensions>
      </trkpt>
      <trkpt lat="53.9916512556374073028564453125" lon="-0.925981365144252777099609375">
        <ele>17</ele>
        <time>2018-10-14T10:02:29.000Z</time>
        <extensions>
          <ns3:TrackPointExtension>
            <ns3:hr>143</ns3:hr>
            <ns3:cad>99</ns3:cad>
          </ns3:TrackPointExtension>
        </extensions>
      </trkpt>
      <trkpt lat="53.991690315306186676025390625" lon="-0.92563091777265071868896484375">
        <ele>17.3999996185302734375</ele>
        <time>2018-10-14T10:02:35.000Z</time>
        <extensions>
          <ns3:TrackPointExtension>
            <ns3:hr>142</ns3:hr>
            <ns3:cad>99</ns3:cad>
          </ns3:TrackPointExtension>
        </extensions>
      </trkpt>
      <trkpt lat="53.991724513471126556396484375" lon="-0.92532900162041187286376953125">
        <ele>17.6000003814697265625</ele>
        <time>2018-10-14T10:02:40.000Z</time>
        <extensions>
          <ns3:TrackPointExtension>
            <ns3:hr>143</ns3:hr>
            <ns3:cad>99</ns3:cad>
          </ns3:TrackPointExtension>
        </extensions>
      </trkpt>
      <trkpt lat="53.99174873717129230499267578125" lon="-0.924968160688877105712890625">
        <ele>18.200000762939453125</ele>
        <time>2018-10-14T10:02:46.000Z</time>
        <extensions>
          <ns3:TrackPointExtension>
            <ns3:hr>143</ns3:hr>
            <ns3:cad>100</ns3:cad>
          </ns3:TrackPointExtension>
        </extensions>
      </trkpt>
      <trkpt lat="53.99177656508982181549072265625" lon="-0.92466381378471851348876953125">
        <ele>18</ele>
        <time>2018-10-14T10:02:51.000Z</time>
        <extensions>
          <ns3:TrackPointExtension>
            <ns3:hr>143</ns3:hr>
            <ns3:cad>100</ns3:cad>
          </ns3:TrackPointExtension>
        </extensions>
      </trkpt>
      <trkpt lat="53.99181629531085491180419921875" lon="-0.9243028052151203155517578125">
        <ele>19</ele>
        <time>2018-10-14T10:02:57.000Z</time>
        <extensions>
          <ns3:TrackPointExtension>
            <ns3:hr>144</ns3:hr>
            <ns3:cad>99</ns3:cad>
          </ns3:TrackPointExtension>
        </extensions>
      </trkpt>
      <trkpt lat="53.991863988339900970458984375" lon="-0.92394749633967876434326171875">
        <ele>20.200000762939453125</ele>
        <time>2018-10-14T10:03:03.000Z</time>
        <extensions>
          <ns3:TrackPointExtension>
            <ns3:hr>144</ns3:hr>
            <ns3:cad>99</ns3:cad>
          </ns3:TrackPointExtension>
        </extensions>
      </trkpt>
      <trkpt lat="53.99190933443605899810791015625" lon="-0.92359780333936214447021484375">
        <ele>20.3999996185302734375</ele>
        <time>2018-10-14T10:03:09.000Z</time>
        <extensions>
          <ns3:TrackPointExtension>
            <ns3:hr>144</ns3:hr>
            <ns3:cad>99</ns3:cad>
          </ns3:TrackPointExtension>
        </extensions>
      </trkpt>
      <trkpt lat="53.99195107631385326385498046875" lon="-0.92326621524989604949951171875">
        <ele>19.799999237060546875</ele>
        <time>2018-10-14T10:03:15.000Z</time>
        <extensions>
          <ns3:TrackPointExtension>
            <ns3:hr>144</ns3:hr>
            <ns3:cad>99</ns3:cad>
          </ns3:TrackPointExtension>
        </extensions>
      </trkpt>
      <trkpt lat="53.9919929020106792449951171875" lon="-0.92295809648931026458740234375">
        <ele>19</ele>
        <time>2018-10-14T10:03:20.000Z</time>
        <extensions>
          <ns3:TrackPointExtension>
            <ns3:hr>143</ns3:hr>
            <ns3:cad>98</ns3:cad>
          </ns3:TrackPointExtension>
        </extensions>
      </trkpt>
      <trkpt lat="53.99202031083405017852783203125" lon="-0.92265215702354907989501953125">
        <ele>17.799999237060546875</ele>
        <time>2018-10-14T10:03:25.000Z</time>
        <extensions>
          <ns3:TrackPointExtension>
            <ns3:hr>143</ns3:hr>
            <ns3:cad>97</ns3:cad>
          </ns3:TrackPointExtension>
        </extensions>
      </trkpt>
      <trkpt lat="53.99203875102102756500244140625" lon="-0.9223005361855030059814453125">
        <ele>15.80000019073486328125</ele>
        <time>2018-10-14T10:03:31.000Z</time>
        <extensions>
          <ns3:TrackPointExtension>
            <ns3:hr>143</ns3:hr>
            <ns3:cad>98</ns3:cad>
          </ns3:TrackPointExtension>
        </extensions>
      </trkpt>
      <trkpt lat="53.99201863445341587066650390625" lon="-0.92193852178752422332763671875">
        <ele>14.19999980926513671875</ele>
        <time>2018-10-14T10:03:37.000Z</time>
        <extensions>
          <ns3:TrackPointExtension>
            <ns3:hr>141</ns3:hr>
            <ns3:cad>99</ns3:cad>
          </ns3:TrackPointExtension>
        </extensions>
      </trkpt>
      <trkpt lat="53.99200438521802425384521484375" lon="-0.92160307802259922027587890625">
        <ele>13.3999996185302734375</ele>
        <time>2018-10-14T10:03:42.000Z</time>
        <extensions>
          <ns3:TrackPointExtension>
            <ns3:hr>141</ns3:hr>
            <ns3:cad>99</ns3:cad>
          </ns3:TrackPointExtension>
        </extensions>
      </trkpt>
      <trkpt lat="53.991996757686138153076171875" lon="-0.921400487422943115234375">
        <ele>14</ele>
        <time>2018-10-14T10:03:45.000Z</time>
        <extensions>
          <ns3:TrackPointExtension>
            <ns3:hr>144</ns3:hr>
            <ns3:cad>98</ns3:cad>
          </ns3:TrackPointExtension>
        </extensions>
      </trkpt>
      <trkpt lat="53.991995416581630706787109375" lon="-0.92107602395117282867431640625">
        <ele>14.3999996185302734375</ele>
        <time>2018-10-14T10:03:50.000Z</time>
        <extensions>
          <ns3:TrackPointExtension>
            <ns3:hr>144</ns3:hr>
            <ns3:cad>99</ns3:cad>
          </ns3:TrackPointExtension>
        </extensions>
      </trkpt>
      <trkpt lat="53.9919952489435672760009765625" lon="-0.92075130902230739593505859375">
        <ele>14.3999996185302734375</ele>
        <time>2018-10-14T10:03:55.000Z</time>
        <extensions>
          <ns3:TrackPointExtension>
            <ns3:hr>145</ns3:hr>
            <ns3:cad>99</ns3:cad>
          </ns3:TrackPointExtension>
        </extensions>
      </trkpt>
      <trkpt lat="53.991995416581630706787109375" lon="-0.92043648473918437957763671875">
        <ele>14.3999996185302734375</ele>
        <time>2018-10-14T10:04:00.000Z</time>
        <extensions>
          <ns3:TrackPointExtension>
            <ns3:hr>143</ns3:hr>
            <ns3:cad>100</ns3:cad>
          </ns3:TrackPointExtension>
        </extensions>
      </trkpt>
      <trkpt lat="53.99200254119932651519775390625" lon="-0.92012149281799793243408203125">
        <ele>14.19999980926513671875</ele>
        <time>2018-10-14T10:04:05.000Z</time>
        <extensions>
          <ns3:TrackPointExtension>
            <ns3:hr>144</ns3:hr>
            <ns3:cad>99</ns3:cad>
          </ns3:TrackPointExtension>
        </extensions>
      </trkpt>
      <trkpt lat="53.9920032955706119537353515625" lon="-0.919813625514507293701171875">
        <ele>14.3999996185302734375</ele>
        <time>2018-10-14T10:04:10.000Z</time>
        <extensions>
          <ns3:TrackPointExtension>
            <ns3:hr>146</ns3:hr>
            <ns3:cad>99</ns3:cad>
          </ns3:TrackPointExtension>
        </extensions>
      </trkpt>
      <trkpt lat="53.99200539104640483856201171875" lon="-0.9195039980113506317138671875">
        <ele>14.3999996185302734375</ele>
        <time>2018-10-14T10:04:15.000Z</time>
        <extensions>
          <ns3:TrackPointExtension>
            <ns3:hr>146</ns3:hr>
            <ns3:cad>99</ns3:cad>
          </ns3:TrackPointExtension>
        </extensions>
      </trkpt>
      <trkpt lat="53.99201427586376667022705078125" lon="-0.9191653691232204437255859375">
        <ele>14</ele>
        <time>2018-10-14T10:04:21.000Z</time>
        <extensions>
          <ns3:TrackPointExtension>
            <ns3:hr>148</ns3:hr>
            <ns3:cad>98</ns3:cad>
          </ns3:TrackPointExtension>
        </extensions>
      </trkpt>
      <trkpt lat="53.99200421757996082305908203125" lon="-0.9190963022410869598388671875">
        <ele>13.80000019073486328125</ele>
        <time>2018-10-14T10:04:23.000Z</time>
        <extensions>
          <ns3:TrackPointExtension>
            <ns3:hr>148</ns3:hr>
            <ns3:cad>98</ns3:cad>
          </ns3:TrackPointExtension>
        </extensions>
      </trkpt>
      <trkpt lat="53.99199030362069606781005859375" lon="-0.91916620731353759765625">
        <ele>14</ele>
        <time>2018-10-14T10:04:25.000Z</time>
        <extensions>
          <ns3:TrackPointExtension>
            <ns3:hr>147</ns3:hr>
            <ns3:cad>99</ns3:cad>
          </ns3:TrackPointExtension>
        </extensions>
      </trkpt>
      <trkpt lat="53.99197773076593875885009765625" lon="-0.91950726695358753204345703125">
        <ele>14.19999980926513671875</ele>
        <time>2018-10-14T10:04:30.000Z</time>
        <extensions>
          <ns3:TrackPointExtension>
            <ns3:hr>145</ns3:hr>
            <ns3:cad>98</ns3:cad>
          </ns3:TrackPointExtension>
        </extensions>
      </trkpt>
      <trkpt lat="53.99196985177695751190185546875" lon="-0.91983868740499019622802734375">
        <ele>14.19999980926513671875</ele>
        <time>2018-10-14T10:04:35.000Z</time>
        <extensions>
          <ns3:TrackPointExtension>
            <ns3:hr>145</ns3:hr>
            <ns3:cad>99</ns3:cad>
          </ns3:TrackPointExtension>
        </extensions>
      </trkpt>
      <trkpt lat="53.99196197278797626495361328125" lon="-0.9201577864587306976318359375">
        <ele>13.80000019073486328125</ele>
        <time>2018-10-14T10:04:40.000Z</time>
        <extensions>
          <ns3:TrackPointExtension>
            <ns3:hr>147</ns3:hr>
            <ns3:cad>99</ns3:cad>
          </ns3:TrackPointExtension>
        </extensions>
      </trkpt>
      <trkpt lat="53.9919563569128513336181640625" lon="-0.9204645641148090362548828125">
        <ele>14.19999980926513671875</ele>
        <time>2018-10-14T10:04:45.000Z</time>
        <extensions>
          <ns3:TrackPointExtension>
            <ns3:hr>147</ns3:hr>
            <ns3:cad>99</ns3:cad>
          </ns3:TrackPointExtension>
        </extensions>
      </trkpt>
      <trkpt lat="53.99195157922804355621337890625" lon="-0.9205822460353374481201171875">
        <ele>14</ele>
        <time>2018-10-14T10:04:47.000Z</time>
        <extensions>
          <ns3:TrackPointExtension>
            <ns3:hr>144</ns3:hr>
            <ns3:cad>98</ns3:cad>
          </ns3:TrackPointExtension>
        </extensions>
      </trkpt>
      <trkpt lat="53.99194152094423770904541015625" lon="-0.92094141058623790740966796875">
        <ele>14</ele>
        <time>2018-10-14T10:04:53.000Z</time>
        <extensions>
          <ns3:TrackPointExtension>
            <ns3:hr>144</ns3:hr>
            <ns3:cad>99</ns3:cad>
          </ns3:TrackPointExtension>
        </extensions>
      </trkpt>
      <trkpt lat="53.9919422753155231475830078125" lon="-0.9212514571845531463623046875">
        <ele>14</ele>
        <time>2018-10-14T10:04:58.000Z</time>
        <extensions>
          <ns3:TrackPointExtension>
            <ns3:hr>146</ns3:hr>
            <ns3:cad>99</ns3:cad>
          </ns3:TrackPointExtension>
        </extensions>
      </trkpt>
      <trkpt lat="53.9919540099799633026123046875" lon="-0.92158916406333446502685546875">
        <ele>13.19999980926513671875</ele>
        <time>2018-10-14T10:05:04.000Z</time>
        <extensions>
          <ns3:TrackPointExtension>
            <ns3:hr>148</ns3:hr>
            <ns3:cad>99</ns3:cad>
          </ns3:TrackPointExtension>
        </extensions>
      </trkpt>
      <trkpt lat="53.9919543452560901641845703125" lon="-0.92192276380956172943115234375">
        <ele>13.6000003814697265625</ele>
        <time>2018-10-14T10:05:10.000Z</time>
        <extensions>
          <ns3:TrackPointExtension>
            <ns3:hr>149</ns3:hr>
            <ns3:cad>98</ns3:cad>
          </ns3:TrackPointExtension>
        </extensions>
      </trkpt>
      <trkpt lat="53.991951830685138702392578125" lon="-0.92225519008934497833251953125">
        <ele>15.19999980926513671875</ele>
        <time>2018-10-14T10:05:16.000Z</time>
        <extensions>
          <ns3:TrackPointExtension>
            <ns3:hr>150</ns3:hr>
            <ns3:cad>98</ns3:cad>
          </ns3:TrackPointExtension>
        </extensions>
      </trkpt>
      <trkpt lat="53.99194537661969661712646484375" lon="-0.92258535325527191162109375">
        <ele>16.799999237060546875</ele>
        <time>2018-10-14T10:05:22.000Z</time>
        <extensions>
          <ns3:TrackPointExtension>
            <ns3:hr>151</ns3:hr>
            <ns3:cad>96</ns3:cad>
          </ns3:TrackPointExtension>
        </extensions>
      </trkpt>
      <trkpt lat="53.991942107677459716796875" lon="-0.922641344368457794189453125">
        <ele>17.200000762939453125</ele>
        <time>2018-10-14T10:05:23.000Z</time>
        <extensions>
          <ns3:TrackPointExtension>
            <ns3:hr>142</ns3:hr>
            <ns3:cad>96</ns3:cad>
          </ns3:TrackPointExtension>
        </extensions>
      </trkpt>
      <trkpt lat="53.99193867109715938568115234375" lon="-0.9226961620151996612548828125">
        <ele>17.6000003814697265625</ele>
        <time>2018-10-14T10:05:24.000Z</time>
        <extensions>
          <ns3:TrackPointExtension>
            <ns3:hr>142</ns3:hr>
            <ns3:cad>97</ns3:cad>
          </ns3:TrackPointExtension>
        </extensions>
      </trkpt>
      <trkpt lat="53.99192844517529010772705078125" lon="-0.92280931770801544189453125">
        <ele>18.200000762939453125</ele>
        <time>2018-10-14T10:05:26.000Z</time>
        <extensions>
          <ns3:TrackPointExtension>
            <ns3:hr>140</ns3:hr>
            <ns3:cad>97</ns3:cad>
          </ns3:TrackPointExtension>
        </extensions>
      </trkpt>
      <trkpt lat="53.99190765805542469024658203125" lon="-0.92297888360917568206787109375">
        <ele>18.6000003814697265625</ele>
        <time>2018-10-14T10:05:29.000Z</time>
        <extensions>
          <ns3:TrackPointExtension>
            <ns3:hr>137</ns3:hr>
            <ns3:cad>98</ns3:cad>
          </ns3:TrackPointExtension>
        </extensions>
      </trkpt>
      <trkpt lat="53.99189005605876445770263671875" lon="-0.92314534820616245269775390625">
        <ele>19.200000762939453125</ele>
        <time>2018-10-14T10:05:32.000Z</time>
        <extensions>
          <ns3:TrackPointExtension>
            <ns3:hr>134</ns3:hr>
            <ns3:cad>98</ns3:cad>
          </ns3:TrackPointExtension>
        </extensions>
      </trkpt>
      <trkpt lat="53.9918728731572628021240234375" lon="-0.92344927601516246795654296875">
        <ele>20.200000762939453125</ele>
        <time>2018-10-14T10:05:37.000Z</time>
        <extensions>
          <ns3:TrackPointExtension>
            <ns3:hr>133</ns3:hr>
            <ns3:cad>98</ns3:cad>
          </ns3:TrackPointExtension>
        </extensions>
      </trkpt>
      <trkpt lat="53.99185267277061939239501953125" lon="-0.92375923879444599151611328125">
        <ele>20.200000762939453125</ele>
        <time>2018-10-14T10:05:42.000Z</time>
        <extensions>
          <ns3:TrackPointExtension>
            <ns3:hr>133</ns3:hr>
            <ns3:cad>99</ns3:cad>
          </ns3:TrackPointExtension>
        </extensions>
      </trkpt>
      <trkpt lat="53.99181394837796688079833984375" lon="-0.92406283132731914520263671875">
        <ele>19.799999237060546875</ele>
        <time>2018-10-14T10:05:47.000Z</time>
        <extensions>
          <ns3:TrackPointExtension>
            <ns3:hr>134</ns3:hr>
            <ns3:cad>99</ns3:cad>
          </ns3:TrackPointExtension>
        </extensions>
      </trkpt>
      <trkpt lat="53.99177304469048976898193359375" lon="-0.9243708662688732147216796875">
        <ele>18.6000003814697265625</ele>
        <time>2018-10-14T10:05:52.000Z</time>
        <extensions>
          <ns3:TrackPointExtension>
            <ns3:hr>135</ns3:hr>
            <ns3:cad>98</ns3:cad>
          </ns3:TrackPointExtension>
        </extensions>
      </trkpt>
      <trkpt lat="53.99173867888748645782470703125" lon="-0.92468258924782276153564453125">
        <ele>18</ele>
        <time>2018-10-14T10:05:57.000Z</time>
        <extensions>
          <ns3:TrackPointExtension>
            <ns3:hr>137</ns3:hr>
            <ns3:cad>98</ns3:cad>
          </ns3:TrackPointExtension>
        </extensions>
      </trkpt>
      <trkpt lat="53.99170003831386566162109375" lon="-0.92499271966516971588134765625">
        <ele>18.3999996185302734375</ele>
        <time>2018-10-14T10:06:02.000Z</time>
        <extensions>
          <ns3:TrackPointExtension>
            <ns3:hr>137</ns3:hr>
            <ns3:cad>98</ns3:cad>
          </ns3:TrackPointExtension>
        </extensions>
      </trkpt>
      <trkpt lat="53.99165469221770763397216796875" lon="-0.9253435023128986358642578125">
        <ele>17.799999237060546875</ele>
        <time>2018-10-14T10:06:08.000Z</time>
        <extensions>
          <ns3:TrackPointExtension>
            <ns3:hr>138</ns3:hr>
            <ns3:cad>99</ns3:cad>
          </ns3:TrackPointExtension>
        </extensions>
      </trkpt>
      <trkpt lat="53.9916257746517658233642578125" lon="-0.9256807900965213775634765625">
        <ele>17.6000003814697265625</ele>
        <time>2018-10-14T10:06:14.000Z</time>
        <extensions>
          <ns3:TrackPointExtension>
            <ns3:hr>139</ns3:hr>
            <ns3:cad>98</ns3:cad>
          </ns3:TrackPointExtension>
        </extensions>
      </trkpt>
      <trkpt lat="53.99159233085811138153076171875" lon="-0.925958566367626190185546875">
        <ele>17</ele>
        <time>2018-10-14T10:06:19.000Z</time>
        <extensions>
          <ns3:TrackPointExtension>
            <ns3:hr>142</ns3:hr>
            <ns3:cad>99</ns3:cad>
          </ns3:TrackPointExtension>
        </extensions>
      </trkpt>
      <trkpt lat="53.99154555983841419219970703125" lon="-0.9262913279235363006591796875">
        <ele>17</ele>
        <time>2018-10-14T10:06:25.000Z</time>
        <extensions>
          <ns3:TrackPointExtension>
            <ns3:hr>140</ns3:hr>
            <ns3:cad>99</ns3:cad>
          </ns3:TrackPointExtension>
        </extensions>
      </trkpt>
      <trkpt lat="53.99150482378900051116943359375" lon="-0.92663574032485485076904296875">
        <ele>16.799999237060546875</ele>
        <time>2018-10-14T10:06:31.000Z</time>
        <extensions>
          <ns3:TrackPointExtension>
            <ns3:hr>141</ns3:hr>
            <ns3:cad>98</ns3:cad>
          </ns3:TrackPointExtension>
        </extensions>
      </trkpt>
      <trkpt lat="53.991483785212039947509765625" lon="-0.92694134451448917388916015625">
        <ele>16.200000762939453125</ele>
        <time>2018-10-14T10:06:36.000Z</time>
        <extensions>
          <ns3:TrackPointExtension>
            <ns3:hr>139</ns3:hr>
            <ns3:cad>97</ns3:cad>
          </ns3:TrackPointExtension>
        </extensions>
      </trkpt>
      <trkpt lat="53.99146668612957000732421875" lon="-0.92728600837290287017822265625">
        <ele>15.80000019073486328125</ele>
        <time>2018-10-14T10:06:42.000Z</time>
        <extensions>
          <ns3:TrackPointExtension>
            <ns3:hr>139</ns3:hr>
            <ns3:cad>97</ns3:cad>
          </ns3:TrackPointExtension>
        </extensions>
      </trkpt>
      <trkpt lat="53.9914373494684696197509765625" lon="-0.927620865404605865478515625">
        <ele>16</ele>
        <time>2018-10-14T10:06:48.000Z</time>
        <extensions>
          <ns3:TrackPointExtension>
            <ns3:hr>138</ns3:hr>
            <ns3:cad>99</ns3:cad>
          </ns3:TrackPointExtension>
        </extensions>
      </trkpt>
      <trkpt lat="53.9913940988481044769287109375" lon="-0.92794750817120075225830078125">
        <ele>16</ele>
        <time>2018-10-14T10:06:54.000Z</time>
        <extensions>
          <ns3:TrackPointExtension>
            <ns3:hr>140</ns3:hr>
            <ns3:cad>98</ns3:cad>
          </ns3:TrackPointExtension>
        </extensions>
      </trkpt>
      <trkpt lat="53.9913404546678066253662109375" lon="-0.9282748214900493621826171875">
        <ele>15.6000003814697265625</ele>
        <time>2018-10-14T10:07:00.000Z</time>
        <extensions>
          <ns3:TrackPointExtension>
            <ns3:hr>142</ns3:hr>
            <ns3:cad>97</ns3:cad>
          </ns3:TrackPointExtension>
        </extensions>
      </trkpt>
      <trkpt lat="53.9913005568087100982666015625" lon="-0.92860179953277111053466796875">
        <ele>15.80000019073486328125</ele>
        <time>2018-10-14T10:07:06.000Z</time>
        <extensions>
          <ns3:TrackPointExtension>
            <ns3:hr>141</ns3:hr>
            <ns3:cad>98</ns3:cad>
          </ns3:TrackPointExtension>
        </extensions>
      </trkpt>
      <trkpt lat="53.99125345051288604736328125" lon="-0.92893992550671100616455078125">
        <ele>16</ele>
        <time>2018-10-14T10:07:12.000Z</time>
        <extensions>
          <ns3:TrackPointExtension>
            <ns3:hr>140</ns3:hr>
            <ns3:cad>98</ns3:cad>
          </ns3:TrackPointExtension>
        </extensions>
      </trkpt>
      <trkpt lat="53.99121682159602642059326171875" lon="-0.92928727157413959503173828125">
        <ele>16</ele>
        <time>2018-10-14T10:07:18.000Z</time>
        <extensions>
          <ns3:TrackPointExtension>
            <ns3:hr>141</ns3:hr>
            <ns3:cad>98</ns3:cad>
          </ns3:TrackPointExtension>
        </extensions>
      </trkpt>
      <trkpt lat="53.9911754988133907318115234375" lon="-0.92958801425993442535400390625">
        <ele>16.799999237060546875</ele>
        <time>2018-10-14T10:07:23.000Z</time>
        <extensions>
          <ns3:TrackPointExtension>
            <ns3:hr>141</ns3:hr>
            <ns3:cad>99</ns3:cad>
          </ns3:TrackPointExtension>
        </extensions>
      </trkpt>
      <trkpt lat="53.99112579412758350372314453125" lon="-0.92993116937577724456787109375">
        <ele>17.3999996185302734375</ele>
        <time>2018-10-14T10:07:29.000Z</time>
        <extensions>
          <ns3:TrackPointExtension>
            <ns3:hr>139</ns3:hr>
            <ns3:cad>99</ns3:cad>
          </ns3:TrackPointExtension>
        </extensions>
      </trkpt>
      <trkpt lat="53.9910869859158992767333984375" lon="-0.9302584826946258544921875">
        <ele>18</ele>
        <time>2018-10-14T10:07:35.000Z</time>
        <extensions>
          <ns3:TrackPointExtension>
            <ns3:hr>140</ns3:hr>
            <ns3:cad>98</ns3:cad>
          </ns3:TrackPointExtension>
        </extensions>
      </trkpt>
      <trkpt lat="53.99105622433125972747802734375" lon="-0.9305436350405216217041015625">
        <ele>18</ele>
        <time>2018-10-14T10:07:40.000Z</time>
        <extensions>
          <ns3:TrackPointExtension>
            <ns3:hr>143</ns3:hr>
            <ns3:cad>98</ns3:cad>
          </ns3:TrackPointExtension>
        </extensions>
      </trkpt>
      <trkpt lat="53.99101867340505123138427734375" lon="-0.93089307658374309539794921875">
        <ele>17</ele>
        <time>2018-10-14T10:07:46.000Z</time>
        <extensions>
          <ns3:TrackPointExtension>
            <ns3:hr>140</ns3:hr>
            <ns3:cad>98</ns3:cad>
          </ns3:TrackPointExtension>
        </extensions>
      </trkpt>
      <trkpt lat="53.99097793735563755035400390625" lon="-0.93120538629591464996337890625">
        <ele>15.19999980926513671875</ele>
        <time>2018-10-14T10:07:51.000Z</time>
        <extensions>
          <ns3:TrackPointExtension>
            <ns3:hr>142</ns3:hr>
            <ns3:cad>98</ns3:cad>
          </ns3:TrackPointExtension>
        </extensions>
      </trkpt>
      <trkpt lat="53.990933261811733245849609375" lon="-0.931501351296901702880859375">
        <ele>14</ele>
        <time>2018-10-14T10:07:56.000Z</time>
        <extensions>
          <ns3:TrackPointExtension>
            <ns3:hr>141</ns3:hr>
            <ns3:cad>98</ns3:cad>
          </ns3:TrackPointExtension>
        </extensions>
      </trkpt>
      <trkpt lat="53.9908854849636554718017578125" lon="-0.9317975677549839019775390625">
        <ele>14</ele>
        <time>2018-10-14T10:08:01.000Z</time>
        <extensions>
          <ns3:TrackPointExtension>
            <ns3:hr>140</ns3:hr>
            <ns3:cad>99</ns3:cad>
          </ns3:TrackPointExtension>
        </extensions>
      </trkpt>
      <trkpt lat="53.99084852077066898345947265625" lon="-0.93209805898368358612060546875">
        <ele>15.19999980926513671875</ele>
        <time>2018-10-14T10:08:06.000Z</time>
        <extensions>
          <ns3:TrackPointExtension>
            <ns3:hr>139</ns3:hr>
            <ns3:cad>99</ns3:cad>
          </ns3:TrackPointExtension>
        </extensions>
      </trkpt>
      <trkpt lat="53.99081381969153881072998046875" lon="-0.93228430487215518951416015625">
        <ele>15.80000019073486328125</ele>
        <time>2018-10-14T10:08:09.000Z</time>
        <extensions>
          <ns3:TrackPointExtension>
            <ns3:hr>136</ns3:hr>
            <ns3:cad>99</ns3:cad>
          </ns3:TrackPointExtension>
        </extensions>
      </trkpt>
      <trkpt lat="53.99076688103377819061279296875" lon="-0.93257884494960308074951171875">
        <ele>16</ele>
        <time>2018-10-14T10:08:14.000Z</time>
        <extensions>
          <ns3:TrackPointExtension>
            <ns3:hr>133</ns3:hr>
            <ns3:cad>99</ns3:cad>
          </ns3:TrackPointExtension>
        </extensions>
      </trkpt>
      <trkpt lat="53.9907111413776874542236328125" lon="-0.93292250297963619232177734375">
        <ele>16</ele>
        <time>2018-10-14T10:08:20.000Z</time>
        <extensions>
          <ns3:TrackPointExtension>
            <ns3:hr>134</ns3:hr>
            <ns3:cad>98</ns3:cad>
          </ns3:TrackPointExtension>
        </extensions>
      </trkpt>
      <trkpt lat="53.9906712435185909271240234375" lon="-0.9332281909883022308349609375">
        <ele>16</ele>
        <time>2018-10-14T10:08:25.000Z</time>
        <extensions>
          <ns3:TrackPointExtension>
            <ns3:hr>136</ns3:hr>
            <ns3:cad>98</ns3:cad>
          </ns3:TrackPointExtension>
        </extensions>
      </trkpt>
      <trkpt lat="53.99062849581241607666015625" lon="-0.93352717347443103790283203125">
        <ele>15.80000019073486328125</ele>
        <time>2018-10-14T10:08:30.000Z</time>
        <extensions>
          <ns3:TrackPointExtension>
            <ns3:hr>137</ns3:hr>
            <ns3:cad>99</ns3:cad>
          </ns3:TrackPointExtension>
        </extensions>
      </trkpt>
      <trkpt lat="53.99058365263044834136962890625" lon="-0.933881141245365142822265625">
        <ele>15.6000003814697265625</ele>
        <time>2018-10-14T10:08:36.000Z</time>
        <extensions>
          <ns3:TrackPointExtension>
            <ns3:hr>137</ns3:hr>
            <ns3:cad>99</ns3:cad>
          </ns3:TrackPointExtension>
        </extensions>
      </trkpt>
      <trkpt lat="53.99054660461843013763427734375" lon="-0.9342316724359989166259765625">
        <ele>16.200000762939453125</ele>
        <time>2018-10-14T10:08:42.000Z</time>
        <extensions>
          <ns3:TrackPointExtension>
            <ns3:hr>139</ns3:hr>
            <ns3:cad>99</ns3:cad>
          </ns3:TrackPointExtension>
        </extensions>
      </trkpt>
      <trkpt lat="53.99049312807619571685791015625" lon="-0.9345795214176177978515625">
        <ele>16.200000762939453125</ele>
        <time>2018-10-14T10:08:48.000Z</time>
        <extensions>
          <ns3:TrackPointExtension>
            <ns3:hr>139</ns3:hr>
            <ns3:cad>99</ns3:cad>
          </ns3:TrackPointExtension>
        </extensions>
      </trkpt>
      <trkpt lat="53.99045691825449466705322265625" lon="-0.934816561639308929443359375">
        <ele>16.200000762939453125</ele>
        <time>2018-10-14T10:08:52.000Z</time>
        <extensions>
          <ns3:TrackPointExtension>
            <ns3:hr>141</ns3:hr>
            <ns3:cad>99</ns3:cad>
          </ns3:TrackPointExtension>
        </extensions>
      </trkpt>
      <trkpt lat="53.9904127456247806549072265625" lon="-0.93516784720122814178466796875">
        <ele>16</ele>
        <time>2018-10-14T10:08:58.000Z</time>
        <extensions>
          <ns3:TrackPointExtension>
            <ns3:hr>142</ns3:hr>
            <ns3:cad>98</ns3:cad>
          </ns3:TrackPointExtension>
        </extensions>
      </trkpt>
      <trkpt lat="53.9903832413256168365478515625" lon="-0.93551435507833957672119140625">
        <ele>16.3999996185302734375</ele>
        <time>2018-10-14T10:09:04.000Z</time>
        <extensions>
          <ns3:TrackPointExtension>
            <ns3:hr>140</ns3:hr>
            <ns3:cad>98</ns3:cad>
          </ns3:TrackPointExtension>
        </extensions>
      </trkpt>
      <trkpt lat="53.99034527130424976348876953125" lon="-0.93586304225027561187744140625">
        <ele>17</ele>
        <time>2018-10-14T10:09:10.000Z</time>
        <extensions>
          <ns3:TrackPointExtension>
            <ns3:hr>141</ns3:hr>
            <ns3:cad>98</ns3:cad>
          </ns3:TrackPointExtension>
        </extensions>
      </trkpt>
      <trkpt lat="53.99030403234064579010009765625" lon="-0.93620686791837215423583984375">
        <ele>17.3999996185302734375</ele>
        <time>2018-10-14T10:09:16.000Z</time>
        <extensions>
          <ns3:TrackPointExtension>
            <ns3:hr>141</ns3:hr>
            <ns3:cad>98</ns3:cad>
          </ns3:TrackPointExtension>
        </extensions>
      </trkpt>
      <trkpt lat="53.99026279337704181671142578125" lon="-0.93654088675975799560546875">
        <ele>17.3999996185302734375</ele>
        <time>2018-10-14T10:09:22.000Z</time>
        <extensions>
          <ns3:TrackPointExtension>
            <ns3:hr>142</ns3:hr>
            <ns3:cad>98</ns3:cad>
          </ns3:TrackPointExtension>
        </extensions>
      </trkpt>
      <trkpt lat="53.9902270026504993438720703125" lon="-0.9368739835917949676513671875">
        <ele>17</ele>
        <time>2018-10-14T10:09:28.000Z</time>
        <extensions>
          <ns3:TrackPointExtension>
            <ns3:hr>142</ns3:hr>
            <ns3:cad>97</ns3:cad>
          </ns3:TrackPointExtension>
        </extensions>
      </trkpt>
      <trkpt lat="53.99019607342779636383056640625" lon="-0.93721370212733745574951171875">
        <ele>17.200000762939453125</ele>
        <time>2018-10-14T10:09:34.000Z</time>
        <extensions>
          <ns3:TrackPointExtension>
            <ns3:hr>142</ns3:hr>
            <ns3:cad>97</ns3:cad>
          </ns3:TrackPointExtension>
        </extensions>
      </trkpt>
      <trkpt lat="53.9901572652161121368408203125" lon="-0.9375487267971038818359375">
        <ele>17.799999237060546875</ele>
        <time>2018-10-14T10:09:40.000Z</time>
        <extensions>
          <ns3:TrackPointExtension>
            <ns3:hr>142</ns3:hr>
            <ns3:cad>97</ns3:cad>
          </ns3:TrackPointExtension>
        </extensions>
      </trkpt>
      <trkpt lat="53.99011342786252498626708984375" lon="-0.9378972463309764862060546875">
        <ele>18</ele>
        <time>2018-10-14T10:09:46.000Z</time>
        <extensions>
          <ns3:TrackPointExtension>
            <ns3:hr>142</ns3:hr>
            <ns3:cad>97</ns3:cad>
          </ns3:TrackPointExtension>
        </extensions>
      </trkpt>
      <trkpt lat="53.9900781400501728057861328125" lon="-0.93820461072027683258056640625">
        <ele>18</ele>
        <time>2018-10-14T10:09:51.000Z</time>
        <extensions>
          <ns3:TrackPointExtension>
            <ns3:hr>142</ns3:hr>
            <ns3:cad>100</ns3:cad>
          </ns3:TrackPointExtension>
        </extensions>
      </trkpt>
      <trkpt lat="53.99003815837204456329345703125" lon="-0.93850334174931049346923828125">
        <ele>17.799999237060546875</ele>
        <time>2018-10-14T10:09:56.000Z</time>
        <extensions>
          <ns3:TrackPointExtension>
            <ns3:hr>141</ns3:hr>
            <ns3:cad>100</ns3:cad>
          </ns3:TrackPointExtension>
        </extensions>
      </trkpt>
      <trkpt lat="53.98999742232263088226318359375" lon="-0.9388061799108982086181640625">
        <ele>18</ele>
        <time>2018-10-14T10:10:01.000Z</time>
        <extensions>
          <ns3:TrackPointExtension>
            <ns3:hr>140</ns3:hr>
            <ns3:cad>100</ns3:cad>
          </ns3:TrackPointExtension>
        </extensions>
      </trkpt>
      <trkpt lat="53.98994495160877704620361328125" lon="-0.9391555376350879669189453125">
        <ele>18</ele>
        <time>2018-10-14T10:10:07.000Z</time>
        <extensions>
          <ns3:TrackPointExtension>
            <ns3:hr>140</ns3:hr>
            <ns3:cad>100</ns3:cad>
          </ns3:TrackPointExtension>
        </extensions>
      </trkpt>
      <trkpt lat="53.98990170098841190338134765625" lon="-0.93950682319700717926025390625">
        <ele>18</ele>
        <time>2018-10-14T10:10:13.000Z</time>
        <extensions>
          <ns3:TrackPointExtension>
            <ns3:hr>141</ns3:hr>
            <ns3:cad>98</ns3:cad>
          </ns3:TrackPointExtension>
        </extensions>
      </trkpt>
      <trkpt lat="53.98985962383449077606201171875" lon="-0.93985131941735744476318359375">
        <ele>18</ele>
        <time>2018-10-14T10:10:19.000Z</time>
        <extensions>
          <ns3:TrackPointExtension>
            <ns3:hr>143</ns3:hr>
            <ns3:cad>99</ns3:cad>
          </ns3:TrackPointExtension>
        </extensions>
      </trkpt>
      <trkpt lat="53.98981620557606220245361328125" lon="-0.9401922114193439483642578125">
        <ele>19</ele>
        <time>2018-10-14T10:10:25.000Z</time>
        <extensions>
          <ns3:TrackPointExtension>
            <ns3:hr>142</ns3:hr>
            <ns3:cad>99</ns3:cad>
          </ns3:TrackPointExtension>
        </extensions>
      </trkpt>
      <trkpt lat="53.98977446369826793670654296875" lon="-0.94053628854453563690185546875">
        <ele>18.799999237060546875</ele>
        <time>2018-10-14T10:10:31.000Z</time>
        <extensions>
          <ns3:TrackPointExtension>
            <ns3:hr>142</ns3:hr>
            <ns3:cad>99</ns3:cad>
          </ns3:TrackPointExtension>
        </extensions>
      </trkpt>
      <trkpt lat="53.98972400464117527008056640625" lon="-0.9408761747181415557861328125">
        <ele>18.799999237060546875</ele>
        <time>2018-10-14T10:10:37.000Z</time>
        <extensions>
          <ns3:TrackPointExtension>
            <ns3:hr>140</ns3:hr>
            <ns3:cad>100</ns3:cad>
          </ns3:TrackPointExtension>
        </extensions>
      </trkpt>
      <trkpt lat="53.9896818436682224273681640625" lon="-0.9412158094346523284912109375">
        <ele>18.3999996185302734375</ele>
        <time>2018-10-14T10:10:43.000Z</time>
        <extensions>
          <ns3:TrackPointExtension>
            <ns3:hr>140</ns3:hr>
            <ns3:cad>99</ns3:cad>
          </ns3:TrackPointExtension>
        </extensions>
      </trkpt>
      <trkpt lat="53.9896380901336669921875" lon="-0.94155100174248218536376953125">
        <ele>18</ele>
        <time>2018-10-14T10:10:49.000Z</time>
        <extensions>
          <ns3:TrackPointExtension>
            <ns3:hr>139</ns3:hr>
            <ns3:cad>98</ns3:cad>
          </ns3:TrackPointExtension>
        </extensions>
      </trkpt>
      <trkpt lat="53.98959316313266754150390625" lon="-0.9418903850018978118896484375">
        <ele>17.3999996185302734375</ele>
        <time>2018-10-14T10:10:55.000Z</time>
        <extensions>
          <ns3:TrackPointExtension>
            <ns3:hr>140</ns3:hr>
            <ns3:cad>99</ns3:cad>
          </ns3:TrackPointExtension>
        </extensions>
      </trkpt>
      <trkpt lat="53.98955100215971469879150390625" lon="-0.9422115795314311981201171875">
        <ele>18</ele>
        <time>2018-10-14T10:11:01.000Z</time>
        <extensions>
          <ns3:TrackPointExtension>
            <ns3:hr>140</ns3:hr>
            <ns3:cad>99</ns3:cad>
          </ns3:TrackPointExtension>
        </extensions>
      </trkpt>
      <trkpt lat="53.989496938884258270263671875" lon="-0.94254040159285068511962890625">
        <ele>18.3999996185302734375</ele>
        <time>2018-10-14T10:11:07.000Z</time>
        <extensions>
          <ns3:TrackPointExtension>
            <ns3:hr>139</ns3:hr>
            <ns3:cad>98</ns3:cad>
          </ns3:TrackPointExtension>
        </extensions>
      </trkpt>
      <trkpt lat="53.98944656364619731903076171875" lon="-0.94286494888365268707275390625">
        <ele>19</ele>
        <time>2018-10-14T10:11:13.000Z</time>
        <extensions>
          <ns3:TrackPointExtension>
            <ns3:hr>141</ns3:hr>
            <ns3:cad>98</ns3:cad>
          </ns3:TrackPointExtension>
        </extensions>
      </trkpt>
      <trkpt lat="53.98938906379044055938720703125" lon="-0.94318899326026439666748046875">
        <ele>19.3999996185302734375</ele>
        <time>2018-10-14T10:11:19.000Z</time>
        <extensions>
          <ns3:TrackPointExtension>
            <ns3:hr>139</ns3:hr>
            <ns3:cad>98</ns3:cad>
          </ns3:TrackPointExtension>
        </extensions>
      </trkpt>
      <trkpt lat="53.98932871408760547637939453125" lon="-0.94351806677877902984619140625">
        <ele>19</ele>
        <time>2018-10-14T10:11:25.000Z</time>
        <extensions>
          <ns3:TrackPointExtension>
            <ns3:hr>139</ns3:hr>
            <ns3:cad>99</ns3:cad>
          </ns3:TrackPointExtension>
        </extensions>
      </trkpt>
      <trkpt lat="53.98926853202283382415771484375" lon="-0.94384613446891307830810546875">
        <ele>19.3999996185302734375</ele>
        <time>2018-10-14T10:11:31.000Z</time>
        <extensions>
          <ns3:TrackPointExtension>
            <ns3:hr>140</ns3:hr>
            <ns3:cad>98</ns3:cad>
          </ns3:TrackPointExtension>
        </extensions>
      </trkpt>
      <trkpt lat="53.98919980041682720184326171875" lon="-0.94418375752866268157958984375">
        <ele>20.6000003814697265625</ele>
        <time>2018-10-14T10:11:37.000Z</time>
        <extensions>
          <ns3:TrackPointExtension>
            <ns3:hr>140</ns3:hr>
            <ns3:cad>98</ns3:cad>
          </ns3:TrackPointExtension>
        </extensions>
      </trkpt>
      <trkpt lat="53.98912151344120502471923828125" lon="-0.94450914300978183746337890625">
        <ele>22.6000003814697265625</ele>
        <time>2018-10-14T10:11:43.000Z</time>
        <extensions>
          <ns3:TrackPointExtension>
            <ns3:hr>141</ns3:hr>
            <ns3:cad>98</ns3:cad>
          </ns3:TrackPointExtension>
        </extensions>
      </trkpt>
      <trkpt lat="53.98903819732367992401123046875" lon="-0.9448190219700336456298828125">
        <ele>24</ele>
        <time>2018-10-14T10:11:49.000Z</time>
        <extensions>
          <ns3:TrackPointExtension>
            <ns3:hr>141</ns3:hr>
            <ns3:cad>98</ns3:cad>
          </ns3:TrackPointExtension>
        </extensions>
      </trkpt>
      <trkpt lat="53.98894314654171466827392578125" lon="-0.9451154060661792755126953125">
        <ele>24.3999996185302734375</ele>
        <time>2018-10-14T10:11:55.000Z</time>
        <extensions>
          <ns3:TrackPointExtension>
            <ns3:hr>141</ns3:hr>
            <ns3:cad>98</ns3:cad>
          </ns3:TrackPointExtension>
        </extensions>
      </trkpt>
      <trkpt lat="53.988841474056243896484375" lon="-0.945403911173343658447265625">
        <ele>23.6000003814697265625</ele>
        <time>2018-10-14T10:12:01.000Z</time>
        <extensions>
          <ns3:TrackPointExtension>
            <ns3:hr>140</ns3:hr>
            <ns3:cad>98</ns3:cad>
          </ns3:TrackPointExtension>
        </extensions>
      </trkpt>
      <trkpt lat="53.9887320064008235931396484375" lon="-0.9456924162805080413818359375">
        <ele>23</ele>
        <time>2018-10-14T10:12:07.000Z</time>
        <extensions>
          <ns3:TrackPointExtension>
            <ns3:hr>142</ns3:hr>
            <ns3:cad>98</ns3:cad>
          </ns3:TrackPointExtension>
        </extensions>
      </trkpt>
      <trkpt lat="53.98862161673605442047119140625" lon="-0.9459686838090419769287109375">
        <ele>23.6000003814697265625</ele>
        <time>2018-10-14T10:12:13.000Z</time>
        <extensions>
          <ns3:TrackPointExtension>
            <ns3:hr>142</ns3:hr>
            <ns3:cad>97</ns3:cad>
          </ns3:TrackPointExtension>
        </extensions>
      </trkpt>
      <trkpt lat="53.98853561840951442718505859375" lon="-0.94625844620168209075927734375">
        <ele>24.3999996185302734375</ele>
        <time>2018-10-14T10:12:19.000Z</time>
        <extensions>
          <ns3:TrackPointExtension>
            <ns3:hr>143</ns3:hr>
            <ns3:cad>96</ns3:cad>
          </ns3:TrackPointExtension>
        </extensions>
      </trkpt>
      <trkpt lat="53.9884735085070133209228515625" lon="-0.946512334048748016357421875">
        <ele>25</ele>
        <time>2018-10-14T10:12:24.000Z</time>
        <extensions>
          <ns3:TrackPointExtension>
            <ns3:hr>142</ns3:hr>
            <ns3:cad>97</ns3:cad>
          </ns3:TrackPointExtension>
        </extensions>
      </trkpt>
      <trkpt lat="53.98840452544391155242919921875" lon="-0.946811735630035400390625">
        <ele>24.6000003814697265625</ele>
        <time>2018-10-14T10:12:30.000Z</time>
        <extensions>
          <ns3:TrackPointExtension>
            <ns3:hr>142</ns3:hr>
            <ns3:cad>97</ns3:cad>
          </ns3:TrackPointExtension>
        </extensions>
      </trkpt>
      <trkpt lat="53.988349623978137969970703125" lon="-0.947119854390621185302734375">
        <ele>25.200000762939453125</ele>
        <time>2018-10-14T10:12:36.000Z</time>
        <extensions>
          <ns3:TrackPointExtension>
            <ns3:hr>142</ns3:hr>
            <ns3:cad>96</ns3:cad>
          </ns3:TrackPointExtension>
        </extensions>
      </trkpt>
      <trkpt lat="53.98827561177313327789306640625" lon="-0.94741967506706714630126953125">
        <ele>24.799999237060546875</ele>
        <time>2018-10-14T10:12:42.000Z</time>
        <extensions>
          <ns3:TrackPointExtension>
            <ns3:hr>141</ns3:hr>
            <ns3:cad>96</ns3:cad>
          </ns3:TrackPointExtension>
        </extensions>
      </trkpt>
      <trkpt lat="53.9881985820829868316650390625" lon="-0.94772175885736942291259765625">
        <ele>25.3999996185302734375</ele>
        <time>2018-10-14T10:12:48.000Z</time>
        <extensions>
          <ns3:TrackPointExtension>
            <ns3:hr>139</ns3:hr>
            <ns3:cad>96</ns3:cad>
          </ns3:TrackPointExtension>
        </extensions>
      </trkpt>
      <trkpt lat="53.988129012286663055419921875" lon="-0.94804395921528339385986328125">
        <ele>26</ele>
        <time>2018-10-14T10:12:54.000Z</time>
        <extensions>
          <ns3:TrackPointExtension>
            <ns3:hr>139</ns3:hr>
            <ns3:cad>97</ns3:cad>
          </ns3:TrackPointExtension>
        </extensions>
      </trkpt>
      <trkpt lat="53.9880671538412570953369140625" lon="-0.948321484029293060302734375">
        <ele>26.200000762939453125</ele>
        <time>2018-10-14T10:12:59.000Z</time>
        <extensions>
          <ns3:TrackPointExtension>
            <ns3:hr>142</ns3:hr>
            <ns3:cad>98</ns3:cad>
          </ns3:TrackPointExtension>
        </extensions>
      </trkpt>
      <trkpt lat="53.9879840053617954254150390625" lon="-0.9485989250242710113525390625">
        <ele>25.6000003814697265625</ele>
        <time>2018-10-14T10:13:04.000Z</time>
        <extensions>
          <ns3:TrackPointExtension>
            <ns3:hr>142</ns3:hr>
            <ns3:cad>98</ns3:cad>
          </ns3:TrackPointExtension>
        </extensions>
      </trkpt>
      <trkpt lat="53.98791468702256679534912109375" lon="-0.9488745220005512237548828125">
        <ele>25.6000003814697265625</ele>
        <time>2018-10-14T10:13:09.000Z</time>
        <extensions>
          <ns3:TrackPointExtension>
            <ns3:hr>146</ns3:hr>
            <ns3:cad>98</ns3:cad>
          </ns3:TrackPointExtension>
        </extensions>
      </trkpt>
      <trkpt lat="53.98790027014911174774169921875" lon="-0.94892120920121669769287109375">
        <ele>25.6000003814697265625</ele>
        <time>2018-10-14T10:13:10.000Z</time>
        <extensions>
          <ns3:TrackPointExtension>
            <ns3:hr>149</ns3:hr>
            <ns3:cad>98</ns3:cad>
          </ns3:TrackPointExtension>
        </extensions>
      </trkpt>
      <trkpt lat="53.9878857694566249847412109375" lon="-0.94897066242992877960205078125">
        <ele>25.799999237060546875</ele>
        <time>2018-10-14T10:13:11.000Z</time>
        <extensions>
          <ns3:TrackPointExtension>
            <ns3:hr>155</ns3:hr>
            <ns3:cad>98</ns3:cad>
          </ns3:TrackPointExtension>
        </extensions>
      </trkpt>
      <trkpt lat="53.98785752244293689727783203125" lon="-0.94907493330538272857666015625">
        <ele>25.799999237060546875</ele>
        <time>2018-10-14T10:13:13.000Z</time>
        <extensions>
          <ns3:TrackPointExtension>
            <ns3:hr>159</ns3:hr>
            <ns3:cad>98</ns3:cad>
          </ns3:TrackPointExtension>
        </extensions>
      </trkpt>
      <trkpt lat="53.98777906782925128936767578125" lon="-0.94941020943224430084228515625">
        <ele>26.3999996185302734375</ele>
        <time>2018-10-14T10:13:19.000Z</time>
        <extensions>
          <ns3:TrackPointExtension>
            <ns3:hr>161</ns3:hr>
            <ns3:cad>99</ns3:cad>
          </ns3:TrackPointExtension>
        </extensions>
      </trkpt>
      <trkpt lat="53.9877087436616420745849609375" lon="-0.94974800013005733489990234375">
        <ele>27.200000762939453125</ele>
        <time>2018-10-14T10:13:25.000Z</time>
        <extensions>
          <ns3:TrackPointExtension>
            <ns3:hr>158</ns3:hr>
            <ns3:cad>99</ns3:cad>
          </ns3:TrackPointExtension>
        </extensions>
      </trkpt>
      <trkpt lat="53.9876229129731655120849609375" lon="-0.9500800073146820068359375">
        <ele>27.799999237060546875</ele>
        <time>2018-10-14T10:13:31.000Z</time>
        <extensions>
          <ns3:TrackPointExtension>
            <ns3:hr>156</ns3:hr>
            <ns3:cad>98</ns3:cad>
          </ns3:TrackPointExtension>
        </extensions>
      </trkpt>
      <trkpt lat="53.98754185996949672698974609375" lon="-0.950402207672595977783203125">
        <ele>27.3999996185302734375</ele>
        <time>2018-10-14T10:13:37.000Z</time>
        <extensions>
          <ns3:TrackPointExtension>
            <ns3:hr>154</ns3:hr>
            <ns3:cad>100</ns3:cad>
          </ns3:TrackPointExtension>
        </extensions>
      </trkpt>
      <trkpt lat="53.98746013641357421875" lon="-0.950729437172412872314453125">
        <ele>27.799999237060546875</ele>
        <time>2018-10-14T10:13:43.000Z</time>
        <extensions>
          <ns3:TrackPointExtension>
            <ns3:hr>153</ns3:hr>
            <ns3:cad>97</ns3:cad>
          </ns3:TrackPointExtension>
        </extensions>
      </trkpt>
      <trkpt lat="53.987390734255313873291015625" lon="-0.95097879879176616668701171875">
        <ele>27.3999996185302734375</ele>
        <time>2018-10-14T10:13:48.000Z</time>
        <extensions>
          <ns3:TrackPointExtension>
            <ns3:hr>150</ns3:hr>
            <ns3:cad>98</ns3:cad>
          </ns3:TrackPointExtension>
        </extensions>
      </trkpt>
      <trkpt lat="53.98728285916149616241455078125" lon="-0.95126713626086711883544921875">
        <ele>27.6000003814697265625</ele>
        <time>2018-10-14T10:13:54.000Z</time>
        <extensions>
          <ns3:TrackPointExtension>
            <ns3:hr>148</ns3:hr>
            <ns3:cad>100</ns3:cad>
          </ns3:TrackPointExtension>
        </extensions>
      </trkpt>
      <trkpt lat="53.9871649257838726043701171875" lon="-0.9515557251870632171630859375">
        <ele>27.3999996185302734375</ele>
        <time>2018-10-14T10:14:00.000Z</time>
        <extensions>
          <ns3:TrackPointExtension>
            <ns3:hr>147</ns3:hr>
            <ns3:cad>96</ns3:cad>
          </ns3:TrackPointExtension>
        </extensions>
      </trkpt>
      <trkpt lat="53.98704565130174160003662109375" lon="-0.95183542929589748382568359375">
        <ele>27.200000762939453125</ele>
        <time>2018-10-14T10:14:06.000Z</time>
        <extensions>
          <ns3:TrackPointExtension>
            <ns3:hr>147</ns3:hr>
            <ns3:cad>97</ns3:cad>
          </ns3:TrackPointExtension>
        </extensions>
      </trkpt>
      <trkpt lat="53.98691824637353420257568359375" lon="-0.95210968516767024993896484375">
        <ele>28.200000762939453125</ele>
        <time>2018-10-14T10:14:12.000Z</time>
        <extensions>
          <ns3:TrackPointExtension>
            <ns3:hr>147</ns3:hr>
            <ns3:cad>98</ns3:cad>
          </ns3:TrackPointExtension>
        </extensions>
      </trkpt>
      <trkpt lat="53.98679352365434169769287109375" lon="-0.9523778222501277923583984375">
        <ele>29</ele>
        <time>2018-10-14T10:14:18.000Z</time>
        <extensions>
          <ns3:TrackPointExtension>
            <ns3:hr>146</ns3:hr>
            <ns3:cad>97</ns3:cad>
          </ns3:TrackPointExtension>
        </extensions>
      </trkpt>
      <trkpt lat="53.98666561581194400787353515625" lon="-0.95266674645245075225830078125">
        <ele>29</ele>
        <time>2018-10-14T10:14:24.000Z</time>
        <extensions>
          <ns3:TrackPointExtension>
            <ns3:hr>148</ns3:hr>
            <ns3:cad>97</ns3:cad>
          </ns3:TrackPointExtension>
        </extensions>
      </trkpt>
      <trkpt lat="53.98653720505535602569580078125" lon="-0.95295022241771221160888671875">
        <ele>29</ele>
        <time>2018-10-14T10:14:30.000Z</time>
        <extensions>
          <ns3:TrackPointExtension>
            <ns3:hr>149</ns3:hr>
            <ns3:cad>98</ns3:cad>
          </ns3:TrackPointExtension>
        </extensions>
      </trkpt>
      <trkpt lat="53.98641633801162242889404296875" lon="-0.95323629677295684814453125">
        <ele>28.799999237060546875</ele>
        <time>2018-10-14T10:14:36.000Z</time>
        <extensions>
          <ns3:TrackPointExtension>
            <ns3:hr>149</ns3:hr>
            <ns3:cad>99</ns3:cad>
          </ns3:TrackPointExtension>
        </extensions>
      </trkpt>
      <trkpt lat="53.986333273351192474365234375" lon="-0.95342136919498443603515625">
        <ele>29</ele>
        <time>2018-10-14T10:14:40.000Z</time>
        <extensions>
          <ns3:TrackPointExtension>
            <ns3:hr>146</ns3:hr>
            <ns3:cad>99</ns3:cad>
          </ns3:TrackPointExtension>
        </extensions>
      </trkpt>
      <trkpt lat="53.98629463277757167816162109375" lon="-0.95350921154022216796875">
        <ele>29.200000762939453125</ele>
        <time>2018-10-14T10:14:42.000Z</time>
        <extensions>
          <ns3:TrackPointExtension>
            <ns3:hr>141</ns3:hr>
            <ns3:cad>98</ns3:cad>
          </ns3:TrackPointExtension>
        </extensions>
      </trkpt>
      <trkpt lat="53.986216597259044647216796875" lon="-0.9536864049732685089111328125">
        <ele>29.6000003814697265625</ele>
        <time>2018-10-14T10:14:46.000Z</time>
        <extensions>
          <ns3:TrackPointExtension>
            <ns3:hr>137</ns3:hr>
            <ns3:cad>100</ns3:cad>
          </ns3:TrackPointExtension>
        </extensions>
      </trkpt>
      <trkpt lat="53.98617778904736042022705078125" lon="-0.95378338359296321868896484375">
        <ele>29.6000003814697265625</ele>
        <time>2018-10-14T10:14:48.000Z</time>
        <extensions>
          <ns3:TrackPointExtension>
            <ns3:hr>134</ns3:hr>
            <ns3:cad>98</ns3:cad>
          </ns3:TrackPointExtension>
        </extensions>
      </trkpt>
      <trkpt lat="53.98611810989677906036376953125" lon="-0.95392654649913311004638671875">
        <ele>29.6000003814697265625</ele>
        <time>2018-10-14T10:14:51.000Z</time>
        <extensions>
          <ns3:TrackPointExtension>
            <ns3:hr>130</ns3:hr>
            <ns3:cad>98</ns3:cad>
          </ns3:TrackPointExtension>
        </extensions>
      </trkpt>
      <trkpt lat="53.9860615320503711700439453125" lon="-0.954060740768909454345703125">
        <ele>29.6000003814697265625</ele>
        <time>2018-10-14T10:14:54.000Z</time>
        <extensions>
          <ns3:TrackPointExtension>
            <ns3:hr>124</ns3:hr>
            <ns3:cad>98</ns3:cad>
          </ns3:TrackPointExtension>
        </extensions>
      </trkpt>
      <trkpt lat="53.986039571464061737060546875" lon="-0.9541044943034648895263671875">
        <ele>29.6000003814697265625</ele>
        <time>2018-10-14T10:14:55.000Z</time>
        <extensions>
          <ns3:TrackPointExtension>
            <ns3:hr>120</ns3:hr>
            <ns3:cad>98</ns3:cad>
          </ns3:TrackPointExtension>
        </extensions>
      </trkpt>
      <trkpt lat="53.986003361642360687255859375" lon="-0.95419652760028839111328125">
        <ele>29.799999237060546875</ele>
        <time>2018-10-14T10:14:56.000Z</time>
        <extensions>
          <ns3:TrackPointExtension>
            <ns3:hr>120</ns3:hr>
            <ns3:cad>98</ns3:cad>
          </ns3:TrackPointExtension>
        </extensions>
      </trkpt>
      <trkpt lat="53.98589766584336757659912109375" lon="-0.95444488339126110076904296875">
        <ele>29.200000762939453125</ele>
        <time>2018-10-14T10:15:02.000Z</time>
        <extensions>
          <ns3:TrackPointExtension>
            <ns3:hr>120</ns3:hr>
            <ns3:cad>99</ns3:cad>
          </ns3:TrackPointExtension>
        </extensions>
      </trkpt>
      <trkpt lat="53.9857869409024715423583984375" lon="-0.95469550229609012603759765625">
        <ele>28.3999996185302734375</ele>
        <time>2018-10-14T10:15:07.000Z</time>
        <extensions>
          <ns3:TrackPointExtension>
            <ns3:hr>120</ns3:hr>
            <ns3:cad>99</ns3:cad>
          </ns3:TrackPointExtension>
        </extensions>
      </trkpt>
      <trkpt lat="53.98567236028611660003662109375" lon="-0.95495316199958324432373046875">
        <ele>27.6000003814697265625</ele>
        <time>2018-10-14T10:15:12.000Z</time>
        <extensions>
          <ns3:TrackPointExtension>
            <ns3:hr>122</ns3:hr>
            <ns3:cad>99</ns3:cad>
          </ns3:TrackPointExtension>
        </extensions>
      </trkpt>
      <trkpt lat="53.9855545945465564727783203125" lon="-0.95519070513546466827392578125">
        <ele>26.6000003814697265625</ele>
        <time>2018-10-14T10:15:17.000Z</time>
        <extensions>
          <ns3:TrackPointExtension>
            <ns3:hr>124</ns3:hr>
            <ns3:cad>99</ns3:cad>
          </ns3:TrackPointExtension>
        </extensions>
      </trkpt>
      <trkpt lat="53.9854322187602519989013671875" lon="-0.9554281644523143768310546875">
        <ele>26</ele>
        <time>2018-10-14T10:15:22.000Z</time>
        <extensions>
          <ns3:TrackPointExtension>
            <ns3:hr>126</ns3:hr>
            <ns3:cad>100</ns3:cad>
          </ns3:TrackPointExtension>
        </extensions>
      </trkpt>
      <trkpt lat="53.98530707694590091705322265625" lon="-0.95566361211240291595458984375">
        <ele>25.6000003814697265625</ele>
        <time>2018-10-14T10:15:27.000Z</time>
        <extensions>
          <ns3:TrackPointExtension>
            <ns3:hr>127</ns3:hr>
            <ns3:cad>100</ns3:cad>
          </ns3:TrackPointExtension>
        </extensions>
      </trkpt>
      <trkpt lat="53.98518092930316925048828125" lon="-0.95588858239352703094482421875">
        <ele>26</ele>
        <time>2018-10-14T10:15:32.000Z</time>
        <extensions>
          <ns3:TrackPointExtension>
            <ns3:hr>128</ns3:hr>
            <ns3:cad>100</ns3:cad>
          </ns3:TrackPointExtension>
        </extensions>
      </trkpt>
      <trkpt lat="53.98504572920501232147216796875" lon="-0.95611204393208026885986328125">
        <ele>26.200000762939453125</ele>
        <time>2018-10-14T10:15:37.000Z</time>
        <extensions>
          <ns3:TrackPointExtension>
            <ns3:hr>129</ns3:hr>
            <ns3:cad>101</ns3:cad>
          </ns3:TrackPointExtension>
        </extensions>
      </trkpt>
      <trkpt lat="53.98491597734391689300537109375" lon="-0.95632963813841342926025390625">
        <ele>26.200000762939453125</ele>
        <time>2018-10-14T10:15:42.000Z</time>
        <extensions>
          <ns3:TrackPointExtension>
            <ns3:hr>131</ns3:hr>
            <ns3:cad>100</ns3:cad>
          </ns3:TrackPointExtension>
        </extensions>
      </trkpt>
      <trkpt lat="53.98475957103073596954345703125" lon="-0.956575311720371246337890625">
        <ele>25.799999237060546875</ele>
        <time>2018-10-14T10:15:48.000Z</time>
        <extensions>
          <ns3:TrackPointExtension>
            <ns3:hr>134</ns3:hr>
            <ns3:cad>100</ns3:cad>
          </ns3:TrackPointExtension>
        </extensions>
      </trkpt>
      <trkpt lat="53.98465345613658428192138671875" lon="-0.9567303769290447235107421875">
        <ele>26</ele>
        <time>2018-10-14T10:15:52.000Z</time>
        <extensions>
          <ns3:TrackPointExtension>
            <ns3:hr>134</ns3:hr>
            <ns3:cad>100</ns3:cad>
          </ns3:TrackPointExtension>
        </extensions>
      </trkpt>
      <trkpt lat="53.98449487052857875823974609375" lon="-0.95693883486092090606689453125">
        <ele>26</ele>
        <time>2018-10-14T10:15:58.000Z</time>
        <extensions>
          <ns3:TrackPointExtension>
            <ns3:hr>134</ns3:hr>
            <ns3:cad>98</ns3:cad>
          </ns3:TrackPointExtension>
        </extensions>
      </trkpt>
      <trkpt lat="53.98433469235897064208984375" lon="-0.9571608714759349822998046875">
        <ele>26.3999996185302734375</ele>
        <time>2018-10-14T10:16:04.000Z</time>
        <extensions>
          <ns3:TrackPointExtension>
            <ns3:hr>133</ns3:hr>
            <ns3:cad>99</ns3:cad>
          </ns3:TrackPointExtension>
        </extensions>
      </trkpt>
      <trkpt lat="53.9841685630381107330322265625" lon="-0.9573700837790966033935546875">
        <ele>27</ele>
        <time>2018-10-14T10:16:10.000Z</time>
        <extensions>
          <ns3:TrackPointExtension>
            <ns3:hr>135</ns3:hr>
            <ns3:cad>99</ns3:cad>
          </ns3:TrackPointExtension>
        </extensions>
      </trkpt>
      <trkpt lat="53.98399296216666698455810546875" lon="-0.9575662203133106231689453125">
        <ele>27</ele>
        <time>2018-10-14T10:16:16.000Z</time>
        <extensions>
          <ns3:TrackPointExtension>
            <ns3:hr>135</ns3:hr>
            <ns3:cad>99</ns3:cad>
          </ns3:TrackPointExtension>
        </extensions>
      </trkpt>
      <trkpt lat="53.9838185347616672515869140625" lon="-0.95774550922214984893798828125">
        <ele>27</ele>
        <time>2018-10-14T10:16:22.000Z</time>
        <extensions>
          <ns3:TrackPointExtension>
            <ns3:hr>135</ns3:hr>
            <ns3:cad>99</ns3:cad>
          </ns3:TrackPointExtension>
        </extensions>
      </trkpt>
      <trkpt lat="53.98363790474832057952880859375" lon="-0.957939885556697845458984375">
        <ele>26.6000003814697265625</ele>
        <time>2018-10-14T10:16:28.000Z</time>
        <extensions>
          <ns3:TrackPointExtension>
            <ns3:hr>135</ns3:hr>
            <ns3:cad>99</ns3:cad>
          </ns3:TrackPointExtension>
        </extensions>
      </trkpt>
      <trkpt lat="53.98345534689724445343017578125" lon="-0.9581278078258037567138671875">
        <ele>26</ele>
        <time>2018-10-14T10:16:34.000Z</time>
        <extensions>
          <ns3:TrackPointExtension>
            <ns3:hr>135</ns3:hr>
            <ns3:cad>99</ns3:cad>
          </ns3:TrackPointExtension>
        </extensions>
      </trkpt>
      <trkpt lat="53.98326474241912364959716796875" lon="-0.95829335041344165802001953125">
        <ele>26</ele>
        <time>2018-10-14T10:16:40.000Z</time>
        <extensions>
          <ns3:TrackPointExtension>
            <ns3:hr>134</ns3:hr>
            <ns3:cad>100</ns3:cad>
          </ns3:TrackPointExtension>
        </extensions>
      </trkpt>
      <trkpt lat="53.9830782450735569000244140625" lon="-0.95846392214298248291015625">
        <ele>26</ele>
        <time>2018-10-14T10:16:46.000Z</time>
        <extensions>
          <ns3:TrackPointExtension>
            <ns3:hr>133</ns3:hr>
            <ns3:cad>99</ns3:cad>
          </ns3:TrackPointExtension>
        </extensions>
      </trkpt>
      <trkpt lat="53.98291404359042644500732421875" lon="-0.9586243517696857452392578125">
        <ele>26</ele>
        <time>2018-10-14T10:16:51.000Z</time>
        <extensions>
          <ns3:TrackPointExtension>
            <ns3:hr>134</ns3:hr>
            <ns3:cad>100</ns3:cad>
          </ns3:TrackPointExtension>
        </extensions>
      </trkpt>
      <trkpt lat="53.982790745794773101806640625" lon="-0.95875360071659088134765625">
        <ele>26</ele>
        <time>2018-10-14T10:16:55.000Z</time>
        <extensions>
          <ns3:TrackPointExtension>
            <ns3:hr>137</ns3:hr>
            <ns3:cad>99</ns3:cad>
          </ns3:TrackPointExtension>
        </extensions>
      </trkpt>
      <trkpt lat="53.982724361121654510498046875" lon="-0.958814285695552825927734375">
        <ele>26</ele>
        <time>2018-10-14T10:16:57.000Z</time>
        <extensions>
          <ns3:TrackPointExtension>
            <ns3:hr>140</ns3:hr>
            <ns3:cad>99</ns3:cad>
          </ns3:TrackPointExtension>
        </extensions>
      </trkpt>
      <trkpt lat="53.982566110789775848388671875" lon="-0.95897463150322437286376953125">
        <ele>25.799999237060546875</ele>
        <time>2018-10-14T10:17:02.000Z</time>
        <extensions>
          <ns3:TrackPointExtension>
            <ns3:hr>139</ns3:hr>
            <ns3:cad>99</ns3:cad>
          </ns3:TrackPointExtension>
        </extensions>
      </trkpt>
      <trkpt lat="53.9824097044765949249267578125" lon="-0.95912567339837551116943359375">
        <ele>25.200000762939453125</ele>
        <time>2018-10-14T10:17:07.000Z</time>
        <extensions>
          <ns3:TrackPointExtension>
            <ns3:hr>139</ns3:hr>
            <ns3:cad>100</ns3:cad>
          </ns3:TrackPointExtension>
        </extensions>
      </trkpt>
      <trkpt lat="53.98224751465022563934326171875" lon="-0.95928744412958621978759765625">
        <ele>25</ele>
        <time>2018-10-14T10:17:12.000Z</time>
        <extensions>
          <ns3:TrackPointExtension>
            <ns3:hr>139</ns3:hr>
            <ns3:cad>100</ns3:cad>
          </ns3:TrackPointExtension>
        </extensions>
      </trkpt>
      <trkpt lat="53.98208859376609325408935546875" lon="-0.95944887958467006683349609375">
        <ele>25</ele>
        <time>2018-10-14T10:17:17.000Z</time>
        <extensions>
          <ns3:TrackPointExtension>
            <ns3:hr>138</ns3:hr>
            <ns3:cad>100</ns3:cad>
          </ns3:TrackPointExtension>
        </extensions>
      </trkpt>
      <trkpt lat="53.98193738423287868499755859375" lon="-0.959620289504528045654296875">
        <ele>25</ele>
        <time>2018-10-14T10:17:22.000Z</time>
        <extensions>
          <ns3:TrackPointExtension>
            <ns3:hr>138</ns3:hr>
            <ns3:cad>100</ns3:cad>
          </ns3:TrackPointExtension>
        </extensions>
      </trkpt>
      <trkpt lat="53.98178097791969776153564453125" lon="-0.95980242826044559478759765625">
        <ele>25</ele>
        <time>2018-10-14T10:17:27.000Z</time>
        <extensions>
          <ns3:TrackPointExtension>
            <ns3:hr>138</ns3:hr>
            <ns3:cad>99</ns3:cad>
          </ns3:TrackPointExtension>
        </extensions>
      </trkpt>
      <trkpt lat="53.981635384261608123779296875" lon="-0.95999102108180522918701171875">
        <ele>25</ele>
        <time>2018-10-14T10:17:32.000Z</time>
        <extensions>
          <ns3:TrackPointExtension>
            <ns3:hr>137</ns3:hr>
            <ns3:cad>99</ns3:cad>
          </ns3:TrackPointExtension>
        </extensions>
      </trkpt>
      <trkpt lat="53.98148325271904468536376953125" lon="-0.9601823799312114715576171875">
        <ele>24.799999237060546875</ele>
        <time>2018-10-14T10:17:37.000Z</time>
        <extensions>
          <ns3:TrackPointExtension>
            <ns3:hr>137</ns3:hr>
            <ns3:cad>100</ns3:cad>
          </ns3:TrackPointExtension>
        </extensions>
      </trkpt>
      <trkpt lat="53.9813354797661304473876953125" lon="-0.96038010902702808380126953125">
        <ele>23.6000003814697265625</ele>
        <time>2018-10-14T10:17:42.000Z</time>
        <extensions>
          <ns3:TrackPointExtension>
            <ns3:hr>136</ns3:hr>
            <ns3:cad>100</ns3:cad>
          </ns3:TrackPointExtension>
        </extensions>
      </trkpt>
      <trkpt lat="53.98119910620152950286865234375" lon="-0.96058496274054050445556640625">
        <ele>23.3999996185302734375</ele>
        <time>2018-10-14T10:17:47.000Z</time>
        <extensions>
          <ns3:TrackPointExtension>
            <ns3:hr>137</ns3:hr>
            <ns3:cad>99</ns3:cad>
          </ns3:TrackPointExtension>
        </extensions>
      </trkpt>
      <trkpt lat="53.9810377545654773712158203125" lon="-0.960827954113483428955078125">
        <ele>23.799999237060546875</ele>
        <time>2018-10-14T10:17:53.000Z</time>
        <extensions>
          <ns3:TrackPointExtension>
            <ns3:hr>136</ns3:hr>
            <ns3:cad>100</ns3:cad>
          </ns3:TrackPointExtension>
        </extensions>
      </trkpt>
      <trkpt lat="53.98089165799319744110107421875" lon="-0.9610219113528728485107421875">
        <ele>23.6000003814697265625</ele>
        <time>2018-10-14T10:17:58.000Z</time>
        <extensions>
          <ns3:TrackPointExtension>
            <ns3:hr>137</ns3:hr>
            <ns3:cad>100</ns3:cad>
          </ns3:TrackPointExtension>
        </extensions>
      </trkpt>
      <trkpt lat="53.980758301913738250732421875" lon="-0.96123690716922283172607421875">
        <ele>23.200000762939453125</ele>
        <time>2018-10-14T10:18:03.000Z</time>
        <extensions>
          <ns3:TrackPointExtension>
            <ns3:hr>136</ns3:hr>
            <ns3:cad>99</ns3:cad>
          </ns3:TrackPointExtension>
        </extensions>
      </trkpt>
      <trkpt lat="53.9806072600185871124267578125" lon="-0.96149641089141368865966796875">
        <ele>22.799999237060546875</ele>
        <time>2018-10-14T10:18:09.000Z</time>
        <extensions>
          <ns3:TrackPointExtension>
            <ns3:hr>136</ns3:hr>
            <ns3:cad>99</ns3:cad>
          </ns3:TrackPointExtension>
        </extensions>
      </trkpt>
      <trkpt lat="53.98047055117785930633544921875" lon="-0.96176362596452236175537109375">
        <ele>23</ele>
        <time>2018-10-14T10:18:15.000Z</time>
        <extensions>
          <ns3:TrackPointExtension>
            <ns3:hr>137</ns3:hr>
            <ns3:cad>98</ns3:cad>
          </ns3:TrackPointExtension>
        </extensions>
      </trkpt>
      <trkpt lat="53.98032621480524539947509765625" lon="-0.96203385852277278900146484375">
        <ele>22.200000762939453125</ele>
        <time>2018-10-14T10:18:21.000Z</time>
        <extensions>
          <ns3:TrackPointExtension>
            <ns3:hr>136</ns3:hr>
            <ns3:cad>99</ns3:cad>
          </ns3:TrackPointExtension>
        </extensions>
      </trkpt>
      <trkpt lat="53.98018254898488521575927734375" lon="-0.96229889430105686187744140625">
        <ele>22.799999237060546875</ele>
        <time>2018-10-14T10:18:27.000Z</time>
        <extensions>
          <ns3:TrackPointExtension>
            <ns3:hr>136</ns3:hr>
            <ns3:cad>99</ns3:cad>
          </ns3:TrackPointExtension>
        </extensions>
      </trkpt>
      <trkpt lat="53.98004508577287197113037109375" lon="-0.96257080323994159698486328125">
        <ele>23.3999996185302734375</ele>
        <time>2018-10-14T10:18:33.000Z</time>
        <extensions>
          <ns3:TrackPointExtension>
            <ns3:hr>137</ns3:hr>
            <ns3:cad>99</ns3:cad>
          </ns3:TrackPointExtension>
        </extensions>
      </trkpt>
      <trkpt lat="53.97991751320660114288330078125" lon="-0.96283257007598876953125">
        <ele>24</ele>
        <time>2018-10-14T10:18:39.000Z</time>
        <extensions>
          <ns3:TrackPointExtension>
            <ns3:hr>136</ns3:hr>
            <ns3:cad>99</ns3:cad>
          </ns3:TrackPointExtension>
        </extensions>
      </trkpt>
      <trkpt lat="53.97977870889008045196533203125" lon="-0.9631021320819854736328125">
        <ele>23.799999237060546875</ele>
        <time>2018-10-14T10:18:45.000Z</time>
        <extensions>
          <ns3:TrackPointExtension>
            <ns3:hr>137</ns3:hr>
            <ns3:cad>98</ns3:cad>
          </ns3:TrackPointExtension>
        </extensions>
      </trkpt>
      <trkpt lat="53.97965331561863422393798828125" lon="-0.96337496303021907806396484375">
        <ele>24</ele>
        <time>2018-10-14T10:18:51.000Z</time>
        <extensions>
          <ns3:TrackPointExtension>
            <ns3:hr>137</ns3:hr>
            <ns3:cad>98</ns3:cad>
          </ns3:TrackPointExtension>
        </extensions>
      </trkpt>
      <trkpt lat="53.97951819933950901031494140625" lon="-0.9636323712766170501708984375">
        <ele>23.799999237060546875</ele>
        <time>2018-10-14T10:18:57.000Z</time>
        <extensions>
          <ns3:TrackPointExtension>
            <ns3:hr>137</ns3:hr>
            <ns3:cad>98</ns3:cad>
          </ns3:TrackPointExtension>
        </extensions>
      </trkpt>
      <trkpt lat="53.97938576526939868927001953125" lon="-0.96389078535139560699462890625">
        <ele>23.799999237060546875</ele>
        <time>2018-10-14T10:19:03.000Z</time>
        <extensions>
          <ns3:TrackPointExtension>
            <ns3:hr>136</ns3:hr>
            <ns3:cad>98</ns3:cad>
          </ns3:TrackPointExtension>
        </extensions>
      </trkpt>
      <trkpt lat="53.97925199009478092193603515625" lon="-0.96414190717041492462158203125">
        <ele>24</ele>
        <time>2018-10-14T10:19:09.000Z</time>
        <extensions>
          <ns3:TrackPointExtension>
            <ns3:hr>135</ns3:hr>
            <ns3:cad>97</ns3:cad>
          </ns3:TrackPointExtension>
        </extensions>
      </trkpt>
      <trkpt lat="53.9791270159184932708740234375" lon="-0.96440426073968410491943359375">
        <ele>24</ele>
        <time>2018-10-14T10:19:15.000Z</time>
        <extensions>
          <ns3:TrackPointExtension>
            <ns3:hr>136</ns3:hr>
            <ns3:cad>98</ns3:cad>
          </ns3:TrackPointExtension>
        </extensions>
      </trkpt>
      <trkpt lat="53.97910513915121555328369140625" lon="-0.96444767899811267852783203125">
        <ele>24</ele>
        <time>2018-10-14T10:19:16.000Z</time>
        <extensions>
          <ns3:TrackPointExtension>
            <ns3:hr>136</ns3:hr>
            <ns3:cad>98</ns3:cad>
          </ns3:TrackPointExtension>
        </extensions>
      </trkpt>
      <trkpt lat="53.97897991351783275604248046875" lon="-0.964723862707614898681640625">
        <ele>24.3999996185302734375</ele>
        <time>2018-10-14T10:19:22.000Z</time>
        <extensions>
          <ns3:TrackPointExtension>
            <ns3:hr>135</ns3:hr>
            <ns3:cad>98</ns3:cad>
          </ns3:TrackPointExtension>
        </extensions>
      </trkpt>
      <trkpt lat="53.9788534305989742279052734375" lon="-0.96499015577137470245361328125">
        <ele>24.799999237060546875</ele>
        <time>2018-10-14T10:19:28.000Z</time>
        <extensions>
          <ns3:TrackPointExtension>
            <ns3:hr>136</ns3:hr>
            <ns3:cad>98</ns3:cad>
          </ns3:TrackPointExtension>
        </extensions>
      </trkpt>
      <trkpt lat="53.97872225381433963775634765625" lon="-0.96524680964648723602294921875">
        <ele>25.799999237060546875</ele>
        <time>2018-10-14T10:19:34.000Z</time>
        <extensions>
          <ns3:TrackPointExtension>
            <ns3:hr>136</ns3:hr>
            <ns3:cad>98</ns3:cad>
          </ns3:TrackPointExtension>
        </extensions>
      </trkpt>
      <trkpt lat="53.9785945974290370941162109375" lon="-0.9655105881392955780029296875">
        <ele>26.799999237060546875</ele>
        <time>2018-10-14T10:19:40.000Z</time>
        <extensions>
          <ns3:TrackPointExtension>
            <ns3:hr>137</ns3:hr>
            <ns3:cad>97</ns3:cad>
          </ns3:TrackPointExtension>
        </extensions>
      </trkpt>
      <trkpt lat="53.97846559993922710418701171875" lon="-0.965775288641452789306640625">
        <ele>27.6000003814697265625</ele>
        <time>2018-10-14T10:19:46.000Z</time>
        <extensions>
          <ns3:TrackPointExtension>
            <ns3:hr>137</ns3:hr>
            <ns3:cad>98</ns3:cad>
          </ns3:TrackPointExtension>
        </extensions>
      </trkpt>
      <trkpt lat="53.97833484224975109100341796875" lon="-0.966053903102874755859375">
        <ele>28.3999996185302734375</ele>
        <time>2018-10-14T10:19:52.000Z</time>
        <extensions>
          <ns3:TrackPointExtension>
            <ns3:hr>137</ns3:hr>
            <ns3:cad>97</ns3:cad>
          </ns3:TrackPointExtension>
        </extensions>
      </trkpt>
      <trkpt lat="53.97821565158665180206298828125" lon="-0.966316759586334228515625">
        <ele>28.799999237060546875</ele>
        <time>2018-10-14T10:19:58.000Z</time>
        <extensions>
          <ns3:TrackPointExtension>
            <ns3:hr>136</ns3:hr>
            <ns3:cad>97</ns3:cad>
          </ns3:TrackPointExtension>
        </extensions>
      </trkpt>
      <trkpt lat="53.97815647535026073455810546875" lon="-0.966457240283489227294921875">
        <ele>29.3999996185302734375</ele>
        <time>2018-10-14T10:20:01.000Z</time>
        <extensions>
          <ns3:TrackPointExtension>
            <ns3:hr>139</ns3:hr>
            <ns3:cad>97</ns3:cad>
          </ns3:TrackPointExtension>
        </extensions>
      </trkpt>
      <trkpt lat="53.97804030217230319976806640625" lon="-0.966720096766948699951171875">
        <ele>29.6000003814697265625</ele>
        <time>2018-10-14T10:20:07.000Z</time>
        <extensions>
          <ns3:TrackPointExtension>
            <ns3:hr>140</ns3:hr>
            <ns3:cad>98</ns3:cad>
          </ns3:TrackPointExtension>
        </extensions>
      </trkpt>
      <trkpt lat="53.977925218641757965087890625" lon="-0.96698689274489879608154296875">
        <ele>29.200000762939453125</ele>
        <time>2018-10-14T10:20:13.000Z</time>
        <extensions>
          <ns3:TrackPointExtension>
            <ns3:hr>140</ns3:hr>
            <ns3:cad>98</ns3:cad>
          </ns3:TrackPointExtension>
        </extensions>
      </trkpt>
      <trkpt lat="53.97781013511121273040771484375" lon="-0.96725947223603725433349609375">
        <ele>29.3999996185302734375</ele>
        <time>2018-10-14T10:20:19.000Z</time>
        <extensions>
          <ns3:TrackPointExtension>
            <ns3:hr>139</ns3:hr>
            <ns3:cad>98</ns3:cad>
          </ns3:TrackPointExtension>
        </extensions>
      </trkpt>
      <trkpt lat="53.97769144736230373382568359375" lon="-0.96751813776791095733642578125">
        <ele>29.799999237060546875</ele>
        <time>2018-10-14T10:20:25.000Z</time>
        <extensions>
          <ns3:TrackPointExtension>
            <ns3:hr>139</ns3:hr>
            <ns3:cad>98</ns3:cad>
          </ns3:TrackPointExtension>
        </extensions>
      </trkpt>
      <trkpt lat="53.9775699935853481292724609375" lon="-0.96777856349945068359375">
        <ele>30.3999996185302734375</ele>
        <time>2018-10-14T10:20:31.000Z</time>
        <extensions>
          <ns3:TrackPointExtension>
            <ns3:hr>139</ns3:hr>
            <ns3:cad>98</ns3:cad>
          </ns3:TrackPointExtension>
        </extensions>
      </trkpt>
      <trkpt lat="53.97744988091289997100830078125" lon="-0.96804586239159107208251953125">
        <ele>30.799999237060546875</ele>
        <time>2018-10-14T10:20:37.000Z</time>
        <extensions>
          <ns3:TrackPointExtension>
            <ns3:hr>139</ns3:hr>
            <ns3:cad>98</ns3:cad>
          </ns3:TrackPointExtension>
        </extensions>
      </trkpt>
      <trkpt lat="53.9773254096508026123046875" lon="-0.96831299364566802978515625">
        <ele>31.3999996185302734375</ele>
        <time>2018-10-14T10:20:43.000Z</time>
        <extensions>
          <ns3:TrackPointExtension>
            <ns3:hr>138</ns3:hr>
            <ns3:cad>98</ns3:cad>
          </ns3:TrackPointExtension>
        </extensions>
      </trkpt>
      <trkpt lat="53.9772025309503078460693359375" lon="-0.96858364529907703399658203125">
        <ele>31.799999237060546875</ele>
        <time>2018-10-14T10:20:49.000Z</time>
        <extensions>
          <ns3:TrackPointExtension>
            <ns3:hr>139</ns3:hr>
            <ns3:cad>98</ns3:cad>
          </ns3:TrackPointExtension>
        </extensions>
      </trkpt>
      <trkpt lat="53.977068252861499786376953125" lon="-0.96883543767035007476806640625">
        <ele>32.40000152587890625</ele>
        <time>2018-10-14T10:20:55.000Z</time>
        <extensions>
          <ns3:TrackPointExtension>
            <ns3:hr>138</ns3:hr>
            <ns3:cad>98</ns3:cad>
          </ns3:TrackPointExtension>
        </extensions>
      </trkpt>
      <trkpt lat="53.9769302867352962493896484375" lon="-0.96909460611641407012939453125">
        <ele>33</ele>
        <time>2018-10-14T10:21:01.000Z</time>
        <extensions>
          <ns3:TrackPointExtension>
            <ns3:hr>137</ns3:hr>
            <ns3:cad>98</ns3:cad>
          </ns3:TrackPointExtension>
        </extensions>
      </trkpt>
      <trkpt lat="53.97679978050291538238525390625" lon="-0.96935234963893890380859375">
        <ele>33.200000762939453125</ele>
        <time>2018-10-14T10:21:07.000Z</time>
        <extensions>
          <ns3:TrackPointExtension>
            <ns3:hr>138</ns3:hr>
            <ns3:cad>97</ns3:cad>
          </ns3:TrackPointExtension>
        </extensions>
      </trkpt>
      <trkpt lat="53.9766697771847248077392578125" lon="-0.96960824914276599884033203125">
        <ele>34</ele>
        <time>2018-10-14T10:21:13.000Z</time>
        <extensions>
          <ns3:TrackPointExtension>
            <ns3:hr>139</ns3:hr>
            <ns3:cad>98</ns3:cad>
          </ns3:TrackPointExtension>
        </extensions>
      </trkpt>
      <trkpt lat="53.97653189487755298614501953125" lon="-0.96984931267797946929931640625">
        <ele>34</ele>
        <time>2018-10-14T10:21:19.000Z</time>
        <extensions>
          <ns3:TrackPointExtension>
            <ns3:hr>139</ns3:hr>
            <ns3:cad>98</ns3:cad>
          </ns3:TrackPointExtension>
        </extensions>
      </trkpt>
      <trkpt lat="53.976397030055522918701171875" lon="-0.9700971655547618865966796875">
        <ele>34.40000152587890625</ele>
        <time>2018-10-14T10:21:25.000Z</time>
        <extensions>
          <ns3:TrackPointExtension>
            <ns3:hr>137</ns3:hr>
            <ns3:cad>99</ns3:cad>
          </ns3:TrackPointExtension>
        </extensions>
      </trkpt>
      <trkpt lat="53.97626065649092197418212890625" lon="-0.97033278085291385650634765625">
        <ele>34</ele>
        <time>2018-10-14T10:21:31.000Z</time>
        <extensions>
          <ns3:TrackPointExtension>
            <ns3:hr>136</ns3:hr>
            <ns3:cad>98</ns3:cad>
          </ns3:TrackPointExtension>
        </extensions>
      </trkpt>
      <trkpt lat="53.97612570784986019134521484375" lon="-0.9705779515206813812255859375">
        <ele>33.59999847412109375</ele>
        <time>2018-10-14T10:21:37.000Z</time>
        <extensions>
          <ns3:TrackPointExtension>
            <ns3:hr>137</ns3:hr>
            <ns3:cad>98</ns3:cad>
          </ns3:TrackPointExtension>
        </extensions>
      </trkpt>
      <trkpt lat="53.97599427960813045501708984375" lon="-0.97083586268126964569091796875">
        <ele>33.200000762939453125</ele>
        <time>2018-10-14T10:21:43.000Z</time>
        <extensions>
          <ns3:TrackPointExtension>
            <ns3:hr>138</ns3:hr>
            <ns3:cad>98</ns3:cad>
          </ns3:TrackPointExtension>
        </extensions>
      </trkpt>
      <trkpt lat="53.97584994323551654815673828125" lon="-0.9710969589650630950927734375">
        <ele>33</ele>
        <time>2018-10-14T10:21:49.000Z</time>
        <extensions>
          <ns3:TrackPointExtension>
            <ns3:hr>138</ns3:hr>
            <ns3:cad>99</ns3:cad>
          </ns3:TrackPointExtension>
        </extensions>
      </trkpt>
      <trkpt lat="53.97570627741515636444091796875" lon="-0.97135654650628566741943359375">
        <ele>33.40000152587890625</ele>
        <time>2018-10-14T10:21:55.000Z</time>
        <extensions>
          <ns3:TrackPointExtension>
            <ns3:hr>140</ns3:hr>
            <ns3:cad>98</ns3:cad>
          </ns3:TrackPointExtension>
        </extensions>
      </trkpt>
      <trkpt lat="53.9755631983280181884765625" lon="-0.9716047346591949462890625">
        <ele>33.799999237060546875</ele>
        <time>2018-10-14T10:22:01.000Z</time>
        <extensions>
          <ns3:TrackPointExtension>
            <ns3:hr>140</ns3:hr>
            <ns3:cad>98</ns3:cad>
          </ns3:TrackPointExtension>
        </extensions>
      </trkpt>
      <trkpt lat="53.9754148386418819427490234375" lon="-0.971860550343990325927734375">
        <ele>34</ele>
        <time>2018-10-14T10:22:07.000Z</time>
        <extensions>
          <ns3:TrackPointExtension>
            <ns3:hr>139</ns3:hr>
            <ns3:cad>98</ns3:cad>
          </ns3:TrackPointExtension>
        </extensions>
      </trkpt>
      <trkpt lat="53.97534099407494068145751953125" lon="-0.9719904698431491851806640625">
        <ele>33.799999237060546875</ele>
        <time>2018-10-14T10:22:10.000Z</time>
        <extensions>
          <ns3:TrackPointExtension>
            <ns3:hr>136</ns3:hr>
            <ns3:cad>99</ns3:cad>
          </ns3:TrackPointExtension>
        </extensions>
      </trkpt>
      <trkpt lat="53.975200764834880828857421875" lon="-0.97224117256700992584228515625">
        <ele>33.799999237060546875</ele>
        <time>2018-10-14T10:22:16.000Z</time>
        <extensions>
          <ns3:TrackPointExtension>
            <ns3:hr>136</ns3:hr>
            <ns3:cad>99</ns3:cad>
          </ns3:TrackPointExtension>
        </extensions>
      </trkpt>
      <trkpt lat="53.97506296634674072265625" lon="-0.97249899990856647491455078125">
        <ele>34.59999847412109375</ele>
        <time>2018-10-14T10:22:22.000Z</time>
        <extensions>
          <ns3:TrackPointExtension>
            <ns3:hr>137</ns3:hr>
            <ns3:cad>98</ns3:cad>
          </ns3:TrackPointExtension>
        </extensions>
      </trkpt>
      <trkpt lat="53.97492039017379283905029296875" lon="-0.9727528877556324005126953125">
        <ele>35</ele>
        <time>2018-10-14T10:22:28.000Z</time>
        <extensions>
          <ns3:TrackPointExtension>
            <ns3:hr>137</ns3:hr>
            <ns3:cad>98</ns3:cad>
          </ns3:TrackPointExtension>
        </extensions>
      </trkpt>
      <trkpt lat="53.97476901300251483917236328125" lon="-0.9729969687759876251220703125">
        <ele>35.59999847412109375</ele>
        <time>2018-10-14T10:22:34.000Z</time>
        <extensions>
          <ns3:TrackPointExtension>
            <ns3:hr>137</ns3:hr>
            <ns3:cad>98</ns3:cad>
          </ns3:TrackPointExtension>
        </extensions>
      </trkpt>
      <trkpt lat="53.97463004104793071746826171875" lon="-0.97320106811821460723876953125">
        <ele>36.799999237060546875</ele>
        <time>2018-10-14T10:22:39.000Z</time>
        <extensions>
          <ns3:TrackPointExtension>
            <ns3:hr>136</ns3:hr>
            <ns3:cad>98</ns3:cad>
          </ns3:TrackPointExtension>
        </extensions>
      </trkpt>
      <trkpt lat="53.9744770713150501251220703125" lon="-0.97343995235860347747802734375">
        <ele>38</ele>
        <time>2018-10-14T10:22:45.000Z</time>
        <extensions>
          <ns3:TrackPointExtension>
            <ns3:hr>135</ns3:hr>
            <ns3:cad>98</ns3:cad>
          </ns3:TrackPointExtension>
        </extensions>
      </trkpt>
      <trkpt lat="53.97435377351939678192138671875" lon="-0.97365100868046283721923828125">
        <ele>38.59999847412109375</ele>
        <time>2018-10-14T10:22:50.000Z</time>
        <extensions>
          <ns3:TrackPointExtension>
            <ns3:hr>137</ns3:hr>
            <ns3:cad>98</ns3:cad>
          </ns3:TrackPointExtension>
        </extensions>
      </trkpt>
      <trkpt lat="53.9742095209658145904541015625" lon="-0.97386172972619533538818359375">
        <ele>39.59999847412109375</ele>
        <time>2018-10-14T10:22:55.000Z</time>
        <extensions>
          <ns3:TrackPointExtension>
            <ns3:hr>138</ns3:hr>
            <ns3:cad>100</ns3:cad>
          </ns3:TrackPointExtension>
        </extensions>
      </trkpt>
      <trkpt lat="53.97406744770705699920654296875" lon="-0.97410748712718486785888671875">
        <ele>40.40000152587890625</ele>
        <time>2018-10-14T10:23:01.000Z</time>
        <extensions>
          <ns3:TrackPointExtension>
            <ns3:hr>137</ns3:hr>
            <ns3:cad>100</ns3:cad>
          </ns3:TrackPointExtension>
        </extensions>
      </trkpt>
      <trkpt lat="53.9739000611007213592529296875" lon="-0.974320806562900543212890625">
        <ele>40.799999237060546875</ele>
        <time>2018-10-14T10:23:07.000Z</time>
        <extensions>
          <ns3:TrackPointExtension>
            <ns3:hr>137</ns3:hr>
            <ns3:cad>99</ns3:cad>
          </ns3:TrackPointExtension>
        </extensions>
      </trkpt>
      <trkpt lat="53.97376276552677154541015625" lon="-0.974523313343524932861328125">
        <ele>40.200000762939453125</ele>
        <time>2018-10-14T10:23:12.000Z</time>
        <extensions>
          <ns3:TrackPointExtension>
            <ns3:hr>135</ns3:hr>
            <ns3:cad>100</ns3:cad>
          </ns3:TrackPointExtension>
        </extensions>
      </trkpt>
      <trkpt lat="53.97359353490173816680908203125" lon="-0.9747461043298244476318359375">
        <ele>39.799999237060546875</ele>
        <time>2018-10-14T10:23:18.000Z</time>
        <extensions>
          <ns3:TrackPointExtension>
            <ns3:hr>133</ns3:hr>
            <ns3:cad>100</ns3:cad>
          </ns3:TrackPointExtension>
        </extensions>
      </trkpt>
      <trkpt lat="53.97353838197886943817138671875" lon="-0.97481391392648220062255859375">
        <ele>39.799999237060546875</ele>
        <time>2018-10-14T10:23:20.000Z</time>
        <extensions>
          <ns3:TrackPointExtension>
            <ns3:hr>127</ns3:hr>
            <ns3:cad>100</ns3:cad>
          </ns3:TrackPointExtension>
        </extensions>
      </trkpt>
      <trkpt lat="53.973509632050991058349609375" lon="-0.97484945319592952728271484375">
        <ele>39.799999237060546875</ele>
        <time>2018-10-14T10:23:21.000Z</time>
        <extensions>
          <ns3:TrackPointExtension>
            <ns3:hr>127</ns3:hr>
            <ns3:cad>100</ns3:cad>
          </ns3:TrackPointExtension>
        </extensions>
      </trkpt>
      <trkpt lat="53.97345221601426601409912109375" lon="-0.97491768188774585723876953125">
        <ele>39.59999847412109375</ele>
        <time>2018-10-14T10:23:23.000Z</time>
        <extensions>
          <ns3:TrackPointExtension>
            <ns3:hr>124</ns3:hr>
            <ns3:cad>100</ns3:cad>
          </ns3:TrackPointExtension>
        </extensions>
      </trkpt>
      <trkpt lat="53.9733046106994152069091796875" lon="-0.97514047287404537200927734375">
        <ele>38</ele>
        <time>2018-10-14T10:23:29.000Z</time>
        <extensions>
          <ns3:TrackPointExtension>
            <ns3:hr>123</ns3:hr>
            <ns3:cad>100</ns3:cad>
          </ns3:TrackPointExtension>
        </extensions>
      </trkpt>
      <trkpt lat="53.97325071506202220916748046875" lon="-0.9752242080867290496826171875">
        <ele>37.59999847412109375</ele>
        <time>2018-10-14T10:23:31.000Z</time>
        <extensions>
          <ns3:TrackPointExtension>
            <ns3:hr>120</ns3:hr>
            <ns3:cad>100</ns3:cad>
          </ns3:TrackPointExtension>
        </extensions>
      </trkpt>
      <trkpt lat="53.9731037802994251251220703125" lon="-0.9754491783678531646728515625">
        <ele>36.799999237060546875</ele>
        <time>2018-10-14T10:23:36.000Z</time>
        <extensions>
          <ns3:TrackPointExtension>
            <ns3:hr>120</ns3:hr>
            <ns3:cad>100</ns3:cad>
          </ns3:TrackPointExtension>
        </extensions>
      </trkpt>
      <trkpt lat="53.97295148111879825592041015625" lon="-0.9756942652165889739990234375">
        <ele>36</ele>
        <time>2018-10-14T10:23:41.000Z</time>
        <extensions>
          <ns3:TrackPointExtension>
            <ns3:hr>121</ns3:hr>
            <ns3:cad>99</ns3:cad>
          </ns3:TrackPointExtension>
        </extensions>
      </trkpt>
      <trkpt lat="53.9728124253451824188232421875" lon="-0.97592904232442378997802734375">
        <ele>35.59999847412109375</ele>
        <time>2018-10-14T10:23:46.000Z</time>
        <extensions>
          <ns3:TrackPointExtension>
            <ns3:hr>123</ns3:hr>
            <ns3:cad>101</ns3:cad>
          </ns3:TrackPointExtension>
        </extensions>
      </trkpt>
      <trkpt lat="53.97266096435487270355224609375" lon="-0.97615786828100681304931640625">
        <ele>35.200000762939453125</ele>
        <time>2018-10-14T10:23:51.000Z</time>
        <extensions>
          <ns3:TrackPointExtension>
            <ns3:hr>125</ns3:hr>
            <ns3:cad>100</ns3:cad>
          </ns3:TrackPointExtension>
        </extensions>
      </trkpt>
      <trkpt lat="53.9725143648684024810791015625" lon="-0.9763812460005283355712890625">
        <ele>34</ele>
        <time>2018-10-14T10:23:56.000Z</time>
        <extensions>
          <ns3:TrackPointExtension>
            <ns3:hr>127</ns3:hr>
            <ns3:cad>100</ns3:cad>
          </ns3:TrackPointExtension>
        </extensions>
      </trkpt>
      <trkpt lat="53.972372710704803466796875" lon="-0.97659640945494174957275390625">
        <ele>33</ele>
        <time>2018-10-14T10:24:01.000Z</time>
        <extensions>
          <ns3:TrackPointExtension>
            <ns3:hr>128</ns3:hr>
            <ns3:cad>100</ns3:cad>
          </ns3:TrackPointExtension>
        </extensions>
      </trkpt>
      <trkpt lat="53.9722404442727565765380859375" lon="-0.9768157638609409332275390625">
        <ele>33.40000152587890625</ele>
        <time>2018-10-14T10:24:06.000Z</time>
        <extensions>
          <ns3:TrackPointExtension>
            <ns3:hr>128</ns3:hr>
            <ns3:cad>100</ns3:cad>
          </ns3:TrackPointExtension>
        </extensions>
      </trkpt>
      <trkpt lat="53.9721059985458850860595703125" lon="-0.9770363755524158477783203125">
        <ele>33.799999237060546875</ele>
        <time>2018-10-14T10:24:11.000Z</time>
        <extensions>
          <ns3:TrackPointExtension>
            <ns3:hr>129</ns3:hr>
            <ns3:cad>100</ns3:cad>
          </ns3:TrackPointExtension>
        </extensions>
      </trkpt>
      <trkpt lat="53.9719782583415508270263671875" lon="-0.9772690571844577789306640625">
        <ele>34.40000152587890625</ele>
        <time>2018-10-14T10:24:16.000Z</time>
        <extensions>
          <ns3:TrackPointExtension>
            <ns3:hr>128</ns3:hr>
            <ns3:cad>100</ns3:cad>
          </ns3:TrackPointExtension>
        </extensions>
      </trkpt>
      <trkpt lat="53.97185160778462886810302734375" lon="-0.9775055944919586181640625">
        <ele>34.200000762939453125</ele>
        <time>2018-10-14T10:24:21.000Z</time>
        <extensions>
          <ns3:TrackPointExtension>
            <ns3:hr>130</ns3:hr>
            <ns3:cad>100</ns3:cad>
          </ns3:TrackPointExtension>
        </extensions>
      </trkpt>
      <trkpt lat="53.9717314951121807098388671875" lon="-0.9777511842548847198486328125">
        <ele>34</ele>
        <time>2018-10-14T10:24:26.000Z</time>
        <extensions>
          <ns3:TrackPointExtension>
            <ns3:hr>130</ns3:hr>
            <ns3:cad>100</ns3:cad>
          </ns3:TrackPointExtension>
        </extensions>
      </trkpt>
      <trkpt lat="53.97162043489515781402587890625" lon="-0.97800004296004772186279296875">
        <ele>34</ele>
        <time>2018-10-14T10:24:31.000Z</time>
        <extensions>
          <ns3:TrackPointExtension>
            <ns3:hr>130</ns3:hr>
            <ns3:cad>100</ns3:cad>
          </ns3:TrackPointExtension>
        </extensions>
      </trkpt>
      <trkpt lat="53.97151482291519641876220703125" lon="-0.97825753502547740936279296875">
        <ele>33.799999237060546875</ele>
        <time>2018-10-14T10:24:36.000Z</time>
        <extensions>
          <ns3:TrackPointExtension>
            <ns3:hr>130</ns3:hr>
            <ns3:cad>100</ns3:cad>
          </ns3:TrackPointExtension>
        </extensions>
      </trkpt>
      <trkpt lat="53.97141491062939167022705078125" lon="-0.9785196371376514434814453125">
        <ele>32.799999237060546875</ele>
        <time>2018-10-14T10:24:41.000Z</time>
        <extensions>
          <ns3:TrackPointExtension>
            <ns3:hr>133</ns3:hr>
            <ns3:cad>100</ns3:cad>
          </ns3:TrackPointExtension>
        </extensions>
      </trkpt>
      <trkpt lat="53.971314914524555206298828125" lon="-0.97878341563045978546142578125">
        <ele>32</ele>
        <time>2018-10-14T10:24:46.000Z</time>
        <extensions>
          <ns3:TrackPointExtension>
            <ns3:hr>133</ns3:hr>
            <ns3:cad>100</ns3:cad>
          </ns3:TrackPointExtension>
        </extensions>
      </trkpt>
      <trkpt lat="53.97121441550552845001220703125" lon="-0.9790782071650028228759765625">
        <ele>32</ele>
        <time>2018-10-14T10:24:51.000Z</time>
        <extensions>
          <ns3:TrackPointExtension>
            <ns3:hr>132</ns3:hr>
            <ns3:cad>101</ns3:cad>
          </ns3:TrackPointExtension>
        </extensions>
      </trkpt>
      <trkpt lat="53.9711283333599567413330078125" lon="-0.979366712272167205810546875">
        <ele>32</ele>
        <time>2018-10-14T10:24:56.000Z</time>
        <extensions>
          <ns3:TrackPointExtension>
            <ns3:hr>131</ns3:hr>
            <ns3:cad>100</ns3:cad>
          </ns3:TrackPointExtension>
        </extensions>
      </trkpt>
      <trkpt lat="53.97104795090854167938232421875" lon="-0.979649685323238372802734375">
        <ele>31.3999996185302734375</ele>
        <time>2018-10-14T10:25:01.000Z</time>
        <extensions>
          <ns3:TrackPointExtension>
            <ns3:hr>131</ns3:hr>
            <ns3:cad>100</ns3:cad>
          </ns3:TrackPointExtension>
        </extensions>
      </trkpt>
      <trkpt lat="53.97103386931121349334716796875" lon="-0.97970592789351940155029296875">
        <ele>31.200000762939453125</ele>
        <time>2018-10-14T10:25:02.000Z</time>
        <extensions>
          <ns3:TrackPointExtension>
            <ns3:hr>134</ns3:hr>
            <ns3:cad>100</ns3:cad>
          </ns3:TrackPointExtension>
        </extensions>
      </trkpt>
      <trkpt lat="53.97095893509685993194580078125" lon="-0.97999267280101776123046875">
        <ele>31</ele>
        <time>2018-10-14T10:25:07.000Z</time>
        <extensions>
          <ns3:TrackPointExtension>
            <ns3:hr>136</ns3:hr>
            <ns3:cad>100</ns3:cad>
          </ns3:TrackPointExtension>
        </extensions>
      </trkpt>
      <trkpt lat="53.970885761082172393798828125" lon="-0.9802754782140254974365234375">
        <ele>31</ele>
        <time>2018-10-14T10:25:12.000Z</time>
        <extensions>
          <ns3:TrackPointExtension>
            <ns3:hr>136</ns3:hr>
            <ns3:cad>99</ns3:cad>
          </ns3:TrackPointExtension>
        </extensions>
      </trkpt>
      <trkpt lat="53.970814011991024017333984375" lon="-0.98061628639698028564453125">
        <ele>30.3999996185302734375</ele>
        <time>2018-10-14T10:25:18.000Z</time>
        <extensions>
          <ns3:TrackPointExtension>
            <ns3:hr>135</ns3:hr>
            <ns3:cad>100</ns3:cad>
          </ns3:TrackPointExtension>
        </extensions>
      </trkpt>
      <trkpt lat="53.97075927816331386566162109375" lon="-0.980908311903476715087890625">
        <ele>29.6000003814697265625</ele>
        <time>2018-10-14T10:25:23.000Z</time>
        <extensions>
          <ns3:TrackPointExtension>
            <ns3:hr>133</ns3:hr>
            <ns3:cad>100</ns3:cad>
          </ns3:TrackPointExtension>
        </extensions>
      </trkpt>
      <trkpt lat="53.9707052148878574371337890625" lon="-0.98121081478893756866455078125">
        <ele>29</ele>
        <time>2018-10-14T10:25:28.000Z</time>
        <extensions>
          <ns3:TrackPointExtension>
            <ns3:hr>134</ns3:hr>
            <ns3:cad>100</ns3:cad>
          </ns3:TrackPointExtension>
        </extensions>
      </trkpt>
      <trkpt lat="53.970659114420413970947265625" lon="-0.9815154969692230224609375">
        <ele>28.200000762939453125</ele>
        <time>2018-10-14T10:25:33.000Z</time>
        <extensions>
          <ns3:TrackPointExtension>
            <ns3:hr>134</ns3:hr>
            <ns3:cad>101</ns3:cad>
          </ns3:TrackPointExtension>
        </extensions>
      </trkpt>
      <trkpt lat="53.97062458097934722900390625" lon="-0.98182135261595249176025390625">
        <ele>28.200000762939453125</ele>
        <time>2018-10-14T10:25:38.000Z</time>
        <extensions>
          <ns3:TrackPointExtension>
            <ns3:hr>134</ns3:hr>
            <ns3:cad>99</ns3:cad>
          </ns3:TrackPointExtension>
        </extensions>
      </trkpt>
      <trkpt lat="53.97058359347283840179443359375" lon="-0.98212092183530330657958984375">
        <ele>28.3999996185302734375</ele>
        <time>2018-10-14T10:25:43.000Z</time>
        <extensions>
          <ns3:TrackPointExtension>
            <ns3:hr>133</ns3:hr>
            <ns3:cad>100</ns3:cad>
          </ns3:TrackPointExtension>
        </extensions>
      </trkpt>
      <trkpt lat="53.9705312065780162811279296875" lon="-0.98241412080824375152587890625">
        <ele>28.6000003814697265625</ele>
        <time>2018-10-14T10:25:48.000Z</time>
        <extensions>
          <ns3:TrackPointExtension>
            <ns3:hr>132</ns3:hr>
            <ns3:cad>100</ns3:cad>
          </ns3:TrackPointExtension>
        </extensions>
      </trkpt>
      <trkpt lat="53.97049256600439548492431640625" lon="-0.9827132709324359893798828125">
        <ele>28.200000762939453125</ele>
        <time>2018-10-14T10:25:53.000Z</time>
        <extensions>
          <ns3:TrackPointExtension>
            <ns3:hr>133</ns3:hr>
            <ns3:cad>99</ns3:cad>
          </ns3:TrackPointExtension>
        </extensions>
      </trkpt>
      <trkpt lat="53.97044093348085880279541015625" lon="-0.98306648433208465576171875">
        <ele>27.200000762939453125</ele>
        <time>2018-10-14T10:25:59.000Z</time>
        <extensions>
          <ns3:TrackPointExtension>
            <ns3:hr>133</ns3:hr>
            <ns3:cad>99</ns3:cad>
          </ns3:TrackPointExtension>
        </extensions>
      </trkpt>
      <trkpt lat="53.97038242779672145843505859375" lon="-0.9834166802465915679931640625">
        <ele>26.200000762939453125</ele>
        <time>2018-10-14T10:26:05.000Z</time>
        <extensions>
          <ns3:TrackPointExtension>
            <ns3:hr>133</ns3:hr>
            <ns3:cad>100</ns3:cad>
          </ns3:TrackPointExtension>
        </extensions>
      </trkpt>
      <trkpt lat="53.970372118055820465087890625" lon="-0.9834726713597774505615234375">
        <ele>26.200000762939453125</ele>
        <time>2018-10-14T10:26:06.000Z</time>
        <extensions>
          <ns3:TrackPointExtension>
            <ns3:hr>134</ns3:hr>
            <ns3:cad>100</ns3:cad>
          </ns3:TrackPointExtension>
        </extensions>
      </trkpt>
      <trkpt lat="53.97031604312360286712646484375" lon="-0.98377433605492115020751953125">
        <ele>25.6000003814697265625</ele>
        <time>2018-10-14T10:26:11.000Z</time>
        <extensions>
          <ns3:TrackPointExtension>
            <ns3:hr>136</ns3:hr>
            <ns3:cad>99</ns3:cad>
          </ns3:TrackPointExtension>
        </extensions>
      </trkpt>
      <trkpt lat="53.97024529986083507537841796875" lon="-0.9841199219226837158203125">
        <ele>25.200000762939453125</ele>
        <time>2018-10-14T10:26:17.000Z</time>
        <extensions>
          <ns3:TrackPointExtension>
            <ns3:hr>136</ns3:hr>
            <ns3:cad>100</ns3:cad>
          </ns3:TrackPointExtension>
        </extensions>
      </trkpt>
      <trkpt lat="53.97016667760908603668212890625" lon="-0.9844057448208332061767578125">
        <ele>25.799999237060546875</ele>
        <time>2018-10-14T10:26:22.000Z</time>
        <extensions>
          <ns3:TrackPointExtension>
            <ns3:hr>135</ns3:hr>
            <ns3:cad>100</ns3:cad>
          </ns3:TrackPointExtension>
        </extensions>
      </trkpt>
      <trkpt lat="53.97007766179740428924560546875" lon="-0.9846924059092998504638671875">
        <ele>26</ele>
        <time>2018-10-14T10:26:27.000Z</time>
        <extensions>
          <ns3:TrackPointExtension>
            <ns3:hr>135</ns3:hr>
            <ns3:cad>100</ns3:cad>
          </ns3:TrackPointExtension>
        </extensions>
      </trkpt>
      <trkpt lat="53.96998261101543903350830078125" lon="-0.9849626384675502777099609375">
        <ele>25.6000003814697265625</ele>
        <time>2018-10-14T10:26:32.000Z</time>
        <extensions>
          <ns3:TrackPointExtension>
            <ns3:hr>133</ns3:hr>
            <ns3:cad>100</ns3:cad>
          </ns3:TrackPointExtension>
        </extensions>
      </trkpt>
      <trkpt lat="53.96988403983414173126220703125" lon="-0.985224656760692596435546875">
        <ele>25.799999237060546875</ele>
        <time>2018-10-14T10:26:37.000Z</time>
        <extensions>
          <ns3:TrackPointExtension>
            <ns3:hr>134</ns3:hr>
            <ns3:cad>99</ns3:cad>
          </ns3:TrackPointExtension>
        </extensions>
      </trkpt>
      <trkpt lat="53.969781361520290374755859375" lon="-0.9854963980615139007568359375">
        <ele>25.6000003814697265625</ele>
        <time>2018-10-14T10:26:42.000Z</time>
        <extensions>
          <ns3:TrackPointExtension>
            <ns3:hr>134</ns3:hr>
            <ns3:cad>100</ns3:cad>
          </ns3:TrackPointExtension>
        </extensions>
      </trkpt>
      <trkpt lat="53.96967063657939434051513671875" lon="-0.98579429090023040771484375">
        <ele>24.6000003814697265625</ele>
        <time>2018-10-14T10:26:48.000Z</time>
        <extensions>
          <ns3:TrackPointExtension>
            <ns3:hr>135</ns3:hr>
            <ns3:cad>100</ns3:cad>
          </ns3:TrackPointExtension>
        </extensions>
      </trkpt>
      <trkpt lat="53.96956016309559345245361328125" lon="-0.98609629087150096893310546875">
        <ele>23.6000003814697265625</ele>
        <time>2018-10-14T10:26:54.000Z</time>
        <extensions>
          <ns3:TrackPointExtension>
            <ns3:hr>134</ns3:hr>
            <ns3:cad>99</ns3:cad>
          </ns3:TrackPointExtension>
        </extensions>
      </trkpt>
      <trkpt lat="53.96944834850728511810302734375" lon="-0.98639401607215404510498046875">
        <ele>23.3999996185302734375</ele>
        <time>2018-10-14T10:27:00.000Z</time>
        <extensions>
          <ns3:TrackPointExtension>
            <ns3:hr>134</ns3:hr>
            <ns3:cad>99</ns3:cad>
          </ns3:TrackPointExtension>
        </extensions>
      </trkpt>
      <trkpt lat="53.9693336002528667449951171875" lon="-0.98668755032122135162353515625">
        <ele>23.799999237060546875</ele>
        <time>2018-10-14T10:27:06.000Z</time>
        <extensions>
          <ns3:TrackPointExtension>
            <ns3:hr>132</ns3:hr>
            <ns3:cad>99</ns3:cad>
          </ns3:TrackPointExtension>
        </extensions>
      </trkpt>
      <trkpt lat="53.9692370407283306121826171875" lon="-0.98699650727212429046630859375">
        <ele>24.3999996185302734375</ele>
        <time>2018-10-14T10:27:12.000Z</time>
        <extensions>
          <ns3:TrackPointExtension>
            <ns3:hr>131</ns3:hr>
            <ns3:cad>98</ns3:cad>
          </ns3:TrackPointExtension>
        </extensions>
      </trkpt>
      <trkpt lat="53.96914777345955371856689453125" lon="-0.9872975014150142669677734375">
        <ele>25.3999996185302734375</ele>
        <time>2018-10-14T10:27:18.000Z</time>
        <extensions>
          <ns3:TrackPointExtension>
            <ns3:hr>131</ns3:hr>
            <ns3:cad>97</ns3:cad>
          </ns3:TrackPointExtension>
        </extensions>
      </trkpt>
      <trkpt lat="53.96905456669628620147705078125" lon="-0.98759229294955730438232421875">
        <ele>25</ele>
        <time>2018-10-14T10:27:24.000Z</time>
        <extensions>
          <ns3:TrackPointExtension>
            <ns3:hr>133</ns3:hr>
            <ns3:cad>98</ns3:cad>
          </ns3:TrackPointExtension>
        </extensions>
      </trkpt>
      <trkpt lat="53.968972675502300262451171875" lon="-0.98789990879595279693603515625">
        <ele>25.200000762939453125</ele>
        <time>2018-10-14T10:27:30.000Z</time>
        <extensions>
          <ns3:TrackPointExtension>
            <ns3:hr>132</ns3:hr>
            <ns3:cad>98</ns3:cad>
          </ns3:TrackPointExtension>
        </extensions>
      </trkpt>
      <trkpt lat="53.96888650953769683837890625" lon="-0.98821699619293212890625">
        <ele>25</ele>
        <time>2018-10-14T10:27:36.000Z</time>
        <extensions>
          <ns3:TrackPointExtension>
            <ns3:hr>131</ns3:hr>
            <ns3:cad>98</ns3:cad>
          </ns3:TrackPointExtension>
        </extensions>
      </trkpt>
      <trkpt lat="53.96881274878978729248046875" lon="-0.98846635781228542327880859375">
        <ele>23.799999237060546875</ele>
        <time>2018-10-14T10:27:41.000Z</time>
        <extensions>
          <ns3:TrackPointExtension>
            <ns3:hr>134</ns3:hr>
            <ns3:cad>98</ns3:cad>
          </ns3:TrackPointExtension>
        </extensions>
      </trkpt>
      <trkpt lat="53.96872960031032562255859375" lon="-0.9887842833995819091796875">
        <ele>24</ele>
        <time>2018-10-14T10:27:47.000Z</time>
        <extensions>
          <ns3:TrackPointExtension>
            <ns3:hr>134</ns3:hr>
            <ns3:cad>99</ns3:cad>
          </ns3:TrackPointExtension>
        </extensions>
      </trkpt>
      <trkpt lat="53.968640752136707305908203125" lon="-0.98908628337085247039794921875">
        <ele>24.3999996185302734375</ele>
        <time>2018-10-14T10:27:53.000Z</time>
        <extensions>
          <ns3:TrackPointExtension>
            <ns3:hr>136</ns3:hr>
            <ns3:cad>99</ns3:cad>
          </ns3:TrackPointExtension>
        </extensions>
      </trkpt>
      <trkpt lat="53.968542851507663726806640625" lon="-0.98938635550439357757568359375">
        <ele>24.799999237060546875</ele>
        <time>2018-10-14T10:27:59.000Z</time>
        <extensions>
          <ns3:TrackPointExtension>
            <ns3:hr>134</ns3:hr>
            <ns3:cad>99</ns3:cad>
          </ns3:TrackPointExtension>
        </extensions>
      </trkpt>
      <trkpt lat="53.96843430586159229278564453125" lon="-0.98968927748501300811767578125">
        <ele>24.799999237060546875</ele>
        <time>2018-10-14T10:28:05.000Z</time>
        <extensions>
          <ns3:TrackPointExtension>
            <ns3:hr>133</ns3:hr>
            <ns3:cad>99</ns3:cad>
          </ns3:TrackPointExtension>
        </extensions>
      </trkpt>
      <trkpt lat="53.968336321413516998291015625" lon="-0.98995951004326343536376953125">
        <ele>24.6000003814697265625</ele>
        <time>2018-10-14T10:28:10.000Z</time>
        <extensions>
          <ns3:TrackPointExtension>
            <ns3:hr>133</ns3:hr>
            <ns3:cad>100</ns3:cad>
          </ns3:TrackPointExtension>
        </extensions>
      </trkpt>
      <trkpt lat="53.96823473274707794189453125" lon="-0.9902217797935009002685546875">
        <ele>24.799999237060546875</ele>
        <time>2018-10-14T10:28:15.000Z</time>
        <extensions>
          <ns3:TrackPointExtension>
            <ns3:hr>132</ns3:hr>
            <ns3:cad>99</ns3:cad>
          </ns3:TrackPointExtension>
        </extensions>
      </trkpt>
      <trkpt lat="53.968122415244579315185546875" lon="-0.99046343006193637847900390625">
        <ele>25</ele>
        <time>2018-10-14T10:28:20.000Z</time>
        <extensions>
          <ns3:TrackPointExtension>
            <ns3:hr>133</ns3:hr>
            <ns3:cad>99</ns3:cad>
          </ns3:TrackPointExtension>
        </extensions>
      </trkpt>
      <trkpt lat="53.96800733171403408050537109375" lon="-0.99072578363120555877685546875">
        <ele>24.799999237060546875</ele>
        <time>2018-10-14T10:28:25.000Z</time>
        <extensions>
          <ns3:TrackPointExtension>
            <ns3:hr>133</ns3:hr>
            <ns3:cad>99</ns3:cad>
          </ns3:TrackPointExtension>
        </extensions>
      </trkpt>
      <trkpt lat="53.9678694494068622589111328125" lon="-0.99099668674170970916748046875">
        <ele>24</ele>
        <time>2018-10-14T10:28:31.000Z</time>
        <extensions>
          <ns3:TrackPointExtension>
            <ns3:hr>135</ns3:hr>
            <ns3:cad>99</ns3:cad>
          </ns3:TrackPointExtension>
        </extensions>
      </trkpt>
      <trkpt lat="53.9677239395678043365478515625" lon="-0.9912487305700778961181640625">
        <ele>24</ele>
        <time>2018-10-14T10:28:37.000Z</time>
        <extensions>
          <ns3:TrackPointExtension>
            <ns3:hr>134</ns3:hr>
            <ns3:cad>99</ns3:cad>
          </ns3:TrackPointExtension>
        </extensions>
      </trkpt>
      <trkpt lat="53.96757214330136775970458984375" lon="-0.99148887209594249725341796875">
        <ele>24</ele>
        <time>2018-10-14T10:28:43.000Z</time>
        <extensions>
          <ns3:TrackPointExtension>
            <ns3:hr>133</ns3:hr>
            <ns3:cad>99</ns3:cad>
          </ns3:TrackPointExtension>
        </extensions>
      </trkpt>
      <trkpt lat="53.96745865233242511749267578125" lon="-0.99162482656538486480712890625">
        <ele>24</ele>
        <time>2018-10-14T10:28:47.000Z</time>
        <extensions>
          <ns3:TrackPointExtension>
            <ns3:hr>130</ns3:hr>
            <ns3:cad>100</ns3:cad>
          </ns3:TrackPointExtension>
        </extensions>
      </trkpt>
      <trkpt lat="53.96742898039519786834716796875" lon="-0.99166028201580047607421875">
        <ele>24</ele>
        <time>2018-10-14T10:28:48.000Z</time>
        <extensions>
          <ns3:TrackPointExtension>
            <ns3:hr>126</ns3:hr>
            <ns3:cad>100</ns3:cad>
          </ns3:TrackPointExtension>
        </extensions>
      </trkpt>
      <trkpt lat="53.96727693267166614532470703125" lon="-0.9918178617954254150390625">
        <ele>24</ele>
        <time>2018-10-14T10:28:53.000Z</time>
        <extensions>
          <ns3:TrackPointExtension>
            <ns3:hr>120</ns3:hr>
            <ns3:cad>99</ns3:cad>
          </ns3:TrackPointExtension>
        </extensions>
      </trkpt>
      <trkpt lat="53.9672455005347728729248046875" lon="-0.99184334278106689453125">
        <ele>23.799999237060546875</ele>
        <time>2018-10-14T10:28:54.000Z</time>
        <extensions>
          <ns3:TrackPointExtension>
            <ns3:hr>120</ns3:hr>
            <ns3:cad>98</ns3:cad>
          </ns3:TrackPointExtension>
        </extensions>
      </trkpt>
      <trkpt lat="53.96706067956984043121337890625" lon="-0.992014668881893157958984375">
        <ele>23.200000762939453125</ele>
        <time>2018-10-14T10:29:00.000Z</time>
        <extensions>
          <ns3:TrackPointExtension>
            <ns3:hr>118</ns3:hr>
            <ns3:cad>98</ns3:cad>
          </ns3:TrackPointExtension>
        </extensions>
      </trkpt>
      <trkpt lat="53.96687812171876430511474609375" lon="-0.9921987354755401611328125">
        <ele>23.200000762939453125</ele>
        <time>2018-10-14T10:29:06.000Z</time>
        <extensions>
          <ns3:TrackPointExtension>
            <ns3:hr>120</ns3:hr>
            <ns3:cad>98</ns3:cad>
          </ns3:TrackPointExtension>
        </extensions>
      </trkpt>
      <trkpt lat="53.96672942675650119781494140625" lon="-0.99237374961376190185546875">
        <ele>23.200000762939453125</ele>
        <time>2018-10-14T10:29:11.000Z</time>
        <extensions>
          <ns3:TrackPointExtension>
            <ns3:hr>121</ns3:hr>
            <ns3:cad>98</ns3:cad>
          </ns3:TrackPointExtension>
        </extensions>
      </trkpt>
      <trkpt lat="53.96657452918589115142822265625" lon="-0.99261791445314884185791015625">
        <ele>23</ele>
        <time>2018-10-14T10:29:17.000Z</time>
        <extensions>
          <ns3:TrackPointExtension>
            <ns3:hr>124</ns3:hr>
            <ns3:cad>99</ns3:cad>
          </ns3:TrackPointExtension>
        </extensions>
      </trkpt>
      <trkpt lat="53.96645843982696533203125" lon="-0.99285109899938106536865234375">
        <ele>22.3999996185302734375</ele>
        <time>2018-10-14T10:29:22.000Z</time>
        <extensions>
          <ns3:TrackPointExtension>
            <ns3:hr>125</ns3:hr>
            <ns3:cad>99</ns3:cad>
          </ns3:TrackPointExtension>
        </extensions>
      </trkpt>
      <trkpt lat="53.96635609678924083709716796875" lon="-0.99311940371990203857421875">
        <ele>21.799999237060546875</ele>
        <time>2018-10-14T10:29:27.000Z</time>
        <extensions>
          <ns3:TrackPointExtension>
            <ns3:hr>127</ns3:hr>
            <ns3:cad>100</ns3:cad>
          </ns3:TrackPointExtension>
        </extensions>
      </trkpt>
      <trkpt lat="53.9662715233862400054931640625" lon="-0.99332861602306365966796875">
        <ele>21.799999237060546875</ele>
        <time>2018-10-14T10:29:31.000Z</time>
        <extensions>
          <ns3:TrackPointExtension>
            <ns3:hr>127</ns3:hr>
            <ns3:cad>100</ns3:cad>
          </ns3:TrackPointExtension>
        </extensions>
      </trkpt>
      <trkpt lat="53.9661608822643756866455078125" lon="-0.9935760498046875">
        <ele>22</ele>
        <time>2018-10-14T10:29:36.000Z</time>
        <extensions>
          <ns3:TrackPointExtension>
            <ns3:hr>131</ns3:hr>
            <ns3:cad>99</ns3:cad>
          </ns3:TrackPointExtension>
        </extensions>
      </trkpt>
      <trkpt lat="53.96610229276120662689208984375" lon="-0.99372566677629947662353515625">
        <ele>22</ele>
        <time>2018-10-14T10:29:39.000Z</time>
        <extensions>
          <ns3:TrackPointExtension>
            <ns3:hr>134</ns3:hr>
            <ns3:cad>99</ns3:cad>
          </ns3:TrackPointExtension>
        </extensions>
      </trkpt>
      <trkpt lat="53.96599969826638698577880859375" lon="-0.99397460930049419403076171875">
        <ele>21.200000762939453125</ele>
        <time>2018-10-14T10:29:44.000Z</time>
        <extensions>
          <ns3:TrackPointExtension>
            <ns3:hr>137</ns3:hr>
            <ns3:cad>99</ns3:cad>
          </ns3:TrackPointExtension>
        </extensions>
      </trkpt>
      <trkpt lat="53.9658755622804164886474609375" lon="-0.99421449936926364898681640625">
        <ele>20.6000003814697265625</ele>
        <time>2018-10-14T10:29:49.000Z</time>
        <extensions>
          <ns3:TrackPointExtension>
            <ns3:hr>139</ns3:hr>
            <ns3:cad>99</ns3:cad>
          </ns3:TrackPointExtension>
        </extensions>
      </trkpt>
      <trkpt lat="53.96573516540229320526123046875" lon="-0.9944549761712551116943359375">
        <ele>19.799999237060546875</ele>
        <time>2018-10-14T10:29:54.000Z</time>
        <extensions>
          <ns3:TrackPointExtension>
            <ns3:hr>139</ns3:hr>
            <ns3:cad>99</ns3:cad>
          </ns3:TrackPointExtension>
        </extensions>
      </trkpt>
      <trkpt lat="53.9655992947518825531005859375" lon="-0.9946682117879390716552734375">
        <ele>19.3999996185302734375</ele>
        <time>2018-10-14T10:29:59.000Z</time>
        <extensions>
          <ns3:TrackPointExtension>
            <ns3:hr>137</ns3:hr>
            <ns3:cad>99</ns3:cad>
          </ns3:TrackPointExtension>
        </extensions>
      </trkpt>
      <trkpt lat="53.9654631726443767547607421875" lon="-0.99486862309277057647705078125">
        <ele>19.6000003814697265625</ele>
        <time>2018-10-14T10:30:04.000Z</time>
        <extensions>
          <ns3:TrackPointExtension>
            <ns3:hr>135</ns3:hr>
            <ns3:cad>99</ns3:cad>
          </ns3:TrackPointExtension>
        </extensions>
      </trkpt>
      <trkpt lat="53.96530173718929290771484375" lon="-0.9950829483568668365478515625">
        <ele>19.6000003814697265625</ele>
        <time>2018-10-14T10:30:10.000Z</time>
        <extensions>
          <ns3:TrackPointExtension>
            <ns3:hr>134</ns3:hr>
            <ns3:cad>99</ns3:cad>
          </ns3:TrackPointExtension>
        </extensions>
      </trkpt>
      <trkpt lat="53.96514290012419223785400390625" lon="-0.9953079186379909515380859375">
        <ele>20</ele>
        <time>2018-10-14T10:30:16.000Z</time>
        <extensions>
          <ns3:TrackPointExtension>
            <ns3:hr>133</ns3:hr>
            <ns3:cad>99</ns3:cad>
          </ns3:TrackPointExtension>
        </extensions>
      </trkpt>
      <trkpt lat="53.96498263813555240631103515625" lon="-0.995537750422954559326171875">
        <ele>20.6000003814697265625</ele>
        <time>2018-10-14T10:30:22.000Z</time>
        <extensions>
          <ns3:TrackPointExtension>
            <ns3:hr>135</ns3:hr>
            <ns3:cad>99</ns3:cad>
          </ns3:TrackPointExtension>
        </extensions>
      </trkpt>
      <trkpt lat="53.96482304669916629791259765625" lon="-0.99575526081025600433349609375">
        <ele>20.799999237060546875</ele>
        <time>2018-10-14T10:30:28.000Z</time>
        <extensions>
          <ns3:TrackPointExtension>
            <ns3:hr>133</ns3:hr>
            <ns3:cad>98</ns3:cad>
          </ns3:TrackPointExtension>
        </extensions>
      </trkpt>
      <trkpt lat="53.96467502228915691375732421875" lon="-0.9959685802459716796875">
        <ele>20</ele>
        <time>2018-10-14T10:30:34.000Z</time>
        <extensions>
          <ns3:TrackPointExtension>
            <ns3:hr>132</ns3:hr>
            <ns3:cad>99</ns3:cad>
          </ns3:TrackPointExtension>
        </extensions>
      </trkpt>
      <trkpt lat="53.9645193703472614288330078125" lon="-0.99618516862392425537109375">
        <ele>19.3999996185302734375</ele>
        <time>2018-10-14T10:30:40.000Z</time>
        <extensions>
          <ns3:TrackPointExtension>
            <ns3:hr>133</ns3:hr>
            <ns3:cad>92</ns3:cad>
          </ns3:TrackPointExtension>
        </extensions>
      </trkpt>
      <trkpt lat="53.9643622934818267822265625" lon="-0.99641726352274417877197265625">
        <ele>19.799999237060546875</ele>
        <time>2018-10-14T10:30:46.000Z</time>
        <extensions>
          <ns3:TrackPointExtension>
            <ns3:hr>132</ns3:hr>
            <ns3:cad>98</ns3:cad>
          </ns3:TrackPointExtension>
        </extensions>
      </trkpt>
      <trkpt lat="53.9642283506691455841064453125" lon="-0.99663502536714076995849609375">
        <ele>20</ele>
        <time>2018-10-14T10:30:51.000Z</time>
        <extensions>
          <ns3:TrackPointExtension>
            <ns3:hr>132</ns3:hr>
            <ns3:cad>98</ns3:cad>
          </ns3:TrackPointExtension>
        </extensions>
      </trkpt>
      <trkpt lat="53.96408929489552974700927734375" lon="-0.99684339947998523712158203125">
        <ele>20.3999996185302734375</ele>
        <time>2018-10-14T10:30:56.000Z</time>
        <extensions>
          <ns3:TrackPointExtension>
            <ns3:hr>131</ns3:hr>
            <ns3:cad>99</ns3:cad>
          </ns3:TrackPointExtension>
        </extensions>
      </trkpt>
      <trkpt lat="53.9639470539987087249755859375" lon="-0.9970473311841487884521484375">
        <ele>20.6000003814697265625</ele>
        <time>2018-10-14T10:31:01.000Z</time>
        <extensions>
          <ns3:TrackPointExtension>
            <ns3:hr>132</ns3:hr>
            <ns3:cad>98</ns3:cad>
          </ns3:TrackPointExtension>
        </extensions>
      </trkpt>
      <trkpt lat="53.96381068043410778045654296875" lon="-0.99724807776510715484619140625">
        <ele>21.3999996185302734375</ele>
        <time>2018-10-14T10:31:06.000Z</time>
        <extensions>
          <ns3:TrackPointExtension>
            <ns3:hr>132</ns3:hr>
            <ns3:cad>98</ns3:cad>
          </ns3:TrackPointExtension>
        </extensions>
      </trkpt>
      <trkpt lat="53.96365058608353137969970703125" lon="-0.99749282933771610260009765625">
        <ele>21.6000003814697265625</ele>
        <time>2018-10-14T10:31:12.000Z</time>
        <extensions>
          <ns3:TrackPointExtension>
            <ns3:hr>133</ns3:hr>
            <ns3:cad>98</ns3:cad>
          </ns3:TrackPointExtension>
        </extensions>
      </trkpt>
      <trkpt lat="53.963516056537628173828125" lon="-0.99770053289830684661865234375">
        <ele>21</ele>
        <time>2018-10-14T10:31:17.000Z</time>
        <extensions>
          <ns3:TrackPointExtension>
            <ns3:hr>132</ns3:hr>
            <ns3:cad>99</ns3:cad>
          </ns3:TrackPointExtension>
        </extensions>
      </trkpt>
      <trkpt lat="53.96337230689823627471923828125" lon="-0.997932963073253631591796875">
        <ele>21</ele>
        <time>2018-10-14T10:31:23.000Z</time>
        <extensions>
          <ns3:TrackPointExtension>
            <ns3:hr>133</ns3:hr>
            <ns3:cad>99</ns3:cad>
          </ns3:TrackPointExtension>
        </extensions>
      </trkpt>
      <trkpt lat="53.9632288925349712371826171875" lon="-0.9981681592762470245361328125">
        <ele>21</ele>
        <time>2018-10-14T10:31:29.000Z</time>
        <extensions>
          <ns3:TrackPointExtension>
            <ns3:hr>132</ns3:hr>
            <ns3:cad>99</ns3:cad>
          </ns3:TrackPointExtension>
        </extensions>
      </trkpt>
      <trkpt lat="53.96307910792529582977294921875" lon="-0.9983704984188079833984375">
        <ele>20.799999237060546875</ele>
        <time>2018-10-14T10:31:35.000Z</time>
        <extensions>
          <ns3:TrackPointExtension>
            <ns3:hr>132</ns3:hr>
            <ns3:cad>100</ns3:cad>
          </ns3:TrackPointExtension>
        </extensions>
      </trkpt>
      <trkpt lat="53.96292672492563724517822265625" lon="-0.99858499132096767425537109375">
        <ele>20.6000003814697265625</ele>
        <time>2018-10-14T10:31:41.000Z</time>
        <extensions>
          <ns3:TrackPointExtension>
            <ns3:hr>132</ns3:hr>
            <ns3:cad>99</ns3:cad>
          </ns3:TrackPointExtension>
        </extensions>
      </trkpt>
      <trkpt lat="53.9628000743687152862548828125" lon="-0.9988206066191196441650390625">
        <ele>20.200000762939453125</ele>
        <time>2018-10-14T10:31:46.000Z</time>
        <extensions>
          <ns3:TrackPointExtension>
            <ns3:hr>133</ns3:hr>
            <ns3:cad>100</ns3:cad>
          </ns3:TrackPointExtension>
        </extensions>
      </trkpt>
      <trkpt lat="53.96267116069793701171875" lon="-0.999047756195068359375">
        <ele>20</ele>
        <time>2018-10-14T10:31:51.000Z</time>
        <extensions>
          <ns3:TrackPointExtension>
            <ns3:hr>133</ns3:hr>
            <ns3:cad>100</ns3:cad>
          </ns3:TrackPointExtension>
        </extensions>
      </trkpt>
      <trkpt lat="53.96253126673400402069091796875" lon="-0.99926090799272060394287109375">
        <ele>19.6000003814697265625</ele>
        <time>2018-10-14T10:31:56.000Z</time>
        <extensions>
          <ns3:TrackPointExtension>
            <ns3:hr>132</ns3:hr>
            <ns3:cad>99</ns3:cad>
          </ns3:TrackPointExtension>
        </extensions>
      </trkpt>
      <trkpt lat="53.96237502805888652801513671875" lon="-0.99951202981173992156982421875">
        <ele>19.200000762939453125</ele>
        <time>2018-10-14T10:32:02.000Z</time>
        <extensions>
          <ns3:TrackPointExtension>
            <ns3:hr>132</ns3:hr>
            <ns3:cad>99</ns3:cad>
          </ns3:TrackPointExtension>
        </extensions>
      </trkpt>
      <trkpt lat="53.96224427036941051483154296875" lon="-0.99972777999937534332275390625">
        <ele>19.3999996185302734375</ele>
        <time>2018-10-14T10:32:07.000Z</time>
        <extensions>
          <ns3:TrackPointExtension>
            <ns3:hr>133</ns3:hr>
            <ns3:cad>99</ns3:cad>
          </ns3:TrackPointExtension>
        </extensions>
      </trkpt>
      <trkpt lat="53.9621011912822723388671875" lon="-0.9999823383986949920654296875">
        <ele>19.3999996185302734375</ele>
        <time>2018-10-14T10:32:13.000Z</time>
        <extensions>
          <ns3:TrackPointExtension>
            <ns3:hr>135</ns3:hr>
            <ns3:cad>99</ns3:cad>
          </ns3:TrackPointExtension>
        </extensions>
      </trkpt>
      <trkpt lat="53.96197319962084293365478515625" lon="-1.000181324779987335205078125">
        <ele>19.6000003814697265625</ele>
        <time>2018-10-14T10:32:18.000Z</time>
        <extensions>
          <ns3:TrackPointExtension>
            <ns3:hr>132</ns3:hr>
            <ns3:cad>98</ns3:cad>
          </ns3:TrackPointExtension>
        </extensions>
      </trkpt>
      <trkpt lat="53.96194553934037685394287109375" lon="-1.00022298283874988555908203125">
        <ele>19.6000003814697265625</ele>
        <time>2018-10-14T10:32:19.000Z</time>
        <extensions>
          <ns3:TrackPointExtension>
            <ns3:hr>126</ns3:hr>
            <ns3:cad>98</ns3:cad>
          </ns3:TrackPointExtension>
        </extensions>
      </trkpt>
      <trkpt lat="53.961919136345386505126953125" lon="-1.00026288069784641265869140625">
        <ele>19.6000003814697265625</ele>
        <time>2018-10-14T10:32:20.000Z</time>
        <extensions>
          <ns3:TrackPointExtension>
            <ns3:hr>129</ns3:hr>
            <ns3:cad>98</ns3:cad>
          </ns3:TrackPointExtension>
        </extensions>
      </trkpt>
      <trkpt lat="53.96186490543186664581298828125" lon="-1.00034234113991260528564453125">
        <ele>19.799999237060546875</ele>
        <time>2018-10-14T10:32:22.000Z</time>
        <extensions>
          <ns3:TrackPointExtension>
            <ns3:hr>123</ns3:hr>
            <ns3:cad>98</ns3:cad>
          </ns3:TrackPointExtension>
        </extensions>
      </trkpt>
      <trkpt lat="53.96183640696108341217041015625" lon="-1.00038014352321624755859375">
        <ele>19.799999237060546875</ele>
        <time>2018-10-14T10:32:23.000Z</time>
        <extensions>
          <ns3:TrackPointExtension>
            <ns3:hr>123</ns3:hr>
            <ns3:cad>99</ns3:cad>
          </ns3:TrackPointExtension>
        </extensions>
      </trkpt>
      <trkpt lat="53.96167966537177562713623046875" lon="-1.0006196983158588409423828125">
        <ele>19.200000762939453125</ele>
        <time>2018-10-14T10:32:29.000Z</time>
        <extensions>
          <ns3:TrackPointExtension>
            <ns3:hr>122</ns3:hr>
            <ns3:cad>99</ns3:cad>
          </ns3:TrackPointExtension>
        </extensions>
      </trkpt>
      <trkpt lat="53.96152141503989696502685546875" lon="-1.0008553974330425262451171875">
        <ele>18.3999996185302734375</ele>
        <time>2018-10-14T10:32:35.000Z</time>
        <extensions>
          <ns3:TrackPointExtension>
            <ns3:hr>120</ns3:hr>
            <ns3:cad>100</ns3:cad>
          </ns3:TrackPointExtension>
        </extensions>
      </trkpt>
      <trkpt lat="53.96137003786861896514892578125" lon="-1.0010902583599090576171875">
        <ele>18.200000762939453125</ele>
        <time>2018-10-14T10:32:41.000Z</time>
        <extensions>
          <ns3:TrackPointExtension>
            <ns3:hr>121</ns3:hr>
            <ns3:cad>99</ns3:cad>
          </ns3:TrackPointExtension>
        </extensions>
      </trkpt>
      <trkpt lat="53.9612152241170406341552734375" lon="-1.0013402067124843597412109375">
        <ele>18.200000762939453125</ele>
        <time>2018-10-14T10:32:47.000Z</time>
        <extensions>
          <ns3:TrackPointExtension>
            <ns3:hr>122</ns3:hr>
            <ns3:cad>100</ns3:cad>
          </ns3:TrackPointExtension>
        </extensions>
      </trkpt>
      <trkpt lat="53.96105236373841762542724609375" lon="-1.00157951004803180694580078125">
        <ele>19.200000762939453125</ele>
        <time>2018-10-14T10:32:53.000Z</time>
        <extensions>
          <ns3:TrackPointExtension>
            <ns3:hr>121</ns3:hr>
            <ns3:cad>99</ns3:cad>
          </ns3:TrackPointExtension>
        </extensions>
      </trkpt>
      <trkpt lat="53.96100081503391265869140625" lon="-1.00166131742298603057861328125">
        <ele>19.200000762939453125</ele>
        <time>2018-10-14T10:32:55.000Z</time>
        <extensions>
          <ns3:TrackPointExtension>
            <ns3:hr>122</ns3:hr>
            <ns3:cad>100</ns3:cad>
          </ns3:TrackPointExtension>
        </extensions>
      </trkpt>
      <trkpt lat="53.960857652127742767333984375" lon="-1.00191025994718074798583984375">
        <ele>19.799999237060546875</ele>
        <time>2018-10-14T10:33:01.000Z</time>
        <extensions>
          <ns3:TrackPointExtension>
            <ns3:hr>125</ns3:hr>
            <ns3:cad>98</ns3:cad>
          </ns3:TrackPointExtension>
        </extensions>
      </trkpt>
      <trkpt lat="53.9607225358486175537109375" lon="-1.00218887440860271453857421875">
        <ele>20.3999996185302734375</ele>
        <time>2018-10-14T10:33:07.000Z</time>
        <extensions>
          <ns3:TrackPointExtension>
            <ns3:hr>124</ns3:hr>
            <ns3:cad>100</ns3:cad>
          </ns3:TrackPointExtension>
        </extensions>
      </trkpt>
      <trkpt lat="53.9605983160436153411865234375" lon="-1.0024313628673553466796875">
        <ele>20.3999996185302734375</ele>
        <time>2018-10-14T10:33:12.000Z</time>
        <extensions>
          <ns3:TrackPointExtension>
            <ns3:hr>125</ns3:hr>
            <ns3:cad>99</ns3:cad>
          </ns3:TrackPointExtension>
        </extensions>
      </trkpt>
      <trkpt lat="53.9604762755334377288818359375" lon="-1.002676449716091156005859375">
        <ele>20.799999237060546875</ele>
        <time>2018-10-14T10:33:17.000Z</time>
        <extensions>
          <ns3:TrackPointExtension>
            <ns3:hr>124</ns3:hr>
            <ns3:cad>98</ns3:cad>
          </ns3:TrackPointExtension>
        </extensions>
      </trkpt>
      <trkpt lat="53.960366137325763702392578125" lon="-1.0029294155538082122802734375">
        <ele>21</ele>
        <time>2018-10-14T10:33:22.000Z</time>
        <extensions>
          <ns3:TrackPointExtension>
            <ns3:hr>124</ns3:hr>
            <ns3:cad>99</ns3:cad>
          </ns3:TrackPointExtension>
        </extensions>
      </trkpt>
      <trkpt lat="53.960238732397556304931640625" lon="-1.00318615324795246124267578125">
        <ele>20.6000003814697265625</ele>
        <time>2018-10-14T10:33:28.000Z</time>
        <extensions>
          <ns3:TrackPointExtension>
            <ns3:hr>125</ns3:hr>
            <ns3:cad>98</ns3:cad>
          </ns3:TrackPointExtension>
        </extensions>
      </trkpt>
      <trkpt lat="53.96011208184063434600830078125" lon="-1.00343425758183002471923828125">
        <ele>20.200000762939453125</ele>
        <time>2018-10-14T10:33:34.000Z</time>
        <extensions>
          <ns3:TrackPointExtension>
            <ns3:hr>125</ns3:hr>
            <ns3:cad>99</ns3:cad>
          </ns3:TrackPointExtension>
        </extensions>
      </trkpt>
      <trkpt lat="53.96009632386267185211181640625" lon="-1.00352126173675060272216796875">
        <ele>20.200000762939453125</ele>
        <time>2018-10-14T10:33:36.000Z</time>
        <extensions>
          <ns3:TrackPointExtension>
            <ns3:hr>124</ns3:hr>
            <ns3:cad>99</ns3:cad>
          </ns3:TrackPointExtension>
        </extensions>
      </trkpt>
      <trkpt lat="53.9601232297718524932861328125" lon="-1.00352109409868717193603515625">
        <ele>20</ele>
        <time>2018-10-14T10:33:38.000Z</time>
        <extensions>
          <ns3:TrackPointExtension>
            <ns3:hr>125</ns3:hr>
            <ns3:cad>97</ns3:cad>
          </ns3:TrackPointExtension>
        </extensions>
      </trkpt>
      <trkpt lat="53.9602640457451343536376953125" lon="-1.003223955631256103515625">
        <ele>20.3999996185302734375</ele>
        <time>2018-10-14T10:33:43.000Z</time>
        <extensions>
          <ns3:TrackPointExtension>
            <ns3:hr>126</ns3:hr>
            <ns3:cad>99</ns3:cad>
          </ns3:TrackPointExtension>
        </extensions>
      </trkpt>
      <trkpt lat="53.9604108966886997222900390625" lon="-1.002952046692371368408203125">
        <ele>20.799999237060546875</ele>
        <time>2018-10-14T10:33:48.000Z</time>
        <extensions>
          <ns3:TrackPointExtension>
            <ns3:hr>128</ns3:hr>
            <ns3:cad>100</ns3:cad>
          </ns3:TrackPointExtension>
        </extensions>
      </trkpt>
      <trkpt lat="53.9605476893484592437744140625" lon="-1.00270033814013004302978515625">
        <ele>20.3999996185302734375</ele>
        <time>2018-10-14T10:33:53.000Z</time>
        <extensions>
          <ns3:TrackPointExtension>
            <ns3:hr>128</ns3:hr>
            <ns3:cad>100</ns3:cad>
          </ns3:TrackPointExtension>
        </extensions>
      </trkpt>
      <trkpt lat="53.96068288944661617279052734375" lon="-1.0024422593414783477783203125">
        <ele>20</ele>
        <time>2018-10-14T10:33:58.000Z</time>
        <extensions>
          <ns3:TrackPointExtension>
            <ns3:hr>127</ns3:hr>
            <ns3:cad>100</ns3:cad>
          </ns3:TrackPointExtension>
        </extensions>
      </trkpt>
      <trkpt lat="53.96080057136714458465576171875" lon="-1.00219557993113994598388671875">
        <ele>19.799999237060546875</ele>
        <time>2018-10-14T10:34:03.000Z</time>
        <extensions>
          <ns3:TrackPointExtension>
            <ns3:hr>126</ns3:hr>
            <ns3:cad>99</ns3:cad>
          </ns3:TrackPointExtension>
        </extensions>
      </trkpt>
      <trkpt lat="53.960919678211212158203125" lon="-1.0019566118717193603515625">
        <ele>19.200000762939453125</ele>
        <time>2018-10-14T10:34:08.000Z</time>
        <extensions>
          <ns3:TrackPointExtension>
            <ns3:hr>127</ns3:hr>
            <ns3:cad>98</ns3:cad>
          </ns3:TrackPointExtension>
        </extensions>
      </trkpt>
      <trkpt lat="53.961078263819217681884765625" lon="-1.0017080046236515045166015625">
        <ele>18.6000003814697265625</ele>
        <time>2018-10-14T10:34:14.000Z</time>
        <extensions>
          <ns3:TrackPointExtension>
            <ns3:hr>127</ns3:hr>
            <ns3:cad>99</ns3:cad>
          </ns3:TrackPointExtension>
        </extensions>
      </trkpt>
      <trkpt lat="53.9612162299454212188720703125" lon="-1.001508347690105438232421875">
        <ele>18.200000762939453125</ele>
        <time>2018-10-14T10:34:19.000Z</time>
        <extensions>
          <ns3:TrackPointExtension>
            <ns3:hr>127</ns3:hr>
            <ns3:cad>98</ns3:cad>
          </ns3:TrackPointExtension>
        </extensions>
      </trkpt>
      <trkpt lat="53.96137473173439502716064453125" lon="-1.0012788511812686920166015625">
        <ele>17.6000003814697265625</ele>
        <time>2018-10-14T10:34:25.000Z</time>
        <extensions>
          <ns3:TrackPointExtension>
            <ns3:hr>127</ns3:hr>
            <ns3:cad>98</ns3:cad>
          </ns3:TrackPointExtension>
        </extensions>
      </trkpt>
      <trkpt lat="53.96153046749532222747802734375" lon="-1.00104130804538726806640625">
        <ele>17.799999237060546875</ele>
        <time>2018-10-14T10:34:31.000Z</time>
        <extensions>
          <ns3:TrackPointExtension>
            <ns3:hr>127</ns3:hr>
            <ns3:cad>98</ns3:cad>
          </ns3:TrackPointExtension>
        </extensions>
      </trkpt>
      <trkpt lat="53.96168075501918792724609375" lon="-1.000814326107501983642578125">
        <ele>18.6000003814697265625</ele>
        <time>2018-10-14T10:34:37.000Z</time>
        <extensions>
          <ns3:TrackPointExtension>
            <ns3:hr>125</ns3:hr>
            <ns3:cad>99</ns3:cad>
          </ns3:TrackPointExtension>
        </extensions>
      </trkpt>
      <trkpt lat="53.961830623447895050048828125" lon="-1.00058172829449176788330078125">
        <ele>19.200000762939453125</ele>
        <time>2018-10-14T10:34:43.000Z</time>
        <extensions>
          <ns3:TrackPointExtension>
            <ns3:hr>123</ns3:hr>
            <ns3:cad>99</ns3:cad>
          </ns3:TrackPointExtension>
        </extensions>
      </trkpt>
      <trkpt lat="53.96193531341850757598876953125" lon="-1.000413335859775543212890625">
        <ele>19</ele>
        <time>2018-10-14T10:34:47.000Z</time>
        <extensions>
          <ns3:TrackPointExtension>
            <ns3:hr>119</ns3:hr>
            <ns3:cad>98</ns3:cad>
          </ns3:TrackPointExtension>
        </extensions>
      </trkpt>
      <trkpt lat="53.962088786065578460693359375" lon="-1.00017352961003780364990234375">
        <ele>18.799999237060546875</ele>
        <time>2018-10-14T10:34:53.000Z</time>
        <extensions>
          <ns3:TrackPointExtension>
            <ns3:hr>121</ns3:hr>
            <ns3:cad>99</ns3:cad>
          </ns3:TrackPointExtension>
        </extensions>
      </trkpt>
      <trkpt lat="53.96223706193268299102783203125" lon="-0.999935232102870941162109375">
        <ele>19.200000762939453125</ele>
        <time>2018-10-14T10:34:59.000Z</time>
        <extensions>
          <ns3:TrackPointExtension>
            <ns3:hr>121</ns3:hr>
            <ns3:cad>99</ns3:cad>
          </ns3:TrackPointExtension>
        </extensions>
      </trkpt>
      <trkpt lat="53.96238441579043865203857421875" lon="-0.9996789135038852691650390625">
        <ele>19</ele>
        <time>2018-10-14T10:35:05.000Z</time>
        <extensions>
          <ns3:TrackPointExtension>
            <ns3:hr>122</ns3:hr>
            <ns3:cad>98</ns3:cad>
          </ns3:TrackPointExtension>
        </extensions>
      </trkpt>
      <trkpt lat="53.96253176964819431304931640625" lon="-0.99941580556333065032958984375">
        <ele>19</ele>
        <time>2018-10-14T10:35:11.000Z</time>
        <extensions>
          <ns3:TrackPointExtension>
            <ns3:hr>122</ns3:hr>
            <ns3:cad>99</ns3:cad>
          </ns3:TrackPointExtension>
        </extensions>
      </trkpt>
      <trkpt lat="53.96267258562147617340087890625" lon="-0.999160744249820709228515625">
        <ele>19.6000003814697265625</ele>
        <time>2018-10-14T10:35:17.000Z</time>
        <extensions>
          <ns3:TrackPointExtension>
            <ns3:hr>122</ns3:hr>
            <ns3:cad>99</ns3:cad>
          </ns3:TrackPointExtension>
        </extensions>
      </trkpt>
      <trkpt lat="53.96281088702380657196044921875" lon="-0.99891163408756256103515625">
        <ele>20</ele>
        <time>2018-10-14T10:35:23.000Z</time>
        <extensions>
          <ns3:TrackPointExtension>
            <ns3:hr>122</ns3:hr>
            <ns3:cad>99</ns3:cad>
          </ns3:TrackPointExtension>
        </extensions>
      </trkpt>
      <trkpt lat="53.9629687182605266571044921875" lon="-0.99869127385318279266357421875">
        <ele>20</ele>
        <time>2018-10-14T10:35:29.000Z</time>
        <extensions>
          <ns3:TrackPointExtension>
            <ns3:hr>122</ns3:hr>
            <ns3:cad>99</ns3:cad>
          </ns3:TrackPointExtension>
        </extensions>
      </trkpt>
      <trkpt lat="53.96311297081410884857177734375" lon="-0.99847233854234218597412109375">
        <ele>20.200000762939453125</ele>
        <time>2018-10-14T10:35:35.000Z</time>
        <extensions>
          <ns3:TrackPointExtension>
            <ns3:hr>124</ns3:hr>
            <ns3:cad>98</ns3:cad>
          </ns3:TrackPointExtension>
        </extensions>
      </trkpt>
      <trkpt lat="53.963263928890228271484375" lon="-0.99821694195270538330078125">
        <ele>20.6000003814697265625</ele>
        <time>2018-10-14T10:35:41.000Z</time>
        <extensions>
          <ns3:TrackPointExtension>
            <ns3:hr>125</ns3:hr>
            <ns3:cad>99</ns3:cad>
          </ns3:TrackPointExtension>
        </extensions>
      </trkpt>
      <trkpt lat="53.9634109474718570709228515625" lon="-0.99798115901648998260498046875">
        <ele>21</ele>
        <time>2018-10-14T10:35:47.000Z</time>
        <extensions>
          <ns3:TrackPointExtension>
            <ns3:hr>125</ns3:hr>
            <ns3:cad>98</ns3:cad>
          </ns3:TrackPointExtension>
        </extensions>
      </trkpt>
      <trkpt lat="53.96356022916734218597412109375" lon="-0.9977621398866176605224609375">
        <ele>21</ele>
        <time>2018-10-14T10:35:53.000Z</time>
        <extensions>
          <ns3:TrackPointExtension>
            <ns3:hr>124</ns3:hr>
            <ns3:cad>99</ns3:cad>
          </ns3:TrackPointExtension>
        </extensions>
      </trkpt>
      <trkpt lat="53.96370389498770236968994140625" lon="-0.997578240931034088134765625">
        <ele>21.200000762939453125</ele>
        <time>2018-10-14T10:35:58.000Z</time>
        <extensions>
          <ns3:TrackPointExtension>
            <ns3:hr>123</ns3:hr>
            <ns3:cad>99</ns3:cad>
          </ns3:TrackPointExtension>
        </extensions>
      </trkpt>
      <trkpt lat="53.96381554193794727325439453125" lon="-0.997403562068939208984375">
        <ele>21.200000762939453125</ele>
        <time>2018-10-14T10:36:02.000Z</time>
        <extensions>
          <ns3:TrackPointExtension>
            <ns3:hr>126</ns3:hr>
            <ns3:cad>99</ns3:cad>
          </ns3:TrackPointExtension>
        </extensions>
      </trkpt>
      <trkpt lat="53.96394780836999416351318359375" lon="-0.997187308967113494873046875">
        <ele>20.6000003814697265625</ele>
        <time>2018-10-14T10:36:07.000Z</time>
        <extensions>
          <ns3:TrackPointExtension>
            <ns3:hr>126</ns3:hr>
            <ns3:cad>100</ns3:cad>
          </ns3:TrackPointExtension>
        </extensions>
      </trkpt>
      <trkpt lat="53.9640835113823413848876953125" lon="-0.99698153324425220489501953125">
        <ele>19.799999237060546875</ele>
        <time>2018-10-14T10:36:12.000Z</time>
        <extensions>
          <ns3:TrackPointExtension>
            <ns3:hr>125</ns3:hr>
            <ns3:cad>99</ns3:cad>
          </ns3:TrackPointExtension>
        </extensions>
      </trkpt>
      <trkpt lat="53.96422994323074817657470703125" lon="-0.996779613196849822998046875">
        <ele>19.6000003814697265625</ele>
        <time>2018-10-14T10:36:17.000Z</time>
        <extensions>
          <ns3:TrackPointExtension>
            <ns3:hr>125</ns3:hr>
            <ns3:cad>100</ns3:cad>
          </ns3:TrackPointExtension>
        </extensions>
      </trkpt>
      <trkpt lat="53.964255340397357940673828125" lon="-0.99674046970903873443603515625">
        <ele>19.6000003814697265625</ele>
        <time>2018-10-14T10:36:18.000Z</time>
        <extensions>
          <ns3:TrackPointExtension>
            <ns3:hr>125</ns3:hr>
            <ns3:cad>100</ns3:cad>
          </ns3:TrackPointExtension>
        </extensions>
      </trkpt>
      <trkpt lat="53.96439406089484691619873046875" lon="-0.99653913639485836029052734375">
        <ele>19.6000003814697265625</ele>
        <time>2018-10-14T10:36:23.000Z</time>
        <extensions>
          <ns3:TrackPointExtension>
            <ns3:hr>123</ns3:hr>
            <ns3:cad>97</ns3:cad>
          </ns3:TrackPointExtension>
        </extensions>
      </trkpt>
      <trkpt lat="53.964538313448429107666015625" lon="-0.99630628712475299835205078125">
        <ele>19.200000762939453125</ele>
        <time>2018-10-14T10:36:29.000Z</time>
        <extensions>
          <ns3:TrackPointExtension>
            <ns3:hr>122</ns3:hr>
            <ns3:cad>99</ns3:cad>
          </ns3:TrackPointExtension>
        </extensions>
      </trkpt>
      <trkpt lat="53.96467016078531742095947265625" lon="-0.99609556607902050018310546875">
        <ele>19.6000003814697265625</ele>
        <time>2018-10-14T10:36:34.000Z</time>
        <extensions>
          <ns3:TrackPointExtension>
            <ns3:hr>122</ns3:hr>
            <ns3:cad>98</ns3:cad>
          </ns3:TrackPointExtension>
        </extensions>
      </trkpt>
      <trkpt lat="53.9648120664060115814208984375" lon="-0.99589993245899677276611328125">
        <ele>20.200000762939453125</ele>
        <time>2018-10-14T10:36:39.000Z</time>
        <extensions>
          <ns3:TrackPointExtension>
            <ns3:hr>124</ns3:hr>
            <ns3:cad>97</ns3:cad>
          </ns3:TrackPointExtension>
        </extensions>
      </trkpt>
      <trkpt lat="53.9649780280888080596923828125" lon="-0.99569876678287982940673828125">
        <ele>20</ele>
        <time>2018-10-14T10:36:45.000Z</time>
        <extensions>
          <ns3:TrackPointExtension>
            <ns3:hr>125</ns3:hr>
            <ns3:cad>98</ns3:cad>
          </ns3:TrackPointExtension>
        </extensions>
      </trkpt>
      <trkpt lat="53.96513518877327442169189453125" lon="-0.99549315869808197021484375">
        <ele>19.6000003814697265625</ele>
        <time>2018-10-14T10:36:51.000Z</time>
        <extensions>
          <ns3:TrackPointExtension>
            <ns3:hr>125</ns3:hr>
            <ns3:cad>97</ns3:cad>
          </ns3:TrackPointExtension>
        </extensions>
      </trkpt>
      <trkpt lat="53.965296708047389984130859375" lon="-0.99528587423264980316162109375">
        <ele>19.3999996185302734375</ele>
        <time>2018-10-14T10:36:57.000Z</time>
        <extensions>
          <ns3:TrackPointExtension>
            <ns3:hr>126</ns3:hr>
            <ns3:cad>97</ns3:cad>
          </ns3:TrackPointExtension>
        </extensions>
      </trkpt>
      <trkpt lat="53.965448923408985137939453125" lon="-0.995055623352527618408203125">
        <ele>19</ele>
        <time>2018-10-14T10:37:03.000Z</time>
        <extensions>
          <ns3:TrackPointExtension>
            <ns3:hr>126</ns3:hr>
            <ns3:cad>98</ns3:cad>
          </ns3:TrackPointExtension>
        </extensions>
      </trkpt>
      <trkpt lat="53.9656039886176586151123046875" lon="-0.99481858313083648681640625">
        <ele>18.799999237060546875</ele>
        <time>2018-10-14T10:37:09.000Z</time>
        <extensions>
          <ns3:TrackPointExtension>
            <ns3:hr>126</ns3:hr>
            <ns3:cad>98</ns3:cad>
          </ns3:TrackPointExtension>
        </extensions>
      </trkpt>
      <trkpt lat="53.96574807353317737579345703125" lon="-0.99456016905605792999267578125">
        <ele>19</ele>
        <time>2018-10-14T10:37:15.000Z</time>
        <extensions>
          <ns3:TrackPointExtension>
            <ns3:hr>125</ns3:hr>
            <ns3:cad>98</ns3:cad>
          </ns3:TrackPointExtension>
        </extensions>
      </trkpt>
      <trkpt lat="53.96588704548776149749755859375" lon="-0.9943134896457195281982421875">
        <ele>20.200000762939453125</ele>
        <time>2018-10-14T10:37:21.000Z</time>
        <extensions>
          <ns3:TrackPointExtension>
            <ns3:hr>126</ns3:hr>
            <ns3:cad>99</ns3:cad>
          </ns3:TrackPointExtension>
        </extensions>
      </trkpt>
      <trkpt lat="53.96602970547974109649658203125" lon="-0.9940422512590885162353515625">
        <ele>21</ele>
        <time>2018-10-14T10:37:27.000Z</time>
        <extensions>
          <ns3:TrackPointExtension>
            <ns3:hr>127</ns3:hr>
            <ns3:cad>98</ns3:cad>
          </ns3:TrackPointExtension>
        </extensions>
      </trkpt>
      <trkpt lat="53.96615811623632907867431640625" lon="-0.99376757629215717315673828125">
        <ele>22</ele>
        <time>2018-10-14T10:37:33.000Z</time>
        <extensions>
          <ns3:TrackPointExtension>
            <ns3:hr>126</ns3:hr>
            <ns3:cad>99</ns3:cad>
          </ns3:TrackPointExtension>
        </extensions>
      </trkpt>
      <trkpt lat="53.9662758819758892059326171875" lon="-0.99349751137197017669677734375">
        <ele>21.799999237060546875</ele>
        <time>2018-10-14T10:37:39.000Z</time>
        <extensions>
          <ns3:TrackPointExtension>
            <ns3:hr>125</ns3:hr>
            <ns3:cad>98</ns3:cad>
          </ns3:TrackPointExtension>
        </extensions>
      </trkpt>
      <trkpt lat="53.96635048091411590576171875" lon="-0.99331545643508434295654296875">
        <ele>21.6000003814697265625</ele>
        <time>2018-10-14T10:37:43.000Z</time>
        <extensions>
          <ns3:TrackPointExtension>
            <ns3:hr>121</ns3:hr>
            <ns3:cad>98</ns3:cad>
          </ns3:TrackPointExtension>
        </extensions>
      </trkpt>
      <trkpt lat="53.96645768545567989349365234375" lon="-0.993031561374664306640625">
        <ele>21.799999237060546875</ele>
        <time>2018-10-14T10:37:49.000Z</time>
        <extensions>
          <ns3:TrackPointExtension>
            <ns3:hr>122</ns3:hr>
            <ns3:cad>98</ns3:cad>
          </ns3:TrackPointExtension>
        </extensions>
      </trkpt>
      <trkpt lat="53.96656195633113384246826171875" lon="-0.99276560358703136444091796875">
        <ele>22.6000003814697265625</ele>
        <time>2018-10-14T10:37:55.000Z</time>
        <extensions>
          <ns3:TrackPointExtension>
            <ns3:hr>121</ns3:hr>
            <ns3:cad>98</ns3:cad>
          </ns3:TrackPointExtension>
        </extensions>
      </trkpt>
      <trkpt lat="53.966696821153163909912109375" lon="-0.99252956919372081756591796875">
        <ele>23</ele>
        <time>2018-10-14T10:38:01.000Z</time>
        <extensions>
          <ns3:TrackPointExtension>
            <ns3:hr>121</ns3:hr>
            <ns3:cad>98</ns3:cad>
          </ns3:TrackPointExtension>
        </extensions>
      </trkpt>
      <trkpt lat="53.966851718723773956298828125" lon="-0.99233217537403106689453125">
        <ele>22.799999237060546875</ele>
        <time>2018-10-14T10:38:07.000Z</time>
        <extensions>
          <ns3:TrackPointExtension>
            <ns3:hr>122</ns3:hr>
            <ns3:cad>98</ns3:cad>
          </ns3:TrackPointExtension>
        </extensions>
      </trkpt>
      <trkpt lat="53.9670302532613277435302734375" lon="-0.99216780625283718109130859375">
        <ele>22.799999237060546875</ele>
        <time>2018-10-14T10:38:13.000Z</time>
        <extensions>
          <ns3:TrackPointExtension>
            <ns3:hr>121</ns3:hr>
            <ns3:cad>98</ns3:cad>
          </ns3:TrackPointExtension>
        </extensions>
      </trkpt>
      <trkpt lat="53.96720518358051776885986328125" lon="-0.99201173521578311920166015625">
        <ele>23.200000762939453125</ele>
        <time>2018-10-14T10:38:19.000Z</time>
        <extensions>
          <ns3:TrackPointExtension>
            <ns3:hr>122</ns3:hr>
            <ns3:cad>98</ns3:cad>
          </ns3:TrackPointExtension>
        </extensions>
      </trkpt>
      <trkpt lat="53.96738003008067607879638671875" lon="-0.99183839745819568634033203125">
        <ele>24</ele>
        <time>2018-10-14T10:38:25.000Z</time>
        <extensions>
          <ns3:TrackPointExtension>
            <ns3:hr>122</ns3:hr>
            <ns3:cad>98</ns3:cad>
          </ns3:TrackPointExtension>
        </extensions>
      </trkpt>
      <trkpt lat="53.96754850633442401885986328125" lon="-0.991647206246852874755859375">
        <ele>24.200000762939453125</ele>
        <time>2018-10-14T10:38:31.000Z</time>
        <extensions>
          <ns3:TrackPointExtension>
            <ns3:hr>123</ns3:hr>
            <ns3:cad>99</ns3:cad>
          </ns3:TrackPointExtension>
        </extensions>
      </trkpt>
      <trkpt lat="53.9677152223885059356689453125" lon="-0.9914338029921054840087890625">
        <ele>24</ele>
        <time>2018-10-14T10:38:37.000Z</time>
        <extensions>
          <ns3:TrackPointExtension>
            <ns3:hr>124</ns3:hr>
            <ns3:cad>99</ns3:cad>
          </ns3:TrackPointExtension>
        </extensions>
      </trkpt>
      <trkpt lat="53.96786366589367389678955078125" lon="-0.99118418991565704345703125">
        <ele>24</ele>
        <time>2018-10-14T10:38:43.000Z</time>
        <extensions>
          <ns3:TrackPointExtension>
            <ns3:hr>123</ns3:hr>
            <ns3:cad>99</ns3:cad>
          </ns3:TrackPointExtension>
        </extensions>
      </trkpt>
      <trkpt lat="53.96800163201987743377685546875" lon="-0.9909258596599102020263671875">
        <ele>24.200000762939453125</ele>
        <time>2018-10-14T10:38:49.000Z</time>
        <extensions>
          <ns3:TrackPointExtension>
            <ns3:hr>122</ns3:hr>
            <ns3:cad>99</ns3:cad>
          </ns3:TrackPointExtension>
        </extensions>
      </trkpt>
      <trkpt lat="53.96813775412738323211669921875" lon="-0.99065436981618404388427734375">
        <ele>25</ele>
        <time>2018-10-14T10:38:55.000Z</time>
        <extensions>
          <ns3:TrackPointExtension>
            <ns3:hr>122</ns3:hr>
            <ns3:cad>99</ns3:cad>
          </ns3:TrackPointExtension>
        </extensions>
      </trkpt>
      <trkpt lat="53.968260549008846282958984375" lon="-0.99036972038447856903076171875">
        <ele>24.799999237060546875</ele>
        <time>2018-10-14T10:39:01.000Z</time>
        <extensions>
          <ns3:TrackPointExtension>
            <ns3:hr>123</ns3:hr>
            <ns3:cad>98</ns3:cad>
          </ns3:TrackPointExtension>
        </extensions>
      </trkpt>
      <trkpt lat="53.9683871157467365264892578125" lon="-0.99007870070636272430419921875">
        <ele>24.200000762939453125</ele>
        <time>2018-10-14T10:39:07.000Z</time>
        <extensions>
          <ns3:TrackPointExtension>
            <ns3:hr>125</ns3:hr>
            <ns3:cad>100</ns3:cad>
          </ns3:TrackPointExtension>
        </extensions>
      </trkpt>
      <trkpt lat="53.9685001038014888763427734375" lon="-0.989779047667980194091796875">
        <ele>24</ele>
        <time>2018-10-14T10:39:13.000Z</time>
        <extensions>
          <ns3:TrackPointExtension>
            <ns3:hr>124</ns3:hr>
            <ns3:cad>100</ns3:cad>
          </ns3:TrackPointExtension>
        </extensions>
      </trkpt>
      <trkpt lat="53.968614600598812103271484375" lon="-0.98947453312575817108154296875">
        <ele>24.200000762939453125</ele>
        <time>2018-10-14T10:39:19.000Z</time>
        <extensions>
          <ns3:TrackPointExtension>
            <ns3:hr>124</ns3:hr>
            <ns3:cad>99</ns3:cad>
          </ns3:TrackPointExtension>
        </extensions>
      </trkpt>
      <trkpt lat="53.96871216595172882080078125" lon="-0.98915937356650829315185546875">
        <ele>24.200000762939453125</ele>
        <time>2018-10-14T10:39:25.000Z</time>
        <extensions>
          <ns3:TrackPointExtension>
            <ns3:hr>123</ns3:hr>
            <ns3:cad>99</ns3:cad>
          </ns3:TrackPointExtension>
        </extensions>
      </trkpt>
      <trkpt lat="53.96881300024688243865966796875" lon="-0.9888471476733684539794921875">
        <ele>23.3999996185302734375</ele>
        <time>2018-10-14T10:39:31.000Z</time>
        <extensions>
          <ns3:TrackPointExtension>
            <ns3:hr>123</ns3:hr>
            <ns3:cad>100</ns3:cad>
          </ns3:TrackPointExtension>
        </extensions>
      </trkpt>
      <trkpt lat="53.96890050731599330902099609375" lon="-0.98852721042931079864501953125">
        <ele>23.3999996185302734375</ele>
        <time>2018-10-14T10:39:37.000Z</time>
        <extensions>
          <ns3:TrackPointExtension>
            <ns3:hr>123</ns3:hr>
            <ns3:cad>99</ns3:cad>
          </ns3:TrackPointExtension>
        </extensions>
      </trkpt>
      <trkpt lat="53.96897912956774234771728515625" lon="-0.9882483445107936859130859375">
        <ele>24.799999237060546875</ele>
        <time>2018-10-14T10:39:42.000Z</time>
        <extensions>
          <ns3:TrackPointExtension>
            <ns3:hr>123</ns3:hr>
            <ns3:cad>100</ns3:cad>
          </ns3:TrackPointExtension>
        </extensions>
      </trkpt>
      <trkpt lat="53.96905808709561824798583984375" lon="-0.98795455880463123321533203125">
        <ele>25</ele>
        <time>2018-10-14T10:39:47.000Z</time>
        <extensions>
          <ns3:TrackPointExtension>
            <ns3:hr>123</ns3:hr>
            <ns3:cad>100</ns3:cad>
          </ns3:TrackPointExtension>
        </extensions>
      </trkpt>
      <trkpt lat="53.9690871722996234893798828125" lon="-0.98783855326473712921142578125">
        <ele>25</ele>
        <time>2018-10-14T10:39:49.000Z</time>
        <extensions>
          <ns3:TrackPointExtension>
            <ns3:hr>124</ns3:hr>
            <ns3:cad>100</ns3:cad>
          </ns3:TrackPointExtension>
        </extensions>
      </trkpt>
      <trkpt lat="53.9691599272191524505615234375" lon="-0.98755273036658763885498046875">
        <ele>25</ele>
        <time>2018-10-14T10:39:54.000Z</time>
        <extensions>
          <ns3:TrackPointExtension>
            <ns3:hr>124</ns3:hr>
            <ns3:cad>99</ns3:cad>
          </ns3:TrackPointExtension>
        </extensions>
      </trkpt>
      <trkpt lat="53.96923494525253772735595703125" lon="-0.9872747026383876800537109375">
        <ele>25</ele>
        <time>2018-10-14T10:39:59.000Z</time>
        <extensions>
          <ns3:TrackPointExtension>
            <ns3:hr>125</ns3:hr>
            <ns3:cad>100</ns3:cad>
          </ns3:TrackPointExtension>
        </extensions>
      </trkpt>
      <trkpt lat="53.969320021569728851318359375" lon="-0.98699483089148998260498046875">
        <ele>23.799999237060546875</ele>
        <time>2018-10-14T10:40:04.000Z</time>
        <extensions>
          <ns3:TrackPointExtension>
            <ns3:hr>125</ns3:hr>
            <ns3:cad>100</ns3:cad>
          </ns3:TrackPointExtension>
        </extensions>
      </trkpt>
      <trkpt lat="53.96941892802715301513671875" lon="-0.98672023974359035491943359375">
        <ele>23.200000762939453125</ele>
        <time>2018-10-14T10:40:09.000Z</time>
        <extensions>
          <ns3:TrackPointExtension>
            <ns3:hr>124</ns3:hr>
            <ns3:cad>100</ns3:cad>
          </ns3:TrackPointExtension>
        </extensions>
      </trkpt>
      <trkpt lat="53.96952219307422637939453125" lon="-0.98646107129752635955810546875">
        <ele>22.6000003814697265625</ele>
        <time>2018-10-14T10:40:14.000Z</time>
        <extensions>
          <ns3:TrackPointExtension>
            <ns3:hr>125</ns3:hr>
            <ns3:cad>100</ns3:cad>
          </ns3:TrackPointExtension>
        </extensions>
      </trkpt>
      <trkpt lat="53.96961816586554050445556640625" lon="-0.9861932694911956787109375">
        <ele>23</ele>
        <time>2018-10-14T10:40:19.000Z</time>
        <extensions>
          <ns3:TrackPointExtension>
            <ns3:hr>124</ns3:hr>
            <ns3:cad>101</ns3:cad>
          </ns3:TrackPointExtension>
        </extensions>
      </trkpt>
      <trkpt lat="53.96971757523715496063232421875" lon="-0.98592781461775302886962890625">
        <ele>23.799999237060546875</ele>
        <time>2018-10-14T10:40:24.000Z</time>
        <extensions>
          <ns3:TrackPointExtension>
            <ns3:hr>124</ns3:hr>
            <ns3:cad>100</ns3:cad>
          </ns3:TrackPointExtension>
        </extensions>
      </trkpt>
      <trkpt lat="53.969821929931640625" lon="-0.98560946993529796600341796875">
        <ele>25.200000762939453125</ele>
        <time>2018-10-14T10:40:30.000Z</time>
        <extensions>
          <ns3:TrackPointExtension>
            <ns3:hr>124</ns3:hr>
            <ns3:cad>99</ns3:cad>
          </ns3:TrackPointExtension>
        </extensions>
      </trkpt>
      <trkpt lat="53.969923518598079681396484375" lon="-0.9853000938892364501953125">
        <ele>25.799999237060546875</ele>
        <time>2018-10-14T10:40:36.000Z</time>
        <extensions>
          <ns3:TrackPointExtension>
            <ns3:hr>124</ns3:hr>
            <ns3:cad>100</ns3:cad>
          </ns3:TrackPointExtension>
        </extensions>
      </trkpt>
      <trkpt lat="53.970017731189727783203125" lon="-0.9849951602518558502197265625">
        <ele>25.3999996185302734375</ele>
        <time>2018-10-14T10:40:42.000Z</time>
        <extensions>
          <ns3:TrackPointExtension>
            <ns3:hr>124</ns3:hr>
            <ns3:cad>100</ns3:cad>
          </ns3:TrackPointExtension>
        </extensions>
      </trkpt>
      <trkpt lat="53.9701124466955661773681640625" lon="-0.98467983305454254150390625">
        <ele>25.799999237060546875</ele>
        <time>2018-10-14T10:40:48.000Z</time>
        <extensions>
          <ns3:TrackPointExtension>
            <ns3:hr>124</ns3:hr>
            <ns3:cad>99</ns3:cad>
          </ns3:TrackPointExtension>
        </extensions>
      </trkpt>
      <trkpt lat="53.97021126933395862579345703125" lon="-0.9843693673610687255859375">
        <ele>25.3999996185302734375</ele>
        <time>2018-10-14T10:40:54.000Z</time>
        <extensions>
          <ns3:TrackPointExtension>
            <ns3:hr>122</ns3:hr>
            <ns3:cad>98</ns3:cad>
          </ns3:TrackPointExtension>
        </extensions>
      </trkpt>
      <trkpt lat="53.97029140032827854156494140625" lon="-0.984054543077945709228515625">
        <ele>24.799999237060546875</ele>
        <time>2018-10-14T10:41:00.000Z</time>
        <extensions>
          <ns3:TrackPointExtension>
            <ns3:hr>118</ns3:hr>
            <ns3:cad>98</ns3:cad>
          </ns3:TrackPointExtension>
        </extensions>
      </trkpt>
      <trkpt lat="53.9703639037907123565673828125" lon="-0.9837392158806324005126953125">
        <ele>25.3999996185302734375</ele>
        <time>2018-10-14T10:41:06.000Z</time>
        <extensions>
          <ns3:TrackPointExtension>
            <ns3:hr>118</ns3:hr>
            <ns3:cad>98</ns3:cad>
          </ns3:TrackPointExtension>
        </extensions>
      </trkpt>
      <trkpt lat="53.97043623961508274078369140625" lon="-0.98343067802488803863525390625">
        <ele>26</ele>
        <time>2018-10-14T10:41:12.000Z</time>
        <extensions>
          <ns3:TrackPointExtension>
            <ns3:hr>120</ns3:hr>
            <ns3:cad>98</ns3:cad>
          </ns3:TrackPointExtension>
        </extensions>
      </trkpt>
      <trkpt lat="53.97049449384212493896484375" lon="-0.98310805857181549072265625">
        <ele>26.6000003814697265625</ele>
        <time>2018-10-14T10:41:18.000Z</time>
        <extensions>
          <ns3:TrackPointExtension>
            <ns3:hr>120</ns3:hr>
            <ns3:cad>98</ns3:cad>
          </ns3:TrackPointExtension>
        </extensions>
      </trkpt>
      <trkpt lat="53.9705483056604862213134765625" lon="-0.98278443329036235809326171875">
        <ele>27.3999996185302734375</ele>
        <time>2018-10-14T10:41:24.000Z</time>
        <extensions>
          <ns3:TrackPointExtension>
            <ns3:hr>121</ns3:hr>
            <ns3:cad>99</ns3:cad>
          </ns3:TrackPointExtension>
        </extensions>
      </trkpt>
      <trkpt lat="53.9706145226955413818359375" lon="-0.98244932480156421661376953125">
        <ele>28.200000762939453125</ele>
        <time>2018-10-14T10:41:30.000Z</time>
        <extensions>
          <ns3:TrackPointExtension>
            <ns3:hr>121</ns3:hr>
            <ns3:cad>99</ns3:cad>
          </ns3:TrackPointExtension>
        </extensions>
      </trkpt>
      <trkpt lat="53.97067210637032985687255859375" lon="-0.98211019299924373626708984375">
        <ele>28</ele>
        <time>2018-10-14T10:41:36.000Z</time>
        <extensions>
          <ns3:TrackPointExtension>
            <ns3:hr>123</ns3:hr>
            <ns3:cad>98</ns3:cad>
          </ns3:TrackPointExtension>
        </extensions>
      </trkpt>
      <trkpt lat="53.97072725929319858551025390625" lon="-0.98176988773047924041748046875">
        <ele>27.799999237060546875</ele>
        <time>2018-10-14T10:41:42.000Z</time>
        <extensions>
          <ns3:TrackPointExtension>
            <ns3:hr>122</ns3:hr>
            <ns3:cad>97</ns3:cad>
          </ns3:TrackPointExtension>
        </extensions>
      </trkpt>
      <trkpt lat="53.97077478468418121337890625" lon="-0.98144198767840862274169921875">
        <ele>27.6000003814697265625</ele>
        <time>2018-10-14T10:41:48.000Z</time>
        <extensions>
          <ns3:TrackPointExtension>
            <ns3:hr>121</ns3:hr>
            <ns3:cad>97</ns3:cad>
          </ns3:TrackPointExtension>
        </extensions>
      </trkpt>
      <trkpt lat="53.970835469663143157958984375" lon="-0.98112456500530242919921875">
        <ele>28.3999996185302734375</ele>
        <time>2018-10-14T10:41:54.000Z</time>
        <extensions>
          <ns3:TrackPointExtension>
            <ns3:hr>122</ns3:hr>
            <ns3:cad>99</ns3:cad>
          </ns3:TrackPointExtension>
        </extensions>
      </trkpt>
      <trkpt lat="53.9708876051008701324462890625" lon="-0.98080144263803958892822265625">
        <ele>29.200000762939453125</ele>
        <time>2018-10-14T10:42:00.000Z</time>
        <extensions>
          <ns3:TrackPointExtension>
            <ns3:hr>122</ns3:hr>
            <ns3:cad>98</ns3:cad>
          </ns3:TrackPointExtension>
        </extensions>
      </trkpt>
      <trkpt lat="53.97093236446380615234375" lon="-0.980483181774616241455078125">
        <ele>30</ele>
        <time>2018-10-14T10:42:06.000Z</time>
        <extensions>
          <ns3:TrackPointExtension>
            <ns3:hr>122</ns3:hr>
            <ns3:cad>98</ns3:cad>
          </ns3:TrackPointExtension>
        </extensions>
      </trkpt>
      <trkpt lat="53.97098693065345287322998046875" lon="-0.980167686939239501953125">
        <ele>30.799999237060546875</ele>
        <time>2018-10-14T10:42:12.000Z</time>
        <extensions>
          <ns3:TrackPointExtension>
            <ns3:hr>121</ns3:hr>
            <ns3:cad>98</ns3:cad>
          </ns3:TrackPointExtension>
        </extensions>
      </trkpt>
      <trkpt lat="53.97105851210653781890869140625" lon="-0.979868955910205841064453125">
        <ele>30.6000003814697265625</ele>
        <time>2018-10-14T10:42:18.000Z</time>
        <extensions>
          <ns3:TrackPointExtension>
            <ns3:hr>121</ns3:hr>
            <ns3:cad>98</ns3:cad>
          </ns3:TrackPointExtension>
        </extensions>
      </trkpt>
      <trkpt lat="53.9711511321365833282470703125" lon="-0.979572571814060211181640625">
        <ele>31.3999996185302734375</ele>
        <time>2018-10-14T10:42:24.000Z</time>
        <extensions>
          <ns3:TrackPointExtension>
            <ns3:hr>122</ns3:hr>
            <ns3:cad>98</ns3:cad>
          </ns3:TrackPointExtension>
        </extensions>
      </trkpt>
      <trkpt lat="53.97124551236629486083984375" lon="-0.97928515635430812835693359375">
        <ele>32</ele>
        <time>2018-10-14T10:42:30.000Z</time>
        <extensions>
          <ns3:TrackPointExtension>
            <ns3:hr>122</ns3:hr>
            <ns3:cad>98</ns3:cad>
          </ns3:TrackPointExtension>
        </extensions>
      </trkpt>
      <trkpt lat="53.9713419042527675628662109375" lon="-0.9789969027042388916015625">
        <ele>31.799999237060546875</ele>
        <time>2018-10-14T10:42:36.000Z</time>
        <extensions>
          <ns3:TrackPointExtension>
            <ns3:hr>124</ns3:hr>
            <ns3:cad>98</ns3:cad>
          </ns3:TrackPointExtension>
        </extensions>
      </trkpt>
      <trkpt lat="53.971447013318538665771484375" lon="-0.97870051860809326171875">
        <ele>32.200000762939453125</ele>
        <time>2018-10-14T10:42:42.000Z</time>
        <extensions>
          <ns3:TrackPointExtension>
            <ns3:hr>123</ns3:hr>
            <ns3:cad>98</ns3:cad>
          </ns3:TrackPointExtension>
        </extensions>
      </trkpt>
      <trkpt lat="53.97155036218464374542236328125" lon="-0.97843623720109462738037109375">
        <ele>33</ele>
        <time>2018-10-14T10:42:48.000Z</time>
        <extensions>
          <ns3:TrackPointExtension>
            <ns3:hr>123</ns3:hr>
            <ns3:cad>99</ns3:cad>
          </ns3:TrackPointExtension>
        </extensions>
      </trkpt>
      <trkpt lat="53.971659243106842041015625" lon="-0.978166423738002777099609375">
        <ele>33.59999847412109375</ele>
        <time>2018-10-14T10:42:54.000Z</time>
        <extensions>
          <ns3:TrackPointExtension>
            <ns3:hr>123</ns3:hr>
            <ns3:cad>99</ns3:cad>
          </ns3:TrackPointExtension>
        </extensions>
      </trkpt>
      <trkpt lat="53.97176544182002544403076171875" lon="-0.97790432162582874298095703125">
        <ele>34</ele>
        <time>2018-10-14T10:43:00.000Z</time>
        <extensions>
          <ns3:TrackPointExtension>
            <ns3:hr>122</ns3:hr>
            <ns3:cad>99</ns3:cad>
          </ns3:TrackPointExtension>
        </extensions>
      </trkpt>
      <trkpt lat="53.9718820340931415557861328125" lon="-0.977634675800800323486328125">
        <ele>34</ele>
        <time>2018-10-14T10:43:06.000Z</time>
        <extensions>
          <ns3:TrackPointExtension>
            <ns3:hr>122</ns3:hr>
            <ns3:cad>99</ns3:cad>
          </ns3:TrackPointExtension>
        </extensions>
      </trkpt>
      <trkpt lat="53.9720104448497295379638671875" lon="-0.97736787982285022735595703125">
        <ele>34.200000762939453125</ele>
        <time>2018-10-14T10:43:12.000Z</time>
        <extensions>
          <ns3:TrackPointExtension>
            <ns3:hr>121</ns3:hr>
            <ns3:cad>99</ns3:cad>
          </ns3:TrackPointExtension>
        </extensions>
      </trkpt>
      <trkpt lat="53.97214598022401332855224609375" lon="-0.97710988484323024749755859375">
        <ele>33.40000152587890625</ele>
        <time>2018-10-14T10:43:18.000Z</time>
        <extensions>
          <ns3:TrackPointExtension>
            <ns3:hr>122</ns3:hr>
            <ns3:cad>98</ns3:cad>
          </ns3:TrackPointExtension>
        </extensions>
      </trkpt>
      <trkpt lat="53.97223365493118762969970703125" lon="-0.9769451804459095001220703125">
        <ele>33.40000152587890625</ele>
        <time>2018-10-14T10:43:22.000Z</time>
        <extensions>
          <ns3:TrackPointExtension>
            <ns3:hr>122</ns3:hr>
            <ns3:cad>99</ns3:cad>
          </ns3:TrackPointExtension>
        </extensions>
      </trkpt>
      <trkpt lat="53.9723842777311801910400390625" lon="-0.97670621238648891448974609375">
        <ele>33.200000762939453125</ele>
        <time>2018-10-14T10:43:28.000Z</time>
        <extensions>
          <ns3:TrackPointExtension>
            <ns3:hr>121</ns3:hr>
            <ns3:cad>99</ns3:cad>
          </ns3:TrackPointExtension>
        </extensions>
      </trkpt>
      <trkpt lat="53.97252920083701610565185546875" lon="-0.97645282745361328125">
        <ele>33.799999237060546875</ele>
        <time>2018-10-14T10:43:34.000Z</time>
        <extensions>
          <ns3:TrackPointExtension>
            <ns3:hr>121</ns3:hr>
            <ns3:cad>99</ns3:cad>
          </ns3:TrackPointExtension>
        </extensions>
      </trkpt>
      <trkpt lat="53.97267647087574005126953125" lon="-0.97622551023960113525390625">
        <ele>35</ele>
        <time>2018-10-14T10:43:40.000Z</time>
        <extensions>
          <ns3:TrackPointExtension>
            <ns3:hr>121</ns3:hr>
            <ns3:cad>98</ns3:cad>
          </ns3:TrackPointExtension>
        </extensions>
      </trkpt>
      <trkpt lat="53.97282089106738567352294921875" lon="-0.97600732930004596710205078125">
        <ele>35.59999847412109375</ele>
        <time>2018-10-14T10:43:46.000Z</time>
        <extensions>
          <ns3:TrackPointExtension>
            <ns3:hr>122</ns3:hr>
            <ns3:cad>99</ns3:cad>
          </ns3:TrackPointExtension>
        </extensions>
      </trkpt>
      <trkpt lat="53.972969166934490203857421875" lon="-0.9757683612406253814697265625">
        <ele>36</ele>
        <time>2018-10-14T10:43:52.000Z</time>
        <extensions>
          <ns3:TrackPointExtension>
            <ns3:hr>121</ns3:hr>
            <ns3:cad>98</ns3:cad>
          </ns3:TrackPointExtension>
        </extensions>
      </trkpt>
      <trkpt lat="53.97310889326035976409912109375" lon="-0.9755625016987323760986328125">
        <ele>36.40000152587890625</ele>
        <time>2018-10-14T10:43:58.000Z</time>
        <extensions>
          <ns3:TrackPointExtension>
            <ns3:hr>120</ns3:hr>
            <ns3:cad>99</ns3:cad>
          </ns3:TrackPointExtension>
        </extensions>
      </trkpt>
      <trkpt lat="53.9732707478106021881103515625" lon="-0.9753680415451526641845703125">
        <ele>37</ele>
        <time>2018-10-14T10:44:04.000Z</time>
        <extensions>
          <ns3:TrackPointExtension>
            <ns3:hr>120</ns3:hr>
            <ns3:cad>98</ns3:cad>
          </ns3:TrackPointExtension>
        </extensions>
      </trkpt>
      <trkpt lat="53.9734246395528316497802734375" lon="-0.9751715697348117828369140625">
        <ele>37.799999237060546875</ele>
        <time>2018-10-14T10:44:10.000Z</time>
        <extensions>
          <ns3:TrackPointExtension>
            <ns3:hr>119</ns3:hr>
            <ns3:cad>97</ns3:cad>
          </ns3:TrackPointExtension>
        </extensions>
      </trkpt>
      <trkpt lat="53.97357769310474395751953125" lon="-0.97498440183699131011962890625">
        <ele>38.200000762939453125</ele>
        <time>2018-10-14T10:44:16.000Z</time>
        <extensions>
          <ns3:TrackPointExtension>
            <ns3:hr>119</ns3:hr>
            <ns3:cad>99</ns3:cad>
          </ns3:TrackPointExtension>
        </extensions>
      </trkpt>
      <trkpt lat="53.9737258851528167724609375" lon="-0.97478306852281093597412109375">
        <ele>38.59999847412109375</ele>
        <time>2018-10-14T10:44:22.000Z</time>
        <extensions>
          <ns3:TrackPointExtension>
            <ns3:hr>120</ns3:hr>
            <ns3:cad>98</ns3:cad>
          </ns3:TrackPointExtension>
        </extensions>
      </trkpt>
      <trkpt lat="53.9738708920776844024658203125" lon="-0.9745271690189838409423828125">
        <ele>39.799999237060546875</ele>
        <time>2018-10-14T10:44:28.000Z</time>
        <extensions>
          <ns3:TrackPointExtension>
            <ns3:hr>121</ns3:hr>
            <ns3:cad>99</ns3:cad>
          </ns3:TrackPointExtension>
        </extensions>
      </trkpt>
      <trkpt lat="53.97402268834412097930908203125" lon="-0.97429490648210048675537109375">
        <ele>40</ele>
        <time>2018-10-14T10:44:34.000Z</time>
        <extensions>
          <ns3:TrackPointExtension>
            <ns3:hr>120</ns3:hr>
            <ns3:cad>99</ns3:cad>
          </ns3:TrackPointExtension>
        </extensions>
      </trkpt>
      <trkpt lat="53.9741769991815090179443359375" lon="-0.9740460477769374847412109375">
        <ele>39.799999237060546875</ele>
        <time>2018-10-14T10:44:40.000Z</time>
        <extensions>
          <ns3:TrackPointExtension>
            <ns3:hr>120</ns3:hr>
            <ns3:cad>99</ns3:cad>
          </ns3:TrackPointExtension>
        </extensions>
      </trkpt>
      <trkpt lat="53.97431689314544200897216796875" lon="-0.973825938999652862548828125">
        <ele>39</ele>
        <time>2018-10-14T10:44:45.000Z</time>
        <extensions>
          <ns3:TrackPointExtension>
            <ns3:hr>121</ns3:hr>
            <ns3:cad>99</ns3:cad>
          </ns3:TrackPointExtension>
        </extensions>
      </trkpt>
      <trkpt lat="53.9744468964636325836181640625" lon="-0.9736135415732860565185546875">
        <ele>38.40000152587890625</ele>
        <time>2018-10-14T10:44:50.000Z</time>
        <extensions>
          <ns3:TrackPointExtension>
            <ns3:hr>124</ns3:hr>
            <ns3:cad>99</ns3:cad>
          </ns3:TrackPointExtension>
        </extensions>
      </trkpt>
      <trkpt lat="53.97455544210970401763916015625" lon="-0.9734465740621089935302734375">
        <ele>38</ele>
        <time>2018-10-14T10:44:54.000Z</time>
        <extensions>
          <ns3:TrackPointExtension>
            <ns3:hr>127</ns3:hr>
            <ns3:cad>99</ns3:cad>
          </ns3:TrackPointExtension>
        </extensions>
      </trkpt>
      <trkpt lat="53.97458159364759922027587890625" lon="-0.97340491600334644317626953125">
        <ele>37.799999237060546875</ele>
        <time>2018-10-14T10:44:55.000Z</time>
        <extensions>
          <ns3:TrackPointExtension>
            <ns3:hr>131</ns3:hr>
            <ns3:cad>99</ns3:cad>
          </ns3:TrackPointExtension>
        </extensions>
      </trkpt>
      <trkpt lat="53.9746083319187164306640625" lon="-0.97336468286812305450439453125">
        <ele>37.59999847412109375</ele>
        <time>2018-10-14T10:44:56.000Z</time>
        <extensions>
          <ns3:TrackPointExtension>
            <ns3:hr>135</ns3:hr>
            <ns3:cad>99</ns3:cad>
          </ns3:TrackPointExtension>
        </extensions>
      </trkpt>
      <trkpt lat="53.97466239519417285919189453125" lon="-0.97328186966478824615478515625">
        <ele>37</ele>
        <time>2018-10-14T10:44:58.000Z</time>
        <extensions>
          <ns3:TrackPointExtension>
            <ns3:hr>138</ns3:hr>
            <ns3:cad>99</ns3:cad>
          </ns3:TrackPointExtension>
        </extensions>
      </trkpt>
      <trkpt lat="53.974791727960109710693359375" lon="-0.9730692207813262939453125">
        <ele>35.799999237060546875</ele>
        <time>2018-10-14T10:45:03.000Z</time>
        <extensions>
          <ns3:TrackPointExtension>
            <ns3:hr>138</ns3:hr>
            <ns3:cad>99</ns3:cad>
          </ns3:TrackPointExtension>
        </extensions>
      </trkpt>
      <trkpt lat="53.97493354976177215576171875" lon="-0.97289814613759517669677734375">
        <ele>35</ele>
        <time>2018-10-14T10:45:08.000Z</time>
        <extensions>
          <ns3:TrackPointExtension>
            <ns3:hr>135</ns3:hr>
            <ns3:cad>99</ns3:cad>
          </ns3:TrackPointExtension>
        </extensions>
      </trkpt>
      <trkpt lat="53.9751117490231990814208984375" lon="-0.97282270900905132293701171875">
        <ele>35</ele>
        <time>2018-10-14T10:45:13.000Z</time>
        <extensions>
          <ns3:TrackPointExtension>
            <ns3:hr>133</ns3:hr>
            <ns3:cad>99</ns3:cad>
          </ns3:TrackPointExtension>
        </extensions>
      </trkpt>
      <trkpt lat="53.97527175955474376678466796875" lon="-0.97283796407282352447509765625">
        <ele>35</ele>
        <time>2018-10-14T10:45:17.000Z</time>
        <extensions>
          <ns3:TrackPointExtension>
            <ns3:hr>130</ns3:hr>
            <ns3:cad>101</ns3:cad>
          </ns3:TrackPointExtension>
        </extensions>
      </trkpt>
      <trkpt lat="53.9754664711654186248779296875" lon="-0.97285707481205463409423828125">
        <ele>35</ele>
        <time>2018-10-14T10:45:22.000Z</time>
        <extensions>
          <ns3:TrackPointExtension>
            <ns3:hr>130</ns3:hr>
            <ns3:cad>100</ns3:cad>
          </ns3:TrackPointExtension>
        </extensions>
      </trkpt>
      <trkpt lat="53.9756522141396999359130859375" lon="-0.97284785471856594085693359375">
        <ele>35</ele>
        <time>2018-10-14T10:45:27.000Z</time>
        <extensions>
          <ns3:TrackPointExtension>
            <ns3:hr>129</ns3:hr>
            <ns3:cad>100</ns3:cad>
          </ns3:TrackPointExtension>
        </extensions>
      </trkpt>
      <trkpt lat="53.975836448371410369873046875" lon="-0.972815416753292083740234375">
        <ele>35</ele>
        <time>2018-10-14T10:45:32.000Z</time>
        <extensions>
          <ns3:TrackPointExtension>
            <ns3:hr>127</ns3:hr>
            <ns3:cad>100</ns3:cad>
          </ns3:TrackPointExtension>
        </extensions>
      </trkpt>
      <trkpt lat="53.976016156375408172607421875" lon="-0.97278616391122341156005859375">
        <ele>35</ele>
        <time>2018-10-14T10:45:37.000Z</time>
        <extensions>
          <ns3:TrackPointExtension>
            <ns3:hr>127</ns3:hr>
            <ns3:cad>100</ns3:cad>
          </ns3:TrackPointExtension>
        </extensions>
      </trkpt>
      <trkpt lat="53.9762265421450138092041015625" lon="-0.97273637540638446807861328125">
        <ele>35</ele>
        <time>2018-10-14T10:45:43.000Z</time>
        <extensions>
          <ns3:TrackPointExtension>
            <ns3:hr>126</ns3:hr>
            <ns3:cad>100</ns3:cad>
          </ns3:TrackPointExtension>
        </extensions>
      </trkpt>
      <trkpt lat="53.97643399424850940704345703125" lon="-0.97268725745379924774169921875">
        <ele>35</ele>
        <time>2018-10-14T10:45:49.000Z</time>
        <extensions>
          <ns3:TrackPointExtension>
            <ns3:hr>126</ns3:hr>
            <ns3:cad>100</ns3:cad>
          </ns3:TrackPointExtension>
        </extensions>
      </trkpt>
      <trkpt lat="53.97661127150058746337890625" lon="-0.97263227216899394989013671875">
        <ele>34.59999847412109375</ele>
        <time>2018-10-14T10:45:54.000Z</time>
        <extensions>
          <ns3:TrackPointExtension>
            <ns3:hr>124</ns3:hr>
            <ns3:cad>100</ns3:cad>
          </ns3:TrackPointExtension>
        </extensions>
      </trkpt>
      <trkpt lat="53.97679089568555355072021484375" lon="-0.97256823442876338958740234375">
        <ele>34.200000762939453125</ele>
        <time>2018-10-14T10:45:59.000Z</time>
        <extensions>
          <ns3:TrackPointExtension>
            <ns3:hr>123</ns3:hr>
            <ns3:cad>100</ns3:cad>
          </ns3:TrackPointExtension>
        </extensions>
      </trkpt>
      <trkpt lat="53.9769711904227733612060546875" lon="-0.97252816893160343170166015625">
        <ele>34.40000152587890625</ele>
        <time>2018-10-14T10:46:04.000Z</time>
        <extensions>
          <ns3:TrackPointExtension>
            <ns3:hr>123</ns3:hr>
            <ns3:cad>100</ns3:cad>
          </ns3:TrackPointExtension>
        </extensions>
      </trkpt>
      <trkpt lat="53.97715978324413299560546875" lon="-0.972491204738616943359375">
        <ele>34.59999847412109375</ele>
        <time>2018-10-14T10:46:09.000Z</time>
        <extensions>
          <ns3:TrackPointExtension>
            <ns3:hr>124</ns3:hr>
            <ns3:cad>100</ns3:cad>
          </ns3:TrackPointExtension>
        </extensions>
      </trkpt>
      <trkpt lat="53.9773071371018886566162109375" lon="-0.97246664576232433319091796875">
        <ele>34.799999237060546875</ele>
        <time>2018-10-14T10:46:13.000Z</time>
        <extensions>
          <ns3:TrackPointExtension>
            <ns3:hr>127</ns3:hr>
            <ns3:cad>100</ns3:cad>
          </ns3:TrackPointExtension>
        </extensions>
      </trkpt>
      <trkpt lat="53.97749195806682109832763671875" lon="-0.97248408012092113494873046875">
        <ele>35</ele>
        <time>2018-10-14T10:46:18.000Z</time>
        <extensions>
          <ns3:TrackPointExtension>
            <ns3:hr>128</ns3:hr>
            <ns3:cad>100</ns3:cad>
          </ns3:TrackPointExtension>
        </extensions>
      </trkpt>
      <trkpt lat="53.97768105380237102508544921875" lon="-0.97251945175230503082275390625">
        <ele>34.799999237060546875</ele>
        <time>2018-10-14T10:46:23.000Z</time>
        <extensions>
          <ns3:TrackPointExtension>
            <ns3:hr>127</ns3:hr>
            <ns3:cad>100</ns3:cad>
          </ns3:TrackPointExtension>
        </extensions>
      </trkpt>
      <trkpt lat="53.97786830551922321319580078125" lon="-0.97254275344312191009521484375">
        <ele>34.59999847412109375</ele>
        <time>2018-10-14T10:46:28.000Z</time>
        <extensions>
          <ns3:TrackPointExtension>
            <ns3:hr>126</ns3:hr>
            <ns3:cad>100</ns3:cad>
          </ns3:TrackPointExtension>
        </extensions>
      </trkpt>
      <trkpt lat="53.97807366214692592620849609375" lon="-0.972614586353302001953125">
        <ele>33.799999237060546875</ele>
        <time>2018-10-14T10:46:33.000Z</time>
        <extensions>
          <ns3:TrackPointExtension>
            <ns3:hr>127</ns3:hr>
            <ns3:cad>101</ns3:cad>
          </ns3:TrackPointExtension>
        </extensions>
      </trkpt>
      <trkpt lat="53.9782775938510894775390625" lon="-0.97266160883009433746337890625">
        <ele>32.59999847412109375</ele>
        <time>2018-10-14T10:46:38.000Z</time>
        <extensions>
          <ns3:TrackPointExtension>
            <ns3:hr>129</ns3:hr>
            <ns3:cad>101</ns3:cad>
          </ns3:TrackPointExtension>
        </extensions>
      </trkpt>
      <trkpt lat="53.97848823107779026031494140625" lon="-0.9726590104401111602783203125">
        <ele>32</ele>
        <time>2018-10-14T10:46:43.000Z</time>
        <extensions>
          <ns3:TrackPointExtension>
            <ns3:hr>130</ns3:hr>
            <ns3:cad>101</ns3:cad>
          </ns3:TrackPointExtension>
        </extensions>
      </trkpt>
      <trkpt lat="53.978532068431377410888671875" lon="-0.97265280783176422119140625">
        <ele>31.799999237060546875</ele>
        <time>2018-10-14T10:46:44.000Z</time>
        <extensions>
          <ns3:TrackPointExtension>
            <ns3:hr>131</ns3:hr>
            <ns3:cad>101</ns3:cad>
          </ns3:TrackPointExtension>
        </extensions>
      </trkpt>
      <trkpt lat="53.97873113863170146942138671875" lon="-0.972630679607391357421875">
        <ele>31</ele>
        <time>2018-10-14T10:46:49.000Z</time>
        <extensions>
          <ns3:TrackPointExtension>
            <ns3:hr>130</ns3:hr>
            <ns3:cad>101</ns3:cad>
          </ns3:TrackPointExtension>
        </extensions>
      </trkpt>
      <trkpt lat="53.97883675061166286468505859375" lon="-0.972610227763652801513671875">
        <ele>30.6000003814697265625</ele>
        <time>2018-10-14T10:46:52.000Z</time>
        <extensions>
          <ns3:TrackPointExtension>
            <ns3:hr>126</ns3:hr>
            <ns3:cad>101</ns3:cad>
          </ns3:TrackPointExtension>
        </extensions>
      </trkpt>
      <trkpt lat="53.9789540134370326995849609375" lon="-0.97259472124278545379638671875">
        <ele>30.200000762939453125</ele>
        <time>2018-10-14T10:46:55.000Z</time>
        <extensions>
          <ns3:TrackPointExtension>
            <ns3:hr>130</ns3:hr>
            <ns3:cad>101</ns3:cad>
          </ns3:TrackPointExtension>
        </extensions>
      </trkpt>
      <trkpt lat="53.97902668453752994537353515625" lon="-0.97258508205413818359375">
        <ele>30</ele>
        <time>2018-10-14T10:46:57.000Z</time>
        <extensions>
          <ns3:TrackPointExtension>
            <ns3:hr>133</ns3:hr>
            <ns3:cad>103</ns3:cad>
          </ns3:TrackPointExtension>
        </extensions>
      </trkpt>
      <trkpt lat="53.97910145111382007598876953125" lon="-0.9725852496922016143798828125">
        <ele>29.799999237060546875</ele>
        <time>2018-10-14T10:46:59.000Z</time>
        <extensions>
          <ns3:TrackPointExtension>
            <ns3:hr>136</ns3:hr>
            <ns3:cad>100</ns3:cad>
          </ns3:TrackPointExtension>
        </extensions>
      </trkpt>
      <trkpt lat="53.979296498000621795654296875" lon="-0.97262053750455379486083984375">
        <ele>29</ele>
        <time>2018-10-14T10:47:04.000Z</time>
        <extensions>
          <ns3:TrackPointExtension>
            <ns3:hr>138</ns3:hr>
            <ns3:cad>101</ns3:cad>
          </ns3:TrackPointExtension>
        </extensions>
      </trkpt>
      <trkpt lat="53.97948014549911022186279296875" lon="-0.9726740978658199310302734375">
        <ele>28.200000762939453125</ele>
        <time>2018-10-14T10:47:09.000Z</time>
        <extensions>
          <ns3:TrackPointExtension>
            <ns3:hr>137</ns3:hr>
            <ns3:cad>101</ns3:cad>
          </ns3:TrackPointExtension>
        </extensions>
      </trkpt>
      <trkpt lat="53.97965918295085430145263671875" lon="-0.97274609841406345367431640625">
        <ele>27.799999237060546875</ele>
        <time>2018-10-14T10:47:14.000Z</time>
        <extensions>
          <ns3:TrackPointExtension>
            <ns3:hr>137</ns3:hr>
            <ns3:cad>101</ns3:cad>
          </ns3:TrackPointExtension>
        </extensions>
      </trkpt>
      <trkpt lat="53.9798378013074398040771484375" lon="-0.97287786193192005157470703125">
        <ele>27</ele>
        <time>2018-10-14T10:47:19.000Z</time>
        <extensions>
          <ns3:TrackPointExtension>
            <ns3:hr>137</ns3:hr>
            <ns3:cad>102</ns3:cad>
          </ns3:TrackPointExtension>
        </extensions>
      </trkpt>
      <trkpt lat="53.97999043576419353485107421875" lon="-0.97304214723408222198486328125">
        <ele>26.6000003814697265625</ele>
        <time>2018-10-14T10:47:24.000Z</time>
        <extensions>
          <ns3:TrackPointExtension>
            <ns3:hr>139</ns3:hr>
            <ns3:cad>101</ns3:cad>
          </ns3:TrackPointExtension>
        </extensions>
      </trkpt>
      <trkpt lat="53.98014281876385211944580078125" lon="-0.97321079112589359283447265625">
        <ele>25.799999237060546875</ele>
        <time>2018-10-14T10:47:29.000Z</time>
        <extensions>
          <ns3:TrackPointExtension>
            <ns3:hr>137</ns3:hr>
            <ns3:cad>101</ns3:cad>
          </ns3:TrackPointExtension>
        </extensions>
      </trkpt>
      <trkpt lat="53.980196379125118255615234375" lon="-0.97329176031053066253662109375">
        <ele>25.3999996185302734375</ele>
        <time>2018-10-14T10:47:31.000Z</time>
        <extensions>
          <ns3:TrackPointExtension>
            <ns3:hr>134</ns3:hr>
            <ns3:cad>100</ns3:cad>
          </ns3:TrackPointExtension>
        </extensions>
      </trkpt>
      <trkpt lat="53.98027089424431324005126953125" lon="-0.973414219915866851806640625">
        <ele>25</ele>
        <time>2018-10-14T10:47:34.000Z</time>
        <extensions>
          <ns3:TrackPointExtension>
            <ns3:hr>120</ns3:hr>
            <ns3:cad>101</ns3:cad>
          </ns3:TrackPointExtension>
        </extensions>
      </trkpt>
      <trkpt lat="53.9802972972393035888671875" lon="-0.97345554269850254058837890625">
        <ele>25</ele>
        <time>2018-10-14T10:47:35.000Z</time>
        <extensions>
          <ns3:TrackPointExtension>
            <ns3:hr>117</ns3:hr>
            <ns3:cad>101</ns3:cad>
          </ns3:TrackPointExtension>
        </extensions>
      </trkpt>
      <trkpt lat="53.98044272325932979583740234375" lon="-0.97370582632720470428466796875">
        <ele>24.799999237060546875</ele>
        <time>2018-10-14T10:47:41.000Z</time>
        <extensions>
          <ns3:TrackPointExtension>
            <ns3:hr>118</ns3:hr>
            <ns3:cad>100</ns3:cad>
          </ns3:TrackPointExtension>
        </extensions>
      </trkpt>
      <trkpt lat="53.98046535439789295196533203125" lon="-0.97374957986176013946533203125">
        <ele>24.799999237060546875</ele>
        <time>2018-10-14T10:47:42.000Z</time>
        <extensions>
          <ns3:TrackPointExtension>
            <ns3:hr>121</ns3:hr>
            <ns3:cad>100</ns3:cad>
          </ns3:TrackPointExtension>
        </extensions>
      </trkpt>
      <trkpt lat="53.980578593909740447998046875" lon="-0.97406038083136081695556640625">
        <ele>23.3999996185302734375</ele>
        <time>2018-10-14T10:47:48.000Z</time>
        <extensions>
          <ns3:TrackPointExtension>
            <ns3:hr>120</ns3:hr>
            <ns3:cad>102</ns3:cad>
          </ns3:TrackPointExtension>
        </extensions>
      </trkpt>
      <trkpt lat="53.98067506961524486541748046875" lon="-0.97433497197926044464111328125">
        <ele>23</ele>
        <time>2018-10-14T10:47:53.000Z</time>
        <extensions>
          <ns3:TrackPointExtension>
            <ns3:hr>121</ns3:hr>
            <ns3:cad>101</ns3:cad>
          </ns3:TrackPointExtension>
        </extensions>
      </trkpt>
      <trkpt lat="53.98077028803527355194091796875" lon="-0.9746086411178112030029296875">
        <ele>23</ele>
        <time>2018-10-14T10:47:58.000Z</time>
        <extensions>
          <ns3:TrackPointExtension>
            <ns3:hr>120</ns3:hr>
            <ns3:cad>101</ns3:cad>
          </ns3:TrackPointExtension>
        </extensions>
      </trkpt>
      <trkpt lat="53.98086550645530223846435546875" lon="-0.974873006343841552734375">
        <ele>23</ele>
        <time>2018-10-14T10:48:03.000Z</time>
        <extensions>
          <ns3:TrackPointExtension>
            <ns3:hr>121</ns3:hr>
            <ns3:cad>101</ns3:cad>
          </ns3:TrackPointExtension>
        </extensions>
      </trkpt>
      <trkpt lat="53.98097095079720020294189453125" lon="-0.97511951811611652374267578125">
        <ele>23</ele>
        <time>2018-10-14T10:48:08.000Z</time>
        <extensions>
          <ns3:TrackPointExtension>
            <ns3:hr>122</ns3:hr>
            <ns3:cad>100</ns3:cad>
          </ns3:TrackPointExtension>
        </extensions>
      </trkpt>
      <trkpt lat="53.98105435073375701904296875" lon="-0.9752993099391460418701171875">
        <ele>23</ele>
        <time>2018-10-14T10:48:12.000Z</time>
        <extensions>
          <ns3:TrackPointExtension>
            <ns3:hr>125</ns3:hr>
            <ns3:cad>100</ns3:cad>
          </ns3:TrackPointExtension>
        </extensions>
      </trkpt>
      <trkpt lat="53.98117178119719028472900390625" lon="-0.9755923412740230560302734375">
        <ele>22.3999996185302734375</ele>
        <time>2018-10-14T10:48:18.000Z</time>
        <extensions>
          <ns3:TrackPointExtension>
            <ns3:hr>126</ns3:hr>
            <ns3:cad>100</ns3:cad>
          </ns3:TrackPointExtension>
        </extensions>
      </trkpt>
      <trkpt lat="53.981281332671642303466796875" lon="-0.97589534707367420196533203125">
        <ele>22</ele>
        <time>2018-10-14T10:48:24.000Z</time>
        <extensions>
          <ns3:TrackPointExtension>
            <ns3:hr>125</ns3:hr>
            <ns3:cad>99</ns3:cad>
          </ns3:TrackPointExtension>
        </extensions>
      </trkpt>
      <trkpt lat="53.9813768863677978515625" lon="-0.976162813603878021240234375">
        <ele>21</ele>
        <time>2018-10-14T10:48:29.000Z</time>
        <extensions>
          <ns3:TrackPointExtension>
            <ns3:hr>125</ns3:hr>
            <ns3:cad>99</ns3:cad>
          </ns3:TrackPointExtension>
        </extensions>
      </trkpt>
      <trkpt lat="53.98147839121520519256591796875" lon="-0.9764161147177219390869140625">
        <ele>21</ele>
        <time>2018-10-14T10:48:34.000Z</time>
        <extensions>
          <ns3:TrackPointExtension>
            <ns3:hr>124</ns3:hr>
            <ns3:cad>100</ns3:cad>
          </ns3:TrackPointExtension>
        </extensions>
      </trkpt>
      <trkpt lat="53.98158366791903972625732421875" lon="-0.9767185337841510772705078125">
        <ele>21.799999237060546875</ele>
        <time>2018-10-14T10:48:40.000Z</time>
        <extensions>
          <ns3:TrackPointExtension>
            <ns3:hr>126</ns3:hr>
            <ns3:cad>99</ns3:cad>
          </ns3:TrackPointExtension>
        </extensions>
      </trkpt>
      <trkpt lat="53.9816680736839771270751953125" lon="-0.97703277133405208587646484375">
        <ele>22</ele>
        <time>2018-10-14T10:48:46.000Z</time>
        <extensions>
          <ns3:TrackPointExtension>
            <ns3:hr>128</ns3:hr>
            <ns3:cad>100</ns3:cad>
          </ns3:TrackPointExtension>
        </extensions>
      </trkpt>
      <trkpt lat="53.981733955442905426025390625" lon="-0.97737039439380168914794921875">
        <ele>21</ele>
        <time>2018-10-14T10:48:52.000Z</time>
        <extensions>
          <ns3:TrackPointExtension>
            <ns3:hr>128</ns3:hr>
            <ns3:cad>99</ns3:cad>
          </ns3:TrackPointExtension>
        </extensions>
      </trkpt>
      <trkpt lat="53.98178986273705959320068359375" lon="-0.977718830108642578125">
        <ele>20.6000003814697265625</ele>
        <time>2018-10-14T10:48:58.000Z</time>
        <extensions>
          <ns3:TrackPointExtension>
            <ns3:hr>126</ns3:hr>
            <ns3:cad>99</ns3:cad>
          </ns3:TrackPointExtension>
        </extensions>
      </trkpt>
      <trkpt lat="53.98175935260951519012451171875" lon="-0.97805502824485301971435546875">
        <ele>20.3999996185302734375</ele>
        <time>2018-10-14T10:49:04.000Z</time>
        <extensions>
          <ns3:TrackPointExtension>
            <ns3:hr>125</ns3:hr>
            <ns3:cad>99</ns3:cad>
          </ns3:TrackPointExtension>
        </extensions>
      </trkpt>
      <trkpt lat="53.9817027747631072998046875" lon="-0.97822300158441066741943359375">
        <ele>20.799999237060546875</ele>
        <time>2018-10-14T10:49:07.000Z</time>
        <extensions>
          <ns3:TrackPointExtension>
            <ns3:hr>122</ns3:hr>
            <ns3:cad>99</ns3:cad>
          </ns3:TrackPointExtension>
        </extensions>
      </trkpt>
      <trkpt lat="53.9815832488238811492919921875" lon="-0.978481583297252655029296875">
        <ele>21</ele>
        <time>2018-10-14T10:49:12.000Z</time>
        <extensions>
          <ns3:TrackPointExtension>
            <ns3:hr>122</ns3:hr>
            <ns3:cad>99</ns3:cad>
          </ns3:TrackPointExtension>
        </extensions>
      </trkpt>
      <trkpt lat="53.9814833365380764007568359375" lon="-0.978739745914936065673828125">
        <ele>20.799999237060546875</ele>
        <time>2018-10-14T10:49:17.000Z</time>
        <extensions>
          <ns3:TrackPointExtension>
            <ns3:hr>122</ns3:hr>
            <ns3:cad>100</ns3:cad>
          </ns3:TrackPointExtension>
        </extensions>
      </trkpt>
      <trkpt lat="53.98137914948165416717529296875" lon="-0.9790456853806972503662109375">
        <ele>21.3999996185302734375</ele>
        <time>2018-10-14T10:49:23.000Z</time>
        <extensions>
          <ns3:TrackPointExtension>
            <ns3:hr>123</ns3:hr>
            <ns3:cad>100</ns3:cad>
          </ns3:TrackPointExtension>
        </extensions>
      </trkpt>
      <trkpt lat="53.9812935702502727508544921875" lon="-0.97937601618468761444091796875">
        <ele>21</ele>
        <time>2018-10-14T10:49:29.000Z</time>
        <extensions>
          <ns3:TrackPointExtension>
            <ns3:hr>123</ns3:hr>
            <ns3:cad>99</ns3:cad>
          </ns3:TrackPointExtension>
        </extensions>
      </trkpt>
      <trkpt lat="53.981231711804866790771484375" lon="-0.9796632640063762664794921875">
        <ele>20</ele>
        <time>2018-10-14T10:49:34.000Z</time>
        <extensions>
          <ns3:TrackPointExtension>
            <ns3:hr>124</ns3:hr>
            <ns3:cad>99</ns3:cad>
          </ns3:TrackPointExtension>
        </extensions>
      </trkpt>
      <trkpt lat="53.98115116171538829803466796875" lon="-0.97997725009918212890625">
        <ele>20</ele>
        <time>2018-10-14T10:49:40.000Z</time>
        <extensions>
          <ns3:TrackPointExtension>
            <ns3:hr>125</ns3:hr>
            <ns3:cad>99</ns3:cad>
          </ns3:TrackPointExtension>
        </extensions>
      </trkpt>
      <trkpt lat="53.98106868378818035125732421875" lon="-0.98026868887245655059814453125">
        <ele>20</ele>
        <time>2018-10-14T10:49:46.000Z</time>
        <extensions>
          <ns3:TrackPointExtension>
            <ns3:hr>124</ns3:hr>
            <ns3:cad>100</ns3:cad>
          </ns3:TrackPointExtension>
        </extensions>
      </trkpt>
      <trkpt lat="53.98097254335880279541015625" lon="-0.980549566447734832763671875">
        <ele>19.6000003814697265625</ele>
        <time>2018-10-14T10:49:52.000Z</time>
        <extensions>
          <ns3:TrackPointExtension>
            <ns3:hr>123</ns3:hr>
            <ns3:cad>100</ns3:cad>
          </ns3:TrackPointExtension>
        </extensions>
      </trkpt>
      <trkpt lat="53.9808624051511287689208984375" lon="-0.98083832301199436187744140625">
        <ele>18.6000003814697265625</ele>
        <time>2018-10-14T10:49:58.000Z</time>
        <extensions>
          <ns3:TrackPointExtension>
            <ns3:hr>124</ns3:hr>
            <ns3:cad>99</ns3:cad>
          </ns3:TrackPointExtension>
        </extensions>
      </trkpt>
      <trkpt lat="53.98074857890605926513671875" lon="-0.98113604821264743804931640625">
        <ele>18.200000762939453125</ele>
        <time>2018-10-14T10:50:04.000Z</time>
        <extensions>
          <ns3:TrackPointExtension>
            <ns3:hr>124</ns3:hr>
            <ns3:cad>99</ns3:cad>
          </ns3:TrackPointExtension>
        </extensions>
      </trkpt>
      <trkpt lat="53.9807185716927051544189453125" lon="-0.98123210482299327850341796875">
        <ele>18</ele>
        <time>2018-10-14T10:50:06.000Z</time>
        <extensions>
          <ns3:TrackPointExtension>
            <ns3:hr>124</ns3:hr>
            <ns3:cad>99</ns3:cad>
          </ns3:TrackPointExtension>
        </extensions>
      </trkpt>
      <trkpt lat="53.98061941377818584442138671875" lon="-0.981537960469722747802734375">
        <ele>18.200000762939453125</ele>
        <time>2018-10-14T10:50:12.000Z</time>
        <extensions>
          <ns3:TrackPointExtension>
            <ns3:hr>123</ns3:hr>
            <ns3:cad>100</ns3:cad>
          </ns3:TrackPointExtension>
        </extensions>
      </trkpt>
      <trkpt lat="53.9805217646062374114990234375" lon="-0.9818529523909091949462890625">
        <ele>18.6000003814697265625</ele>
        <time>2018-10-14T10:50:18.000Z</time>
        <extensions>
          <ns3:TrackPointExtension>
            <ns3:hr>124</ns3:hr>
            <ns3:cad>99</ns3:cad>
          </ns3:TrackPointExtension>
        </extensions>
      </trkpt>
      <trkpt lat="53.98043316788971424102783203125" lon="-0.9821218438446521759033203125">
        <ele>19</ele>
        <time>2018-10-14T10:50:23.000Z</time>
        <extensions>
          <ns3:TrackPointExtension>
            <ns3:hr>124</ns3:hr>
            <ns3:cad>100</ns3:cad>
          </ns3:TrackPointExtension>
        </extensions>
      </trkpt>
      <trkpt lat="53.98032881319522857666015625" lon="-0.982429794967174530029296875">
        <ele>19.200000762939453125</ele>
        <time>2018-10-14T10:50:29.000Z</time>
        <extensions>
          <ns3:TrackPointExtension>
            <ns3:hr>122</ns3:hr>
            <ns3:cad>98</ns3:cad>
          </ns3:TrackPointExtension>
        </extensions>
      </trkpt>
      <trkpt lat="53.980218507349491119384765625" lon="-0.9827278554439544677734375">
        <ele>20</ele>
        <time>2018-10-14T10:50:35.000Z</time>
        <extensions>
          <ns3:TrackPointExtension>
            <ns3:hr>122</ns3:hr>
            <ns3:cad>99</ns3:cad>
          </ns3:TrackPointExtension>
        </extensions>
      </trkpt>
      <trkpt lat="53.980099149048328399658203125" lon="-0.98302222788333892822265625">
        <ele>20.6000003814697265625</ele>
        <time>2018-10-14T10:50:41.000Z</time>
        <extensions>
          <ns3:TrackPointExtension>
            <ns3:hr>123</ns3:hr>
            <ns3:cad>100</ns3:cad>
          </ns3:TrackPointExtension>
        </extensions>
      </trkpt>
      <trkpt lat="53.98001139052212238311767578125" lon="-0.9832222200930118560791015625">
        <ele>20</ele>
        <time>2018-10-14T10:50:45.000Z</time>
        <extensions>
          <ns3:TrackPointExtension>
            <ns3:hr>126</ns3:hr>
            <ns3:cad>99</ns3:cad>
          </ns3:TrackPointExtension>
        </extensions>
      </trkpt>
      <trkpt lat="53.97987711243331432342529296875" lon="-0.98349052481353282928466796875">
        <ele>20</ele>
        <time>2018-10-14T10:50:51.000Z</time>
        <extensions>
          <ns3:TrackPointExtension>
            <ns3:hr>126</ns3:hr>
            <ns3:cad>100</ns3:cad>
          </ns3:TrackPointExtension>
        </extensions>
      </trkpt>
      <trkpt lat="53.97974182851612567901611328125" lon="-0.9837573207914829254150390625">
        <ele>18.6000003814697265625</ele>
        <time>2018-10-14T10:50:57.000Z</time>
        <extensions>
          <ns3:TrackPointExtension>
            <ns3:hr>123</ns3:hr>
            <ns3:cad>101</ns3:cad>
          </ns3:TrackPointExtension>
        </extensions>
      </trkpt>
      <trkpt lat="53.9795967377722263336181640625" lon="-0.984022356569766998291015625">
        <ele>18</ele>
        <time>2018-10-14T10:51:03.000Z</time>
        <extensions>
          <ns3:TrackPointExtension>
            <ns3:hr>124</ns3:hr>
            <ns3:cad>101</ns3:cad>
          </ns3:TrackPointExtension>
        </extensions>
      </trkpt>
      <trkpt lat="53.9794525690376758575439453125" lon="-0.98427574150264263153076171875">
        <ele>18</ele>
        <time>2018-10-14T10:51:09.000Z</time>
        <extensions>
          <ns3:TrackPointExtension>
            <ns3:hr>124</ns3:hr>
            <ns3:cad>100</ns3:cad>
          </ns3:TrackPointExtension>
        </extensions>
      </trkpt>
      <trkpt lat="53.979308903217315673828125" lon="-0.984515212476253509521484375">
        <ele>18.799999237060546875</ele>
        <time>2018-10-14T10:51:15.000Z</time>
        <extensions>
          <ns3:TrackPointExtension>
            <ns3:hr>124</ns3:hr>
            <ns3:cad>100</ns3:cad>
          </ns3:TrackPointExtension>
        </extensions>
      </trkpt>
      <trkpt lat="53.9791592024266719818115234375" lon="-0.98476105369627475738525390625">
        <ele>19</ele>
        <time>2018-10-14T10:51:21.000Z</time>
        <extensions>
          <ns3:TrackPointExtension>
            <ns3:hr>123</ns3:hr>
            <ns3:cad>100</ns3:cad>
          </ns3:TrackPointExtension>
        </extensions>
      </trkpt>
      <trkpt lat="53.97900841198861598968505859375" lon="-0.98500572144985198974609375">
        <ele>19</ele>
        <time>2018-10-14T10:51:27.000Z</time>
        <extensions>
          <ns3:TrackPointExtension>
            <ns3:hr>121</ns3:hr>
            <ns3:cad>99</ns3:cad>
          </ns3:TrackPointExtension>
        </extensions>
      </trkpt>
      <trkpt lat="53.97886273451149463653564453125" lon="-0.98527126014232635498046875">
        <ele>19</ele>
        <time>2018-10-14T10:51:33.000Z</time>
        <extensions>
          <ns3:TrackPointExtension>
            <ns3:hr>122</ns3:hr>
            <ns3:cad>99</ns3:cad>
          </ns3:TrackPointExtension>
        </extensions>
      </trkpt>
      <trkpt lat="53.978766761720180511474609375" lon="-0.9855953045189380645751953125">
        <ele>18.200000762939453125</ele>
        <time>2018-10-14T10:51:39.000Z</time>
        <extensions>
          <ns3:TrackPointExtension>
            <ns3:hr>122</ns3:hr>
            <ns3:cad>100</ns3:cad>
          </ns3:TrackPointExtension>
        </extensions>
      </trkpt>
      <trkpt lat="53.97875410504639148712158203125" lon="-0.98564945161342620849609375">
        <ele>18.200000762939453125</ele>
        <time>2018-10-14T10:51:40.000Z</time>
        <extensions>
          <ns3:TrackPointExtension>
            <ns3:hr>117</ns3:hr>
            <ns3:cad>99</ns3:cad>
          </ns3:TrackPointExtension>
        </extensions>
      </trkpt>
      <trkpt lat="53.9787391014397144317626953125" lon="-0.98570334725081920623779296875">
        <ele>18</ele>
        <time>2018-10-14T10:51:41.000Z</time>
        <extensions>
          <ns3:TrackPointExtension>
            <ns3:hr>117</ns3:hr>
            <ns3:cad>99</ns3:cad>
          </ns3:TrackPointExtension>
        </extensions>
      </trkpt>
      <trkpt lat="53.97867389023303985595703125" lon="-0.9859879128634929656982421875">
        <ele>18</ele>
        <time>2018-10-14T10:51:46.000Z</time>
        <extensions>
          <ns3:TrackPointExtension>
            <ns3:hr>118</ns3:hr>
            <ns3:cad>99</ns3:cad>
          </ns3:TrackPointExtension>
        </extensions>
      </trkpt>
      <trkpt lat="53.978611193597316741943359375" lon="-0.9863340854644775390625">
        <ele>18</ele>
        <time>2018-10-14T10:51:52.000Z</time>
        <extensions>
          <ns3:TrackPointExtension>
            <ns3:hr>119</ns3:hr>
            <ns3:cad>99</ns3:cad>
          </ns3:TrackPointExtension>
        </extensions>
      </trkpt>
      <trkpt lat="53.978564254939556121826171875" lon="-0.986636169254779815673828125">
        <ele>18</ele>
        <time>2018-10-14T10:51:57.000Z</time>
        <extensions>
          <ns3:TrackPointExtension>
            <ns3:hr>120</ns3:hr>
            <ns3:cad>99</ns3:cad>
          </ns3:TrackPointExtension>
        </extensions>
      </trkpt>
      <trkpt lat="53.97854371927678585052490234375" lon="-0.98692827858030796051025390625">
        <ele>17.6000003814697265625</ele>
        <time>2018-10-14T10:52:02.000Z</time>
        <extensions>
          <ns3:TrackPointExtension>
            <ns3:hr>123</ns3:hr>
            <ns3:cad>99</ns3:cad>
          </ns3:TrackPointExtension>
        </extensions>
      </trkpt>
      <trkpt lat="53.978563249111175537109375" lon="-0.98723153583705425262451171875">
        <ele>17.3999996185302734375</ele>
        <time>2018-10-14T10:52:07.000Z</time>
        <extensions>
          <ns3:TrackPointExtension>
            <ns3:hr>124</ns3:hr>
            <ns3:cad>100</ns3:cad>
          </ns3:TrackPointExtension>
        </extensions>
      </trkpt>
      <trkpt lat="53.978616558015346527099609375" lon="-0.9875730983912944793701171875">
        <ele>17</ele>
        <time>2018-10-14T10:52:13.000Z</time>
        <extensions>
          <ns3:TrackPointExtension>
            <ns3:hr>123</ns3:hr>
            <ns3:cad>99</ns3:cad>
          </ns3:TrackPointExtension>
        </extensions>
      </trkpt>
      <trkpt lat="53.9786844514310359954833984375" lon="-0.98790711723268032073974609375">
        <ele>16.799999237060546875</ele>
        <time>2018-10-14T10:52:19.000Z</time>
        <extensions>
          <ns3:TrackPointExtension>
            <ns3:hr>123</ns3:hr>
            <ns3:cad>100</ns3:cad>
          </ns3:TrackPointExtension>
        </extensions>
      </trkpt>
      <trkpt lat="53.978756032884120941162109375" lon="-0.98824239335954189300537109375">
        <ele>18.200000762939453125</ele>
        <time>2018-10-14T10:52:25.000Z</time>
        <extensions>
          <ns3:TrackPointExtension>
            <ns3:hr>123</ns3:hr>
            <ns3:cad>100</ns3:cad>
          </ns3:TrackPointExtension>
        </extensions>
      </trkpt>
      <trkpt lat="53.97883339785039424896240234375" lon="-0.988576747477054595947265625">
        <ele>18.6000003814697265625</ele>
        <time>2018-10-14T10:52:31.000Z</time>
        <extensions>
          <ns3:TrackPointExtension>
            <ns3:hr>123</ns3:hr>
            <ns3:cad>99</ns3:cad>
          </ns3:TrackPointExtension>
        </extensions>
      </trkpt>
      <trkpt lat="53.978910930454730987548828125" lon="-0.988915376365184783935546875">
        <ele>18</ele>
        <time>2018-10-14T10:52:37.000Z</time>
        <extensions>
          <ns3:TrackPointExtension>
            <ns3:hr>124</ns3:hr>
            <ns3:cad>100</ns3:cad>
          </ns3:TrackPointExtension>
        </extensions>
      </trkpt>
      <trkpt lat="53.97899449802935123443603515625" lon="-0.9892491437494754791259765625">
        <ele>18</ele>
        <time>2018-10-14T10:52:43.000Z</time>
        <extensions>
          <ns3:TrackPointExtension>
            <ns3:hr>124</ns3:hr>
            <ns3:cad>99</ns3:cad>
          </ns3:TrackPointExtension>
        </extensions>
      </trkpt>
      <trkpt lat="53.979072868824005126953125" lon="-0.98958215676248073577880859375">
        <ele>17</ele>
        <time>2018-10-14T10:52:49.000Z</time>
        <extensions>
          <ns3:TrackPointExtension>
            <ns3:hr>124</ns3:hr>
            <ns3:cad>100</ns3:cad>
          </ns3:TrackPointExtension>
        </extensions>
      </trkpt>
      <trkpt lat="53.97915341891348361968994140625" lon="-0.98991307429969310760498046875">
        <ele>17.3999996185302734375</ele>
        <time>2018-10-14T10:52:55.000Z</time>
        <extensions>
          <ns3:TrackPointExtension>
            <ns3:hr>124</ns3:hr>
            <ns3:cad>100</ns3:cad>
          </ns3:TrackPointExtension>
        </extensions>
      </trkpt>
      <trkpt lat="53.97922986187040805816650390625" lon="-0.99023896269500255584716796875">
        <ele>17.799999237060546875</ele>
        <time>2018-10-14T10:53:01.000Z</time>
        <extensions>
          <ns3:TrackPointExtension>
            <ns3:hr>124</ns3:hr>
            <ns3:cad>100</ns3:cad>
          </ns3:TrackPointExtension>
        </extensions>
      </trkpt>
      <trkpt lat="53.97930194623768329620361328125" lon="-0.99055529572069644927978515625">
        <ele>18</ele>
        <time>2018-10-14T10:53:07.000Z</time>
        <extensions>
          <ns3:TrackPointExtension>
            <ns3:hr>124</ns3:hr>
            <ns3:cad>99</ns3:cad>
          </ns3:TrackPointExtension>
        </extensions>
      </trkpt>
      <trkpt lat="53.9793905429542064666748046875" lon="-0.990856625139713287353515625">
        <ele>19</ele>
        <time>2018-10-14T10:53:13.000Z</time>
        <extensions>
          <ns3:TrackPointExtension>
            <ns3:hr>123</ns3:hr>
            <ns3:cad>99</ns3:cad>
          </ns3:TrackPointExtension>
        </extensions>
      </trkpt>
      <trkpt lat="53.979480229318141937255859375" lon="-0.99116650409996509552001953125">
        <ele>18.3999996185302734375</ele>
        <time>2018-10-14T10:53:19.000Z</time>
        <extensions>
          <ns3:TrackPointExtension>
            <ns3:hr>122</ns3:hr>
            <ns3:cad>99</ns3:cad>
          </ns3:TrackPointExtension>
        </extensions>
      </trkpt>
      <trkpt lat="53.97956547327339649200439453125" lon="-0.9914743714034557342529296875">
        <ele>18</ele>
        <time>2018-10-14T10:53:25.000Z</time>
        <extensions>
          <ns3:TrackPointExtension>
            <ns3:hr>122</ns3:hr>
            <ns3:cad>99</ns3:cad>
          </ns3:TrackPointExtension>
        </extensions>
      </trkpt>
      <trkpt lat="53.9796607755124568939208984375" lon="-0.991781316697597503662109375">
        <ele>18</ele>
        <time>2018-10-14T10:53:31.000Z</time>
        <extensions>
          <ns3:TrackPointExtension>
            <ns3:hr>123</ns3:hr>
            <ns3:cad>99</ns3:cad>
          </ns3:TrackPointExtension>
        </extensions>
      </trkpt>
      <trkpt lat="53.97969421930611133575439453125" lon="-0.9918904490768909454345703125">
        <ele>18</ele>
        <time>2018-10-14T10:53:33.000Z</time>
        <extensions>
          <ns3:TrackPointExtension>
            <ns3:hr>123</ns3:hr>
            <ns3:cad>99</ns3:cad>
          </ns3:TrackPointExtension>
        </extensions>
      </trkpt>
      <trkpt lat="53.9797903597354888916015625" lon="-0.992211811244487762451171875">
        <ele>18.200000762939453125</ele>
        <time>2018-10-14T10:53:39.000Z</time>
        <extensions>
          <ns3:TrackPointExtension>
            <ns3:hr>123</ns3:hr>
            <ns3:cad>99</ns3:cad>
          </ns3:TrackPointExtension>
        </extensions>
      </trkpt>
      <trkpt lat="53.97984928451478481292724609375" lon="-0.9924828819930553436279296875">
        <ele>19</ele>
        <time>2018-10-14T10:53:44.000Z</time>
        <extensions>
          <ns3:TrackPointExtension>
            <ns3:hr>126</ns3:hr>
            <ns3:cad>100</ns3:cad>
          </ns3:TrackPointExtension>
        </extensions>
      </trkpt>
      <trkpt lat="53.9799236319959163665771484375" lon="-0.9928158111870288848876953125">
        <ele>19</ele>
        <time>2018-10-14T10:53:50.000Z</time>
        <extensions>
          <ns3:TrackPointExtension>
            <ns3:hr>125</ns3:hr>
            <ns3:cad>100</ns3:cad>
          </ns3:TrackPointExtension>
        </extensions>
      </trkpt>
      <trkpt lat="53.97999043576419353485107421875" lon="-0.99315418861806392669677734375">
        <ele>19</ele>
        <time>2018-10-14T10:53:56.000Z</time>
        <extensions>
          <ns3:TrackPointExtension>
            <ns3:hr>125</ns3:hr>
            <ns3:cad>99</ns3:cad>
          </ns3:TrackPointExtension>
        </extensions>
      </trkpt>
      <trkpt lat="53.98005832917988300323486328125" lon="-0.993497259914875030517578125">
        <ele>19.799999237060546875</ele>
        <time>2018-10-14T10:54:02.000Z</time>
        <extensions>
          <ns3:TrackPointExtension>
            <ns3:hr>126</ns3:hr>
            <ns3:cad>100</ns3:cad>
          </ns3:TrackPointExtension>
        </extensions>
      </trkpt>
      <trkpt lat="53.980115242302417755126953125" lon="-0.99379875697195529937744140625">
        <ele>19</ele>
        <time>2018-10-14T10:54:07.000Z</time>
        <extensions>
          <ns3:TrackPointExtension>
            <ns3:hr>125</ns3:hr>
            <ns3:cad>100</ns3:cad>
          </ns3:TrackPointExtension>
        </extensions>
      </trkpt>
      <trkpt lat="53.98018020205199718475341796875" lon="-0.99414828233420848846435546875">
        <ele>19.200000762939453125</ele>
        <time>2018-10-14T10:54:13.000Z</time>
        <extensions>
          <ns3:TrackPointExtension>
            <ns3:hr>124</ns3:hr>
            <ns3:cad>100</ns3:cad>
          </ns3:TrackPointExtension>
        </extensions>
      </trkpt>
      <trkpt lat="53.98023870773613452911376953125" lon="-0.99444030784070491790771484375">
        <ele>19.3999996185302734375</ele>
        <time>2018-10-14T10:54:18.000Z</time>
        <extensions>
          <ns3:TrackPointExtension>
            <ns3:hr>125</ns3:hr>
            <ns3:cad>101</ns3:cad>
          </ns3:TrackPointExtension>
        </extensions>
      </trkpt>
      <trkpt lat="53.98028883151710033416748046875" lon="-0.9946615062654018402099609375">
        <ele>19</ele>
        <time>2018-10-14T10:54:22.000Z</time>
        <extensions>
          <ns3:TrackPointExtension>
            <ns3:hr>128</ns3:hr>
            <ns3:cad>100</ns3:cad>
          </ns3:TrackPointExtension>
        </extensions>
      </trkpt>
      <trkpt lat="53.98035161197185516357421875" lon="-0.99499535746872425079345703125">
        <ele>19.200000762939453125</ele>
        <time>2018-10-14T10:54:28.000Z</time>
        <extensions>
          <ns3:TrackPointExtension>
            <ns3:hr>133</ns3:hr>
            <ns3:cad>98</ns3:cad>
          </ns3:TrackPointExtension>
        </extensions>
      </trkpt>
      <trkpt lat="53.98042394779622554779052734375" lon="-0.9953240118920803070068359375">
        <ele>20.6000003814697265625</ele>
        <time>2018-10-14T10:54:34.000Z</time>
        <extensions>
          <ns3:TrackPointExtension>
            <ns3:hr>133</ns3:hr>
            <ns3:cad>100</ns3:cad>
          </ns3:TrackPointExtension>
        </extensions>
      </trkpt>
      <trkpt lat="53.980489410459995269775390625" lon="-0.99564730189740657806396484375">
        <ele>21</ele>
        <time>2018-10-14T10:54:40.000Z</time>
        <extensions>
          <ns3:TrackPointExtension>
            <ns3:hr>132</ns3:hr>
            <ns3:cad>99</ns3:cad>
          </ns3:TrackPointExtension>
        </extensions>
      </trkpt>
      <trkpt lat="53.98055252619087696075439453125" lon="-0.9959774650633335113525390625">
        <ele>22</ele>
        <time>2018-10-14T10:54:46.000Z</time>
        <extensions>
          <ns3:TrackPointExtension>
            <ns3:hr>131</ns3:hr>
            <ns3:cad>100</ns3:cad>
          </ns3:TrackPointExtension>
        </extensions>
      </trkpt>
      <trkpt lat="53.98061446845531463623046875" lon="-0.99630779586732387542724609375">
        <ele>22</ele>
        <time>2018-10-14T10:54:52.000Z</time>
        <extensions>
          <ns3:TrackPointExtension>
            <ns3:hr>129</ns3:hr>
            <ns3:cad>100</ns3:cad>
          </ns3:TrackPointExtension>
        </extensions>
      </trkpt>
      <trkpt lat="53.9806806854903697967529296875" lon="-0.996630750596523284912109375">
        <ele>21.6000003814697265625</ele>
        <time>2018-10-14T10:54:58.000Z</time>
        <extensions>
          <ns3:TrackPointExtension>
            <ns3:hr>128</ns3:hr>
            <ns3:cad>100</ns3:cad>
          </ns3:TrackPointExtension>
        </extensions>
      </trkpt>
      <trkpt lat="53.98075385950505733489990234375" lon="-0.9969390369951725006103515625">
        <ele>21</ele>
        <time>2018-10-14T10:55:04.000Z</time>
        <extensions>
          <ns3:TrackPointExtension>
            <ns3:hr>128</ns3:hr>
            <ns3:cad>99</ns3:cad>
          </ns3:TrackPointExtension>
        </extensions>
      </trkpt>
      <trkpt lat="53.9808121137320995330810546875" lon="-0.997248999774456024169921875">
        <ele>21</ele>
        <time>2018-10-14T10:55:10.000Z</time>
        <extensions>
          <ns3:TrackPointExtension>
            <ns3:hr>129</ns3:hr>
            <ns3:cad>99</ns3:cad>
          </ns3:TrackPointExtension>
        </extensions>
      </trkpt>
      <trkpt lat="53.98086466826498508453369140625" lon="-0.997569859027862548828125">
        <ele>21</ele>
        <time>2018-10-14T10:55:16.000Z</time>
        <extensions>
          <ns3:TrackPointExtension>
            <ns3:hr>127</ns3:hr>
            <ns3:cad>99</ns3:cad>
          </ns3:TrackPointExtension>
        </extensions>
      </trkpt>
      <trkpt lat="53.9809170551598072052001953125" lon="-0.9979086555540561676025390625">
        <ele>21</ele>
        <time>2018-10-14T10:55:22.000Z</time>
        <extensions>
          <ns3:TrackPointExtension>
            <ns3:hr>127</ns3:hr>
            <ns3:cad>99</ns3:cad>
          </ns3:TrackPointExtension>
        </extensions>
      </trkpt>
      <trkpt lat="53.980966173112392425537109375" lon="-0.99820629693567752838134765625">
        <ele>20</ele>
        <time>2018-10-14T10:55:27.000Z</time>
        <extensions>
          <ns3:TrackPointExtension>
            <ns3:hr>128</ns3:hr>
            <ns3:cad>100</ns3:cad>
          </ns3:TrackPointExtension>
        </extensions>
      </trkpt>
      <trkpt lat="53.9810219965875148773193359375" lon="-0.99855347536504268646240234375">
        <ele>19.200000762939453125</ele>
        <time>2018-10-14T10:55:33.000Z</time>
        <extensions>
          <ns3:TrackPointExtension>
            <ns3:hr>128</ns3:hr>
            <ns3:cad>100</ns3:cad>
          </ns3:TrackPointExtension>
        </extensions>
      </trkpt>
      <trkpt lat="53.98108209483325481414794921875" lon="-0.99890367127954959869384765625">
        <ele>19</ele>
        <time>2018-10-14T10:55:39.000Z</time>
        <extensions>
          <ns3:TrackPointExtension>
            <ns3:hr>128</ns3:hr>
            <ns3:cad>100</ns3:cad>
          </ns3:TrackPointExtension>
        </extensions>
      </trkpt>
      <trkpt lat="53.9811323024332523345947265625" lon="-0.99920743145048618316650390625">
        <ele>19</ele>
        <time>2018-10-14T10:55:44.000Z</time>
        <extensions>
          <ns3:TrackPointExtension>
            <ns3:hr>129</ns3:hr>
            <ns3:cad>100</ns3:cad>
          </ns3:TrackPointExtension>
        </extensions>
      </trkpt>
      <trkpt lat="53.98117773234844207763671875" lon="-0.99952175281941890716552734375">
        <ele>18.200000762939453125</ele>
        <time>2018-10-14T10:55:49.000Z</time>
        <extensions>
          <ns3:TrackPointExtension>
            <ns3:hr>128</ns3:hr>
            <ns3:cad>99</ns3:cad>
          </ns3:TrackPointExtension>
        </extensions>
      </trkpt>
      <trkpt lat="53.98122341372072696685791015625" lon="-0.99983087740838527679443359375">
        <ele>18</ele>
        <time>2018-10-14T10:55:54.000Z</time>
        <extensions>
          <ns3:TrackPointExtension>
            <ns3:hr>127</ns3:hr>
            <ns3:cad>101</ns3:cad>
          </ns3:TrackPointExtension>
        </extensions>
      </trkpt>
      <trkpt lat="53.981263898313045501708984375" lon="-1.00013966672122478485107421875">
        <ele>17</ele>
        <time>2018-10-14T10:55:59.000Z</time>
        <extensions>
          <ns3:TrackPointExtension>
            <ns3:hr>128</ns3:hr>
            <ns3:cad>100</ns3:cad>
          </ns3:TrackPointExtension>
        </extensions>
      </trkpt>
      <trkpt lat="53.9813224039971828460693359375" lon="-1.00049187429249286651611328125">
        <ele>16.799999237060546875</ele>
        <time>2018-10-14T10:56:05.000Z</time>
        <extensions>
          <ns3:TrackPointExtension>
            <ns3:hr>127</ns3:hr>
            <ns3:cad>100</ns3:cad>
          </ns3:TrackPointExtension>
        </extensions>
      </trkpt>
      <trkpt lat="53.9813683368265628814697265625" lon="-1.0007903538644313812255859375">
        <ele>16</ele>
        <time>2018-10-14T10:56:10.000Z</time>
        <extensions>
          <ns3:TrackPointExtension>
            <ns3:hr>128</ns3:hr>
            <ns3:cad>101</ns3:cad>
          </ns3:TrackPointExtension>
        </extensions>
      </trkpt>
      <trkpt lat="53.98140211589634418487548828125" lon="-1.0011474229395389556884765625">
        <ele>15.80000019073486328125</ele>
        <time>2018-10-14T10:56:16.000Z</time>
        <extensions>
          <ns3:TrackPointExtension>
            <ns3:hr>129</ns3:hr>
            <ns3:cad>100</ns3:cad>
          </ns3:TrackPointExtension>
        </extensions>
      </trkpt>
      <trkpt lat="53.98143933154642581939697265625" lon="-1.0014496743679046630859375">
        <ele>15.19999980926513671875</ele>
        <time>2018-10-14T10:56:21.000Z</time>
        <extensions>
          <ns3:TrackPointExtension>
            <ns3:hr>128</ns3:hr>
            <ns3:cad>100</ns3:cad>
          </ns3:TrackPointExtension>
        </extensions>
      </trkpt>
      <trkpt lat="53.98149020969867706298828125" lon="-1.0017945058643817901611328125">
        <ele>15.19999980926513671875</ele>
        <time>2018-10-14T10:56:27.000Z</time>
        <extensions>
          <ns3:TrackPointExtension>
            <ns3:hr>128</ns3:hr>
            <ns3:cad>99</ns3:cad>
          </ns3:TrackPointExtension>
        </extensions>
      </trkpt>
      <trkpt lat="53.98153924383223056793212890625" lon="-1.00214327685534954071044921875">
        <ele>14</ele>
        <time>2018-10-14T10:56:33.000Z</time>
        <extensions>
          <ns3:TrackPointExtension>
            <ns3:hr>127</ns3:hr>
            <ns3:cad>100</ns3:cad>
          </ns3:TrackPointExtension>
        </extensions>
      </trkpt>
      <trkpt lat="53.9815762080252170562744140625" lon="-1.0024449415504932403564453125">
        <ele>14.19999980926513671875</ele>
        <time>2018-10-14T10:56:38.000Z</time>
        <extensions>
          <ns3:TrackPointExtension>
            <ns3:hr>126</ns3:hr>
            <ns3:cad>100</ns3:cad>
          </ns3:TrackPointExtension>
        </extensions>
      </trkpt>
      <trkpt lat="53.9815901219844818115234375" lon="-1.0025582648813724517822265625">
        <ele>14.19999980926513671875</ele>
        <time>2018-10-14T10:56:40.000Z</time>
        <extensions>
          <ns3:TrackPointExtension>
            <ns3:hr>129</ns3:hr>
            <ns3:cad>100</ns3:cad>
          </ns3:TrackPointExtension>
        </extensions>
      </trkpt>
      <trkpt lat="53.98163060657680034637451171875" lon="-1.002911143004894256591796875">
        <ele>15</ele>
        <time>2018-10-14T10:56:46.000Z</time>
        <extensions>
          <ns3:TrackPointExtension>
            <ns3:hr>129</ns3:hr>
            <ns3:cad>100</ns3:cad>
          </ns3:TrackPointExtension>
        </extensions>
      </trkpt>
      <trkpt lat="53.981685675680637359619140625" lon="-1.0032521188259124755859375">
        <ele>15.6000003814697265625</ele>
        <time>2018-10-14T10:56:52.000Z</time>
        <extensions>
          <ns3:TrackPointExtension>
            <ns3:hr>130</ns3:hr>
            <ns3:cad>100</ns3:cad>
          </ns3:TrackPointExtension>
        </extensions>
      </trkpt>
      <trkpt lat="53.9817421697080135345458984375" lon="-1.0035935975611209869384765625">
        <ele>15.80000019073486328125</ele>
        <time>2018-10-14T10:56:58.000Z</time>
        <extensions>
          <ns3:TrackPointExtension>
            <ns3:hr>128</ns3:hr>
            <ns3:cad>100</ns3:cad>
          </ns3:TrackPointExtension>
        </extensions>
      </trkpt>
      <trkpt lat="53.98175113834440708160400390625" lon="-1.00365235470235347747802734375">
        <ele>15.80000019073486328125</ele>
        <time>2018-10-14T10:56:59.000Z</time>
        <extensions>
          <ns3:TrackPointExtension>
            <ns3:hr>128</ns3:hr>
            <ns3:cad>100</ns3:cad>
          </ns3:TrackPointExtension>
        </extensions>
      </trkpt>
      <trkpt lat="53.98179556243121623992919921875" lon="-1.0039521753787994384765625">
        <ele>16.799999237060546875</ele>
        <time>2018-10-14T10:57:04.000Z</time>
        <extensions>
          <ns3:TrackPointExtension>
            <ns3:hr>127</ns3:hr>
            <ns3:cad>100</ns3:cad>
          </ns3:TrackPointExtension>
        </extensions>
      </trkpt>
      <trkpt lat="53.9818541519343852996826171875" lon="-1.00429289974272251129150390625">
        <ele>17.6000003814697265625</ele>
        <time>2018-10-14T10:57:10.000Z</time>
        <extensions>
          <ns3:TrackPointExtension>
            <ns3:hr>127</ns3:hr>
            <ns3:cad>99</ns3:cad>
          </ns3:TrackPointExtension>
        </extensions>
      </trkpt>
      <trkpt lat="53.9819054491817951202392578125" lon="-1.004629097878932952880859375">
        <ele>18.799999237060546875</ele>
        <time>2018-10-14T10:57:16.000Z</time>
        <extensions>
          <ns3:TrackPointExtension>
            <ns3:hr>129</ns3:hr>
            <ns3:cad>99</ns3:cad>
          </ns3:TrackPointExtension>
        </extensions>
      </trkpt>
      <trkpt lat="53.98194157518446445465087890625" lon="-1.00486152805387973785400390625">
        <ele>19</ele>
        <time>2018-10-14T10:57:20.000Z</time>
        <extensions>
          <ns3:TrackPointExtension>
            <ns3:hr>132</ns3:hr>
            <ns3:cad>98</ns3:cad>
          </ns3:TrackPointExtension>
        </extensions>
      </trkpt>
      <trkpt lat="53.981967307627201080322265625" lon="-1.00502648390829563140869140625">
        <ele>19</ele>
        <time>2018-10-14T10:57:23.000Z</time>
        <extensions>
          <ns3:TrackPointExtension>
            <ns3:hr>135</ns3:hr>
            <ns3:cad>99</ns3:cad>
          </ns3:TrackPointExtension>
        </extensions>
      </trkpt>
      <trkpt lat="53.98202799260616302490234375" lon="-1.00536025129258632659912109375">
        <ele>18.6000003814697265625</ele>
        <time>2018-10-14T10:57:29.000Z</time>
        <extensions>
          <ns3:TrackPointExtension>
            <ns3:hr>135</ns3:hr>
            <ns3:cad>99</ns3:cad>
          </ns3:TrackPointExtension>
        </extensions>
      </trkpt>
      <trkpt lat="53.9820784516632556915283203125" lon="-1.0056823678314685821533203125">
        <ele>18</ele>
        <time>2018-10-14T10:57:35.000Z</time>
        <extensions>
          <ns3:TrackPointExtension>
            <ns3:hr>137</ns3:hr>
            <ns3:cad>99</ns3:cad>
          </ns3:TrackPointExtension>
        </extensions>
      </trkpt>
      <trkpt lat="53.98214056156575679779052734375" lon="-1.00599191151559352874755859375">
        <ele>18</ele>
        <time>2018-10-14T10:57:41.000Z</time>
        <extensions>
          <ns3:TrackPointExtension>
            <ns3:hr>137</ns3:hr>
            <ns3:cad>99</ns3:cad>
          </ns3:TrackPointExtension>
        </extensions>
      </trkpt>
      <trkpt lat="53.982197307050228118896484375" lon="-1.00623431615531444549560546875">
        <ele>17.3999996185302734375</ele>
        <time>2018-10-14T10:57:46.000Z</time>
        <extensions>
          <ns3:TrackPointExtension>
            <ns3:hr>134</ns3:hr>
            <ns3:cad>99</ns3:cad>
          </ns3:TrackPointExtension>
        </extensions>
      </trkpt>
      <trkpt lat="53.982232175767421722412109375" lon="-1.006444953382015228271484375">
        <ele>17.3999996185302734375</ele>
        <time>2018-10-14T10:57:50.000Z</time>
        <extensions>
          <ns3:TrackPointExtension>
            <ns3:hr>130</ns3:hr>
            <ns3:cad>97</ns3:cad>
          </ns3:TrackPointExtension>
        </extensions>
      </trkpt>
      <trkpt lat="53.98227601312100887298583984375" lon="-1.00674494169652462005615234375">
        <ele>17</ele>
        <time>2018-10-14T10:57:56.000Z</time>
        <extensions>
          <ns3:TrackPointExtension>
            <ns3:hr>128</ns3:hr>
            <ns3:cad>98</ns3:cad>
          </ns3:TrackPointExtension>
        </extensions>
      </trkpt>
      <trkpt lat="53.982311300933361053466796875" lon="-1.0069507174193859100341796875">
        <ele>17</ele>
        <time>2018-10-14T10:58:00.000Z</time>
        <extensions>
          <ns3:TrackPointExtension>
            <ns3:hr>125</ns3:hr>
            <ns3:cad>99</ns3:cad>
          </ns3:TrackPointExtension>
        </extensions>
      </trkpt>
      <trkpt lat="53.9823315851390361785888671875" lon="-1.00710787810385227203369140625">
        <ele>17</ele>
        <time>2018-10-14T10:58:03.000Z</time>
        <extensions>
          <ns3:TrackPointExtension>
            <ns3:hr>121</ns3:hr>
            <ns3:cad>98</ns3:cad>
          </ns3:TrackPointExtension>
        </extensions>
      </trkpt>
      <trkpt lat="53.9823465049266815185546875" lon="-1.0072754323482513427734375">
        <ele>17</ele>
        <time>2018-10-14T10:58:06.000Z</time>
        <extensions>
          <ns3:TrackPointExtension>
            <ns3:hr>118</ns3:hr>
            <ns3:cad>98</ns3:cad>
          </ns3:TrackPointExtension>
        </extensions>
      </trkpt>
      <trkpt lat="53.98236251436173915863037109375" lon="-1.007621102035045623779296875">
        <ele>17</ele>
        <time>2018-10-14T10:58:12.000Z</time>
        <extensions>
          <ns3:TrackPointExtension>
            <ns3:hr>118</ns3:hr>
            <ns3:cad>99</ns3:cad>
          </ns3:TrackPointExtension>
        </extensions>
      </trkpt>
      <trkpt lat="53.982296548783779144287109375" lon="-1.00795428268611431121826171875">
        <ele>16</ele>
        <time>2018-10-14T10:58:18.000Z</time>
        <extensions>
          <ns3:TrackPointExtension>
            <ns3:hr>121</ns3:hr>
            <ns3:cad>98</ns3:cad>
          </ns3:TrackPointExtension>
        </extensions>
      </trkpt>
      <trkpt lat="53.9821595884859561920166015625" lon="-1.00820004008710384368896484375">
        <ele>16.200000762939453125</ele>
        <time>2018-10-14T10:58:24.000Z</time>
        <extensions>
          <ns3:TrackPointExtension>
            <ns3:hr>123</ns3:hr>
            <ns3:cad>100</ns3:cad>
          </ns3:TrackPointExtension>
        </extensions>
      </trkpt>
      <trkpt lat="53.9819959737360477447509765625" lon="-1.0084038041532039642333984375">
        <ele>16.200000762939453125</ele>
        <time>2018-10-14T10:58:30.000Z</time>
        <extensions>
          <ns3:TrackPointExtension>
            <ns3:hr>125</ns3:hr>
            <ns3:cad>100</ns3:cad>
          </ns3:TrackPointExtension>
        </extensions>
      </trkpt>
      <trkpt lat="53.98182288743555545806884765625" lon="-1.00860245525836944580078125">
        <ele>17</ele>
        <time>2018-10-14T10:58:36.000Z</time>
        <extensions>
          <ns3:TrackPointExtension>
            <ns3:hr>125</ns3:hr>
            <ns3:cad>101</ns3:cad>
          </ns3:TrackPointExtension>
        </extensions>
      </trkpt>
      <trkpt lat="53.98165105842053890228271484375" lon="-1.008795239031314849853515625">
        <ele>17.6000003814697265625</ele>
        <time>2018-10-14T10:58:42.000Z</time>
        <extensions>
          <ns3:TrackPointExtension>
            <ns3:hr>125</ns3:hr>
            <ns3:cad>101</ns3:cad>
          </ns3:TrackPointExtension>
        </extensions>
      </trkpt>
      <trkpt lat="53.98148342035710811614990234375" lon="-1.008958853781223297119140625">
        <ele>18.799999237060546875</ele>
        <time>2018-10-14T10:58:48.000Z</time>
        <extensions>
          <ns3:TrackPointExtension>
            <ns3:hr>124</ns3:hr>
            <ns3:cad>101</ns3:cad>
          </ns3:TrackPointExtension>
        </extensions>
      </trkpt>
      <trkpt lat="53.98131343536078929901123046875" lon="-1.00911601446568965911865234375">
        <ele>18.6000003814697265625</ele>
        <time>2018-10-14T10:58:54.000Z</time>
        <extensions>
          <ns3:TrackPointExtension>
            <ns3:hr>125</ns3:hr>
            <ns3:cad>100</ns3:cad>
          </ns3:TrackPointExtension>
        </extensions>
      </trkpt>
      <trkpt lat="53.98115904070436954498291015625" lon="-1.0092473588883876800537109375">
        <ele>18</ele>
        <time>2018-10-14T10:58:59.000Z</time>
        <extensions>
          <ns3:TrackPointExtension>
            <ns3:hr>128</ns3:hr>
            <ns3:cad>100</ns3:cad>
          </ns3:TrackPointExtension>
        </extensions>
      </trkpt>
      <trkpt lat="53.98098570294678211212158203125" lon="-1.009404771029949188232421875">
        <ele>16.799999237060546875</ele>
        <time>2018-10-14T10:59:05.000Z</time>
        <extensions>
          <ns3:TrackPointExtension>
            <ns3:hr>129</ns3:hr>
            <ns3:cad>101</ns3:cad>
          </ns3:TrackPointExtension>
        </extensions>
      </trkpt>
      <trkpt lat="53.9808241836726665496826171875" lon="-1.00954793393611907958984375">
        <ele>16.200000762939453125</ele>
        <time>2018-10-14T10:59:10.000Z</time>
        <extensions>
          <ns3:TrackPointExtension>
            <ns3:hr>127</ns3:hr>
            <ns3:cad>101</ns3:cad>
          </ns3:TrackPointExtension>
        </extensions>
      </trkpt>
      <trkpt lat="53.980638943612575531005859375" lon="-1.0097348503768444061279296875">
        <ele>16</ele>
        <time>2018-10-14T10:59:16.000Z</time>
        <extensions>
          <ns3:TrackPointExtension>
            <ns3:hr>126</ns3:hr>
            <ns3:cad>100</ns3:cad>
          </ns3:TrackPointExtension>
        </extensions>
      </trkpt>
      <trkpt lat="53.98048345930874347686767578125" lon="-1.00988832302391529083251953125">
        <ele>16</ele>
        <time>2018-10-14T10:59:21.000Z</time>
        <extensions>
          <ns3:TrackPointExtension>
            <ns3:hr>127</ns3:hr>
            <ns3:cad>101</ns3:cad>
          </ns3:TrackPointExtension>
        </extensions>
      </trkpt>
      <trkpt lat="53.98033040575683116912841796875" lon="-1.0100542008876800537109375">
        <ele>16.200000762939453125</ele>
        <time>2018-10-14T10:59:26.000Z</time>
        <extensions>
          <ns3:TrackPointExtension>
            <ns3:hr>130</ns3:hr>
            <ns3:cad>100</ns3:cad>
          </ns3:TrackPointExtension>
        </extensions>
      </trkpt>
      <trkpt lat="53.98017768748104572296142578125" lon="-1.01023868657648563385009765625">
        <ele>16.799999237060546875</ele>
        <time>2018-10-14T10:59:31.000Z</time>
        <extensions>
          <ns3:TrackPointExtension>
            <ns3:hr>129</ns3:hr>
            <ns3:cad>100</ns3:cad>
          </ns3:TrackPointExtension>
        </extensions>
      </trkpt>
      <trkpt lat="53.98002396337687969207763671875" lon="-1.01044245064258575439453125">
        <ele>17</ele>
        <time>2018-10-14T10:59:36.000Z</time>
        <extensions>
          <ns3:TrackPointExtension>
            <ns3:hr>128</ns3:hr>
            <ns3:cad>100</ns3:cad>
          </ns3:TrackPointExtension>
        </extensions>
      </trkpt>
      <trkpt lat="53.9798696525394916534423828125" lon="-1.01069566793739795684814453125">
        <ele>17</ele>
        <time>2018-10-14T10:59:42.000Z</time>
        <extensions>
          <ns3:TrackPointExtension>
            <ns3:hr>131</ns3:hr>
            <ns3:cad>98</ns3:cad>
          </ns3:TrackPointExtension>
        </extensions>
      </trkpt>
      <trkpt lat="53.97972858510911464691162109375" lon="-1.0109572671353816986083984375">
        <ele>17.3999996185302734375</ele>
        <time>2018-10-14T10:59:48.000Z</time>
        <extensions>
          <ns3:TrackPointExtension>
            <ns3:hr>128</ns3:hr>
            <ns3:cad>99</ns3:cad>
          </ns3:TrackPointExtension>
        </extensions>
      </trkpt>
      <trkpt lat="53.97962071001529693603515625" lon="-1.011177711188793182373046875">
        <ele>17.200000762939453125</ele>
        <time>2018-10-14T10:59:53.000Z</time>
        <extensions>
          <ns3:TrackPointExtension>
            <ns3:hr>125</ns3:hr>
            <ns3:cad>99</ns3:cad>
          </ns3:TrackPointExtension>
        </extensions>
      </trkpt>
      <trkpt lat="53.9794894494116306304931640625" lon="-1.011441908776760101318359375">
        <ele>17.3999996185302734375</ele>
        <time>2018-10-14T10:59:59.000Z</time>
        <extensions>
          <ns3:TrackPointExtension>
            <ns3:hr>125</ns3:hr>
            <ns3:cad>97</ns3:cad>
          </ns3:TrackPointExtension>
        </extensions>
      </trkpt>
      <trkpt lat="53.97935039363801479339599609375" lon="-1.01171314716339111328125">
        <ele>17.200000762939453125</ele>
        <time>2018-10-14T11:00:05.000Z</time>
        <extensions>
          <ns3:TrackPointExtension>
            <ns3:hr>124</ns3:hr>
            <ns3:cad>99</ns3:cad>
          </ns3:TrackPointExtension>
        </extensions>
      </trkpt>
      <trkpt lat="53.97922617383301258087158203125" lon="-1.01193618960678577423095703125">
        <ele>17.200000762939453125</ele>
        <time>2018-10-14T11:00:10.000Z</time>
        <extensions>
          <ns3:TrackPointExtension>
            <ns3:hr>124</ns3:hr>
            <ns3:cad>100</ns3:cad>
          </ns3:TrackPointExtension>
        </extensions>
      </trkpt>
      <trkpt lat="53.9791001938283443450927734375" lon="-1.0122115351259708404541015625">
        <ele>17.799999237060546875</ele>
        <time>2018-10-14T11:00:16.000Z</time>
        <extensions>
          <ns3:TrackPointExtension>
            <ns3:hr>124</ns3:hr>
            <ns3:cad>100</ns3:cad>
          </ns3:TrackPointExtension>
        </extensions>
      </trkpt>
      <trkpt lat="53.97899282164871692657470703125" lon="-1.0124435462057590484619140625">
        <ele>18</ele>
        <time>2018-10-14T11:00:21.000Z</time>
        <extensions>
          <ns3:TrackPointExtension>
            <ns3:hr>127</ns3:hr>
            <ns3:cad>100</ns3:cad>
          </ns3:TrackPointExtension>
        </extensions>
      </trkpt>
      <trkpt lat="53.9788681827485561370849609375" lon="-1.012731380760669708251953125">
        <ele>18</ele>
        <time>2018-10-14T11:00:27.000Z</time>
        <extensions>
          <ns3:TrackPointExtension>
            <ns3:hr>127</ns3:hr>
            <ns3:cad>101</ns3:cad>
          </ns3:TrackPointExtension>
        </extensions>
      </trkpt>
      <trkpt lat="53.9788111858069896697998046875" lon="-1.012866497039794921875">
        <ele>18</ele>
        <time>2018-10-14T11:00:30.000Z</time>
        <extensions>
          <ns3:TrackPointExtension>
            <ns3:hr>127</ns3:hr>
            <ns3:cad>101</ns3:cad>
          </ns3:TrackPointExtension>
        </extensions>
      </trkpt>
      <trkpt lat="53.97869132459163665771484375" lon="-1.013129688799381256103515625">
        <ele>17.200000762939453125</ele>
        <time>2018-10-14T11:00:36.000Z</time>
        <extensions>
          <ns3:TrackPointExtension>
            <ns3:hr>127</ns3:hr>
            <ns3:cad>101</ns3:cad>
          </ns3:TrackPointExtension>
        </extensions>
      </trkpt>
      <trkpt lat="53.9785654284060001373291015625" lon="-1.013421714305877685546875">
        <ele>17</ele>
        <time>2018-10-14T11:00:42.000Z</time>
        <extensions>
          <ns3:TrackPointExtension>
            <ns3:hr>128</ns3:hr>
            <ns3:cad>100</ns3:cad>
          </ns3:TrackPointExtension>
        </extensions>
      </trkpt>
      <trkpt lat="53.97844397462904453277587890625" lon="-1.01371583528816699981689453125">
        <ele>17</ele>
        <time>2018-10-14T11:00:48.000Z</time>
        <extensions>
          <ns3:TrackPointExtension>
            <ns3:hr>128</ns3:hr>
            <ns3:cad>99</ns3:cad>
          </ns3:TrackPointExtension>
        </extensions>
      </trkpt>
      <trkpt lat="53.9783350937068462371826171875" lon="-1.01397969760000705718994140625">
        <ele>17.3999996185302734375</ele>
        <time>2018-10-14T11:00:53.000Z</time>
        <extensions>
          <ns3:TrackPointExtension>
            <ns3:hr>129</ns3:hr>
            <ns3:cad>100</ns3:cad>
          </ns3:TrackPointExtension>
        </extensions>
      </trkpt>
      <trkpt lat="53.978235684335231781005859375" lon="-1.01424372754991054534912109375">
        <ele>18</ele>
        <time>2018-10-14T11:00:58.000Z</time>
        <extensions>
          <ns3:TrackPointExtension>
            <ns3:hr>130</ns3:hr>
            <ns3:cad>100</ns3:cad>
          </ns3:TrackPointExtension>
        </extensions>
      </trkpt>
      <trkpt lat="53.978134430944919586181640625" lon="-1.0145433805882930755615234375">
        <ele>18.6000003814697265625</ele>
        <time>2018-10-14T11:01:04.000Z</time>
        <extensions>
          <ns3:TrackPointExtension>
            <ns3:hr>129</ns3:hr>
            <ns3:cad>101</ns3:cad>
          </ns3:TrackPointExtension>
        </extensions>
      </trkpt>
      <trkpt lat="53.97802119143307209014892578125" lon="-1.0148419439792633056640625">
        <ele>19</ele>
        <time>2018-10-14T11:01:10.000Z</time>
        <extensions>
          <ns3:TrackPointExtension>
            <ns3:hr>130</ns3:hr>
            <ns3:cad>100</ns3:cad>
          </ns3:TrackPointExtension>
        </extensions>
      </trkpt>
      <trkpt lat="53.97792287170886993408203125" lon="-1.0151150263845920562744140625">
        <ele>19</ele>
        <time>2018-10-14T11:01:15.000Z</time>
        <extensions>
          <ns3:TrackPointExtension>
            <ns3:hr>130</ns3:hr>
            <ns3:cad>100</ns3:cad>
          </ns3:TrackPointExtension>
        </extensions>
      </trkpt>
      <trkpt lat="53.97782027721405029296875" lon="-1.015398837625980377197265625">
        <ele>17.799999237060546875</ele>
        <time>2018-10-14T11:01:20.000Z</time>
        <extensions>
          <ns3:TrackPointExtension>
            <ns3:hr>129</ns3:hr>
            <ns3:cad>101</ns3:cad>
          </ns3:TrackPointExtension>
        </extensions>
      </trkpt>
      <trkpt lat="53.9777205325663089752197265625" lon="-1.01566127501428127288818359375">
        <ele>17.3999996185302734375</ele>
        <time>2018-10-14T11:01:25.000Z</time>
        <extensions>
          <ns3:TrackPointExtension>
            <ns3:hr>128</ns3:hr>
            <ns3:cad>101</ns3:cad>
          </ns3:TrackPointExtension>
        </extensions>
      </trkpt>
      <trkpt lat="53.97766412235796451568603515625" lon="-1.0158301703631877899169921875">
        <ele>17.200000762939453125</ele>
        <time>2018-10-14T11:01:28.000Z</time>
        <extensions>
          <ns3:TrackPointExtension>
            <ns3:hr>131</ns3:hr>
            <ns3:cad>101</ns3:cad>
          </ns3:TrackPointExtension>
        </extensions>
      </trkpt>
      <trkpt lat="53.97756789810955524444580078125" lon="-1.01609696634113788604736328125">
        <ele>17</ele>
        <time>2018-10-14T11:01:33.000Z</time>
        <extensions>
          <ns3:TrackPointExtension>
            <ns3:hr>131</ns3:hr>
            <ns3:cad>100</ns3:cad>
          </ns3:TrackPointExtension>
        </extensions>
      </trkpt>
      <trkpt lat="53.9774694107472896575927734375" lon="-1.01635814644396305084228515625">
        <ele>17.3999996185302734375</ele>
        <time>2018-10-14T11:01:38.000Z</time>
        <extensions>
          <ns3:TrackPointExtension>
            <ns3:hr>130</ns3:hr>
            <ns3:cad>101</ns3:cad>
          </ns3:TrackPointExtension>
        </extensions>
      </trkpt>
      <trkpt lat="53.9773763716220855712890625" lon="-1.01662167347967624664306640625">
        <ele>18.3999996185302734375</ele>
        <time>2018-10-14T11:01:43.000Z</time>
        <extensions>
          <ns3:TrackPointExtension>
            <ns3:hr>130</ns3:hr>
            <ns3:cad>100</ns3:cad>
          </ns3:TrackPointExtension>
        </extensions>
      </trkpt>
      <trkpt lat="53.97724754177033901214599609375" lon="-1.016882769763469696044921875">
        <ele>18.6000003814697265625</ele>
        <time>2018-10-14T11:01:49.000Z</time>
        <extensions>
          <ns3:TrackPointExtension>
            <ns3:hr>130</ns3:hr>
            <ns3:cad>100</ns3:cad>
          </ns3:TrackPointExtension>
        </extensions>
      </trkpt>
      <trkpt lat="53.97707487456500530242919921875" lon="-1.017069183290004730224609375">
        <ele>18</ele>
        <time>2018-10-14T11:01:55.000Z</time>
        <extensions>
          <ns3:TrackPointExtension>
            <ns3:hr>129</ns3:hr>
            <ns3:cad>99</ns3:cad>
          </ns3:TrackPointExtension>
        </extensions>
      </trkpt>
      <trkpt lat="53.97688108496367931365966796875" lon="-1.017161048948764801025390625">
        <ele>17.200000762939453125</ele>
        <time>2018-10-14T11:02:01.000Z</time>
        <extensions>
          <ns3:TrackPointExtension>
            <ns3:hr>129</ns3:hr>
            <ns3:cad>100</ns3:cad>
          </ns3:TrackPointExtension>
        </extensions>
      </trkpt>
      <trkpt lat="53.97667606361210346221923828125" lon="-1.017187871038913726806640625">
        <ele>16.6000003814697265625</ele>
        <time>2018-10-14T11:02:07.000Z</time>
        <extensions>
          <ns3:TrackPointExtension>
            <ns3:hr>128</ns3:hr>
            <ns3:cad>100</ns3:cad>
          </ns3:TrackPointExtension>
        </extensions>
      </trkpt>
      <trkpt lat="53.9764957688748836517333984375" lon="-1.0171330533921718597412109375">
        <ele>16</ele>
        <time>2018-10-14T11:02:12.000Z</time>
        <extensions>
          <ns3:TrackPointExtension>
            <ns3:hr>128</ns3:hr>
            <ns3:cad>100</ns3:cad>
          </ns3:TrackPointExtension>
        </extensions>
      </trkpt>
      <trkpt lat="53.9762976206839084625244140625" lon="-1.01700824685394763946533203125">
        <ele>16.200000762939453125</ele>
        <time>2018-10-14T11:02:18.000Z</time>
        <extensions>
          <ns3:TrackPointExtension>
            <ns3:hr>127</ns3:hr>
            <ns3:cad>100</ns3:cad>
          </ns3:TrackPointExtension>
        </extensions>
      </trkpt>
      <trkpt lat="53.97612713277339935302734375" lon="-1.016795597970485687255859375">
        <ele>16</ele>
        <time>2018-10-14T11:02:24.000Z</time>
        <extensions>
          <ns3:TrackPointExtension>
            <ns3:hr>126</ns3:hr>
            <ns3:cad>100</ns3:cad>
          </ns3:TrackPointExtension>
        </extensions>
      </trkpt>
      <trkpt lat="53.975963853299617767333984375" lon="-1.01658412255346775054931640625">
        <ele>15.19999980926513671875</ele>
        <time>2018-10-14T11:02:30.000Z</time>
        <extensions>
          <ns3:TrackPointExtension>
            <ns3:hr>127</ns3:hr>
            <ns3:cad>101</ns3:cad>
          </ns3:TrackPointExtension>
        </extensions>
      </trkpt>
      <trkpt lat="53.97579361684620380401611328125" lon="-1.01637725718319416046142578125">
        <ele>14.6000003814697265625</ele>
        <time>2018-10-14T11:02:36.000Z</time>
        <extensions>
          <ns3:TrackPointExtension>
            <ns3:hr>128</ns3:hr>
            <ns3:cad>100</ns3:cad>
          </ns3:TrackPointExtension>
        </extensions>
      </trkpt>
      <trkpt lat="53.9756183512508869171142578125" lon="-1.0161728225648403167724609375">
        <ele>15.19999980926513671875</ele>
        <time>2018-10-14T11:02:42.000Z</time>
        <extensions>
          <ns3:TrackPointExtension>
            <ns3:hr>128</ns3:hr>
            <ns3:cad>100</ns3:cad>
          </ns3:TrackPointExtension>
        </extensions>
      </trkpt>
      <trkpt lat="53.97556529380381107330322265625" lon="-1.01610191166400909423828125">
        <ele>15.3999996185302734375</ele>
        <time>2018-10-14T11:02:44.000Z</time>
        <extensions>
          <ns3:TrackPointExtension>
            <ns3:hr>137</ns3:hr>
            <ns3:cad>99</ns3:cad>
          </ns3:TrackPointExtension>
        </extensions>
      </trkpt>
      <trkpt lat="53.97550678811967372894287109375" lon="-1.0160303302109241485595703125">
        <ele>15.19999980926513671875</ele>
        <time>2018-10-14T11:02:46.000Z</time>
        <extensions>
          <ns3:TrackPointExtension>
            <ns3:hr>140</ns3:hr>
            <ns3:cad>99</ns3:cad>
          </ns3:TrackPointExtension>
        </extensions>
      </trkpt>
      <trkpt lat="53.97539488971233367919921875" lon="-1.0158906877040863037109375">
        <ele>15</ele>
        <time>2018-10-14T11:02:50.000Z</time>
        <extensions>
          <ns3:TrackPointExtension>
            <ns3:hr>144</ns3:hr>
            <ns3:cad>100</ns3:cad>
          </ns3:TrackPointExtension>
        </extensions>
      </trkpt>
      <trkpt lat="53.975367732346057891845703125" lon="-1.01585514843463897705078125">
        <ele>15</ele>
        <time>2018-10-14T11:02:51.000Z</time>
        <extensions>
          <ns3:TrackPointExtension>
            <ns3:hr>141</ns3:hr>
            <ns3:cad>100</ns3:cad>
          </ns3:TrackPointExtension>
        </extensions>
      </trkpt>
      <trkpt lat="53.9752118289470672607421875" lon="-1.01560377515852451324462890625">
        <ele>15</ele>
        <time>2018-10-14T11:02:57.000Z</time>
        <extensions>
          <ns3:TrackPointExtension>
            <ns3:hr>143</ns3:hr>
            <ns3:cad>100</ns3:cad>
          </ns3:TrackPointExtension>
        </extensions>
      </trkpt>
      <trkpt lat="53.97512809373438358306884765625" lon="-1.0154811479151248931884765625">
        <ele>15</ele>
        <time>2018-10-14T11:03:00.000Z</time>
        <extensions>
          <ns3:TrackPointExtension>
            <ns3:hr>146</ns3:hr>
            <ns3:cad>100</ns3:cad>
          </ns3:TrackPointExtension>
        </extensions>
      </trkpt>
      <trkpt lat="53.97496196441352367401123046875" lon="-1.015257351100444793701171875">
        <ele>15.6000003814697265625</ele>
        <time>2018-10-14T11:03:06.000Z</time>
        <extensions>
          <ns3:TrackPointExtension>
            <ns3:hr>144</ns3:hr>
            <ns3:cad>100</ns3:cad>
          </ns3:TrackPointExtension>
        </extensions>
      </trkpt>
      <trkpt lat="53.9747982658445835113525390625" lon="-1.0150377452373504638671875">
        <ele>16.200000762939453125</ele>
        <time>2018-10-14T11:03:12.000Z</time>
        <extensions>
          <ns3:TrackPointExtension>
            <ns3:hr>142</ns3:hr>
            <ns3:cad>99</ns3:cad>
          </ns3:TrackPointExtension>
        </extensions>
      </trkpt>
      <trkpt lat="53.9746363274753093719482421875" lon="-1.014802716672420501708984375">
        <ele>16.200000762939453125</ele>
        <time>2018-10-14T11:03:18.000Z</time>
        <extensions>
          <ns3:TrackPointExtension>
            <ns3:hr>140</ns3:hr>
            <ns3:cad>99</ns3:cad>
          </ns3:TrackPointExtension>
        </extensions>
      </trkpt>
      <trkpt lat="53.97448218427598476409912109375" lon="-1.01460683159530162811279296875">
        <ele>15.6000003814697265625</ele>
        <time>2018-10-14T11:03:23.000Z</time>
        <extensions>
          <ns3:TrackPointExtension>
            <ns3:hr>139</ns3:hr>
            <ns3:cad>100</ns3:cad>
          </ns3:TrackPointExtension>
        </extensions>
      </trkpt>
      <trkpt lat="53.9743241854012012481689453125" lon="-1.01442997343838214874267578125">
        <ele>15</ele>
        <time>2018-10-14T11:03:28.000Z</time>
        <extensions>
          <ns3:TrackPointExtension>
            <ns3:hr>139</ns3:hr>
            <ns3:cad>100</ns3:cad>
          </ns3:TrackPointExtension>
        </extensions>
      </trkpt>
      <trkpt lat="53.97417741827666759490966796875" lon="-1.0142290592193603515625">
        <ele>15.19999980926513671875</ele>
        <time>2018-10-14T11:03:33.000Z</time>
        <extensions>
          <ns3:TrackPointExtension>
            <ns3:hr>138</ns3:hr>
            <ns3:cad>100</ns3:cad>
          </ns3:TrackPointExtension>
        </extensions>
      </trkpt>
      <trkpt lat="53.97401086986064910888671875" lon="-1.0140022449195384979248046875">
        <ele>15</ele>
        <time>2018-10-14T11:03:39.000Z</time>
        <extensions>
          <ns3:TrackPointExtension>
            <ns3:hr>136</ns3:hr>
            <ns3:cad>100</ns3:cad>
          </ns3:TrackPointExtension>
        </extensions>
      </trkpt>
      <trkpt lat="53.9738494344055652618408203125" lon="-1.0137950442731380462646484375">
        <ele>14</ele>
        <time>2018-10-14T11:03:45.000Z</time>
        <extensions>
          <ns3:TrackPointExtension>
            <ns3:hr>134</ns3:hr>
            <ns3:cad>100</ns3:cad>
          </ns3:TrackPointExtension>
        </extensions>
      </trkpt>
      <trkpt lat="53.973676599562168121337890625" lon="-1.0135804675519466400146484375">
        <ele>13</ele>
        <time>2018-10-14T11:03:51.000Z</time>
        <extensions>
          <ns3:TrackPointExtension>
            <ns3:hr>133</ns3:hr>
            <ns3:cad>100</ns3:cad>
          </ns3:TrackPointExtension>
        </extensions>
      </trkpt>
      <trkpt lat="53.97361851297318935394287109375" lon="-1.01351215504109859466552734375">
        <ele>13</ele>
        <time>2018-10-14T11:03:53.000Z</time>
        <extensions>
          <ns3:TrackPointExtension>
            <ns3:hr>133</ns3:hr>
            <ns3:cad>101</ns3:cad>
          </ns3:TrackPointExtension>
        </extensions>
      </trkpt>
      <trkpt lat="53.97345565259456634521484375" lon="-1.01329766213893890380859375">
        <ele>13</ele>
        <time>2018-10-14T11:03:59.000Z</time>
        <extensions>
          <ns3:TrackPointExtension>
            <ns3:hr>132</ns3:hr>
            <ns3:cad>100</ns3:cad>
          </ns3:TrackPointExtension>
        </extensions>
      </trkpt>
      <trkpt lat="53.97331458516418933868408203125" lon="-1.013105213642120361328125">
        <ele>13</ele>
        <time>2018-10-14T11:04:04.000Z</time>
        <extensions>
          <ns3:TrackPointExtension>
            <ns3:hr>132</ns3:hr>
            <ns3:cad>100</ns3:cad>
          </ns3:TrackPointExtension>
        </extensions>
      </trkpt>
      <trkpt lat="53.973150551319122314453125" lon="-1.01289407350122928619384765625">
        <ele>13.19999980926513671875</ele>
        <time>2018-10-14T11:04:10.000Z</time>
        <extensions>
          <ns3:TrackPointExtension>
            <ns3:hr>133</ns3:hr>
            <ns3:cad>100</ns3:cad>
          </ns3:TrackPointExtension>
        </extensions>
      </trkpt>
      <trkpt lat="53.97298500873148441314697265625" lon="-1.01267362944781780242919921875">
        <ele>14</ele>
        <time>2018-10-14T11:04:16.000Z</time>
        <extensions>
          <ns3:TrackPointExtension>
            <ns3:hr>132</ns3:hr>
            <ns3:cad>101</ns3:cad>
          </ns3:TrackPointExtension>
        </extensions>
      </trkpt>
      <trkpt lat="53.9728174544870853424072265625" lon="-1.01245771162211894989013671875">
        <ele>14.6000003814697265625</ele>
        <time>2018-10-14T11:04:22.000Z</time>
        <extensions>
          <ns3:TrackPointExtension>
            <ns3:hr>132</ns3:hr>
            <ns3:cad>100</ns3:cad>
          </ns3:TrackPointExtension>
        </extensions>
      </trkpt>
      <trkpt lat="53.97264973260462284088134765625" lon="-1.012235842645168304443359375">
        <ele>14</ele>
        <time>2018-10-14T11:04:28.000Z</time>
        <extensions>
          <ns3:TrackPointExtension>
            <ns3:hr>132</ns3:hr>
            <ns3:cad>101</ns3:cad>
          </ns3:TrackPointExtension>
        </extensions>
      </trkpt>
      <trkpt lat="53.9724875427782535552978515625" lon="-1.01201280020177364349365234375">
        <ele>14</ele>
        <time>2018-10-14T11:04:34.000Z</time>
        <extensions>
          <ns3:TrackPointExtension>
            <ns3:hr>132</ns3:hr>
            <ns3:cad>101</ns3:cad>
          </ns3:TrackPointExtension>
        </extensions>
      </trkpt>
      <trkpt lat="53.97232635878026485443115234375" lon="-1.0117850638926029205322265625">
        <ele>14</ele>
        <time>2018-10-14T11:04:40.000Z</time>
        <extensions>
          <ns3:TrackPointExtension>
            <ns3:hr>130</ns3:hr>
            <ns3:cad>100</ns3:cad>
          </ns3:TrackPointExtension>
        </extensions>
      </trkpt>
      <trkpt lat="53.97227355279028415679931640625" lon="-1.011708118021488189697265625">
        <ele>13.80000019073486328125</ele>
        <time>2018-10-14T11:04:42.000Z</time>
        <extensions>
          <ns3:TrackPointExtension>
            <ns3:hr>127</ns3:hr>
            <ns3:cad>100</ns3:cad>
          </ns3:TrackPointExtension>
        </extensions>
      </trkpt>
      <trkpt lat="53.9721106924116611480712890625" lon="-1.0114745981991291046142578125">
        <ele>13.19999980926513671875</ele>
        <time>2018-10-14T11:04:48.000Z</time>
        <extensions>
          <ns3:TrackPointExtension>
            <ns3:hr>127</ns3:hr>
            <ns3:cad>101</ns3:cad>
          </ns3:TrackPointExtension>
        </extensions>
      </trkpt>
      <trkpt lat="53.97194716148078441619873046875" lon="-1.01129061542451381683349609375">
        <ele>13.3999996185302734375</ele>
        <time>2018-10-14T11:04:53.000Z</time>
        <extensions>
          <ns3:TrackPointExtension>
            <ns3:hr>127</ns3:hr>
            <ns3:cad>100</ns3:cad>
          </ns3:TrackPointExtension>
        </extensions>
      </trkpt>
      <trkpt lat="53.97187759168446063995361328125" lon="-1.01124233566224575042724609375">
        <ele>13.80000019073486328125</ele>
        <time>2018-10-14T11:04:55.000Z</time>
        <extensions>
          <ns3:TrackPointExtension>
            <ns3:hr>130</ns3:hr>
            <ns3:cad>100</ns3:cad>
          </ns3:TrackPointExtension>
        </extensions>
      </trkpt>
      <trkpt lat="53.971695788204669952392578125" lon="-1.01122565567493438720703125">
        <ele>15.19999980926513671875</ele>
        <time>2018-10-14T11:05:00.000Z</time>
        <extensions>
          <ns3:TrackPointExtension>
            <ns3:hr>129</ns3:hr>
            <ns3:cad>101</ns3:cad>
          </ns3:TrackPointExtension>
        </extensions>
      </trkpt>
      <trkpt lat="53.97149705328047275543212890625" lon="-1.0112424194812774658203125">
        <ele>17</ele>
        <time>2018-10-14T11:05:06.000Z</time>
        <extensions>
          <ns3:TrackPointExtension>
            <ns3:hr>130</ns3:hr>
            <ns3:cad>100</ns3:cad>
          </ns3:TrackPointExtension>
        </extensions>
      </trkpt>
      <trkpt lat="53.9713065326213836669921875" lon="-1.01114208810031414031982421875">
        <ele>17.799999237060546875</ele>
        <time>2018-10-14T11:05:12.000Z</time>
        <extensions>
          <ns3:TrackPointExtension>
            <ns3:hr>128</ns3:hr>
            <ns3:cad>100</ns3:cad>
          </ns3:TrackPointExtension>
        </extensions>
      </trkpt>
      <trkpt lat="53.97114895284175872802734375" lon="-1.0109874419867992401123046875">
        <ele>17.6000003814697265625</ele>
        <time>2018-10-14T11:05:17.000Z</time>
        <extensions>
          <ns3:TrackPointExtension>
            <ns3:hr>128</ns3:hr>
            <ns3:cad>100</ns3:cad>
          </ns3:TrackPointExtension>
        </extensions>
      </trkpt>
      <trkpt lat="53.97098039276897907257080078125" lon="-1.01078703068196773529052734375">
        <ele>16.3999996185302734375</ele>
        <time>2018-10-14T11:05:23.000Z</time>
        <extensions>
          <ns3:TrackPointExtension>
            <ns3:hr>128</ns3:hr>
            <ns3:cad>99</ns3:cad>
          </ns3:TrackPointExtension>
        </extensions>
      </trkpt>
      <trkpt lat="53.97081141360104084014892578125" lon="-1.01058385334908962249755859375">
        <ele>15</ele>
        <time>2018-10-14T11:05:29.000Z</time>
        <extensions>
          <ns3:TrackPointExtension>
            <ns3:hr>128</ns3:hr>
            <ns3:cad>98</ns3:cad>
          </ns3:TrackPointExtension>
        </extensions>
      </trkpt>
      <trkpt lat="53.9706653170287609100341796875" lon="-1.01039609871804714202880859375">
        <ele>14.19999980926513671875</ele>
        <time>2018-10-14T11:05:34.000Z</time>
        <extensions>
          <ns3:TrackPointExtension>
            <ns3:hr>130</ns3:hr>
            <ns3:cad>100</ns3:cad>
          </ns3:TrackPointExtension>
        </extensions>
      </trkpt>
      <trkpt lat="53.97050161845982074737548828125" lon="-1.01018705405294895172119140625">
        <ele>15.6000003814697265625</ele>
        <time>2018-10-14T11:05:40.000Z</time>
        <extensions>
          <ns3:TrackPointExtension>
            <ns3:hr>129</ns3:hr>
            <ns3:cad>100</ns3:cad>
          </ns3:TrackPointExtension>
        </extensions>
      </trkpt>
      <trkpt lat="53.970336578786373138427734375" lon="-1.00998840294778347015380859375">
        <ele>16.200000762939453125</ele>
        <time>2018-10-14T11:05:46.000Z</time>
        <extensions>
          <ns3:TrackPointExtension>
            <ns3:hr>129</ns3:hr>
            <ns3:cad>100</ns3:cad>
          </ns3:TrackPointExtension>
        </extensions>
      </trkpt>
      <trkpt lat="53.970168940722942352294921875" lon="-1.00979075767099857330322265625">
        <ele>15.80000019073486328125</ele>
        <time>2018-10-14T11:05:52.000Z</time>
        <extensions>
          <ns3:TrackPointExtension>
            <ns3:hr>129</ns3:hr>
            <ns3:cad>100</ns3:cad>
          </ns3:TrackPointExtension>
        </extensions>
      </trkpt>
      <trkpt lat="53.97000658325850963592529296875" lon="-1.00958841852843761444091796875">
        <ele>15</ele>
        <time>2018-10-14T11:05:58.000Z</time>
        <extensions>
          <ns3:TrackPointExtension>
            <ns3:hr>131</ns3:hr>
            <ns3:cad>99</ns3:cad>
          </ns3:TrackPointExtension>
        </extensions>
      </trkpt>
      <trkpt lat="53.96984674036502838134765625" lon="-1.00936328060925006866455078125">
        <ele>15</ele>
        <time>2018-10-14T11:06:04.000Z</time>
        <extensions>
          <ns3:TrackPointExtension>
            <ns3:hr>131</ns3:hr>
            <ns3:cad>100</ns3:cad>
          </ns3:TrackPointExtension>
        </extensions>
      </trkpt>
      <trkpt lat="53.9697912521660327911376953125" lon="-1.00928214378654956817626953125">
        <ele>15</ele>
        <time>2018-10-14T11:06:06.000Z</time>
        <extensions>
          <ns3:TrackPointExtension>
            <ns3:hr>127</ns3:hr>
            <ns3:cad>100</ns3:cad>
          </ns3:TrackPointExtension>
        </extensions>
      </trkpt>
      <trkpt lat="53.96973584778606891632080078125" lon="-1.00920905359089374542236328125">
        <ele>15</ele>
        <time>2018-10-14T11:06:08.000Z</time>
        <extensions>
          <ns3:TrackPointExtension>
            <ns3:hr>130</ns3:hr>
            <ns3:cad>99</ns3:cad>
          </ns3:TrackPointExtension>
        </extensions>
      </trkpt>
      <trkpt lat="53.96956686861813068389892578125" lon="-1.008984334766864776611328125">
        <ele>15</ele>
        <time>2018-10-14T11:06:14.000Z</time>
        <extensions>
          <ns3:TrackPointExtension>
            <ns3:hr>129</ns3:hr>
            <ns3:cad>100</ns3:cad>
          </ns3:TrackPointExtension>
        </extensions>
      </trkpt>
      <trkpt lat="53.96942990832030773162841796875" lon="-1.008780486881732940673828125">
        <ele>15</ele>
        <time>2018-10-14T11:06:19.000Z</time>
        <extensions>
          <ns3:TrackPointExtension>
            <ns3:hr>128</ns3:hr>
            <ns3:cad>100</ns3:cad>
          </ns3:TrackPointExtension>
        </extensions>
      </trkpt>
      <trkpt lat="53.9692906849086284637451171875" lon="-1.0085751302540302276611328125">
        <ele>15</ele>
        <time>2018-10-14T11:06:24.000Z</time>
        <extensions>
          <ns3:TrackPointExtension>
            <ns3:hr>128</ns3:hr>
            <ns3:cad>99</ns3:cad>
          </ns3:TrackPointExtension>
        </extensions>
      </trkpt>
      <trkpt lat="53.9691245555877685546875" lon="-1.00836985744535923004150390625">
        <ele>15.6000003814697265625</ele>
        <time>2018-10-14T11:06:30.000Z</time>
        <extensions>
          <ns3:TrackPointExtension>
            <ns3:hr>129</ns3:hr>
            <ns3:cad>99</ns3:cad>
          </ns3:TrackPointExtension>
        </extensions>
      </trkpt>
      <trkpt lat="53.96894752979278564453125" lon="-1.00821311585605144500732421875">
        <ele>16.200000762939453125</ele>
        <time>2018-10-14T11:06:36.000Z</time>
        <extensions>
          <ns3:TrackPointExtension>
            <ns3:hr>132</ns3:hr>
            <ns3:cad>99</ns3:cad>
          </ns3:TrackPointExtension>
        </extensions>
      </trkpt>
      <trkpt lat="53.9687539078295230865478515625" lon="-1.00821085274219512939453125">
        <ele>17</ele>
        <time>2018-10-14T11:06:42.000Z</time>
        <extensions>
          <ns3:TrackPointExtension>
            <ns3:hr>130</ns3:hr>
            <ns3:cad>99</ns3:cad>
          </ns3:TrackPointExtension>
        </extensions>
      </trkpt>
      <trkpt lat="53.9685886166989803314208984375" lon="-1.00838025100529193878173828125">
        <ele>17</ele>
        <time>2018-10-14T11:06:48.000Z</time>
        <extensions>
          <ns3:TrackPointExtension>
            <ns3:hr>129</ns3:hr>
            <ns3:cad>98</ns3:cad>
          </ns3:TrackPointExtension>
        </extensions>
      </trkpt>
      <trkpt lat="53.96844930946826934814453125" lon="-1.00863757543265819549560546875">
        <ele>17</ele>
        <time>2018-10-14T11:06:54.000Z</time>
        <extensions>
          <ns3:TrackPointExtension>
            <ns3:hr>129</ns3:hr>
            <ns3:cad>99</ns3:cad>
          </ns3:TrackPointExtension>
        </extensions>
      </trkpt>
      <trkpt lat="53.96833322010934352874755859375" lon="-1.0088876076042652130126953125">
        <ele>16.6000003814697265625</ele>
        <time>2018-10-14T11:06:59.000Z</time>
        <extensions>
          <ns3:TrackPointExtension>
            <ns3:hr>128</ns3:hr>
            <ns3:cad>99</ns3:cad>
          </ns3:TrackPointExtension>
        </extensions>
      </trkpt>
      <trkpt lat="53.96823029033839702606201171875" lon="-1.00916328839957714080810546875">
        <ele>16</ele>
        <time>2018-10-14T11:07:04.000Z</time>
        <extensions>
          <ns3:TrackPointExtension>
            <ns3:hr>129</ns3:hr>
            <ns3:cad>99</ns3:cad>
          </ns3:TrackPointExtension>
        </extensions>
      </trkpt>
      <trkpt lat="53.96813322789967060089111328125" lon="-1.0094346106052398681640625">
        <ele>16.200000762939453125</ele>
        <time>2018-10-14T11:07:09.000Z</time>
        <extensions>
          <ns3:TrackPointExtension>
            <ns3:hr>129</ns3:hr>
            <ns3:cad>99</ns3:cad>
          </ns3:TrackPointExtension>
        </extensions>
      </trkpt>
      <trkpt lat="53.96802878938615322113037109375" lon="-1.0097375325858592987060546875">
        <ele>16.6000003814697265625</ele>
        <time>2018-10-14T11:07:15.000Z</time>
        <extensions>
          <ns3:TrackPointExtension>
            <ns3:hr>127</ns3:hr>
            <ns3:cad>100</ns3:cad>
          </ns3:TrackPointExtension>
        </extensions>
      </trkpt>
      <trkpt lat="53.9679639972746372222900390625" lon="-1.00994314067065715789794921875">
        <ele>16.6000003814697265625</ele>
        <time>2018-10-14T11:07:19.000Z</time>
        <extensions>
          <ns3:TrackPointExtension>
            <ns3:hr>127</ns3:hr>
            <ns3:cad>99</ns3:cad>
          </ns3:TrackPointExtension>
        </extensions>
      </trkpt>
      <trkpt lat="53.96789384074509143829345703125" lon="-1.0101375170052051544189453125">
        <ele>16</ele>
        <time>2018-10-14T11:07:22.000Z</time>
        <extensions>
          <ns3:TrackPointExtension>
            <ns3:hr>124</ns3:hr>
            <ns3:cad>100</ns3:cad>
          </ns3:TrackPointExtension>
        </extensions>
      </trkpt>
      <trkpt lat="53.96780298091471195220947265625" lon="-1.01040682755410671234130859375">
        <ele>16.3999996185302734375</ele>
        <time>2018-10-14T11:07:28.000Z</time>
        <extensions>
          <ns3:TrackPointExtension>
            <ns3:hr>125</ns3:hr>
            <ns3:cad>100</ns3:cad>
          </ns3:TrackPointExtension>
        </extensions>
      </trkpt>
      <trkpt lat="53.96770994178950786590576171875" lon="-1.010674796998500823974609375">
        <ele>16.799999237060546875</ele>
        <time>2018-10-14T11:07:33.000Z</time>
        <extensions>
          <ns3:TrackPointExtension>
            <ns3:hr>126</ns3:hr>
            <ns3:cad>99</ns3:cad>
          </ns3:TrackPointExtension>
        </extensions>
      </trkpt>
      <trkpt lat="53.9676032401621341705322265625" lon="-1.01098216138780117034912109375">
        <ele>17</ele>
        <time>2018-10-14T11:07:39.000Z</time>
        <extensions>
          <ns3:TrackPointExtension>
            <ns3:hr>126</ns3:hr>
            <ns3:cad>99</ns3:cad>
          </ns3:TrackPointExtension>
        </extensions>
      </trkpt>
      <trkpt lat="53.967497460544109344482421875" lon="-1.01129497401416301727294921875">
        <ele>18</ele>
        <time>2018-10-14T11:07:45.000Z</time>
        <extensions>
          <ns3:TrackPointExtension>
            <ns3:hr>127</ns3:hr>
            <ns3:cad>99</ns3:cad>
          </ns3:TrackPointExtension>
        </extensions>
      </trkpt>
      <trkpt lat="53.96739377640187740325927734375" lon="-1.01159186102449893951416015625">
        <ele>18</ele>
        <time>2018-10-14T11:07:51.000Z</time>
        <extensions>
          <ns3:TrackPointExtension>
            <ns3:hr>128</ns3:hr>
            <ns3:cad>98</ns3:cad>
          </ns3:TrackPointExtension>
        </extensions>
      </trkpt>
      <trkpt lat="53.96726855076849460601806640625" lon="-1.01174600422382354736328125">
        <ele>18</ele>
        <time>2018-10-14T11:07:56.000Z</time>
        <extensions>
          <ns3:TrackPointExtension>
            <ns3:hr>129</ns3:hr>
            <ns3:cad>100</ns3:cad>
          </ns3:TrackPointExtension>
        </extensions>
      </trkpt>
      <trkpt lat="53.96708808839321136474609375" lon="-1.01156084798276424407958984375">
        <ele>18</ele>
        <time>2018-10-14T11:08:02.000Z</time>
        <extensions>
          <ns3:TrackPointExtension>
            <ns3:hr>129</ns3:hr>
            <ns3:cad>99</ns3:cad>
          </ns3:TrackPointExtension>
        </extensions>
      </trkpt>
      <trkpt lat="53.96691106259822845458984375" lon="-1.01135465316474437713623046875">
        <ele>19</ele>
        <time>2018-10-14T11:08:08.000Z</time>
        <extensions>
          <ns3:TrackPointExtension>
            <ns3:hr>128</ns3:hr>
            <ns3:cad>100</ns3:cad>
          </ns3:TrackPointExtension>
        </extensions>
      </trkpt>
      <trkpt lat="53.9667234756052494049072265625" lon="-1.01115751080214977264404296875">
        <ele>19.200000762939453125</ele>
        <time>2018-10-14T11:08:14.000Z</time>
        <extensions>
          <ns3:TrackPointExtension>
            <ns3:hr>128</ns3:hr>
            <ns3:cad>99</ns3:cad>
          </ns3:TrackPointExtension>
        </extensions>
      </trkpt>
      <trkpt lat="53.9665622077882289886474609375" lon="-1.01100546307861804962158203125">
        <ele>19.799999237060546875</ele>
        <time>2018-10-14T11:08:19.000Z</time>
        <extensions>
          <ns3:TrackPointExtension>
            <ns3:hr>129</ns3:hr>
            <ns3:cad>100</ns3:cad>
          </ns3:TrackPointExtension>
        </extensions>
      </trkpt>
      <trkpt lat="53.9663697592914104461669921875" lon="-1.0108456201851367950439453125">
        <ele>19</ele>
        <time>2018-10-14T11:08:25.000Z</time>
        <extensions>
          <ns3:TrackPointExtension>
            <ns3:hr>129</ns3:hr>
            <ns3:cad>99</ns3:cad>
          </ns3:TrackPointExtension>
        </extensions>
      </trkpt>
      <trkpt lat="53.96617471240460872650146484375" lon="-1.01075869984924793243408203125">
        <ele>18.6000003814697265625</ele>
        <time>2018-10-14T11:08:31.000Z</time>
        <extensions>
          <ns3:TrackPointExtension>
            <ns3:hr>129</ns3:hr>
            <ns3:cad>99</ns3:cad>
          </ns3:TrackPointExtension>
        </extensions>
      </trkpt>
      <trkpt lat="53.96604160778224468231201171875" lon="-1.01100395433604717254638671875">
        <ele>17.6000003814697265625</ele>
        <time>2018-10-14T11:08:37.000Z</time>
        <extensions>
          <ns3:TrackPointExtension>
            <ns3:hr>131</ns3:hr>
            <ns3:cad>99</ns3:cad>
          </ns3:TrackPointExtension>
        </extensions>
      </trkpt>
      <trkpt lat="53.96597119979560375213623046875" lon="-1.01128558628261089324951171875">
        <ele>17</ele>
        <time>2018-10-14T11:08:42.000Z</time>
        <extensions>
          <ns3:TrackPointExtension>
            <ns3:hr>131</ns3:hr>
            <ns3:cad>99</ns3:cad>
          </ns3:TrackPointExtension>
        </extensions>
      </trkpt>
      <trkpt lat="53.96588587202131748199462890625" lon="-1.01156654767692089080810546875">
        <ele>16.799999237060546875</ele>
        <time>2018-10-14T11:08:47.000Z</time>
        <extensions>
          <ns3:TrackPointExtension>
            <ns3:hr>131</ns3:hr>
            <ns3:cad>99</ns3:cad>
          </ns3:TrackPointExtension>
        </extensions>
      </trkpt>
      <trkpt lat="53.9658098481595516204833984375" lon="-1.0118579864501953125">
        <ele>16.3999996185302734375</ele>
        <time>2018-10-14T11:08:52.000Z</time>
        <extensions>
          <ns3:TrackPointExtension>
            <ns3:hr>132</ns3:hr>
            <ns3:cad>99</ns3:cad>
          </ns3:TrackPointExtension>
        </extensions>
      </trkpt>
      <trkpt lat="53.96574966609477996826171875" lon="-1.0121516883373260498046875">
        <ele>16.200000762939453125</ele>
        <time>2018-10-14T11:08:57.000Z</time>
        <extensions>
          <ns3:TrackPointExtension>
            <ns3:hr>131</ns3:hr>
            <ns3:cad>99</ns3:cad>
          </ns3:TrackPointExtension>
        </extensions>
      </trkpt>
      <trkpt lat="53.9656861312687397003173828125" lon="-1.01249962113797664642333984375">
        <ele>16</ele>
        <time>2018-10-14T11:09:03.000Z</time>
        <extensions>
          <ns3:TrackPointExtension>
            <ns3:hr>130</ns3:hr>
            <ns3:cad>100</ns3:cad>
          </ns3:TrackPointExtension>
        </extensions>
      </trkpt>
      <trkpt lat="53.96561882458627223968505859375" lon="-1.01283674128353595733642578125">
        <ele>16</ele>
        <time>2018-10-14T11:09:09.000Z</time>
        <extensions>
          <ns3:TrackPointExtension>
            <ns3:hr>130</ns3:hr>
            <ns3:cad>98</ns3:cad>
          </ns3:TrackPointExtension>
        </extensions>
      </trkpt>
      <trkpt lat="53.965564928948879241943359375" lon="-1.0131778009235858917236328125">
        <ele>16</ele>
        <time>2018-10-14T11:09:15.000Z</time>
        <extensions>
          <ns3:TrackPointExtension>
            <ns3:hr>130</ns3:hr>
            <ns3:cad>99</ns3:cad>
          </ns3:TrackPointExtension>
        </extensions>
      </trkpt>
      <trkpt lat="53.965507261455059051513671875" lon="-1.013505198061466217041015625">
        <ele>15.80000019073486328125</ele>
        <time>2018-10-14T11:09:21.000Z</time>
        <extensions>
          <ns3:TrackPointExtension>
            <ns3:hr>131</ns3:hr>
            <ns3:cad>99</ns3:cad>
          </ns3:TrackPointExtension>
        </extensions>
      </trkpt>
      <trkpt lat="53.9654531143605709075927734375" lon="-1.01379982195794582366943359375">
        <ele>15.3999996185302734375</ele>
        <time>2018-10-14T11:09:26.000Z</time>
        <extensions>
          <ns3:TrackPointExtension>
            <ns3:hr>130</ns3:hr>
            <ns3:cad>98</ns3:cad>
          </ns3:TrackPointExtension>
        </extensions>
      </trkpt>
      <trkpt lat="53.96539435721933841705322265625" lon="-1.0141380317509174346923828125">
        <ele>16</ele>
        <time>2018-10-14T11:09:32.000Z</time>
        <extensions>
          <ns3:TrackPointExtension>
            <ns3:hr>131</ns3:hr>
            <ns3:cad>99</ns3:cad>
          </ns3:TrackPointExtension>
        </extensions>
      </trkpt>
      <trkpt lat="53.9653471671044826507568359375" lon="-1.01447917520999908447265625">
        <ele>16.6000003814697265625</ele>
        <time>2018-10-14T11:09:38.000Z</time>
        <extensions>
          <ns3:TrackPointExtension>
            <ns3:hr>131</ns3:hr>
            <ns3:cad>99</ns3:cad>
          </ns3:TrackPointExtension>
        </extensions>
      </trkpt>
      <trkpt lat="53.96528505720198154449462890625" lon="-1.01480447687208652496337890625">
        <ele>17</ele>
        <time>2018-10-14T11:09:44.000Z</time>
        <extensions>
          <ns3:TrackPointExtension>
            <ns3:hr>130</ns3:hr>
            <ns3:cad>98</ns3:cad>
          </ns3:TrackPointExtension>
        </extensions>
      </trkpt>
      <trkpt lat="53.96520073525607585906982421875" lon="-1.01512826979160308837890625">
        <ele>17</ele>
        <time>2018-10-14T11:09:50.000Z</time>
        <extensions>
          <ns3:TrackPointExtension>
            <ns3:hr>129</ns3:hr>
            <ns3:cad>99</ns3:cad>
          </ns3:TrackPointExtension>
        </extensions>
      </trkpt>
      <trkpt lat="53.96510459482669830322265625" lon="-1.015445776283740997314453125">
        <ele>16</ele>
        <time>2018-10-14T11:09:56.000Z</time>
        <extensions>
          <ns3:TrackPointExtension>
            <ns3:hr>129</ns3:hr>
            <ns3:cad>99</ns3:cad>
          </ns3:TrackPointExtension>
        </extensions>
      </trkpt>
      <trkpt lat="53.96501482464373111724853515625" lon="-1.01575012318789958953857421875">
        <ele>16.3999996185302734375</ele>
        <time>2018-10-14T11:10:02.000Z</time>
        <extensions>
          <ns3:TrackPointExtension>
            <ns3:hr>130</ns3:hr>
            <ns3:cad>99</ns3:cad>
          </ns3:TrackPointExtension>
        </extensions>
      </trkpt>
      <trkpt lat="53.96489244885742664337158203125" lon="-1.01601767353713512420654296875">
        <ele>16.799999237060546875</ele>
        <time>2018-10-14T11:10:08.000Z</time>
        <extensions>
          <ns3:TrackPointExtension>
            <ns3:hr>132</ns3:hr>
            <ns3:cad>100</ns3:cad>
          </ns3:TrackPointExtension>
        </extensions>
      </trkpt>
      <trkpt lat="53.96476705558598041534423828125" lon="-1.016287989914417266845703125">
        <ele>17.6000003814697265625</ele>
        <time>2018-10-14T11:10:14.000Z</time>
        <extensions>
          <ns3:TrackPointExtension>
            <ns3:hr>130</ns3:hr>
            <ns3:cad>99</ns3:cad>
          </ns3:TrackPointExtension>
        </extensions>
      </trkpt>
      <trkpt lat="53.96467678248882293701171875" lon="-1.01655185222625732421875">
        <ele>18.6000003814697265625</ele>
        <time>2018-10-14T11:10:19.000Z</time>
        <extensions>
          <ns3:TrackPointExtension>
            <ns3:hr>130</ns3:hr>
            <ns3:cad>99</ns3:cad>
          </ns3:TrackPointExtension>
        </extensions>
      </trkpt>
      <trkpt lat="53.96458349190652370452880859375" lon="-1.0168473981320858001708984375">
        <ele>18.799999237060546875</ele>
        <time>2018-10-14T11:10:25.000Z</time>
        <extensions>
          <ns3:TrackPointExtension>
            <ns3:hr>131</ns3:hr>
            <ns3:cad>99</ns3:cad>
          </ns3:TrackPointExtension>
        </extensions>
      </trkpt>
      <trkpt lat="53.964502103626728057861328125" lon="-1.0171258449554443359375">
        <ele>17.6000003814697265625</ele>
        <time>2018-10-14T11:10:31.000Z</time>
        <extensions>
          <ns3:TrackPointExtension>
            <ns3:hr>130</ns3:hr>
            <ns3:cad>99</ns3:cad>
          </ns3:TrackPointExtension>
        </extensions>
      </trkpt>
      <trkpt lat="53.96441468037664890289306640625" lon="-1.01743019185960292816162109375">
        <ele>16.3999996185302734375</ele>
        <time>2018-10-14T11:10:37.000Z</time>
        <extensions>
          <ns3:TrackPointExtension>
            <ns3:hr>131</ns3:hr>
            <ns3:cad>99</ns3:cad>
          </ns3:TrackPointExtension>
        </extensions>
      </trkpt>
      <trkpt lat="53.9642930589616298675537109375" lon="-1.0176668129861354827880859375">
        <ele>16</ele>
        <time>2018-10-14T11:10:42.000Z</time>
        <extensions>
          <ns3:TrackPointExtension>
            <ns3:hr>133</ns3:hr>
            <ns3:cad>99</ns3:cad>
          </ns3:TrackPointExtension>
        </extensions>
      </trkpt>
      <trkpt lat="53.964188285171985626220703125" lon="-1.017861105501651763916015625">
        <ele>15.19999980926513671875</ele>
        <time>2018-10-14T11:10:47.000Z</time>
        <extensions>
          <ns3:TrackPointExtension>
            <ns3:hr>133</ns3:hr>
            <ns3:cad>98</ns3:cad>
          </ns3:TrackPointExtension>
        </extensions>
      </trkpt>
      <trkpt lat="53.96405325271189212799072265625" lon="-1.01807526312768459320068359375">
        <ele>15</ele>
        <time>2018-10-14T11:10:52.000Z</time>
        <extensions>
          <ns3:TrackPointExtension>
            <ns3:hr>131</ns3:hr>
            <ns3:cad>98</ns3:cad>
          </ns3:TrackPointExtension>
        </extensions>
      </trkpt>
      <trkpt lat="53.9639170467853546142578125" lon="-1.01829134859144687652587890625">
        <ele>15.3999996185302734375</ele>
        <time>2018-10-14T11:10:57.000Z</time>
        <extensions>
          <ns3:TrackPointExtension>
            <ns3:hr>129</ns3:hr>
            <ns3:cad>99</ns3:cad>
          </ns3:TrackPointExtension>
        </extensions>
      </trkpt>
      <trkpt lat="53.96378452889621257781982421875" lon="-1.018501818180084228515625">
        <ele>15.80000019073486328125</ele>
        <time>2018-10-14T11:11:02.000Z</time>
        <extensions>
          <ns3:TrackPointExtension>
            <ns3:hr>128</ns3:hr>
            <ns3:cad>100</ns3:cad>
          </ns3:TrackPointExtension>
        </extensions>
      </trkpt>
      <trkpt lat="53.9636292122304439544677734375" lon="-1.01874581538140773773193359375">
        <ele>16</ele>
        <time>2018-10-14T11:11:08.000Z</time>
        <extensions>
          <ns3:TrackPointExtension>
            <ns3:hr>128</ns3:hr>
            <ns3:cad>99</ns3:cad>
          </ns3:TrackPointExtension>
        </extensions>
      </trkpt>
      <trkpt lat="53.9635229296982288360595703125" lon="-1.0189086757600307464599609375">
        <ele>16</ele>
        <time>2018-10-14T11:11:12.000Z</time>
        <extensions>
          <ns3:TrackPointExtension>
            <ns3:hr>131</ns3:hr>
            <ns3:cad>99</ns3:cad>
          </ns3:TrackPointExtension>
        </extensions>
      </trkpt>
      <trkpt lat="53.96344422362744808197021484375" lon="-1.0190424509346485137939453125">
        <ele>16</ele>
        <time>2018-10-14T11:11:15.000Z</time>
        <extensions>
          <ns3:TrackPointExtension>
            <ns3:hr>135</ns3:hr>
            <ns3:cad>100</ns3:cad>
          </ns3:TrackPointExtension>
        </extensions>
      </trkpt>
      <trkpt lat="53.9632868953049182891845703125" lon="-1.01925845257937908172607421875">
        <ele>16</ele>
        <time>2018-10-14T11:11:21.000Z</time>
        <extensions>
          <ns3:TrackPointExtension>
            <ns3:hr>134</ns3:hr>
            <ns3:cad>100</ns3:cad>
          </ns3:TrackPointExtension>
        </extensions>
      </trkpt>
      <trkpt lat="53.9631138928234577178955078125" lon="-1.0194716043770313262939453125">
        <ele>15.3999996185302734375</ele>
        <time>2018-10-14T11:11:27.000Z</time>
        <extensions>
          <ns3:TrackPointExtension>
            <ns3:hr>134</ns3:hr>
            <ns3:cad>98</ns3:cad>
          </ns3:TrackPointExtension>
        </extensions>
      </trkpt>
      <trkpt lat="53.96295187063515186309814453125" lon="-1.01967553608119487762451171875">
        <ele>14.6000003814697265625</ele>
        <time>2018-10-14T11:11:33.000Z</time>
        <extensions>
          <ns3:TrackPointExtension>
            <ns3:hr>132</ns3:hr>
            <ns3:cad>98</ns3:cad>
          </ns3:TrackPointExtension>
        </extensions>
      </trkpt>
      <trkpt lat="53.96278540603816509246826171875" lon="-1.0198930464684963226318359375">
        <ele>14</ele>
        <time>2018-10-14T11:11:39.000Z</time>
        <extensions>
          <ns3:TrackPointExtension>
            <ns3:hr>133</ns3:hr>
            <ns3:cad>100</ns3:cad>
          </ns3:TrackPointExtension>
        </extensions>
      </trkpt>
      <trkpt lat="53.96262983791530132293701171875" lon="-1.02011776529252529144287109375">
        <ele>14</ele>
        <time>2018-10-14T11:11:45.000Z</time>
        <extensions>
          <ns3:TrackPointExtension>
            <ns3:hr>133</ns3:hr>
            <ns3:cad>100</ns3:cad>
          </ns3:TrackPointExtension>
        </extensions>
      </trkpt>
      <trkpt lat="53.962479718029499053955078125" lon="-1.02034759707748889923095703125">
        <ele>13.19999980926513671875</ele>
        <time>2018-10-14T11:11:51.000Z</time>
        <extensions>
          <ns3:TrackPointExtension>
            <ns3:hr>133</ns3:hr>
            <ns3:cad>100</ns3:cad>
          </ns3:TrackPointExtension>
        </extensions>
      </trkpt>
      <trkpt lat="53.96233789622783660888671875" lon="-1.020592935383319854736328125">
        <ele>13</ele>
        <time>2018-10-14T11:11:57.000Z</time>
        <extensions>
          <ns3:TrackPointExtension>
            <ns3:hr>132</ns3:hr>
            <ns3:cad>99</ns3:cad>
          </ns3:TrackPointExtension>
        </extensions>
      </trkpt>
      <trkpt lat="53.9622042886912822723388671875" lon="-1.0208418779075145721435546875">
        <ele>13</ele>
        <time>2018-10-14T11:12:03.000Z</time>
        <extensions>
          <ns3:TrackPointExtension>
            <ns3:hr>132</ns3:hr>
            <ns3:cad>99</ns3:cad>
          </ns3:TrackPointExtension>
        </extensions>
      </trkpt>
      <trkpt lat="53.96205433644354343414306640625" lon="-1.02109082043170928955078125">
        <ele>13.3999996185302734375</ele>
        <time>2018-10-14T11:12:09.000Z</time>
        <extensions>
          <ns3:TrackPointExtension>
            <ns3:hr>130</ns3:hr>
            <ns3:cad>99</ns3:cad>
          </ns3:TrackPointExtension>
        </extensions>
      </trkpt>
      <trkpt lat="53.96191276609897613525390625" lon="-1.021349318325519561767578125">
        <ele>14</ele>
        <time>2018-10-14T11:12:15.000Z</time>
        <extensions>
          <ns3:TrackPointExtension>
            <ns3:hr>131</ns3:hr>
            <ns3:cad>99</ns3:cad>
          </ns3:TrackPointExtension>
        </extensions>
      </trkpt>
      <trkpt lat="53.96177790127694606781005859375" lon="-1.0216046310961246490478515625">
        <ele>14</ele>
        <time>2018-10-14T11:12:21.000Z</time>
        <extensions>
          <ns3:TrackPointExtension>
            <ns3:hr>131</ns3:hr>
            <ns3:cad>98</ns3:cad>
          </ns3:TrackPointExtension>
        </extensions>
      </trkpt>
      <trkpt lat="53.96163021214306354522705078125" lon="-1.0218624584376811981201171875">
        <ele>13.80000019073486328125</ele>
        <time>2018-10-14T11:12:27.000Z</time>
        <extensions>
          <ns3:TrackPointExtension>
            <ns3:hr>130</ns3:hr>
            <ns3:cad>99</ns3:cad>
          </ns3:TrackPointExtension>
        </extensions>
      </trkpt>
      <trkpt lat="53.961504735052585601806640625" lon="-1.02208499796688556671142578125">
        <ele>13</ele>
        <time>2018-10-14T11:12:32.000Z</time>
        <extensions>
          <ns3:TrackPointExtension>
            <ns3:hr>130</ns3:hr>
            <ns3:cad>99</ns3:cad>
          </ns3:TrackPointExtension>
        </extensions>
      </trkpt>
      <trkpt lat="53.9613526873290538787841796875" lon="-1.02234064601361751556396484375">
        <ele>12.3999996185302734375</ele>
        <time>2018-10-14T11:12:38.000Z</time>
        <extensions>
          <ns3:TrackPointExtension>
            <ns3:hr>132</ns3:hr>
            <ns3:cad>100</ns3:cad>
          </ns3:TrackPointExtension>
        </extensions>
      </trkpt>
      <trkpt lat="53.96122955717146396636962890625" lon="-1.02256695739924907684326171875">
        <ele>12</ele>
        <time>2018-10-14T11:12:43.000Z</time>
        <extensions>
          <ns3:TrackPointExtension>
            <ns3:hr>133</ns3:hr>
            <ns3:cad>100</ns3:cad>
          </ns3:TrackPointExtension>
        </extensions>
      </trkpt>
      <trkpt lat="53.96108639426529407501220703125" lon="-1.0228357650339603424072265625">
        <ele>12.6000003814697265625</ele>
        <time>2018-10-14T11:12:49.000Z</time>
        <extensions>
          <ns3:TrackPointExtension>
            <ns3:hr>133</ns3:hr>
            <ns3:cad>100</ns3:cad>
          </ns3:TrackPointExtension>
        </extensions>
      </trkpt>
      <trkpt lat="53.960933424532413482666015625" lon="-1.02309619076550006866455078125">
        <ele>13</ele>
        <time>2018-10-14T11:12:55.000Z</time>
        <extensions>
          <ns3:TrackPointExtension>
            <ns3:hr>131</ns3:hr>
            <ns3:cad>101</ns3:cad>
          </ns3:TrackPointExtension>
        </extensions>
      </trkpt>
      <trkpt lat="53.96078632213175296783447265625" lon="-1.023351587355136871337890625">
        <ele>13</ele>
        <time>2018-10-14T11:13:01.000Z</time>
        <extensions>
          <ns3:TrackPointExtension>
            <ns3:hr>131</ns3:hr>
            <ns3:cad>100</ns3:cad>
          </ns3:TrackPointExtension>
        </extensions>
      </trkpt>
      <trkpt lat="53.96063243038952350616455078125" lon="-1.023589633405208587646484375">
        <ele>13.19999980926513671875</ele>
        <time>2018-10-14T11:13:07.000Z</time>
        <extensions>
          <ns3:TrackPointExtension>
            <ns3:hr>131</ns3:hr>
            <ns3:cad>99</ns3:cad>
          </ns3:TrackPointExtension>
        </extensions>
      </trkpt>
      <trkpt lat="53.96049312315881252288818359375" lon="-1.0238563455641269683837890625">
        <ele>13.3999996185302734375</ele>
        <time>2018-10-14T11:13:13.000Z</time>
        <extensions>
          <ns3:TrackPointExtension>
            <ns3:hr>132</ns3:hr>
            <ns3:cad>100</ns3:cad>
          </ns3:TrackPointExtension>
        </extensions>
      </trkpt>
      <trkpt lat="53.96038332022726535797119140625" lon="-1.024101935327053070068359375">
        <ele>13.19999980926513671875</ele>
        <time>2018-10-14T11:13:18.000Z</time>
        <extensions>
          <ns3:TrackPointExtension>
            <ns3:hr>133</ns3:hr>
            <ns3:cad>100</ns3:cad>
          </ns3:TrackPointExtension>
        </extensions>
      </trkpt>
      <trkpt lat="53.96031140349805355072021484375" lon="-1.02438767440617084503173828125">
        <ele>14</ele>
        <time>2018-10-14T11:13:23.000Z</time>
        <extensions>
          <ns3:TrackPointExtension>
            <ns3:hr>132</ns3:hr>
            <ns3:cad>100</ns3:cad>
          </ns3:TrackPointExtension>
        </extensions>
      </trkpt>
      <trkpt lat="53.96026790142059326171875" lon="-1.02468389086425304412841796875">
        <ele>14</ele>
        <time>2018-10-14T11:13:28.000Z</time>
        <extensions>
          <ns3:TrackPointExtension>
            <ns3:hr>131</ns3:hr>
            <ns3:cad>99</ns3:cad>
          </ns3:TrackPointExtension>
        </extensions>
      </trkpt>
      <trkpt lat="53.96021987311542034149169921875" lon="-1.02504045702517032623291015625">
        <ele>14</ele>
        <time>2018-10-14T11:13:34.000Z</time>
        <extensions>
          <ns3:TrackPointExtension>
            <ns3:hr>131</ns3:hr>
            <ns3:cad>99</ns3:cad>
          </ns3:TrackPointExtension>
        </extensions>
      </trkpt>
      <trkpt lat="53.9601845853030681610107421875" lon="-1.02534555830061435699462890625">
        <ele>14</ele>
        <time>2018-10-14T11:13:39.000Z</time>
        <extensions>
          <ns3:TrackPointExtension>
            <ns3:hr>131</ns3:hr>
            <ns3:cad>100</ns3:cad>
          </ns3:TrackPointExtension>
        </extensions>
      </trkpt>
      <trkpt lat="53.960147202014923095703125" lon="-1.025652587413787841796875">
        <ele>14.80000019073486328125</ele>
        <time>2018-10-14T11:13:44.000Z</time>
        <extensions>
          <ns3:TrackPointExtension>
            <ns3:hr>131</ns3:hr>
            <ns3:cad>100</ns3:cad>
          </ns3:TrackPointExtension>
        </extensions>
      </trkpt>
      <trkpt lat="53.96010495722293853759765625" lon="-1.026012003421783447265625">
        <ele>16</ele>
        <time>2018-10-14T11:13:50.000Z</time>
        <extensions>
          <ns3:TrackPointExtension>
            <ns3:hr>130</ns3:hr>
            <ns3:cad>100</ns3:cad>
          </ns3:TrackPointExtension>
        </extensions>
      </trkpt>
      <trkpt lat="53.9600655622780323028564453125" lon="-1.026362366974353790283203125">
        <ele>16.799999237060546875</ele>
        <time>2018-10-14T11:13:56.000Z</time>
        <extensions>
          <ns3:TrackPointExtension>
            <ns3:hr>131</ns3:hr>
            <ns3:cad>100</ns3:cad>
          </ns3:TrackPointExtension>
        </extensions>
      </trkpt>
      <trkpt lat="53.960015438497066497802734375" lon="-1.02669420652091503143310546875">
        <ele>16</ele>
        <time>2018-10-14T11:14:02.000Z</time>
        <extensions>
          <ns3:TrackPointExtension>
            <ns3:hr>132</ns3:hr>
            <ns3:cad>99</ns3:cad>
          </ns3:TrackPointExtension>
        </extensions>
      </trkpt>
      <trkpt lat="53.95995567552745342254638671875" lon="-1.02704130113124847412109375">
        <ele>14</ele>
        <time>2018-10-14T11:14:08.000Z</time>
        <extensions>
          <ns3:TrackPointExtension>
            <ns3:hr>130</ns3:hr>
            <ns3:cad>99</ns3:cad>
          </ns3:TrackPointExtension>
        </extensions>
      </trkpt>
      <trkpt lat="53.95992063917219638824462890625" lon="-1.0272687859833240509033203125">
        <ele>13.6000003814697265625</ele>
        <time>2018-10-14T11:14:12.000Z</time>
        <extensions>
          <ns3:TrackPointExtension>
            <ns3:hr>130</ns3:hr>
            <ns3:cad>99</ns3:cad>
          </ns3:TrackPointExtension>
        </extensions>
      </trkpt>
      <trkpt lat="53.9598724432289600372314453125" lon="-1.02761018089950084686279296875">
        <ele>12.19999980926513671875</ele>
        <time>2018-10-14T11:14:18.000Z</time>
        <extensions>
          <ns3:TrackPointExtension>
            <ns3:hr>129</ns3:hr>
            <ns3:cad>101</ns3:cad>
          </ns3:TrackPointExtension>
        </extensions>
      </trkpt>
      <trkpt lat="53.9598320424556732177734375" lon="-1.02795132435858249664306640625">
        <ele>12</ele>
        <time>2018-10-14T11:14:24.000Z</time>
        <extensions>
          <ns3:TrackPointExtension>
            <ns3:hr>128</ns3:hr>
            <ns3:cad>100</ns3:cad>
          </ns3:TrackPointExtension>
        </extensions>
      </trkpt>
      <trkpt lat="53.9597711898386478424072265625" lon="-1.02827218361198902130126953125">
        <ele>12.19999980926513671875</ele>
        <time>2018-10-14T11:14:30.000Z</time>
        <extensions>
          <ns3:TrackPointExtension>
            <ns3:hr>127</ns3:hr>
            <ns3:cad>100</ns3:cad>
          </ns3:TrackPointExtension>
        </extensions>
      </trkpt>
      <trkpt lat="53.95971679128706455230712890625" lon="-1.02861885912716388702392578125">
        <ele>12.3999996185302734375</ele>
        <time>2018-10-14T11:14:36.000Z</time>
        <extensions>
          <ns3:TrackPointExtension>
            <ns3:hr>126</ns3:hr>
            <ns3:cad>100</ns3:cad>
          </ns3:TrackPointExtension>
        </extensions>
      </trkpt>
      <trkpt lat="53.9596853591501712799072265625" lon="-1.0289300791919231414794921875">
        <ele>13.19999980926513671875</ele>
        <time>2018-10-14T11:14:41.000Z</time>
        <extensions>
          <ns3:TrackPointExtension>
            <ns3:hr>125</ns3:hr>
            <ns3:cad>98</ns3:cad>
          </ns3:TrackPointExtension>
        </extensions>
      </trkpt>
      <trkpt lat="53.9596417732536792755126953125" lon="-1.02924649603664875030517578125">
        <ele>13.80000019073486328125</ele>
        <time>2018-10-14T11:14:46.000Z</time>
        <extensions>
          <ns3:TrackPointExtension>
            <ns3:hr>127</ns3:hr>
            <ns3:cad>100</ns3:cad>
          </ns3:TrackPointExtension>
        </extensions>
      </trkpt>
      <trkpt lat="53.95958452485501766204833984375" lon="-1.0295436345040798187255859375">
        <ele>14</ele>
        <time>2018-10-14T11:14:51.000Z</time>
        <extensions>
          <ns3:TrackPointExtension>
            <ns3:hr>128</ns3:hr>
            <ns3:cad>100</ns3:cad>
          </ns3:TrackPointExtension>
        </extensions>
      </trkpt>
      <trkpt lat="53.95952853374183177947998046875" lon="-1.02985435165464878082275390625">
        <ele>14</ele>
        <time>2018-10-14T11:14:56.000Z</time>
        <extensions>
          <ns3:TrackPointExtension>
            <ns3:hr>129</ns3:hr>
            <ns3:cad>100</ns3:cad>
          </ns3:TrackPointExtension>
        </extensions>
      </trkpt>
      <trkpt lat="53.95948695950210094451904296875" lon="-1.03016029112040996551513671875">
        <ele>13</ele>
        <time>2018-10-14T11:15:01.000Z</time>
        <extensions>
          <ns3:TrackPointExtension>
            <ns3:hr>130</ns3:hr>
            <ns3:cad>100</ns3:cad>
          </ns3:TrackPointExtension>
        </extensions>
      </trkpt>
      <trkpt lat="53.9594402723014354705810546875" lon="-1.03051434271037578582763671875">
        <ele>13</ele>
        <time>2018-10-14T11:15:07.000Z</time>
        <extensions>
          <ns3:TrackPointExtension>
            <ns3:hr>131</ns3:hr>
            <ns3:cad>100</ns3:cad>
          </ns3:TrackPointExtension>
        </extensions>
      </trkpt>
      <trkpt lat="53.9593839459121227264404296875" lon="-1.030855737626552581787109375">
        <ele>13</ele>
        <time>2018-10-14T11:15:13.000Z</time>
        <extensions>
          <ns3:TrackPointExtension>
            <ns3:hr>129</ns3:hr>
            <ns3:cad>101</ns3:cad>
          </ns3:TrackPointExtension>
        </extensions>
      </trkpt>
      <trkpt lat="53.9593385159969329833984375" lon="-1.031193025410175323486328125">
        <ele>13.80000019073486328125</ele>
        <time>2018-10-14T11:15:19.000Z</time>
        <extensions>
          <ns3:TrackPointExtension>
            <ns3:hr>130</ns3:hr>
            <ns3:cad>100</ns3:cad>
          </ns3:TrackPointExtension>
        </extensions>
      </trkpt>
      <trkpt lat="53.95928529091179370880126953125" lon="-1.03152972646057605743408203125">
        <ele>15</ele>
        <time>2018-10-14T11:15:25.000Z</time>
        <extensions>
          <ns3:TrackPointExtension>
            <ns3:hr>129</ns3:hr>
            <ns3:cad>99</ns3:cad>
          </ns3:TrackPointExtension>
        </extensions>
      </trkpt>
      <trkpt lat="53.95926316268742084503173828125" lon="-1.03181353770196437835693359375">
        <ele>15.80000019073486328125</ele>
        <time>2018-10-14T11:15:30.000Z</time>
        <extensions>
          <ns3:TrackPointExtension>
            <ns3:hr>132</ns3:hr>
            <ns3:cad>99</ns3:cad>
          </ns3:TrackPointExtension>
        </extensions>
      </trkpt>
      <trkpt lat="53.95925545133650302886962890625" lon="-1.03192518465220928192138671875">
        <ele>15.80000019073486328125</ele>
        <time>2018-10-14T11:15:32.000Z</time>
        <extensions>
          <ns3:TrackPointExtension>
            <ns3:hr>136</ns3:hr>
            <ns3:cad>99</ns3:cad>
          </ns3:TrackPointExtension>
        </extensions>
      </trkpt>
      <trkpt lat="53.9592451415956020355224609375" lon="-1.032039932906627655029296875">
        <ele>15.80000019073486328125</ele>
        <time>2018-10-14T11:15:34.000Z</time>
        <extensions>
          <ns3:TrackPointExtension>
            <ns3:hr>139</ns3:hr>
            <ns3:cad>99</ns3:cad>
          </ns3:TrackPointExtension>
        </extensions>
      </trkpt>
      <trkpt lat="53.95924254320561885833740234375" lon="-1.03228225372731685638427734375">
        <ele>15.80000019073486328125</ele>
        <time>2018-10-14T11:15:38.000Z</time>
        <extensions>
          <ns3:TrackPointExtension>
            <ns3:hr>142</ns3:hr>
            <ns3:cad>98</ns3:cad>
          </ns3:TrackPointExtension>
        </extensions>
      </trkpt>
      <trkpt lat="53.9592364244163036346435546875" lon="-1.0326496325433254241943359375">
        <ele>15.80000019073486328125</ele>
        <time>2018-10-14T11:15:44.000Z</time>
        <extensions>
          <ns3:TrackPointExtension>
            <ns3:hr>142</ns3:hr>
            <ns3:cad>98</ns3:cad>
          </ns3:TrackPointExtension>
        </extensions>
      </trkpt>
      <trkpt lat="53.9592354185879230499267578125" lon="-1.03295900858938694000244140625">
        <ele>14.80000019073486328125</ele>
        <time>2018-10-14T11:15:49.000Z</time>
        <extensions>
          <ns3:TrackPointExtension>
            <ns3:hr>141</ns3:hr>
            <ns3:cad>101</ns3:cad>
          </ns3:TrackPointExtension>
        </extensions>
      </trkpt>
      <trkpt lat="53.95926064811646938323974609375" lon="-1.03330149315297603607177734375">
        <ele>13.80000019073486328125</ele>
        <time>2018-10-14T11:15:55.000Z</time>
        <extensions>
          <ns3:TrackPointExtension>
            <ns3:hr>140</ns3:hr>
            <ns3:cad>100</ns3:cad>
          </ns3:TrackPointExtension>
        </extensions>
      </trkpt>
      <trkpt lat="53.9593011327087879180908203125" lon="-1.03363224305212497711181640625">
        <ele>13</ele>
        <time>2018-10-14T11:16:01.000Z</time>
        <extensions>
          <ns3:TrackPointExtension>
            <ns3:hr>137</ns3:hr>
            <ns3:cad>100</ns3:cad>
          </ns3:TrackPointExtension>
        </extensions>
      </trkpt>
      <trkpt lat="53.95934589207172393798828125" lon="-1.03396165184676647186279296875">
        <ele>14</ele>
        <time>2018-10-14T11:16:07.000Z</time>
        <extensions>
          <ns3:TrackPointExtension>
            <ns3:hr>137</ns3:hr>
            <ns3:cad>99</ns3:cad>
          </ns3:TrackPointExtension>
        </extensions>
      </trkpt>
      <trkpt lat="53.95943951793015003204345703125" lon="-1.03427027352154254913330078125">
        <ele>14.6000003814697265625</ele>
        <time>2018-10-14T11:16:13.000Z</time>
        <extensions>
          <ns3:TrackPointExtension>
            <ns3:hr>136</ns3:hr>
            <ns3:cad>100</ns3:cad>
          </ns3:TrackPointExtension>
        </extensions>
      </trkpt>
      <trkpt lat="53.95955719985067844390869140625" lon="-1.034573949873447418212890625">
        <ele>14.80000019073486328125</ele>
        <time>2018-10-14T11:16:19.000Z</time>
        <extensions>
          <ns3:TrackPointExtension>
            <ns3:hr>135</ns3:hr>
            <ns3:cad>100</ns3:cad>
          </ns3:TrackPointExtension>
        </extensions>
      </trkpt>
      <trkpt lat="53.95964671857655048370361328125" lon="-1.0348859243094921112060546875">
        <ele>15.19999980926513671875</ele>
        <time>2018-10-14T11:16:25.000Z</time>
        <extensions>
          <ns3:TrackPointExtension>
            <ns3:hr>136</ns3:hr>
            <ns3:cad>100</ns3:cad>
          </ns3:TrackPointExtension>
        </extensions>
      </trkpt>
      <trkpt lat="53.95969189703464508056640625" lon="-1.03509941138327121734619140625">
        <ele>14.6000003814697265625</ele>
        <time>2018-10-14T11:16:29.000Z</time>
        <extensions>
          <ns3:TrackPointExtension>
            <ns3:hr>139</ns3:hr>
            <ns3:cad>99</ns3:cad>
          </ns3:TrackPointExtension>
        </extensions>
      </trkpt>
      <trkpt lat="53.9597333036363124847412109375" lon="-1.03543393313884735107421875">
        <ele>14.6000003814697265625</ele>
        <time>2018-10-14T11:16:35.000Z</time>
        <extensions>
          <ns3:TrackPointExtension>
            <ns3:hr>140</ns3:hr>
            <ns3:cad>100</ns3:cad>
          </ns3:TrackPointExtension>
        </extensions>
      </trkpt>
      <trkpt lat="53.959788121283054351806640625" lon="-1.035770885646343231201171875">
        <ele>15</ele>
        <time>2018-10-14T11:16:41.000Z</time>
        <extensions>
          <ns3:TrackPointExtension>
            <ns3:hr>138</ns3:hr>
            <ns3:cad>99</ns3:cad>
          </ns3:TrackPointExtension>
        </extensions>
      </trkpt>
      <trkpt lat="53.95983598195016384124755859375" lon="-1.03610180318355560302734375">
        <ele>15</ele>
        <time>2018-10-14T11:16:47.000Z</time>
        <extensions>
          <ns3:TrackPointExtension>
            <ns3:hr>139</ns3:hr>
            <ns3:cad>99</ns3:cad>
          </ns3:TrackPointExtension>
        </extensions>
      </trkpt>
      <trkpt lat="53.95986967720091342926025390625" lon="-1.03643313981592655181884765625">
        <ele>15.6000003814697265625</ele>
        <time>2018-10-14T11:16:53.000Z</time>
        <extensions>
          <ns3:TrackPointExtension>
            <ns3:hr>138</ns3:hr>
            <ns3:cad>99</ns3:cad>
          </ns3:TrackPointExtension>
        </extensions>
      </trkpt>
      <trkpt lat="53.9598831720650196075439453125" lon="-1.0367524065077304840087890625">
        <ele>16</ele>
        <time>2018-10-14T11:16:59.000Z</time>
        <extensions>
          <ns3:TrackPointExtension>
            <ns3:hr>138</ns3:hr>
            <ns3:cad>100</ns3:cad>
          </ns3:TrackPointExtension>
        </extensions>
      </trkpt>
      <trkpt lat="53.95991829223930835723876953125" lon="-1.03709983639419078826904296875">
        <ele>16.200000762939453125</ele>
        <time>2018-10-14T11:17:05.000Z</time>
        <extensions>
          <ns3:TrackPointExtension>
            <ns3:hr>136</ns3:hr>
            <ns3:cad>99</ns3:cad>
          </ns3:TrackPointExtension>
        </extensions>
      </trkpt>
      <trkpt lat="53.959985934197902679443359375" lon="-1.03744064457714557647705078125">
        <ele>16</ele>
        <time>2018-10-14T11:17:11.000Z</time>
        <extensions>
          <ns3:TrackPointExtension>
            <ns3:hr>136</ns3:hr>
            <ns3:cad>99</ns3:cad>
          </ns3:TrackPointExtension>
        </extensions>
      </trkpt>
      <trkpt lat="53.960064388811588287353515625" lon="-1.03777474723756313323974609375">
        <ele>14.80000019073486328125</ele>
        <time>2018-10-14T11:17:17.000Z</time>
        <extensions>
          <ns3:TrackPointExtension>
            <ns3:hr>135</ns3:hr>
            <ns3:cad>100</ns3:cad>
          </ns3:TrackPointExtension>
        </extensions>
      </trkpt>
      <trkpt lat="53.960024826228618621826171875" lon="-1.03811639361083507537841796875">
        <ele>14.3999996185302734375</ele>
        <time>2018-10-14T11:17:23.000Z</time>
        <extensions>
          <ns3:TrackPointExtension>
            <ns3:hr>134</ns3:hr>
            <ns3:cad>99</ns3:cad>
          </ns3:TrackPointExtension>
        </extensions>
      </trkpt>
      <trkpt lat="53.959912844002246856689453125" lon="-1.03835779242217540740966796875">
        <ele>14.80000019073486328125</ele>
        <time>2018-10-14T11:17:28.000Z</time>
        <extensions>
          <ns3:TrackPointExtension>
            <ns3:hr>134</ns3:hr>
            <ns3:cad>99</ns3:cad>
          </ns3:TrackPointExtension>
        </extensions>
      </trkpt>
      <trkpt lat="53.9598214812576770782470703125" lon="-1.03846960701048374176025390625">
        <ele>15</ele>
        <time>2018-10-14T11:17:31.000Z</time>
        <extensions>
          <ns3:TrackPointExtension>
            <ns3:hr>140</ns3:hr>
            <ns3:cad>99</ns3:cad>
          </ns3:TrackPointExtension>
        </extensions>
      </trkpt>
      <trkpt lat="53.95978921093046665191650390625" lon="-1.03850145824253559112548828125">
        <ele>15</ele>
        <time>2018-10-14T11:17:32.000Z</time>
        <extensions>
          <ns3:TrackPointExtension>
            <ns3:hr>150</ns3:hr>
            <ns3:cad>99</ns3:cad>
          </ns3:TrackPointExtension>
        </extensions>
      </trkpt>
      <trkpt lat="53.95975886844098567962646484375" lon="-1.03853079490363597869873046875">
        <ele>14.80000019073486328125</ele>
        <time>2018-10-14T11:17:33.000Z</time>
        <extensions>
          <ns3:TrackPointExtension>
            <ns3:hr>157</ns3:hr>
            <ns3:cad>99</ns3:cad>
          </ns3:TrackPointExtension>
        </extensions>
      </trkpt>
      <trkpt lat="53.9596952497959136962890625" lon="-1.03858024813234806060791015625">
        <ele>14.6000003814697265625</ele>
        <time>2018-10-14T11:17:35.000Z</time>
        <extensions>
          <ns3:TrackPointExtension>
            <ns3:hr>160</ns3:hr>
            <ns3:cad>99</ns3:cad>
          </ns3:TrackPointExtension>
        </extensions>
      </trkpt>
      <trkpt lat="53.95967186428606510162353515625" lon="-1.038592569530010223388671875">
        <ele>14.6000003814697265625</ele>
        <time>2018-10-14T11:17:36.000Z</time>
        <extensions>
          <ns3:TrackPointExtension>
            <ns3:hr>165</ns3:hr>
            <ns3:cad>99</ns3:cad>
          </ns3:TrackPointExtension>
        </extensions>
      </trkpt>
      <trkpt lat="53.95964420400559902191162109375" lon="-1.038602627813816070556640625">
        <ele>14.6000003814697265625</ele>
        <time>2018-10-14T11:17:37.000Z</time>
        <extensions>
          <ns3:TrackPointExtension>
            <ns3:hr>165</ns3:hr>
            <ns3:cad>99</ns3:cad>
          </ns3:TrackPointExtension>
        </extensions>
      </trkpt>
      <trkpt lat="53.959531970322132110595703125" lon="-1.038578487932682037353515625">
        <ele>14.80000019073486328125</ele>
        <time>2018-10-14T11:17:41.000Z</time>
        <extensions>
          <ns3:TrackPointExtension>
            <ns3:hr>164</ns3:hr>
            <ns3:cad>99</ns3:cad>
          </ns3:TrackPointExtension>
        </extensions>
      </trkpt>
      <trkpt lat="53.95941160619258880615234375" lon="-1.03850715793669223785400390625">
        <ele>15</ele>
        <time>2018-10-14T11:17:45.000Z</time>
        <extensions>
          <ns3:TrackPointExtension>
            <ns3:hr>161</ns3:hr>
            <ns3:cad>100</ns3:cad>
          </ns3:TrackPointExtension>
        </extensions>
      </trkpt>
      <trkpt lat="53.95929199643433094024658203125" lon="-1.0384552739560604095458984375">
        <ele>15</ele>
        <time>2018-10-14T11:17:49.000Z</time>
        <extensions>
          <ns3:TrackPointExtension>
            <ns3:hr>158</ns3:hr>
            <ns3:cad>100</ns3:cad>
          </ns3:TrackPointExtension>
        </extensions>
      </trkpt>
      <trkpt lat="53.95919560454785823822021484375" lon="-1.03843674995005130767822265625">
        <ele>15.3999996185302734375</ele>
        <time>2018-10-14T11:17:52.000Z</time>
        <extensions>
          <ns3:TrackPointExtension>
            <ns3:hr>155</ns3:hr>
            <ns3:cad>100</ns3:cad>
          </ns3:TrackPointExtension>
        </extensions>
      </trkpt>
      <trkpt lat="53.95910709165036678314208984375" lon="-1.03843800723552703857421875">
        <ele>15.6000003814697265625</ele>
        <time>2018-10-14T11:17:55.000Z</time>
        <extensions>
          <ns3:TrackPointExtension>
            <ns3:hr>152</ns3:hr>
            <ns3:cad>100</ns3:cad>
          </ns3:TrackPointExtension>
        </extensions>
      </trkpt>
      <trkpt lat="53.9589373581111431121826171875" lon="-1.0384131968021392822265625">
        <ele>15.80000019073486328125</ele>
        <time>2018-10-14T11:18:00.000Z</time>
        <extensions>
          <ns3:TrackPointExtension>
            <ns3:hr>149</ns3:hr>
            <ns3:cad>100</ns3:cad>
          </ns3:TrackPointExtension>
        </extensions>
      </trkpt>
      <trkpt lat="53.958725631237030029296875" lon="-1.03839199058711528778076171875">
        <ele>15.3999996185302734375</ele>
        <time>2018-10-14T11:18:06.000Z</time>
        <extensions>
          <ns3:TrackPointExtension>
            <ns3:hr>146</ns3:hr>
            <ns3:cad>99</ns3:cad>
          </ns3:TrackPointExtension>
        </extensions>
      </trkpt>
      <trkpt lat="53.9585541374981403350830078125" lon="-1.03859516791999340057373046875">
        <ele>14.6000003814697265625</ele>
        <time>2018-10-14T11:18:12.000Z</time>
        <extensions>
          <ns3:TrackPointExtension>
            <ns3:hr>144</ns3:hr>
            <ns3:cad>99</ns3:cad>
          </ns3:TrackPointExtension>
        </extensions>
      </trkpt>
      <trkpt lat="53.95849823020398616790771484375" lon="-1.0388116724789142608642578125">
        <ele>14.19999980926513671875</ele>
        <time>2018-10-14T11:18:16.000Z</time>
        <extensions>
          <ns3:TrackPointExtension>
            <ns3:hr>141</ns3:hr>
            <ns3:cad>100</ns3:cad>
          </ns3:TrackPointExtension>
        </extensions>
      </trkpt>
      <trkpt lat="53.95843570120632648468017578125" lon="-1.0391090624034404754638671875">
        <ele>14</ele>
        <time>2018-10-14T11:18:21.000Z</time>
        <extensions>
          <ns3:TrackPointExtension>
            <ns3:hr>137</ns3:hr>
            <ns3:cad>101</ns3:cad>
          </ns3:TrackPointExtension>
        </extensions>
      </trkpt>
      <trkpt lat="53.9584220387041568756103515625" lon="-1.03916849009692668914794921875">
        <ele>14.19999980926513671875</ele>
        <time>2018-10-14T11:18:22.000Z</time>
        <extensions>
          <ns3:TrackPointExtension>
            <ns3:hr>134</ns3:hr>
            <ns3:cad>100</ns3:cad>
          </ns3:TrackPointExtension>
        </extensions>
      </trkpt>
      <trkpt lat="53.9583975635468959808349609375" lon="-1.03928382508456707000732421875">
        <ele>14.19999980926513671875</ele>
        <time>2018-10-14T11:18:23.000Z</time>
        <extensions>
          <ns3:TrackPointExtension>
            <ns3:hr>131</ns3:hr>
            <ns3:cad>100</ns3:cad>
          </ns3:TrackPointExtension>
        </extensions>
      </trkpt>
      <trkpt lat="53.9583975635468959808349609375" lon="-1.03928382508456707000732421875">
        <ele>14.19999980926513671875</ele>
        <time>2018-10-14T11:18:24.000Z</time>
        <extensions>
          <ns3:TrackPointExtension>
            <ns3:hr>131</ns3:hr>
            <ns3:cad>100</ns3:cad>
          </ns3:TrackPointExtension>
        </extensions>
      </trkpt>
      <trkpt lat="53.9583201147615909576416015625" lon="-1.03957484476268291473388671875">
        <ele>14.6000003814697265625</ele>
        <time>2018-10-14T11:18:29.000Z</time>
        <extensions>
          <ns3:TrackPointExtension>
            <ns3:hr>133</ns3:hr>
            <ns3:cad>99</ns3:cad>
          </ns3:TrackPointExtension>
        </extensions>
      </trkpt>
      <trkpt lat="53.95825766958296298980712890625" lon="-1.03986955247819423675537109375">
        <ele>14</ele>
        <time>2018-10-14T11:18:34.000Z</time>
        <extensions>
          <ns3:TrackPointExtension>
            <ns3:hr>135</ns3:hr>
            <ns3:cad>100</ns3:cad>
          </ns3:TrackPointExtension>
        </extensions>
      </trkpt>
      <trkpt lat="53.95820184610784053802490234375" lon="-1.04016526602208614349365234375">
        <ele>14</ele>
        <time>2018-10-14T11:18:39.000Z</time>
        <extensions>
          <ns3:TrackPointExtension>
            <ns3:hr>135</ns3:hr>
            <ns3:cad>100</ns3:cad>
          </ns3:TrackPointExtension>
        </extensions>
      </trkpt>
      <trkpt lat="53.95813227631151676177978515625" lon="-1.04049601592123508453369140625">
        <ele>15</ele>
        <time>2018-10-14T11:18:45.000Z</time>
        <extensions>
          <ns3:TrackPointExtension>
            <ns3:hr>136</ns3:hr>
            <ns3:cad>100</ns3:cad>
          </ns3:TrackPointExtension>
        </extensions>
      </trkpt>
      <trkpt lat="53.958090282976627349853515625" lon="-1.04084218852221965789794921875">
        <ele>15</ele>
        <time>2018-10-14T11:18:51.000Z</time>
        <extensions>
          <ns3:TrackPointExtension>
            <ns3:hr>138</ns3:hr>
            <ns3:cad>101</ns3:cad>
          </ns3:TrackPointExtension>
        </extensions>
      </trkpt>
      <trkpt lat="53.95803521387279033660888671875" lon="-1.0411643050611019134521484375">
        <ele>15</ele>
        <time>2018-10-14T11:18:57.000Z</time>
        <extensions>
          <ns3:TrackPointExtension>
            <ns3:hr>138</ns3:hr>
            <ns3:cad>99</ns3:cad>
          </ns3:TrackPointExtension>
        </extensions>
      </trkpt>
      <trkpt lat="53.95797402597963809967041015625" lon="-1.04149966500699520111083984375">
        <ele>15</ele>
        <time>2018-10-14T11:19:03.000Z</time>
        <extensions>
          <ns3:TrackPointExtension>
            <ns3:hr>139</ns3:hr>
            <ns3:cad>99</ns3:cad>
          </ns3:TrackPointExtension>
        </extensions>
      </trkpt>
      <trkpt lat="53.95791837014257907867431640625" lon="-1.04183477349579334259033203125">
        <ele>15</ele>
        <time>2018-10-14T11:19:09.000Z</time>
        <extensions>
          <ns3:TrackPointExtension>
            <ns3:hr>139</ns3:hr>
            <ns3:cad>99</ns3:cad>
          </ns3:TrackPointExtension>
        </extensions>
      </trkpt>
      <trkpt lat="53.95785391330718994140625" lon="-1.04217373766005039215087890625">
        <ele>15</ele>
        <time>2018-10-14T11:19:15.000Z</time>
        <extensions>
          <ns3:TrackPointExtension>
            <ns3:hr>138</ns3:hr>
            <ns3:cad>100</ns3:cad>
          </ns3:TrackPointExtension>
        </extensions>
      </trkpt>
      <trkpt lat="53.95780035294592380523681640625" lon="-1.0424930043518543243408203125">
        <ele>15</ele>
        <time>2018-10-14T11:19:21.000Z</time>
        <extensions>
          <ns3:TrackPointExtension>
            <ns3:hr>139</ns3:hr>
            <ns3:cad>100</ns3:cad>
          </ns3:TrackPointExtension>
        </extensions>
      </trkpt>
      <trkpt lat="53.9577380754053592681884765625" lon="-1.0427813418209552764892578125">
        <ele>14.6000003814697265625</ele>
        <time>2018-10-14T11:19:26.000Z</time>
        <extensions>
          <ns3:TrackPointExtension>
            <ns3:hr>138</ns3:hr>
            <ns3:cad>100</ns3:cad>
          </ns3:TrackPointExtension>
        </extensions>
      </trkpt>
      <trkpt lat="53.9576478861272335052490234375" lon="-1.04310379363596439361572265625">
        <ele>14</ele>
        <time>2018-10-14T11:19:32.000Z</time>
        <extensions>
          <ns3:TrackPointExtension>
            <ns3:hr>138</ns3:hr>
            <ns3:cad>99</ns3:cad>
          </ns3:TrackPointExtension>
        </extensions>
      </trkpt>
      <trkpt lat="53.9575667493045330047607421875" lon="-1.043427251279354095458984375">
        <ele>14</ele>
        <time>2018-10-14T11:19:39.000Z</time>
        <extensions>
          <ns3:TrackPointExtension>
            <ns3:hr>138</ns3:hr>
            <ns3:cad>99</ns3:cad>
          </ns3:TrackPointExtension>
        </extensions>
      </trkpt>
      <trkpt lat="53.957464993000030517578125" lon="-1.04372288100421428680419921875">
        <ele>14.6000003814697265625</ele>
        <time>2018-10-14T11:19:45.000Z</time>
        <extensions>
          <ns3:TrackPointExtension>
            <ns3:hr>136</ns3:hr>
            <ns3:cad>98</ns3:cad>
          </ns3:TrackPointExtension>
        </extensions>
      </trkpt>
      <trkpt lat="53.95736918784677982330322265625" lon="-1.04402613826096057891845703125">
        <ele>15</ele>
        <time>2018-10-14T11:19:51.000Z</time>
        <extensions>
          <ns3:TrackPointExtension>
            <ns3:hr>137</ns3:hr>
            <ns3:cad>100</ns3:cad>
          </ns3:TrackPointExtension>
        </extensions>
      </trkpt>
      <trkpt lat="53.9572723768651485443115234375" lon="-1.04430827312171459197998046875">
        <ele>15</ele>
        <time>2018-10-14T11:19:56.000Z</time>
        <extensions>
          <ns3:TrackPointExtension>
            <ns3:hr>139</ns3:hr>
            <ns3:cad>100</ns3:cad>
          </ns3:TrackPointExtension>
        </extensions>
      </trkpt>
      <trkpt lat="53.95716148428618907928466796875" lon="-1.0446049086749553680419921875">
        <ele>15</ele>
        <time>2018-10-14T11:20:02.000Z</time>
        <extensions>
          <ns3:TrackPointExtension>
            <ns3:hr>140</ns3:hr>
            <ns3:cad>99</ns3:cad>
          </ns3:TrackPointExtension>
        </extensions>
      </trkpt>
      <trkpt lat="53.9570666849613189697265625" lon="-1.04487874545156955718994140625">
        <ele>15</ele>
        <time>2018-10-14T11:20:07.000Z</time>
        <extensions>
          <ns3:TrackPointExtension>
            <ns3:hr>139</ns3:hr>
            <ns3:cad>100</ns3:cad>
          </ns3:TrackPointExtension>
        </extensions>
      </trkpt>
      <trkpt lat="53.9569686166942119598388671875" lon="-1.04518912732601165771484375">
        <ele>14.6000003814697265625</ele>
        <time>2018-10-14T11:20:13.000Z</time>
        <extensions>
          <ns3:TrackPointExtension>
            <ns3:hr>138</ns3:hr>
            <ns3:cad>99</ns3:cad>
          </ns3:TrackPointExtension>
        </extensions>
      </trkpt>
      <trkpt lat="53.95687423646450042724609375" lon="-1.04550789110362529754638671875">
        <ele>13.80000019073486328125</ele>
        <time>2018-10-14T11:20:19.000Z</time>
        <extensions>
          <ns3:TrackPointExtension>
            <ns3:hr>138</ns3:hr>
            <ns3:cad>99</ns3:cad>
          </ns3:TrackPointExtension>
        </extensions>
      </trkpt>
      <trkpt lat="53.9568016491830348968505859375" lon="-1.04582078754901885986328125">
        <ele>13</ele>
        <time>2018-10-14T11:20:25.000Z</time>
        <extensions>
          <ns3:TrackPointExtension>
            <ns3:hr>138</ns3:hr>
            <ns3:cad>100</ns3:cad>
          </ns3:TrackPointExtension>
        </extensions>
      </trkpt>
      <trkpt lat="53.9567325823009014129638671875" lon="-1.0461398027837276458740234375">
        <ele>13.19999980926513671875</ele>
        <time>2018-10-14T11:20:31.000Z</time>
        <extensions>
          <ns3:TrackPointExtension>
            <ns3:hr>136</ns3:hr>
            <ns3:cad>100</ns3:cad>
          </ns3:TrackPointExtension>
        </extensions>
      </trkpt>
      <trkpt lat="53.9566725678741931915283203125" lon="-1.04647080413997173309326171875">
        <ele>13.3999996185302734375</ele>
        <time>2018-10-14T11:20:37.000Z</time>
        <extensions>
          <ns3:TrackPointExtension>
            <ns3:hr>134</ns3:hr>
            <ns3:cad>99</ns3:cad>
          </ns3:TrackPointExtension>
        </extensions>
      </trkpt>
      <trkpt lat="53.9565978012979030609130859375" lon="-1.04678847827017307281494140625">
        <ele>13.80000019073486328125</ele>
        <time>2018-10-14T11:20:43.000Z</time>
        <extensions>
          <ns3:TrackPointExtension>
            <ns3:hr>135</ns3:hr>
            <ns3:cad>99</ns3:cad>
          </ns3:TrackPointExtension>
        </extensions>
      </trkpt>
      <trkpt lat="53.9565351046621799468994140625" lon="-1.047111265361309051513671875">
        <ele>14</ele>
        <time>2018-10-14T11:20:49.000Z</time>
        <extensions>
          <ns3:TrackPointExtension>
            <ns3:hr>137</ns3:hr>
            <ns3:cad>100</ns3:cad>
          </ns3:TrackPointExtension>
        </extensions>
      </trkpt>
      <trkpt lat="53.95647265948355197906494140625" lon="-1.04738996364176273345947265625">
        <ele>14.19999980926513671875</ele>
        <time>2018-10-14T11:20:54.000Z</time>
        <extensions>
          <ns3:TrackPointExtension>
            <ns3:hr>140</ns3:hr>
            <ns3:cad>99</ns3:cad>
          </ns3:TrackPointExtension>
        </extensions>
      </trkpt>
      <trkpt lat="53.9563902653753757476806640625" lon="-1.0476656444370746612548828125">
        <ele>15</ele>
        <time>2018-10-14T11:20:59.000Z</time>
        <extensions>
          <ns3:TrackPointExtension>
            <ns3:hr>142</ns3:hr>
            <ns3:cad>100</ns3:cad>
          </ns3:TrackPointExtension>
        </extensions>
      </trkpt>
      <trkpt lat="53.9563144929707050323486328125" lon="-1.047757677733898162841796875">
        <ele>15.3999996185302734375</ele>
        <time>2018-10-14T11:21:02.000Z</time>
        <extensions>
          <ns3:TrackPointExtension>
            <ns3:hr>143</ns3:hr>
            <ns3:cad>99</ns3:cad>
          </ns3:TrackPointExtension>
        </extensions>
      </trkpt>
      <trkpt lat="53.95621282048523426055908203125" lon="-1.0476461984217166900634765625">
        <ele>16</ele>
        <time>2018-10-14T11:21:06.000Z</time>
        <extensions>
          <ns3:TrackPointExtension>
            <ns3:hr>146</ns3:hr>
            <ns3:cad>99</ns3:cad>
          </ns3:TrackPointExtension>
        </extensions>
      </trkpt>
      <trkpt lat="53.95607502199709415435791015625" lon="-1.04746590368449687957763671875">
        <ele>15.6000003814697265625</ele>
        <time>2018-10-14T11:21:11.000Z</time>
        <extensions>
          <ns3:TrackPointExtension>
            <ns3:hr>146</ns3:hr>
            <ns3:cad>98</ns3:cad>
          </ns3:TrackPointExtension>
        </extensions>
      </trkpt>
      <trkpt lat="53.95594074390828609466552734375" lon="-1.047234646975994110107421875">
        <ele>16</ele>
        <time>2018-10-14T11:21:17.000Z</time>
        <extensions>
          <ns3:TrackPointExtension>
            <ns3:hr>146</ns3:hr>
            <ns3:cad>100</ns3:cad>
          </ns3:TrackPointExtension>
        </extensions>
      </trkpt>
      <trkpt lat="53.95576137118041515350341796875" lon="-1.04704177938401699066162109375">
        <ele>16.799999237060546875</ele>
        <time>2018-10-14T11:21:23.000Z</time>
        <extensions>
          <ns3:TrackPointExtension>
            <ns3:hr>144</ns3:hr>
            <ns3:cad>99</ns3:cad>
          </ns3:TrackPointExtension>
        </extensions>
      </trkpt>
      <trkpt lat="53.955607227981090545654296875" lon="-1.046875901520252227783203125">
        <ele>17.200000762939453125</ele>
        <time>2018-10-14T11:21:28.000Z</time>
        <extensions>
          <ns3:TrackPointExtension>
            <ns3:hr>144</ns3:hr>
            <ns3:cad>100</ns3:cad>
          </ns3:TrackPointExtension>
        </extensions>
      </trkpt>
      <trkpt lat="53.95543581806123256683349609375" lon="-1.04673919267952442169189453125">
        <ele>17.799999237060546875</ele>
        <time>2018-10-14T11:21:33.000Z</time>
        <extensions>
          <ns3:TrackPointExtension>
            <ns3:hr>142</ns3:hr>
            <ns3:cad>100</ns3:cad>
          </ns3:TrackPointExtension>
        </extensions>
      </trkpt>
      <trkpt lat="53.95524135790765285491943359375" lon="-1.04659460484981536865234375">
        <ele>17.3999996185302734375</ele>
        <time>2018-10-14T11:21:39.000Z</time>
        <extensions>
          <ns3:TrackPointExtension>
            <ns3:hr>141</ns3:hr>
            <ns3:cad>100</ns3:cad>
          </ns3:TrackPointExtension>
        </extensions>
      </trkpt>
      <trkpt lat="53.955040276050567626953125" lon="-1.0464799404144287109375">
        <ele>17.3999996185302734375</ele>
        <time>2018-10-14T11:21:45.000Z</time>
        <extensions>
          <ns3:TrackPointExtension>
            <ns3:hr>141</ns3:hr>
            <ns3:cad>100</ns3:cad>
          </ns3:TrackPointExtension>
        </extensions>
      </trkpt>
      <trkpt lat="53.95484154112637042999267578125" lon="-1.04636737145483493804931640625">
        <ele>18.3999996185302734375</ele>
        <time>2018-10-14T11:21:51.000Z</time>
        <extensions>
          <ns3:TrackPointExtension>
            <ns3:hr>141</ns3:hr>
            <ns3:cad>100</ns3:cad>
          </ns3:TrackPointExtension>
        </extensions>
      </trkpt>
      <trkpt lat="53.95465479232370853424072265625" lon="-1.04624248109757900238037109375">
        <ele>19.3999996185302734375</ele>
        <time>2018-10-14T11:21:57.000Z</time>
        <extensions>
          <ns3:TrackPointExtension>
            <ns3:hr>143</ns3:hr>
            <ns3:cad>101</ns3:cad>
          </ns3:TrackPointExtension>
        </extensions>
      </trkpt>
      <trkpt lat="53.95448246039450168609619140625" lon="-1.04609428904950618743896484375">
        <ele>20.3999996185302734375</ele>
        <time>2018-10-14T11:22:03.000Z</time>
        <extensions>
          <ns3:TrackPointExtension>
            <ns3:hr>143</ns3:hr>
            <ns3:cad>99</ns3:cad>
          </ns3:TrackPointExtension>
        </extensions>
      </trkpt>
      <trkpt lat="53.9543055184185504913330078125" lon="-1.045955903828144073486328125">
        <ele>21</ele>
        <time>2018-10-14T11:22:09.000Z</time>
        <extensions>
          <ns3:TrackPointExtension>
            <ns3:hr>141</ns3:hr>
            <ns3:cad>99</ns3:cad>
          </ns3:TrackPointExtension>
        </extensions>
      </trkpt>
      <trkpt lat="53.95412254147231578826904296875" lon="-1.04584626853466033935546875">
        <ele>21</ele>
        <time>2018-10-14T11:22:15.000Z</time>
        <extensions>
          <ns3:TrackPointExtension>
            <ns3:hr>141</ns3:hr>
            <ns3:cad>99</ns3:cad>
          </ns3:TrackPointExtension>
        </extensions>
      </trkpt>
      <trkpt lat="53.9539285004138946533203125" lon="-1.0458306781947612762451171875">
        <ele>21</ele>
        <time>2018-10-14T11:22:21.000Z</time>
        <extensions>
          <ns3:TrackPointExtension>
            <ns3:hr>140</ns3:hr>
            <ns3:cad>98</ns3:cad>
          </ns3:TrackPointExtension>
        </extensions>
      </trkpt>
      <trkpt lat="53.9538448490202426910400390625" lon="-1.04611038230359554290771484375">
        <ele>21.3999996185302734375</ele>
        <time>2018-10-14T11:22:26.000Z</time>
        <extensions>
          <ns3:TrackPointExtension>
            <ns3:hr>140</ns3:hr>
            <ns3:cad>98</ns3:cad>
          </ns3:TrackPointExtension>
        </extensions>
      </trkpt>
      <trkpt lat="53.95382280461490154266357421875" lon="-1.04644129984080791473388671875">
        <ele>22.3999996185302734375</ele>
        <time>2018-10-14T11:22:31.000Z</time>
        <extensions>
          <ns3:TrackPointExtension>
            <ns3:hr>140</ns3:hr>
            <ns3:cad>100</ns3:cad>
          </ns3:TrackPointExtension>
        </extensions>
      </trkpt>
      <trkpt lat="53.9537970721721649169921875" lon="-1.0467520169913768768310546875">
        <ele>22.799999237060546875</ele>
        <time>2018-10-14T11:22:36.000Z</time>
        <extensions>
          <ns3:TrackPointExtension>
            <ns3:hr>138</ns3:hr>
            <ns3:cad>100</ns3:cad>
          </ns3:TrackPointExtension>
        </extensions>
      </trkpt>
      <trkpt lat="53.95379765890538692474365234375" lon="-1.04688721708953380584716796875">
        <ele>22.6000003814697265625</ele>
        <time>2018-10-14T11:22:38.000Z</time>
        <extensions>
          <ns3:TrackPointExtension>
            <ns3:hr>147</ns3:hr>
            <ns3:cad>100</ns3:cad>
          </ns3:TrackPointExtension>
        </extensions>
      </trkpt>
      <trkpt lat="53.95379816181957721710205078125" lon="-1.04695360176265239715576171875">
        <ele>22.200000762939453125</ele>
        <time>2018-10-14T11:22:39.000Z</time>
        <extensions>
          <ns3:TrackPointExtension>
            <ns3:hr>155</ns3:hr>
            <ns3:cad>100</ns3:cad>
          </ns3:TrackPointExtension>
        </extensions>
      </trkpt>
      <trkpt lat="53.95379908382892608642578125" lon="-1.04701881296932697296142578125">
        <ele>22</ele>
        <time>2018-10-14T11:22:40.000Z</time>
        <extensions>
          <ns3:TrackPointExtension>
            <ns3:hr>162</ns3:hr>
            <ns3:cad>101</ns3:cad>
          </ns3:TrackPointExtension>
        </extensions>
      </trkpt>
      <trkpt lat="53.953796736896038055419921875" lon="-1.0473317094147205352783203125">
        <ele>21.799999237060546875</ele>
        <time>2018-10-14T11:22:45.000Z</time>
        <extensions>
          <ns3:TrackPointExtension>
            <ns3:hr>164</ns3:hr>
            <ns3:cad>99</ns3:cad>
          </ns3:TrackPointExtension>
        </extensions>
      </trkpt>
      <trkpt lat="53.9537823200225830078125" lon="-1.04765533469617366790771484375">
        <ele>22</ele>
        <time>2018-10-14T11:22:50.000Z</time>
        <extensions>
          <ns3:TrackPointExtension>
            <ns3:hr>163</ns3:hr>
            <ns3:cad>101</ns3:cad>
          </ns3:TrackPointExtension>
        </extensions>
      </trkpt>
      <trkpt lat="53.95377603359520435333251953125" lon="-1.0477709211409091949462890625">
        <ele>22</ele>
        <time>2018-10-14T11:22:52.000Z</time>
        <extensions>
          <ns3:TrackPointExtension>
            <ns3:hr>160</ns3:hr>
            <ns3:cad>100</ns3:cad>
          </ns3:TrackPointExtension>
        </extensions>
      </trkpt>
      <trkpt lat="53.9537680707871913909912109375" lon="-1.04795255698263645172119140625">
        <ele>22.200000762939453125</ele>
        <time>2018-10-14T11:22:55.000Z</time>
        <extensions>
          <ns3:TrackPointExtension>
            <ns3:hr>157</ns3:hr>
            <ns3:cad>100</ns3:cad>
          </ns3:TrackPointExtension>
        </extensions>
      </trkpt>
      <trkpt lat="53.95378810353577136993408203125" lon="-1.0482071153819561004638671875">
        <ele>22</ele>
        <time>2018-10-14T11:22:59.000Z</time>
        <extensions>
          <ns3:TrackPointExtension>
            <ns3:hr>154</ns3:hr>
            <ns3:cad>99</ns3:cad>
          </ns3:TrackPointExtension>
        </extensions>
      </trkpt>
      <trkpt lat="53.9538324438035488128662109375" lon="-1.0485199280083179473876953125">
        <ele>22.6000003814697265625</ele>
        <time>2018-10-14T11:23:04.000Z</time>
        <extensions>
          <ns3:TrackPointExtension>
            <ns3:hr>150</ns3:hr>
            <ns3:cad>100</ns3:cad>
          </ns3:TrackPointExtension>
        </extensions>
      </trkpt>
      <trkpt lat="53.9538834057748317718505859375" lon="-1.04884405620396137237548828125">
        <ele>21.3999996185302734375</ele>
        <time>2018-10-14T11:23:09.000Z</time>
        <extensions>
          <ns3:TrackPointExtension>
            <ns3:hr>148</ns3:hr>
            <ns3:cad>101</ns3:cad>
          </ns3:TrackPointExtension>
        </extensions>
      </trkpt>
      <trkpt lat="53.95391215570271015167236328125" lon="-1.04916709475219249725341796875">
        <ele>20.799999237060546875</ele>
        <time>2018-10-14T11:23:14.000Z</time>
        <extensions>
          <ns3:TrackPointExtension>
            <ns3:hr>147</ns3:hr>
            <ns3:cad>101</ns3:cad>
          </ns3:TrackPointExtension>
        </extensions>
      </trkpt>
      <trkpt lat="53.9539132453501224517822265625" lon="-1.04950555600225925445556640625">
        <ele>20</ele>
        <time>2018-10-14T11:23:19.000Z</time>
        <extensions>
          <ns3:TrackPointExtension>
            <ns3:hr>147</ns3:hr>
            <ns3:cad>103</ns3:cad>
          </ns3:TrackPointExtension>
        </extensions>
      </trkpt>
      <trkpt lat="53.9539075456559658050537109375" lon="-1.0498318634927272796630859375">
        <ele>19</ele>
        <time>2018-10-14T11:23:24.000Z</time>
        <extensions>
          <ns3:TrackPointExtension>
            <ns3:hr>145</ns3:hr>
            <ns3:cad>103</ns3:cad>
          </ns3:TrackPointExtension>
        </extensions>
      </trkpt>
      <trkpt lat="53.95390234887599945068359375" lon="-1.05015096254646778106689453125">
        <ele>18.3999996185302734375</ele>
        <time>2018-10-14T11:23:29.000Z</time>
        <extensions>
          <ns3:TrackPointExtension>
            <ns3:hr>144</ns3:hr>
            <ns3:cad>103</ns3:cad>
          </ns3:TrackPointExtension>
        </extensions>
      </trkpt>
      <trkpt lat="53.953889273107051849365234375" lon="-1.0504789464175701141357421875">
        <ele>18</ele>
        <time>2018-10-14T11:23:34.000Z</time>
        <extensions>
          <ns3:TrackPointExtension>
            <ns3:hr>143</ns3:hr>
            <ns3:cad>104</ns3:cad>
          </ns3:TrackPointExtension>
        </extensions>
      </trkpt>
      <trkpt lat="53.9538726769387722015380859375" lon="-1.05078798718750476837158203125">
        <ele>18.799999237060546875</ele>
        <time>2018-10-14T11:23:39.000Z</time>
        <extensions>
          <ns3:TrackPointExtension>
            <ns3:hr>143</ns3:hr>
            <ns3:cad>103</ns3:cad>
          </ns3:TrackPointExtension>
        </extensions>
      </trkpt>
      <trkpt lat="53.95385381765663623809814453125" lon="-1.0511421225965023040771484375">
        <ele>19.200000762939453125</ele>
        <time>2018-10-14T11:23:45.000Z</time>
        <extensions>
          <ns3:TrackPointExtension>
            <ns3:hr>143</ns3:hr>
            <ns3:cad>103</ns3:cad>
          </ns3:TrackPointExtension>
        </extensions>
      </trkpt>
      <trkpt lat="53.953840322792530059814453125" lon="-1.0514599643647670745849609375">
        <ele>19.200000762939453125</ele>
        <time>2018-10-14T11:23:50.000Z</time>
        <extensions>
          <ns3:TrackPointExtension>
            <ns3:hr>145</ns3:hr>
            <ns3:cad>101</ns3:cad>
          </ns3:TrackPointExtension>
        </extensions>
      </trkpt>
      <trkpt lat="53.9538294263184070587158203125" lon="-1.05179012753069400787353515625">
        <ele>17.799999237060546875</ele>
        <time>2018-10-14T11:23:55.000Z</time>
        <extensions>
          <ns3:TrackPointExtension>
            <ns3:hr>146</ns3:hr>
            <ns3:cad>101</ns3:cad>
          </ns3:TrackPointExtension>
        </extensions>
      </trkpt>
      <trkpt lat="53.95385063253343105316162109375" lon="-1.05209606699645519256591796875">
        <ele>17</ele>
        <time>2018-10-14T11:24:00.000Z</time>
        <extensions>
          <ns3:TrackPointExtension>
            <ns3:hr>146</ns3:hr>
            <ns3:cad>101</ns3:cad>
          </ns3:TrackPointExtension>
        </extensions>
      </trkpt>
      <trkpt lat="53.95386748015880584716796875" lon="-1.05241323821246623992919921875">
        <ele>16</ele>
        <time>2018-10-14T11:24:05.000Z</time>
        <extensions>
          <ns3:TrackPointExtension>
            <ns3:hr>145</ns3:hr>
            <ns3:cad>101</ns3:cad>
          </ns3:TrackPointExtension>
        </extensions>
      </trkpt>
      <trkpt lat="53.95387552678585052490234375" lon="-1.05272571556270122528076171875">
        <ele>15.6000003814697265625</ele>
        <time>2018-10-14T11:24:10.000Z</time>
        <extensions>
          <ns3:TrackPointExtension>
            <ns3:hr>145</ns3:hr>
            <ns3:cad>101</ns3:cad>
          </ns3:TrackPointExtension>
        </extensions>
      </trkpt>
      <trkpt lat="53.953880555927753448486328125" lon="-1.0529003106057643890380859375">
        <ele>15.3999996185302734375</ele>
        <time>2018-10-14T11:24:13.000Z</time>
        <extensions>
          <ns3:TrackPointExtension>
            <ns3:hr>148</ns3:hr>
            <ns3:cad>100</ns3:cad>
          </ns3:TrackPointExtension>
        </extensions>
      </trkpt>
      <trkpt lat="53.9538834057748317718505859375" lon="-1.053152270615100860595703125">
        <ele>15.3999996185302734375</ele>
        <time>2018-10-14T11:24:17.000Z</time>
        <extensions>
          <ns3:TrackPointExtension>
            <ns3:hr>151</ns3:hr>
            <ns3:cad>101</ns3:cad>
          </ns3:TrackPointExtension>
        </extensions>
      </trkpt>
      <trkpt lat="53.9538978226482868194580078125" lon="-1.0534739680588245391845703125">
        <ele>15.3999996185302734375</ele>
        <time>2018-10-14T11:24:22.000Z</time>
        <extensions>
          <ns3:TrackPointExtension>
            <ns3:hr>151</ns3:hr>
            <ns3:cad>100</ns3:cad>
          </ns3:TrackPointExtension>
        </extensions>
      </trkpt>
      <trkpt lat="53.9538907818496227264404296875" lon="-1.05378066189587116241455078125">
        <ele>15.80000019073486328125</ele>
        <time>2018-10-14T11:24:27.000Z</time>
        <extensions>
          <ns3:TrackPointExtension>
            <ns3:hr>150</ns3:hr>
            <ns3:cad>101</ns3:cad>
          </ns3:TrackPointExtension>
        </extensions>
      </trkpt>
      <trkpt lat="53.9538880996406078338623046875" lon="-1.05395936407148838043212890625">
        <ele>16</ele>
        <time>2018-10-14T11:24:30.000Z</time>
        <extensions>
          <ns3:TrackPointExtension>
            <ns3:hr>150</ns3:hr>
            <ns3:cad>100</ns3:cad>
          </ns3:TrackPointExtension>
        </extensions>
      </trkpt>
      <trkpt lat="53.95388499833643436431884765625" lon="-1.05419506318867206573486328125">
        <ele>16</ele>
        <time>2018-10-14T11:24:34.000Z</time>
        <extensions>
          <ns3:TrackPointExtension>
            <ns3:hr>147</ns3:hr>
            <ns3:cad>100</ns3:cad>
          </ns3:TrackPointExtension>
        </extensions>
      </trkpt>
      <trkpt lat="53.953875862061977386474609375" lon="-1.05454324744641780853271484375">
        <ele>16.3999996185302734375</ele>
        <time>2018-10-14T11:24:40.000Z</time>
        <extensions>
          <ns3:TrackPointExtension>
            <ns3:hr>146</ns3:hr>
            <ns3:cad>100</ns3:cad>
          </ns3:TrackPointExtension>
        </extensions>
      </trkpt>
      <trkpt lat="53.95384577102959156036376953125" lon="-1.05484499596059322357177734375">
        <ele>16.6000003814697265625</ele>
        <time>2018-10-14T11:24:45.000Z</time>
        <extensions>
          <ns3:TrackPointExtension>
            <ns3:hr>146</ns3:hr>
            <ns3:cad>101</ns3:cad>
          </ns3:TrackPointExtension>
        </extensions>
      </trkpt>
      <trkpt lat="53.95380520261824131011962890625" lon="-1.055202484130859375">
        <ele>16.6000003814697265625</ele>
        <time>2018-10-14T11:24:51.000Z</time>
        <extensions>
          <ns3:TrackPointExtension>
            <ns3:hr>146</ns3:hr>
            <ns3:cad>100</ns3:cad>
          </ns3:TrackPointExtension>
        </extensions>
      </trkpt>
      <trkpt lat="53.953777961432933807373046875" lon="-1.05550699867308139801025390625">
        <ele>16</ele>
        <time>2018-10-14T11:24:56.000Z</time>
        <extensions>
          <ns3:TrackPointExtension>
            <ns3:hr>145</ns3:hr>
            <ns3:cad>100</ns3:cad>
          </ns3:TrackPointExtension>
        </extensions>
      </trkpt>
      <trkpt lat="53.953806795179843902587890625" lon="-1.05586322955787181854248046875">
        <ele>16.6000003814697265625</ele>
        <time>2018-10-14T11:25:02.000Z</time>
        <extensions>
          <ns3:TrackPointExtension>
            <ns3:hr>143</ns3:hr>
            <ns3:cad>100</ns3:cad>
          </ns3:TrackPointExtension>
        </extensions>
      </trkpt>
      <trkpt lat="53.95383185707032680511474609375" lon="-1.05622046627104282379150390625">
        <ele>17</ele>
        <time>2018-10-14T11:25:08.000Z</time>
        <extensions>
          <ns3:TrackPointExtension>
            <ns3:hr>144</ns3:hr>
            <ns3:cad>100</ns3:cad>
          </ns3:TrackPointExtension>
        </extensions>
      </trkpt>
      <trkpt lat="53.95387276075780391693115234375" lon="-1.05656110681593418121337890625">
        <ele>17.6000003814697265625</ele>
        <time>2018-10-14T11:25:14.000Z</time>
        <extensions>
          <ns3:TrackPointExtension>
            <ns3:hr>144</ns3:hr>
            <ns3:cad>100</ns3:cad>
          </ns3:TrackPointExtension>
        </extensions>
      </trkpt>
      <trkpt lat="53.953912071883678436279296875" lon="-1.056900322437286376953125">
        <ele>16.799999237060546875</ele>
        <time>2018-10-14T11:25:20.000Z</time>
        <extensions>
          <ns3:TrackPointExtension>
            <ns3:hr>145</ns3:hr>
            <ns3:cad>100</ns3:cad>
          </ns3:TrackPointExtension>
        </extensions>
      </trkpt>
      <trkpt lat="53.953945934772491455078125" lon="-1.0571670345962047576904296875">
        <ele>16.3999996185302734375</ele>
        <time>2018-10-14T11:25:25.000Z</time>
        <extensions>
          <ns3:TrackPointExtension>
            <ns3:hr>142</ns3:hr>
            <ns3:cad>99</ns3:cad>
          </ns3:TrackPointExtension>
        </extensions>
      </trkpt>
      <trkpt lat="53.9539702422916889190673828125" lon="-1.05738085694611072540283203125">
        <ele>16.3999996185302734375</ele>
        <time>2018-10-14T11:25:29.000Z</time>
        <extensions>
          <ns3:TrackPointExtension>
            <ns3:hr>139</ns3:hr>
            <ns3:cad>99</ns3:cad>
          </ns3:TrackPointExtension>
        </extensions>
      </trkpt>
      <trkpt lat="53.95400318317115306854248046875" lon="-1.05767891742289066314697265625">
        <ele>16</ele>
        <time>2018-10-14T11:25:34.000Z</time>
        <extensions>
          <ns3:TrackPointExtension>
            <ns3:hr>142</ns3:hr>
            <ns3:cad>100</ns3:cad>
          </ns3:TrackPointExtension>
        </extensions>
      </trkpt>
      <trkpt lat="53.9540359564125537872314453125" lon="-1.05801955796778202056884765625">
        <ele>16</ele>
        <time>2018-10-14T11:25:40.000Z</time>
        <extensions>
          <ns3:TrackPointExtension>
            <ns3:hr>143</ns3:hr>
            <ns3:cad>101</ns3:cad>
          </ns3:TrackPointExtension>
        </extensions>
      </trkpt>
      <trkpt lat="53.95408012904226779937744140625" lon="-1.05832046829164028167724609375">
        <ele>15.80000019073486328125</ele>
        <time>2018-10-14T11:25:45.000Z</time>
        <extensions>
          <ns3:TrackPointExtension>
            <ns3:hr>143</ns3:hr>
            <ns3:cad>100</ns3:cad>
          </ns3:TrackPointExtension>
        </extensions>
      </trkpt>
      <trkpt lat="53.95414534024894237518310546875" lon="-1.05862305499613285064697265625">
        <ele>15.6000003814697265625</ele>
        <time>2018-10-14T11:25:50.000Z</time>
        <extensions>
          <ns3:TrackPointExtension>
            <ns3:hr>143</ns3:hr>
            <ns3:cad>100</ns3:cad>
          </ns3:TrackPointExtension>
        </extensions>
      </trkpt>
      <trkpt lat="53.95415447652339935302734375" lon="-1.0589530505239963531494140625">
        <ele>15.3999996185302734375</ele>
        <time>2018-10-14T11:25:56.000Z</time>
        <extensions>
          <ns3:TrackPointExtension>
            <ns3:hr>145</ns3:hr>
            <ns3:cad>99</ns3:cad>
          </ns3:TrackPointExtension>
        </extensions>
      </trkpt>
      <trkpt lat="53.95397501997649669647216796875" lon="-1.05906419456005096435546875">
        <ele>16.200000762939453125</ele>
        <time>2018-10-14T11:26:02.000Z</time>
        <extensions>
          <ns3:TrackPointExtension>
            <ns3:hr>145</ns3:hr>
            <ns3:cad>99</ns3:cad>
          </ns3:TrackPointExtension>
        </extensions>
      </trkpt>
      <trkpt lat="53.953790366649627685546875" lon="-1.059091351926326751708984375">
        <ele>17</ele>
        <time>2018-10-14T11:26:07.000Z</time>
        <extensions>
          <ns3:TrackPointExtension>
            <ns3:hr>144</ns3:hr>
            <ns3:cad>101</ns3:cad>
          </ns3:TrackPointExtension>
        </extensions>
      </trkpt>
      <trkpt lat="53.95358123816549777984619140625" lon="-1.05912496335804462432861328125">
        <ele>17.6000003814697265625</ele>
        <time>2018-10-14T11:26:13.000Z</time>
        <extensions>
          <ns3:TrackPointExtension>
            <ns3:hr>146</ns3:hr>
            <ns3:cad>100</ns3:cad>
          </ns3:TrackPointExtension>
        </extensions>
      </trkpt>
      <trkpt lat="53.9533841796219348907470703125" lon="-1.05914172716438770294189453125">
        <ele>18.200000762939453125</ele>
        <time>2018-10-14T11:26:19.000Z</time>
        <extensions>
          <ns3:TrackPointExtension>
            <ns3:hr>146</ns3:hr>
            <ns3:cad>99</ns3:cad>
          </ns3:TrackPointExtension>
        </extensions>
      </trkpt>
      <trkpt lat="53.95319365896284580230712890625" lon="-1.0591411404311656951904296875">
        <ele>19</ele>
        <time>2018-10-14T11:26:25.000Z</time>
        <extensions>
          <ns3:TrackPointExtension>
            <ns3:hr>148</ns3:hr>
            <ns3:cad>99</ns3:cad>
          </ns3:TrackPointExtension>
        </extensions>
      </trkpt>
      <trkpt lat="53.953004144132137298583984375" lon="-1.05916888453066349029541015625">
        <ele>19.6000003814697265625</ele>
        <time>2018-10-14T11:26:31.000Z</time>
        <extensions>
          <ns3:TrackPointExtension>
            <ns3:hr>147</ns3:hr>
            <ns3:cad>99</ns3:cad>
          </ns3:TrackPointExtension>
        </extensions>
      </trkpt>
      <trkpt lat="53.9528127014636993408203125" lon="-1.0591729916632175445556640625">
        <ele>20.6000003814697265625</ele>
        <time>2018-10-14T11:26:37.000Z</time>
        <extensions>
          <ns3:TrackPointExtension>
            <ns3:hr>148</ns3:hr>
            <ns3:cad>98</ns3:cad>
          </ns3:TrackPointExtension>
        </extensions>
      </trkpt>
      <trkpt lat="53.95262603648006916046142578125" lon="-1.05917508713901042938232421875">
        <ele>21.3999996185302734375</ele>
        <time>2018-10-14T11:26:43.000Z</time>
        <extensions>
          <ns3:TrackPointExtension>
            <ns3:hr>147</ns3:hr>
            <ns3:cad>99</ns3:cad>
          </ns3:TrackPointExtension>
        </extensions>
      </trkpt>
      <trkpt lat="53.95246158353984355926513671875" lon="-1.05917994864284992218017578125">
        <ele>22.200000762939453125</ele>
        <time>2018-10-14T11:26:49.000Z</time>
        <extensions>
          <ns3:TrackPointExtension>
            <ns3:hr>141</ns3:hr>
            <ns3:cad>98</ns3:cad>
          </ns3:TrackPointExtension>
        </extensions>
      </trkpt>
      <trkpt lat="53.9524333365261554718017578125" lon="-1.0591815412044525146484375">
        <ele>22.3999996185302734375</ele>
        <time>2018-10-14T11:26:50.000Z</time>
        <extensions>
          <ns3:TrackPointExtension>
            <ns3:hr>138</ns3:hr>
            <ns3:cad>98</ns3:cad>
          </ns3:TrackPointExtension>
        </extensions>
      </trkpt>
      <trkpt lat="53.95240559242665767669677734375" lon="-1.05917818844318389892578125">
        <ele>22.6000003814697265625</ele>
        <time>2018-10-14T11:26:51.000Z</time>
        <extensions>
          <ns3:TrackPointExtension>
            <ns3:hr>143</ns3:hr>
            <ns3:cad>99</ns3:cad>
          </ns3:TrackPointExtension>
        </extensions>
      </trkpt>
      <trkpt lat="53.952378518879413604736328125" lon="-1.05917743407189846038818359375">
        <ele>22.799999237060546875</ele>
        <time>2018-10-14T11:26:52.000Z</time>
        <extensions>
          <ns3:TrackPointExtension>
            <ns3:hr>147</ns3:hr>
            <ns3:cad>99</ns3:cad>
          </ns3:TrackPointExtension>
        </extensions>
      </trkpt>
      <trkpt lat="53.95234893076121807098388671875" lon="-1.05917693115770816802978515625">
        <ele>23</ele>
        <time>2018-10-14T11:26:53.000Z</time>
        <extensions>
          <ns3:TrackPointExtension>
            <ns3:hr>147</ns3:hr>
            <ns3:cad>99</ns3:cad>
          </ns3:TrackPointExtension>
        </extensions>
      </trkpt>
      <trkpt lat="53.95214525051414966583251953125" lon="-1.0591659508645534515380859375">
        <ele>24.3999996185302734375</ele>
        <time>2018-10-14T11:26:59.000Z</time>
        <extensions>
          <ns3:TrackPointExtension>
            <ns3:hr>146</ns3:hr>
            <ns3:cad>99</ns3:cad>
          </ns3:TrackPointExtension>
        </extensions>
      </trkpt>
      <trkpt lat="53.95195431075990200042724609375" lon="-1.05918397195637226104736328125">
        <ele>25.799999237060546875</ele>
        <time>2018-10-14T11:27:05.000Z</time>
        <extensions>
          <ns3:TrackPointExtension>
            <ns3:hr>146</ns3:hr>
            <ns3:cad>98</ns3:cad>
          </ns3:TrackPointExtension>
        </extensions>
      </trkpt>
      <trkpt lat="53.95174878649413585662841796875" lon="-1.05917642824351787567138671875">
        <ele>28</ele>
        <time>2018-10-14T11:27:12.000Z</time>
        <extensions>
          <ns3:TrackPointExtension>
            <ns3:hr>147</ns3:hr>
            <ns3:cad>98</ns3:cad>
          </ns3:TrackPointExtension>
        </extensions>
      </trkpt>
      <trkpt lat="53.9515562541782855987548828125" lon="-1.059187240898609161376953125">
        <ele>30</ele>
        <time>2018-10-14T11:27:18.000Z</time>
        <extensions>
          <ns3:TrackPointExtension>
            <ns3:hr>149</ns3:hr>
            <ns3:cad>98</ns3:cad>
          </ns3:TrackPointExtension>
        </extensions>
      </trkpt>
      <trkpt lat="53.9513696730136871337890625" lon="-1.0592246241867542266845703125">
        <ele>30.799999237060546875</ele>
        <time>2018-10-14T11:27:24.000Z</time>
        <extensions>
          <ns3:TrackPointExtension>
            <ns3:hr>147</ns3:hr>
            <ns3:cad>97</ns3:cad>
          </ns3:TrackPointExtension>
        </extensions>
      </trkpt>
      <trkpt lat="53.951188959181308746337890625" lon="-1.05926762335002422332763671875">
        <ele>30.799999237060546875</ele>
        <time>2018-10-14T11:27:30.000Z</time>
        <extensions>
          <ns3:TrackPointExtension>
            <ns3:hr>147</ns3:hr>
            <ns3:cad>99</ns3:cad>
          </ns3:TrackPointExtension>
        </extensions>
      </trkpt>
      <trkpt lat="53.95098469220101833343505859375" lon="-1.05928354896605014801025390625">
        <ele>30</ele>
        <time>2018-10-14T11:27:37.000Z</time>
        <extensions>
          <ns3:TrackPointExtension>
            <ns3:hr>145</ns3:hr>
            <ns3:cad>98</ns3:cad>
          </ns3:TrackPointExtension>
        </extensions>
      </trkpt>
      <trkpt lat="53.9507878012955188751220703125" lon="-1.0592537932097911834716796875">
        <ele>29.3999996185302734375</ele>
        <time>2018-10-14T11:27:43.000Z</time>
        <extensions>
          <ns3:TrackPointExtension>
            <ns3:hr>145</ns3:hr>
            <ns3:cad>99</ns3:cad>
          </ns3:TrackPointExtension>
        </extensions>
      </trkpt>
      <trkpt lat="53.95060281269252300262451171875" lon="-1.05917575769126415252685546875">
        <ele>28.3999996185302734375</ele>
        <time>2018-10-14T11:27:48.000Z</time>
        <extensions>
          <ns3:TrackPointExtension>
            <ns3:hr>145</ns3:hr>
            <ns3:cad>101</ns3:cad>
          </ns3:TrackPointExtension>
        </extensions>
      </trkpt>
      <trkpt lat="53.9504277147352695465087890625" lon="-1.0590217821300029754638671875">
        <ele>26.200000762939453125</ele>
        <time>2018-10-14T11:27:53.000Z</time>
        <extensions>
          <ns3:TrackPointExtension>
            <ns3:hr>146</ns3:hr>
            <ns3:cad>101</ns3:cad>
          </ns3:TrackPointExtension>
        </extensions>
      </trkpt>
      <trkpt lat="53.9502538740634918212890625" lon="-1.05884064920246601104736328125">
        <ele>25.3999996185302734375</ele>
        <time>2018-10-14T11:27:58.000Z</time>
        <extensions>
          <ns3:TrackPointExtension>
            <ns3:hr>148</ns3:hr>
            <ns3:cad>103</ns3:cad>
          </ns3:TrackPointExtension>
        </extensions>
      </trkpt>
      <trkpt lat="53.9500929415225982666015625" lon="-1.05860897339880466461181640625">
        <ele>25</ele>
        <time>2018-10-14T11:28:03.000Z</time>
        <extensions>
          <ns3:TrackPointExtension>
            <ns3:hr>147</ns3:hr>
            <ns3:cad>102</ns3:cad>
          </ns3:TrackPointExtension>
        </extensions>
      </trkpt>
      <trkpt lat="53.950065113604068756103515625" lon="-1.05856438167393207550048828125">
        <ele>25</ele>
        <time>2018-10-14T11:28:04.000Z</time>
        <extensions>
          <ns3:TrackPointExtension>
            <ns3:hr>147</ns3:hr>
            <ns3:cad>102</ns3:cad>
          </ns3:TrackPointExtension>
        </extensions>
      </trkpt>
      <trkpt lat="53.9499429054558277130126953125" lon="-1.05828895233571529388427734375">
        <ele>25.3999996185302734375</ele>
        <time>2018-10-14T11:28:09.000Z</time>
        <extensions>
          <ns3:TrackPointExtension>
            <ns3:hr>145</ns3:hr>
            <ns3:cad>103</ns3:cad>
          </ns3:TrackPointExtension>
        </extensions>
      </trkpt>
      <trkpt lat="53.94984140060842037200927734375" lon="-1.0579787380993366241455078125">
        <ele>25</ele>
        <time>2018-10-14T11:28:14.000Z</time>
        <extensions>
          <ns3:TrackPointExtension>
            <ns3:hr>147</ns3:hr>
            <ns3:cad>103</ns3:cad>
          </ns3:TrackPointExtension>
        </extensions>
      </trkpt>
      <trkpt lat="53.94977233372628688812255859375" lon="-1.05770356021821498870849609375">
        <ele>24.200000762939453125</ele>
        <time>2018-10-14T11:28:18.000Z</time>
        <extensions>
          <ns3:TrackPointExtension>
            <ns3:hr>150</ns3:hr>
            <ns3:cad>103</ns3:cad>
          </ns3:TrackPointExtension>
        </extensions>
      </trkpt>
      <trkpt lat="53.94972086884081363677978515625" lon="-1.05736174620687961578369140625">
        <ele>23.200000762939453125</ele>
        <time>2018-10-14T11:28:23.000Z</time>
        <extensions>
          <ns3:TrackPointExtension>
            <ns3:hr>151</ns3:hr>
            <ns3:cad>103</ns3:cad>
          </ns3:TrackPointExtension>
        </extensions>
      </trkpt>
      <trkpt lat="53.94970796070992946624755859375" lon="-1.05702244676649570465087890625">
        <ele>23</ele>
        <time>2018-10-14T11:28:28.000Z</time>
        <extensions>
          <ns3:TrackPointExtension>
            <ns3:hr>152</ns3:hr>
            <ns3:cad>103</ns3:cad>
          </ns3:TrackPointExtension>
        </extensions>
      </trkpt>
      <trkpt lat="53.94974165596067905426025390625" lon="-1.05666420422494411468505859375">
        <ele>24.3999996185302734375</ele>
        <time>2018-10-14T11:28:33.000Z</time>
        <extensions>
          <ns3:TrackPointExtension>
            <ns3:hr>153</ns3:hr>
            <ns3:cad>104</ns3:cad>
          </ns3:TrackPointExtension>
        </extensions>
      </trkpt>
      <trkpt lat="53.94969823770225048065185546875" lon="-1.0563437640666961669921875">
        <ele>24.3999996185302734375</ele>
        <time>2018-10-14T11:28:38.000Z</time>
        <extensions>
          <ns3:TrackPointExtension>
            <ns3:hr>156</ns3:hr>
            <ns3:cad>103</ns3:cad>
          </ns3:TrackPointExtension>
        </extensions>
      </trkpt>
      <trkpt lat="53.94967577420175075531005859375" lon="-1.0560058057308197021484375">
        <ele>25.200000762939453125</ele>
        <time>2018-10-14T11:28:43.000Z</time>
        <extensions>
          <ns3:TrackPointExtension>
            <ns3:hr>158</ns3:hr>
            <ns3:cad>104</ns3:cad>
          </ns3:TrackPointExtension>
        </extensions>
      </trkpt>
      <trkpt lat="53.94963956438004970550537109375" lon="-1.05566122569143772125244140625">
        <ele>25.799999237060546875</ele>
        <time>2018-10-14T11:28:48.000Z</time>
        <extensions>
          <ns3:TrackPointExtension>
            <ns3:hr>158</ns3:hr>
            <ns3:cad>104</ns3:cad>
          </ns3:TrackPointExtension>
        </extensions>
      </trkpt>
      <trkpt lat="53.94962531514465808868408203125" lon="-1.05552996508777141571044921875">
        <ele>25.6000003814697265625</ele>
        <time>2018-10-14T11:28:50.000Z</time>
        <extensions>
          <ns3:TrackPointExtension>
            <ns3:hr>155</ns3:hr>
            <ns3:cad>104</ns3:cad>
          </ns3:TrackPointExtension>
        </extensions>
      </trkpt>
      <trkpt lat="53.9495798014104366302490234375" lon="-1.05522838421165943145751953125">
        <ele>25.799999237060546875</ele>
        <time>2018-10-14T11:28:55.000Z</time>
        <extensions>
          <ns3:TrackPointExtension>
            <ns3:hr>156</ns3:hr>
            <ns3:cad>103</ns3:cad>
          </ns3:TrackPointExtension>
        </extensions>
      </trkpt>
      <trkpt lat="53.949558846652507781982421875" lon="-1.0550940223038196563720703125">
        <ele>26.200000762939453125</ele>
        <time>2018-10-14T11:28:57.000Z</time>
        <extensions>
          <ns3:TrackPointExtension>
            <ns3:hr>156</ns3:hr>
            <ns3:cad>103</ns3:cad>
          </ns3:TrackPointExtension>
        </extensions>
      </trkpt>
      <trkpt lat="53.94951500929892063140869140625" lon="-1.05482186190783977508544921875">
        <ele>26.3999996185302734375</ele>
        <time>2018-10-14T11:29:01.000Z</time>
        <extensions>
          <ns3:TrackPointExtension>
            <ns3:hr>156</ns3:hr>
            <ns3:cad>104</ns3:cad>
          </ns3:TrackPointExtension>
        </extensions>
      </trkpt>
      <trkpt lat="53.94944242201745510101318359375" lon="-1.0544697381556034088134765625">
        <ele>25.6000003814697265625</ele>
        <time>2018-10-14T11:29:06.000Z</time>
        <extensions>
          <ns3:TrackPointExtension>
            <ns3:hr>157</ns3:hr>
            <ns3:cad>105</ns3:cad>
          </ns3:TrackPointExtension>
        </extensions>
      </trkpt>
      <trkpt lat="53.949429094791412353515625" lon="-1.05439974926412105560302734375">
        <ele>25.799999237060546875</ele>
        <time>2018-10-14T11:29:07.000Z</time>
        <extensions>
          <ns3:TrackPointExtension>
            <ns3:hr>161</ns3:hr>
            <ns3:cad>105</ns3:cad>
          </ns3:TrackPointExtension>
        </extensions>
      </trkpt>
      <trkpt lat="53.94940000958740711212158203125" lon="-1.0542618669569492340087890625">
        <ele>25.6000003814697265625</ele>
        <time>2018-10-14T11:29:09.000Z</time>
        <extensions>
          <ns3:TrackPointExtension>
            <ns3:hr>165</ns3:hr>
            <ns3:cad>104</ns3:cad>
          </ns3:TrackPointExtension>
        </extensions>
      </trkpt>
      <trkpt lat="53.9493741095066070556640625" lon="-1.0541954822838306427001953125">
        <ele>25.200000762939453125</ele>
        <time>2018-10-14T11:29:10.000Z</time>
        <extensions>
          <ns3:TrackPointExtension>
            <ns3:hr>167</ns3:hr>
            <ns3:cad>105</ns3:cad>
          </ns3:TrackPointExtension>
        </extensions>
      </trkpt>
      <trkpt lat="53.949278555810451507568359375" lon="-1.05386096052825450897216796875">
        <ele>23.200000762939453125</ele>
        <time>2018-10-14T11:29:15.000Z</time>
        <extensions>
          <ns3:TrackPointExtension>
            <ns3:hr>169</ns3:hr>
            <ns3:cad>106</ns3:cad>
          </ns3:TrackPointExtension>
        </extensions>
      </trkpt>
      <trkpt lat="53.94922315143048763275146484375" lon="-1.0536553524434566497802734375">
        <ele>22.3999996185302734375</ele>
        <time>2018-10-14T11:29:18.000Z</time>
        <extensions>
          <ns3:TrackPointExtension>
            <ns3:hr>166</ns3:hr>
            <ns3:cad>97</ns3:cad>
          </ns3:TrackPointExtension>
        </extensions>
      </trkpt>
      <trkpt lat="53.94911837764084339141845703125" lon="-1.05334103107452392578125">
        <ele>21.200000762939453125</ele>
        <time>2018-10-14T11:29:23.000Z</time>
        <extensions>
          <ns3:TrackPointExtension>
            <ns3:hr>164</ns3:hr>
            <ns3:cad>98</ns3:cad>
          </ns3:TrackPointExtension>
        </extensions>
      </trkpt>
      <trkpt lat="53.94906238652765750885009765625" lon="-1.053095944225788116455078125">
        <ele>20.799999237060546875</ele>
        <time>2018-10-14T11:29:28.000Z</time>
        <extensions>
          <ns3:TrackPointExtension>
            <ns3:hr>161</ns3:hr>
            <ns3:cad>98</ns3:cad>
          </ns3:TrackPointExtension>
        </extensions>
      </trkpt>
      <trkpt lat="53.9490339718759059906005859375" lon="-1.0529160685837268829345703125">
        <ele>21.200000762939453125</ele>
        <time>2018-10-14T11:29:38.000Z</time>
        <extensions>
          <ns3:TrackPointExtension>
            <ns3:hr>160</ns3:hr>
            <ns3:cad>60</ns3:cad>
          </ns3:TrackPointExtension>
        </extensions>
      </trkpt>
    </trkseg>
  </trk>
</gpx>
